ply
format ascii 1.0
element vertex 18099
property float x
property float y
property float z
property uchar red
property uchar green
property uchar blue
end_header
4.550198 -2.456894 22.146240 248 246 243
3.929399 -2.383518 22.010994 251 248 241
4.440043 -2.335638 21.635670 252 250 247
4.353828 -2.250697 21.359566 254 253 250
4.456106 -2.255765 21.383720 254 253 250
4.447043 -2.209010 21.357189 254 253 250
4.859682 -2.208003 21.606188 253 252 249
4.778900 -2.149557 21.507193 253 253 249
4.956716 -2.187855 21.758562 250 250 246
3.438778 -1.974005 21.297235 247 236 229
3.625080 -1.953645 21.132399 254 249 243
4.899706 -2.033575 21.591038 251 251 247
3.713665 -1.910878 21.119619 254 250 245
3.389716 -1.823837 21.128302 248 238 232
3.421608 -1.817290 21.076534 250 240 234
3.697643 -1.819649 21.069334 254 250 245
3.928972 -1.696420 21.072649 254 250 246
4.680368 -1.639672 21.228130 254 253 254
4.906703 -1.674540 21.484652 252 254 251
3.543281 -1.560900 21.031511 253 244 238
3.906451 -1.561191 21.004431 253 248 244
4.499654 -1.580230 21.108404 254 253 254
4.607653 -1.586719 21.151464 254 253 254
4.729279 -1.598443 21.235210 254 254 254
4.986565 -1.644734 21.583933 253 255 250
4.190134 -1.523917 21.020472 253 249 249
4.437055 -1.531428 21.061535 254 252 253
3.607576 -1.466130 20.938042 253 245 238
4.322452 -1.480195 20.997421 254 249 249
4.374398 -1.482701 21.013857 254 250 250
4.950938 -1.545296 21.480505 253 255 251
5.111038 -1.588265 21.819141 246 248 243
4.845377 -1.480274 21.306955 253 254 252
4.343960 -1.345222 20.924128 252 248 248
3.788951 -1.299953 20.935923 250 240 239
3.959867 -1.295713 20.887487 250 241 241
5.143473 -1.366311 21.782450 246 248 242
4.755987 -1.193882 21.048115 250 250 247
4.113926 -1.118878 20.794323 244 237 237
3.643309 -1.088230 20.924934 243 235 232
3.936321 -1.078858 20.821478 240 233 231
4.156931 -1.076439 20.785955 242 236 236
3.523322 -1.035410 20.830414 239 232 230
4.101997 -0.990014 20.762749 235 231 229
3.935956 -0.871040 20.832645 250 246 242
3.934581 -0.829014 20.830538 251 247 243
4.417999 -0.822697 20.745041 225 224 218
3.712803 -0.789561 20.864117 246 241 237
3.759288 -0.789879 20.865234 248 244 239
4.266423 -0.735012 20.710430 241 240 237
4.171516 -0.692408 20.705187 248 248 242
4.080829 -0.609695 20.715570 245 246 241
4.151281 -0.561901 20.647131 248 248 245
3.505800 -0.517965 20.639666 236 235 235
3.546156 -0.475239 20.623735 232 231 232
4.309826 -0.472068 20.569096 244 245 247
4.590481 -0.486328 20.721647 219 222 210
4.587436 -0.443848 20.714590 217 220 210
4.093670 -0.380134 20.470877 227 232 239
4.290327 -0.384028 20.512238 240 245 249
4.074027 -0.292542 20.412260 206 215 226
4.568882 -0.272538 20.666763 207 213 206
4.438478 -0.221487 20.552338 213 222 223
4.626420 -0.233710 20.702921 205 210 200
3.809388 -0.171793 20.450026 178 187 199
4.432642 -0.178670 20.536510 209 218 219
4.556655 -0.186386 20.633768 209 215 210
4.143706 -0.122847 20.351978 182 195 207
4.488291 -0.139577 20.568098 208 215 214
4.191590 -0.082346 20.361252 183 197 207
3.570296 -0.005053 20.420477 160 168 176
4.031215 0.199750 20.450293 187 205 220
4.196245 0.194354 20.538589 193 213 226
4.105190 0.317784 20.548561 134 154 167
4.295591 -2.501981 22.396935 248 245 242
3.745617 -2.465569 22.508112 240 229 222
4.369690 -2.329931 21.535145 254 251 251
3.723859 -2.410120 22.432398 241 230 223
3.894439 -2.038348 20.748613 254 250 250
4.252344 -2.060739 20.865299 254 252 250
3.984891 -1.957133 20.749834 254 250 250
3.804047 -1.914650 20.760679 254 250 250
3.808044 -1.875607 20.776886 254 250 249
4.983514 -1.955783 21.544334 241 242 239
3.704897 -1.808133 20.899426 254 250 248
3.950556 -1.797750 20.798807 254 250 249
3.616710 -1.832864 21.400599 254 244 239
3.791589 -1.765765 20.884647 254 250 248
4.677080 -1.757522 21.050161 254 254 255
3.530638 -1.795844 21.768661 246 236 233
3.752507 -1.686038 20.913511 254 249 246
3.590787 -1.738404 21.649845 250 239 234
4.243321 -1.602433 20.865028 254 250 250
4.501834 -1.616252 20.948902 254 252 254
5.053989 -1.710110 21.627768 240 241 238
3.846862 -1.564533 20.929783 254 248 244
4.247390 -1.562827 20.880711 253 249 249
3.483016 -1.604301 21.607922 243 233 231
3.547042 -1.612832 21.670088 245 234 231
4.203724 -1.522060 20.891708 253 249 249
4.353565 -1.528072 20.926373 254 249 251
3.537703 -1.566351 21.639387 244 233 230
3.938903 -1.482931 20.934816 253 246 244
3.530303 -1.520844 21.615673 243 233 230
3.991313 -1.444724 20.958351 253 245 244
4.362777 -1.448861 20.960838 253 248 250
4.730254 -1.468187 21.087118 254 253 254
3.396254 -1.459418 21.470833 238 230 229
3.650555 -1.451114 21.381702 249 238 234
3.958960 -1.408654 21.007256 252 243 241
4.171875 -1.403374 20.946384 252 245 246
3.551831 -1.425906 21.530867 243 232 229
4.180723 -1.365493 20.977785 251 244 245
4.371169 -1.369120 20.992712 252 247 248
3.380271 -1.368600 21.418436 236 228 226
3.705104 -1.371249 21.415346 248 237 234
4.148482 -1.329197 21.026554 249 242 243
3.616961 -1.350148 21.602337 243 231 229
4.118004 -1.293530 21.081549 248 240 241
4.767542 -1.297712 21.067696 254 254 254
4.472436 -1.248226 21.026011 251 248 250
4.695570 -1.121260 21.001059 244 243 239
3.608603 -1.135984 21.587208 238 227 229
4.367367 -1.109601 21.297970 239 234 233
4.568503 -1.083138 21.044567 239 238 235
4.458633 -1.067250 21.291803 234 231 229
4.380653 -1.046554 21.498184 238 233 231
3.781988 -1.022735 21.710600 234 226 224
4.012261 -1.022043 21.690588 238 230 227
4.059492 -1.022309 21.690334 241 233 230
4.790777 -0.985827 21.302979 221 221 208
4.898731 -0.990755 21.343206 219 221 202
4.262887 -0.985798 21.738813 248 243 241
4.214345 -0.873271 21.902746 249 245 239
4.080337 -0.832885 21.936529 246 242 235
4.128094 -0.833112 21.936663 246 243 236
3.953246 -0.794859 21.994333 237 234 228
3.696840 -0.361152 20.968910 204 206 212
4.741960 -0.432140 21.778706 232 239 244
3.750210 -0.321965 20.996937 198 201 208
4.875316 -0.386581 21.748222 214 219 216
3.797626 -0.197992 21.009758 179 185 194
3.824461 -0.163701 21.104023 171 178 187
4.540546 -0.041950 21.167891 203 214 220
4.252537 0.168742 21.158072 166 183 198
4.373390 0.173270 21.096281 168 188 201
3.689304 0.241182 20.667709 161 171 181
4.227947 0.299374 21.086273 144 163 176
3.789593 -2.440244 22.587204 238 227 216
4.300282 -2.203102 20.958965 254 252 250
3.929114 -2.177123 21.104914 254 250 248
3.993526 -2.123382 21.015486 254 250 249
4.313599 -2.105683 20.860054 254 251 251
4.621074 -2.083798 20.958412 254 253 250
3.619264 -2.031397 20.994181 254 250 243
3.758082 -2.034526 21.000452 254 250 247
4.253566 -2.016302 20.820728 254 250 250
4.703086 -2.059840 21.070757 250 249 246
3.666994 -2.183588 22.332636 242 230 219
3.699089 -2.175987 22.276371 244 233 222
4.167519 -1.976740 20.841938 254 250 250
4.759626 -2.023700 21.103909 245 245 242
4.880148 -2.057917 21.328476 239 240 236
4.591292 -1.946617 20.874861 254 253 251
4.238582 -1.886703 20.781366 254 250 250
3.704513 -1.866317 20.985806 254 249 245
3.603802 -1.822767 21.281298 254 247 238
3.702298 -1.783482 20.984400 254 249 245
3.796124 -1.785909 20.992701 254 250 247
4.036594 -1.773527 20.878075 254 249 249
4.279642 -1.762741 20.774855 254 250 251
4.373921 -1.765139 20.782900 254 251 253
4.152796 -1.724832 20.811815 254 250 250
4.711518 -1.754234 20.973661 253 253 252
3.845505 -1.706326 21.011147 254 249 245
4.114922 -1.686966 20.840538 254 249 249
4.585066 -1.697384 20.872610 254 253 254
4.710553 -1.712544 20.973528 253 254 253
3.541976 -1.802280 22.075834 240 232 226
3.596525 -1.695474 21.265203 253 244 236
3.602642 -1.676928 21.124769 253 245 238
3.527778 -1.752915 22.027100 240 232 227
3.591659 -1.695109 21.580471 250 238 231
3.620484 -1.644343 21.190790 253 244 237
3.583953 -1.628283 21.390705 252 239 232
3.695663 -1.596547 21.135885 254 244 240
3.902707 -1.589008 21.058783 254 247 243
4.091708 -1.573718 20.923603 254 248 248
4.847721 -1.566096 21.118504 248 248 248
3.541798 -1.589275 21.746359 243 232 228
3.577460 -1.501024 21.377333 248 236 231
3.612828 -1.496610 21.339119 249 237 233
3.818703 -1.468168 21.094746 252 242 240
4.338687 -1.400839 20.842850 252 247 248
3.817266 -1.385310 21.096052 251 240 239
4.384008 -1.360052 20.843601 251 247 249
3.948707 -1.342810 21.077324 250 239 239
4.212156 -1.322056 20.885038 249 242 243
4.523536 -1.320893 20.850544 253 250 252
4.211498 -1.280799 20.885853 247 240 242
3.945622 -1.259230 21.073076 248 237 237
3.986999 -1.257767 21.057585 248 237 239
4.104932 -1.250944 20.991024 247 239 241
3.823947 -1.223486 21.131380 246 234 235
4.025275 -1.213927 21.034861 243 234 235
4.281741 -1.191265 20.822254 246 240 242
5.122714 -1.282679 21.542147 232 232 226
3.287400 -1.144871 20.848770 232 221 218
4.940667 -1.192271 21.141443 241 241 233
3.976092 -1.130028 21.030231 239 229 230
3.789672 -1.104155 21.181017 242 231 230
4.088609 -1.080283 20.949305 237 230 230
3.619830 -1.085291 21.396353 238 228 226
4.003286 -0.975522 21.133469 242 235 233
3.849411 -0.919818 21.402618 238 231 226
4.176144 -0.848427 21.103384 251 248 245
4.480496 -0.802057 21.042868 227 226 218
4.245141 -0.773562 21.183475 247 246 242
3.770114 -0.700089 21.304323 235 232 226
4.125847 -0.696569 21.254869 239 238 233
4.367587 -0.629869 20.990126 244 243 241
3.743563 -0.510795 21.065947 232 232 230
3.905205 -0.518729 21.147449 233 232 232
4.199698 -0.510682 21.053347 240 240 244
4.226792 -0.463772 20.994429 233 235 242
4.287522 -0.454652 20.893272 239 241 247
3.944983 -0.338096 20.983898 203 206 216
4.158456 -0.333653 20.930805 202 209 222
3.891335 -0.294688 20.960617 195 199 209
4.239935 -0.289649 20.899864 196 204 219
4.067783 -0.251687 20.940630 184 192 205
4.197668 -0.249524 20.914787 184 194 209
4.246016 -0.085447 20.934185 161 174 188
4.339762 -0.044476 20.942234 176 190 201
4.419963 0.041084 20.909760 204 218 225
3.771188 0.093367 20.735685 164 173 184
4.419616 0.082410 20.911552 201 216 224
3.742064 0.141089 20.639814 161 170 182
4.372261 0.123790 20.910536 199 216 227
4.460280 0.125028 20.897161 197 213 220
4.348340 0.211388 20.840353 160 180 191
3.792562 0.312646 20.517633 180 191 203
4.635107 -2.477800 21.917686 244 243 237
4.680079 -2.365486 21.464684 252 251 249
4.413651 -2.279545 21.212837 251 250 246
4.635425 -2.301444 21.327492 252 251 249
4.126349 -2.251231 21.334455 253 249 247
4.851502 -2.194782 21.427059 249 249 246
3.980971 -2.098625 21.164923 254 250 248
4.750081 -2.126369 21.261505 252 251 248
3.741482 -2.095270 21.450575 254 248 241
4.689554 -2.036410 21.224348 253 252 251
4.688311 -1.994587 21.223583 253 253 251
4.611113 -1.773968 21.143021 254 253 253
4.728193 -1.786000 21.218487 254 254 253
4.606454 -1.730796 21.131546 254 253 253
4.500950 -1.682736 21.093563 254 252 253
4.551397 -1.685227 21.107029 254 253 253
3.520076 -1.752389 22.025074 241 231 225
4.770449 -1.660919 21.214491 254 254 254
3.508882 -1.704911 21.987349 240 231 226
4.208663 -1.549226 21.050510 253 246 248
3.635823 -1.552257 21.447411 249 237 231
4.204113 -1.465577 21.042061 253 245 246
3.994920 -1.430644 21.110680 252 243 238
4.076404 -1.427331 21.077173 252 244 240
3.865449 -1.350795 21.143290 250 240 235
4.088579 -1.291355 20.975655 249 240 238
4.173641 -1.289707 20.955153 248 240 240
3.931890 -1.259534 21.065315 250 239 234
4.399193 -1.249873 20.947851 249 243 248
4.507555 -1.257194 21.000097 252 248 251
5.142577 -1.359765 21.802240 245 245 243
4.284652 -1.199230 20.877184 245 239 242
5.103875 -1.303185 21.688414 244 245 242
4.376012 -1.159345 20.880243 247 243 246
4.430560 -1.163098 20.908113 249 245 248
4.596251 -1.174826 20.995573 251 248 250
4.958863 -1.224974 21.395386 247 247 243
3.684998 -1.164421 21.327984 241 231 226
5.134304 -1.213143 21.643061 236 239 231
4.092765 -1.072036 20.855202 238 232 230
4.917326 -1.126788 21.275322 236 236 228
4.015779 -1.036101 20.904585 237 230 226
4.616757 -1.002115 20.928383 227 226 220
3.756944 -1.010777 21.433685 235 228 221
3.793203 -1.007264 21.399620 235 228 221
4.065896 -0.956895 20.926455 244 240 236
4.038145 -0.898178 21.145094 251 247 242
4.112062 -0.892272 21.086035 250 247 243
4.152827 -0.890725 21.069359 248 245 241
3.955190 -0.893175 21.491789 244 240 232
4.358178 -0.817288 21.145971 245 243 242
4.237591 -0.797220 21.358717 248 245 242
4.011974 -0.772753 21.537876 237 235 228
4.169318 -0.763786 21.442963 242 238 235
4.463120 -0.739598 21.192682 236 236 234
4.469198 -0.700324 21.215250 238 237 237
4.568488 -0.688175 21.090302 222 222 216
3.773460 -0.702466 21.682730 235 234 231
3.894073 -0.696482 21.617832 233 233 228
4.372987 -0.672351 21.356413 247 246 247
3.828837 -0.664087 21.717854 238 238 234
3.815346 -0.617758 21.673918 234 234 232
4.463378 -0.574632 21.206188 242 242 245
4.647930 -0.519845 21.062075 224 225 216
4.723047 -0.432694 21.014555 200 204 188
3.636259 -0.367305 21.221687 189 189 193
4.601636 -0.355063 21.074228 226 230 231
3.674626 -0.283137 21.203115 180 182 189
4.309829 -0.186379 21.037718 174 186 201
4.203577 -0.141570 20.993494 164 175 191
4.236244 -0.097161 20.954102 164 176 191
4.477016 0.034423 20.855539 209 218 222
3.962406 0.117675 20.817539 165 175 190
4.083002 0.234155 20.332663 173 192 206
4.327621 0.230576 20.397673 162 181 187
3.866292 0.331556 20.066544 151 166 180
4.146930 -2.537685 22.554913 246 240 230
4.175971 -2.425973 21.841671 248 243 237
4.527430 -2.397455 21.615271 248 244 241
4.008821 -2.468695 22.406609 250 242 232
4.060175 -2.345196 21.608612 253 249 242
4.338786 -2.257131 21.008747 253 250 248
3.804971 -2.414071 22.356049 244 234 220
3.929211 -2.305498 21.638254 253 248 241
3.987782 -2.192762 20.901798 253 249 246
4.699914 -2.265671 21.283661 249 246 244
3.689175 -2.357507 22.279852 239 229 214
3.844531 -2.145642 20.877750 253 249 246
3.753490 -2.274909 22.008001 250 240 227
3.692528 -2.190344 21.458429 253 246 236
3.798250 -2.080651 20.722845 254 250 246
4.242342 -2.108761 20.853462 254 250 249
3.741405 -2.033467 20.684469 254 250 245
3.632919 -2.124681 21.580191 249 240 226
3.775033 -1.988686 20.650356 254 250 246
4.288060 -2.029289 20.861492 254 250 250
3.591416 -1.942830 20.634142 254 249 243
3.634896 -1.943112 20.630919 254 250 244
4.702243 -1.999349 21.166355 254 252 251
3.551555 -1.957862 21.297552 251 242 228
3.554205 -1.866570 20.666548 254 249 242
3.522750 -1.878678 21.035015 253 245 233
3.684995 -1.787972 20.664658 254 250 245
3.732127 -1.789986 20.673609 254 250 245
3.520243 -1.866162 21.525595 246 235 221
3.784621 -1.754811 20.704199 254 249 245
4.682399 -1.826711 21.117655 254 253 253
4.088420 -1.735657 20.823854 254 249 247
3.491648 -1.769594 21.428576 246 235 223
4.286015 -1.665521 20.885101 254 249 249
5.042257 -1.801844 21.806925 247 248 246
4.184642 -1.619050 20.853426 254 249 247
3.403549 -1.647546 21.450102 240 231 222
3.739769 -1.554739 20.721094 254 245 241
3.940311 -1.567144 20.794022 254 246 243
3.386936 -1.598463 21.392357 239 230 222
4.440443 -1.554034 20.952793 254 248 250
4.980896 -1.650245 21.628540 250 250 250
3.340850 -1.494501 21.229120 237 228 221
3.876275 -1.317728 20.750061 250 240 237
3.922709 -1.318909 20.755468 250 240 239
4.331241 -1.342834 20.911346 250 242 247
4.733172 -1.297323 21.174726 254 251 255
3.472765 -1.212320 20.914335 238 227 225
4.367876 -1.218380 20.893000 247 240 246
3.419450 -1.168011 20.886694 236 226 222
3.649641 -1.154250 20.753557 243 232 230
4.715559 -1.208613 21.126581 252 250 252
4.412194 -1.137408 20.895922 246 241 245
4.634514 -1.154087 21.020714 249 247 248
3.918211 -1.076662 20.761084 234 222 223
4.298016 -1.087220 20.824257 244 237 240
4.515520 -1.102284 20.937824 246 242 244
3.663707 -1.040166 20.813452 239 230 227
4.783203 -1.077569 21.060488 236 236 230
4.460437 -0.960530 20.773741 225 223 221
3.754967 -0.921276 20.830175 231 224 218
3.902777 -0.910378 20.722834 241 236 233
4.120574 -0.909418 20.700844 236 232 230
3.828349 -0.875504 20.777878 240 234 229
3.849415 -0.843315 20.853376 243 238 231
4.437726 -0.776071 20.572739 216 216 207
3.694507 -0.730840 20.949926 234 230 222
4.006773 -0.731178 20.938934 242 238 233
3.792796 -0.693923 20.982344 229 226 217
4.304464 -0.655781 20.588221 232 231 229
3.571575 -0.637913 20.839788 231 230 222
4.133552 -0.632780 20.767151 242 241 240
3.493743 -0.505945 20.732401 231 232 228
4.213839 -0.509095 20.744925 244 245 249
4.396492 -0.496300 20.607590 234 235 234
4.414937 -0.448190 20.526970 233 233 230
3.543101 -0.427800 20.756985 220 220 219
4.420314 -0.423103 20.689472 241 242 244
4.033274 -0.387887 20.753714 215 218 228
3.808933 -0.307308 20.760580 199 202 210
3.886897 -0.303822 20.721148 198 202 212
3.790649 -0.275218 20.855246 193 196 204
4.265987 -0.256515 20.642105 205 211 225
4.036155 -0.214870 20.628042 177 186 202
4.164782 -0.213177 20.608812 183 191 206
4.354669 -0.123476 20.504536 194 202 209
4.440144 -0.110456 20.350624 205 210 208
3.602171 -0.058787 20.683826 161 166 175
3.846365 0.028017 20.611624 159 167 182
4.155647 0.131883 20.316532 198 215 227
3.707627 0.160076 20.451921 160 168 181
4.175943 0.177423 20.242344 195 211 222
3.812331 0.346308 20.075581 155 169 184
3.962338 -2.315982 21.450325 249 244 239
3.938315 -2.467546 22.688751 247 235 218
3.911746 -2.372904 22.085583 252 245 234
3.828641 -2.176079 20.834854 254 249 246
3.901895 -2.404043 22.560059 248 236 220
3.745635 -2.186535 21.173439 253 248 240
3.938987 -2.126397 20.759302 254 249 246
4.304339 -2.137811 20.785627 253 249 249
4.399556 -2.142402 20.802942 253 250 249
4.242097 -2.088071 20.732349 254 249 249
3.792910 -2.335822 22.686785 238 225 202
3.677118 -2.279187 22.609356 234 222 202
4.370313 -2.008032 20.719400 254 249 249
3.640944 -1.992503 20.975706 254 248 238
3.688120 -1.971384 20.828108 254 249 242
3.723089 -1.967127 20.795214 254 249 243
4.011343 -1.960861 20.717546 254 250 247
4.417698 -1.970328 20.730902 254 249 250
3.626575 -1.928471 21.091333 254 247 235
3.803143 -1.884968 20.772486 254 249 245
4.319747 -1.885081 20.711220 254 249 249
4.468621 -1.894357 20.756811 254 249 251
4.093159 -1.839908 20.704067 254 249 248
4.576966 -1.864643 20.817707 253 251 252
3.576713 -2.038198 22.427677 234 224 208
3.633033 -2.044418 22.464510 237 225 208
4.224341 -1.801197 20.698832 254 249 248
3.623562 -1.997367 22.433052 238 225 209
3.870193 -1.717109 20.712528 254 248 243
4.406910 -1.686424 20.720461 254 249 250
3.669685 -1.824847 22.098600 248 233 218
3.991117 -1.634060 20.678213 254 248 245
4.746299 -1.640941 20.941921 251 251 251
3.949217 -1.555435 20.693874 254 245 242
4.167195 -1.556490 20.678825 254 247 247
4.502217 -1.570560 20.747984 254 250 252
5.109950 -1.676777 21.783710 238 237 237
3.695683 -1.499105 20.899771 253 241 235
3.959169 -1.441145 20.738361 252 242 240
4.593076 -1.452202 20.760508 253 249 254
3.518028 -1.568033 22.072933 234 225 215
3.925560 -1.405826 20.778925 251 240 238
4.124699 -1.398078 20.699810 251 242 242
3.637845 -1.393237 21.021822 249 236 231
3.706676 -1.384859 20.949827 250 238 233
3.785987 -1.341570 20.919197 249 238 234
4.213954 -1.319682 20.706846 248 240 243
4.765839 -1.348652 20.885309 253 252 254
3.674144 -1.310094 20.999956 247 235 231
4.400099 -1.284828 20.733038 249 244 248
4.585943 -1.289237 20.751684 253 249 254
3.580650 -1.389859 21.979883 231 222 213
3.935096 -1.250991 20.825947 245 235 233
4.447970 -1.246607 20.745895 250 245 250
4.870639 -1.291711 21.073931 247 247 247
3.783789 -1.220999 20.922716 243 233 230
3.823212 -1.219213 20.904778 243 233 230
4.047555 -1.203542 20.757624 243 234 234
4.349689 -1.202320 20.722105 245 240 243
4.347182 -1.161448 20.717487 244 238 242
4.122782 -1.119128 20.718220 239 232 233
3.930035 -1.089593 20.823263 235 224 223
4.120325 -1.078375 20.713619 237 230 231
4.482006 -1.082978 20.724886 241 238 240
3.521049 -1.077493 21.446186 233 223 216
3.909707 -1.019332 20.913658 235 226 223
5.023055 -1.070464 21.278252 219 220 206
3.935036 -0.879775 21.488276 238 232 223
4.173107 -0.851606 21.214489 249 246 241
4.383788 -0.806472 21.163767 241 239 237
4.141614 -0.807936 21.578146 247 242 235
4.295015 -0.798081 21.476995 248 246 241
3.886717 -0.789727 21.813105 230 227 218
4.269590 -0.764124 21.549114 239 237 232
3.823784 -0.758882 21.920977 229 226 219
3.915303 -0.759051 21.918718 227 226 218
4.282292 -0.727507 21.595428 231 229 225
3.810482 -0.630036 21.885000 232 232 227
4.687329 -0.396166 21.148188 213 216 208
4.590865 -0.257377 21.439159 198 207 217
3.618303 -0.184780 21.066771 166 170 176
4.675785 -0.214218 21.419422 199 208 212
4.709167 -0.210737 21.379066 200 208 209
3.880020 0.127971 21.229284 155 163 175
4.044994 0.366069 20.739265 174 190 203
4.123506 -2.566287 22.675558 243 234 222
4.491811 -2.345623 21.251831 248 245 242
4.040197 -2.422010 22.048708 248 241 232
4.323512 -2.260877 20.998695 251 247 245
4.366772 -2.261020 20.993687 251 247 245
4.172517 -2.208967 20.945715 252 249 246
3.756985 -2.176185 21.048450 254 248 241
3.992362 -2.140629 20.789879 254 250 247
4.266356 -2.150660 20.817392 254 250 249
3.831002 -2.106125 20.845837 254 249 245
4.039518 -2.103868 20.803797 254 250 247
3.734138 -2.208473 21.783775 252 242 227
3.862169 -2.060538 20.804735 254 250 246
4.389512 -2.068966 20.790894 254 250 251
4.810117 -2.151114 21.270531 246 244 242
3.899564 -2.018492 20.785498 254 250 246
3.726535 -2.199620 22.271643 243 229 211
3.814166 -1.978987 20.798540 254 249 243
4.637955 -2.006703 20.877712 252 249 249
4.073428 -1.941832 20.783926 254 250 246
3.608796 -2.126386 22.356798 234 224 207
3.735081 -1.903684 20.837561 254 248 241
4.620380 -1.918625 20.829271 253 250 251
5.043076 -2.080592 21.870726 239 237 236
3.678574 -2.007819 22.109390 245 230 215
3.646191 -1.892842 21.321966 253 243 230
4.558359 -1.830194 20.781633 254 251 252
3.581068 -1.986847 22.264229 236 224 211
3.618455 -1.982858 22.232109 239 226 212
4.028939 -1.783457 20.798031 254 249 244
4.115673 -1.784083 20.792168 254 249 245
4.502235 -1.784363 20.748575 254 251 252
3.645395 -1.932023 22.165199 243 228 215
4.152783 -1.741860 20.771864 254 249 245
4.550972 -1.747495 20.765270 254 251 253
3.638526 -1.769057 21.306242 253 241 230
3.641369 -1.747726 21.154730 254 242 232
3.664212 -1.714732 20.918282 254 243 235
3.749581 -1.714733 20.908562 254 245 238
3.832443 -1.673989 20.893576 254 246 240
4.492855 -1.661370 20.729303 254 250 253
5.089881 -1.813002 21.747978 235 234 233
3.640539 -1.759066 21.818888 249 233 222
4.032670 -1.627704 20.825844 253 246 242
3.540581 -1.759221 22.131620 235 226 214
4.591348 -1.587784 20.765846 254 252 254
3.781889 -1.573066 21.038900 254 241 235
3.817523 -1.569427 21.008272 253 242 236
4.776714 -1.572351 20.928432 251 250 252
4.637116 -1.509579 20.776215 253 252 254
3.511639 -1.580339 22.038553 232 223 214
3.938366 -1.446613 20.977535 250 238 237
4.222247 -1.418845 20.737865 250 242 242
4.433041 -1.416837 20.701668 253 247 252
4.874476 -1.475142 21.102085 245 243 245
3.773602 -1.431137 21.183315 251 237 234
4.684885 -1.352568 20.799667 254 251 255
4.048234 -1.318829 20.909174 246 235 235
4.186952 -1.264405 20.782597 245 237 238
3.877362 -1.259791 21.094059 244 232 230
3.625811 -1.304948 21.810661 231 218 212
3.422195 -1.230844 21.556084 221 212 205
3.770929 -1.170121 21.361780 239 225 221
3.917508 -1.138962 21.090609 239 228 227
4.152319 -1.109903 20.829935 237 229 229
3.616961 -1.118676 21.626842 235 221 216
3.855679 -1.048435 21.356646 238 226 221
3.966131 -1.021523 21.116495 236 226 224
4.169551 -0.997989 20.898928 231 224 224
4.281023 -0.990442 20.825890 228 223 223
4.480858 -0.960295 20.899029 221 219 217
3.585520 -0.962375 21.694180 229 220 215
4.117620 -0.892527 21.035624 247 240 238
4.138168 -0.820488 21.112984 249 244 240
4.396760 -0.818226 21.077925 231 230 228
3.985184 -0.822982 21.520330 243 237 228
4.125694 -0.792252 21.226950 248 243 237
4.356660 -0.779642 21.097578 243 242 240
4.231984 -0.702375 21.138525 242 240 238
4.312640 -0.659473 21.111786 244 243 244
3.760388 -0.603621 21.380548 233 231 222
4.174469 -0.592840 21.259222 232 230 231
3.849156 -0.563363 21.381561 231 230 224
3.746492 -0.382746 21.190363 201 201 203
4.751595 -0.388673 21.241026 204 207 196
3.590837 -0.280780 20.956055 180 180 184
4.415009 -0.275284 20.892509 212 218 229
4.578164 -0.123217 20.999132 196 204 206
4.298906 -0.093279 21.118616 162 174 189
4.341345 -0.092509 21.110353 165 177 192
4.171806 -0.015299 21.151443 160 170 185
4.163814 0.027001 21.128199 161 172 187
4.412223 0.033286 21.058958 191 205 216
4.470312 0.070338 21.105349 199 213 224
4.289883 0.109999 21.107349 180 197 211
4.432424 0.108656 21.132460 189 206 218
4.314731 0.195411 21.048389 173 191 205
3.837531 0.240840 20.943377 167 176 187
4.292782 0.229916 21.128267 152 169 184
4.034849 -2.495214 22.501024 245 235 221
4.055923 -2.480999 22.409628 246 236 225
4.370612 -2.381549 21.746605 249 244 242
4.164352 -2.200324 20.895502 253 249 247
3.852217 -2.127165 20.726851 254 249 247
3.971196 -2.123471 20.687042 254 249 248
4.101276 -2.125987 20.685013 254 249 248
4.145688 -2.127367 20.687613 254 249 248
4.386449 -2.143967 20.759466 254 249 250
3.775408 -2.321650 22.230688 247 230 210
4.540286 -2.119143 20.832973 253 250 250
3.858127 -2.029451 20.603327 254 249 247
4.599238 -2.088466 20.883774 253 250 250
3.668698 -2.228736 22.179186 236 221 199
4.366619 -1.977437 20.709246 254 249 249
4.530181 -1.996276 20.811399 253 250 250
4.595553 -2.007930 20.879297 253 250 250
3.558927 -2.056605 21.600208 244 228 209
3.527755 -1.915321 20.668444 254 246 234
3.597047 -2.090380 22.091417 236 221 202
3.724990 -1.870741 20.606659 254 247 242
4.023509 -1.835490 20.595100 254 250 244
3.506192 -1.906927 21.413300 247 231 213
3.450307 -1.850611 21.036554 251 236 219
4.458292 -1.824895 20.736214 254 251 248
3.648861 -1.759090 20.655073 254 246 237
3.474446 -1.739344 20.810806 253 240 227
4.560610 -1.755023 20.789009 254 252 249
3.537581 -1.689488 20.729204 254 242 232
4.155260 -1.683577 20.614635 254 248 245
4.495657 -1.666034 20.729254 254 250 250
4.726229 -1.693914 20.899902 252 251 252
4.860394 -1.735942 21.181976 247 246 246
4.832678 -1.683385 21.098370 248 247 247
4.291775 -1.571855 20.644346 253 246 247
4.541707 -1.589370 20.742865 254 250 253
3.484235 -1.550910 20.868147 251 235 226
3.507834 -1.541276 20.795221 252 236 229
3.544940 -1.538757 20.772747 253 237 231
4.590099 -1.552784 20.760054 254 250 254
3.443292 -1.534798 21.044128 246 230 220
4.535163 -1.508071 20.729137 254 250 254
4.972133 -1.586915 21.263489 230 228 227
3.487228 -1.474826 20.887669 248 232 225
3.516569 -1.429501 20.840033 248 231 226
4.049767 -1.402124 20.578686 250 240 238
3.580978 -1.380870 20.762877 250 233 230
4.006551 -1.362916 20.583172 248 238 237
4.478044 -1.384271 20.698013 253 249 253
4.867334 -1.382613 20.951300 246 246 245
3.348558 -1.355974 21.202467 230 220 211
3.379278 -1.350005 21.153090 232 220 212
3.727021 -1.292685 20.673803 247 234 232
4.005278 -1.284909 20.586506 246 235 235
4.046655 -1.245793 20.583393 245 235 236
3.370285 -1.246382 20.961773 231 219 212
4.086540 -1.205982 20.575121 243 235 236
3.373939 -1.209226 20.979939 229 216 209
3.442357 -1.201431 20.911188 233 219 213
4.842538 -1.174491 20.891945 253 254 249
4.076792 -1.085545 20.553495 239 232 232
3.900828 -1.043999 20.548208 231 221 220
4.120496 -1.047330 20.558182 238 232 232
3.607593 -1.024841 20.739071 241 227 223
3.644370 -1.022404 20.715687 241 227 223
5.059278 -1.121175 21.436897 220 220 207
3.754741 -0.976479 20.650429 235 223 220
3.929341 -0.939729 20.658916 236 228 225
4.167963 -0.949938 20.729734 227 221 220
4.262784 -0.953526 20.753836 223 217 217
4.911847 -1.002159 21.126329 211 211 196
3.809732 -0.865349 20.703829 237 229 223
4.036824 -0.870828 20.737257 244 239 235
3.811124 -0.805227 20.871040 242 234 226
3.721144 -0.742383 21.026510 234 229 218
4.201071 -0.688383 20.868332 242 240 238
3.626830 -0.660717 21.009346 230 225 215
3.717635 -0.662477 21.022005 227 223 213
4.144242 -0.644232 20.828472 235 233 231
4.395357 -0.656232 20.931541 232 231 232
3.663053 -0.618861 20.986422 232 228 218
4.441450 -0.617555 20.941229 229 228 227
3.582540 -0.581848 21.015118 235 230 221
4.124413 -0.558824 20.768785 239 238 238
3.695652 -0.536514 20.954576 231 227 220
4.387088 -0.481053 20.773886 240 240 243
3.975922 -0.435122 20.720373 226 225 229
4.316160 -0.432886 20.688698 242 242 249
4.424093 -0.439600 20.754551 244 244 247
3.671913 -0.410548 20.880709 214 211 208
4.305904 -0.390453 20.658545 233 235 243
4.359016 -0.393509 20.689095 236 238 244
4.412660 -0.396687 20.720901 238 240 245
4.618514 -0.406222 20.815361 209 213 199
4.665521 -0.407134 20.823812 198 203 183
3.692134 -0.363502 20.800772 206 202 203
4.069245 -0.345083 20.600386 205 206 219
4.112552 -0.345091 20.599730 206 209 222
3.592174 -0.242037 20.764574 180 179 181
4.262957 -0.221067 20.531471 196 204 218
4.053351 -0.184530 20.561600 170 177 192
3.720084 -0.149838 20.610661 175 175 183
4.083486 -0.141675 20.520399 165 175 190
3.679493 -0.111885 20.623774 167 168 174
3.710413 -0.108074 20.580137 168 170 177
4.040308 -0.102937 20.524836 160 169 184
3.592808 -0.073070 20.625954 161 163 167
3.872687 -0.065975 20.547611 156 162 174
4.325585 -0.058316 20.465706 181 192 198
4.362877 0.099070 20.459934 199 213 218
3.880192 0.137787 20.443127 159 169 182
3.868556 0.218135 20.410500 157 168 180
4.258996 0.219559 20.415644 173 190 201
3.866393 0.257314 20.406858 158 170 182
4.040396 0.257792 20.412369 148 164 180
4.153369 0.262506 20.356432 150 168 182
3.856203 0.347609 20.230934 169 183 196
4.356457 -2.543739 22.335575 240 233 224
3.899691 -2.518899 22.503044 241 225 208
4.112607 -2.407903 21.792109 248 242 233
4.188171 -2.401657 21.742910 248 241 233
4.589761 -2.385216 21.584129 248 244 240
4.134384 -2.279344 21.244892 253 248 241
4.215417 -2.252823 21.069387 253 249 243
4.107615 -2.200074 21.002432 253 249 242
3.698984 -2.271178 21.754694 248 233 217
3.995394 -2.120501 20.765598 253 249 242
3.667416 -2.265315 21.977499 241 224 205
3.670768 -2.240598 21.820200 247 230 211
3.538829 -2.081132 20.826590 254 243 231
4.690303 -2.141563 21.050980 254 252 252
4.683057 -2.059434 21.035059 254 252 252
4.432295 -1.938685 20.796383 254 249 249
3.432261 -1.924873 21.094990 246 229 208
4.172718 -1.873299 20.656696 254 250 246
4.726103 -1.942209 21.042574 249 246 246
3.399935 -1.818467 20.649057 253 238 219
4.261111 -1.799139 20.671188 254 249 246
4.702001 -1.851863 20.972406 252 248 248
4.695562 -1.809601 20.955397 252 249 249
4.926926 -1.880601 21.411631 244 240 241
3.713453 -1.657872 20.568653 254 243 237
4.062706 -1.667552 20.594145 254 247 241
3.420178 -1.616859 20.586588 253 236 223
4.737786 -1.692153 20.960529 252 251 251
3.932379 -1.588039 20.596207 254 245 240
3.627325 -1.541741 20.577026 254 240 234
4.192677 -1.555157 20.608889 253 245 242
4.662787 -1.598805 20.868404 253 251 253
3.924734 -1.507746 20.577290 252 242 238
3.711374 -1.466378 20.581516 253 239 235
4.093710 -1.470874 20.572546 252 241 238
4.802429 -1.545455 21.040747 250 249 251
3.834512 -1.427739 20.568478 251 239 235
3.959521 -1.428022 20.557159 251 240 236
4.433878 -1.454659 20.703222 253 248 248
3.616132 -1.383826 20.552467 251 235 231
3.398057 -1.360920 20.693201 243 225 215
4.087494 -1.353037 20.562878 249 238 238
3.608509 -1.303981 20.532736 248 232 228
3.910035 -1.309614 20.545467 247 235 233
4.325425 -1.327805 20.642597 249 242 242
3.316155 -1.327989 21.043859 230 217 205
4.086263 -1.275867 20.566439 246 235 237
4.786567 -1.342102 21.008728 253 252 253
4.127236 -1.237183 20.563540 244 234 236
4.176781 -1.240644 20.585798 243 235 236
4.069337 -1.191647 20.516045 243 233 235
4.214090 -1.200218 20.570158 242 234 236
4.365815 -1.211413 20.644304 248 240 244
4.775064 -1.258750 20.979427 253 252 253
4.147643 -1.112829 20.498337 240 233 234
3.427719 -1.068588 20.514748 233 219 212
4.608308 -1.108191 20.737247 251 249 249
4.833538 -1.147164 21.035818 250 249 245
3.516254 -1.033353 20.533939 237 224 218
3.658579 -1.022759 20.434874 239 226 223
4.189994 -1.036450 20.504065 236 230 231
4.456259 -1.020735 20.675295 233 230 229
4.011776 -0.955442 20.488527 231 224 223
4.573921 -0.994913 20.778673 223 221 218
3.846691 -0.859148 20.672297 238 230 224
4.052057 -0.874121 20.789469 243 239 235
4.108650 -0.879842 20.835714 240 235 232
4.143446 -0.771224 21.277313 248 242 236
4.187344 -0.771439 21.276909 248 242 237
4.482580 -0.768051 21.229740 233 231 230
4.104174 -0.733388 21.297976 241 235 230
4.467323 -0.722981 21.182577 234 232 231
4.105201 -0.694361 21.305702 233 227 224
3.785786 -0.648674 21.263803 226 221 213
4.067296 -0.657008 21.331356 226 221 217
4.368159 -0.639795 21.153593 242 240 242
3.932024 -0.615705 21.322916 226 221 217
4.117838 -0.564867 21.207853 235 230 232
4.104987 -0.520979 21.166824 231 227 232
3.849354 -0.483324 21.194214 223 219 219
4.613554 -0.448153 20.817652 211 214 200
3.525993 -0.404630 20.800694 205 201 197
4.045509 -0.436895 21.119551 217 215 223
4.077871 -0.433088 21.079765 217 215 224
4.645302 -0.405375 20.782398 199 202 184
4.684300 -0.403954 20.766922 188 192 168
4.241042 -0.375995 20.894026 210 212 226
4.164309 -0.340277 20.933483 196 198 212
3.853204 -0.313090 21.067055 195 191 198
4.458617 -0.284497 20.754822 219 225 229
3.550656 -0.167484 20.758596 165 165 168
3.657852 -0.188764 20.997929 166 166 170
4.484693 -0.123727 20.712433 192 200 201
4.584751 -0.127298 20.754194 199 206 200
3.916657 -0.110440 21.003717 160 162 175
4.588912 -0.089466 20.771431 200 206 201
3.675828 -0.064217 20.917732 161 162 168
4.236812 -0.050052 20.763004 165 175 190
3.735232 0.047510 20.990294 153 157 165
4.192839 0.271802 20.644688 141 158 174
3.899565 0.295715 20.829094 169 178 192
4.105134 0.299582 20.792439 127 142 158
3.879358 0.361028 20.457991 184 194 208
4.328420 -2.458285 22.116550 246 240 232
4.171951 -2.273028 21.250349 251 245 238
3.873044 -2.389219 22.257805 250 237 222
3.777331 -2.274188 21.558447 253 241 231
4.050890 -2.138234 20.676023 254 249 242
4.602098 -2.194304 20.944029 253 250 248
4.878057 -2.300226 21.560881 240 237 233
3.728851 -2.367146 22.394329 234 219 198
4.219685 -2.103405 20.674767 254 249 246
4.070636 -2.050353 20.604378 254 249 245
4.206879 -2.058206 20.634686 254 249 246
3.641383 -1.998946 20.581442 254 246 237
3.720122 -1.997655 20.562241 254 247 239
3.582804 -2.154537 21.833847 236 221 201
3.491318 -2.044416 21.139244 246 230 212
4.732464 -2.065099 21.101000 246 242 242
4.562463 -1.980667 20.832264 254 249 251
4.715590 -2.017438 21.049706 248 243 245
3.629815 -1.879553 20.550976 254 246 236
4.012943 -1.889793 20.566463 254 249 245
4.194294 -1.899728 20.607073 254 250 247
3.759728 -1.846908 20.569878 254 248 240
4.009713 -1.850292 20.559074 254 249 244
3.503975 -2.001249 21.885845 235 218 198
3.486152 -1.951103 21.819416 236 218 199
3.431047 -1.841893 21.092258 245 227 209
3.660065 -1.761219 20.520338 254 244 236
4.006453 -1.773097 20.555561 254 249 242
3.470209 -1.902294 21.760460 237 219 200
3.501842 -1.725791 20.558508 254 240 227
3.868072 -1.726603 20.517513 254 248 240
3.742227 -1.686838 20.522413 254 243 236
4.485188 -1.732444 20.741997 254 249 250
4.668267 -1.761454 20.917875 253 250 252
4.282349 -1.675332 20.640139 254 247 246
3.428731 -1.664317 20.935801 249 228 213
3.491775 -1.709808 21.521261 241 222 207
3.550103 -1.580166 20.599789 253 237 228
3.987785 -1.595975 20.659214 254 243 236
4.146505 -1.593135 20.620285 254 245 240
4.326628 -1.600841 20.653208 254 245 245
3.712471 -1.542425 20.583746 254 239 234
3.468870 -1.527368 20.778290 248 231 217
3.594108 -1.506826 20.616093 253 236 228
4.785900 -1.584158 21.035742 250 249 251
3.478361 -1.585968 21.482065 238 221 206
3.972000 -1.474375 20.615303 252 239 234
4.008245 -1.434162 20.597771 251 238 234
4.050346 -1.434671 20.596855 251 239 235
4.516094 -1.459593 20.728443 253 248 252
3.440427 -1.533843 21.683393 232 219 204
4.565053 -1.424654 20.751635 254 250 255
4.844116 -1.474802 21.093523 249 248 249
3.511467 -1.420506 21.123199 240 225 210
3.510376 -1.398086 20.955231 242 226 212
3.639982 -1.358858 20.647417 249 232 225
3.808428 -1.361213 20.647240 249 233 227
3.516583 -1.341877 20.821432 243 227 215
3.765221 -1.322335 20.647644 248 231 225
4.090788 -1.320742 20.601883 248 235 233
4.362742 -1.331830 20.657747 250 240 243
3.569745 -1.289290 20.707817 245 229 219
3.761495 -1.282722 20.638145 246 230 224
4.313566 -1.290239 20.639894 246 237 239
4.410816 -1.296657 20.679214 250 241 245
4.512328 -1.304784 20.731182 252 246 251
4.810920 -1.343562 20.997932 253 252 253
3.604501 -1.248417 20.684605 244 228 219
4.312048 -1.251490 20.638617 244 235 237
4.360798 -1.254732 20.658895 246 238 240
4.460150 -1.261889 20.704500 250 243 247
4.255692 -1.168792 20.599792 238 229 231
3.535728 -1.141581 20.755404 238 221 212
3.597393 -1.131683 20.670622 239 223 215
4.293864 -1.129342 20.588585 238 230 232
4.441776 -1.139294 20.654741 246 238 241
3.428526 -1.173179 21.330866 222 211 197
3.842806 -1.074433 20.495520 237 225 221
4.012632 -1.076873 20.500271 232 222 221
3.754130 -1.033770 20.482519 241 228 223
3.616931 -1.008413 20.599245 238 225 216
3.716612 -0.997742 20.502695 238 226 219
4.845852 -1.068609 20.995867 228 227 217
4.869507 -1.039030 21.075445 217 216 204
3.918477 -0.842202 20.796246 244 237 230
3.905011 -0.794763 21.065166 243 235 224
4.164721 -0.797133 21.070660 246 241 236
4.488244 -0.768015 21.143089 223 222 217
3.833009 -0.684206 21.128437 231 224 213
3.696191 -0.641667 21.101604 229 223 209
4.558933 -0.606771 21.103273 219 219 213
3.741152 -0.565708 21.118423 229 225 213
4.033532 -0.563825 21.088640 228 224 221
4.257612 -0.552280 20.967440 240 240 242
4.478686 -0.516139 20.987938 240 239 239
4.232661 -0.427877 20.893099 222 224 232
4.499385 -0.431217 20.919861 238 239 242
3.682918 -0.367208 21.081823 193 188 183
3.794039 -0.361329 21.018393 201 196 194
4.078328 -0.356460 20.962395 198 197 207
3.916865 -0.321121 21.002501 192 190 193
4.620043 -0.312370 20.900290 204 209 203
3.706463 -0.283549 21.018625 181 177 174
3.826218 -0.280800 20.987999 187 184 185
4.263235 -0.269830 20.866137 183 189 205
4.431107 -0.230017 20.855192 200 206 220
4.665182 -0.235434 20.913502 195 201 193
3.900652 -0.200241 20.956116 176 174 181
4.191921 -0.197389 20.924841 166 173 191
4.665892 -0.196865 20.919615 197 202 195
4.469634 -0.151441 20.847406 187 194 204
3.872107 -0.127865 21.016281 161 162 168
3.934831 -0.120563 20.933395 160 161 171
4.230694 -0.118923 20.918119 156 165 183
3.902965 -0.085542 20.976995 156 158 166
4.514144 -0.074533 20.859476 186 192 199
3.686011 0.030481 20.976234 169 171 175
4.308181 0.242401 20.777014 150 166 180
4.007676 0.279504 20.776724 163 173 189
4.276828 0.288550 20.674049 131 149 162
4.069068 -2.443844 21.931797 243 237 227
4.230686 -2.223426 20.809044 253 246 241
4.083025 -2.108521 20.594196 253 248 243
3.806785 -2.049802 20.504751 254 249 240
3.559915 -2.136551 21.323961 245 230 210
4.497264 -2.061981 20.720137 253 249 249
3.586041 -1.962580 20.461266 254 245 236
3.666629 -1.963228 20.453974 254 246 237
4.543564 -2.027240 20.736496 253 249 250
3.508755 -1.927031 20.485010 254 244 232
4.590406 -1.992653 20.754339 254 250 252
3.631975 -2.174679 22.312597 231 215 191
3.554177 -2.070947 21.652462 237 219 197
3.483379 -1.999828 21.202280 243 225 205
3.539719 -1.884748 20.450220 254 245 233
3.661149 -1.886037 20.441780 254 246 237
3.475003 -1.982417 21.341413 239 220 198
3.956263 -1.858064 20.464203 254 249 243
4.175300 -1.830915 20.504498 254 249 247
3.577846 -1.773063 20.451220 254 245 232
3.731788 -1.732946 20.413860 254 245 238
4.125256 -1.751038 20.483723 254 248 244
3.538336 -1.971975 22.312183 235 217 196
3.497342 -1.698712 20.466722 254 239 227
3.728886 -1.694341 20.407232 254 245 237
4.406849 -1.734076 20.588852 254 250 249
3.455824 -1.660806 20.469486 253 236 224
4.622518 -1.722913 20.745796 253 250 252
3.499081 -1.625866 20.481901 253 238 226
4.029505 -1.631199 20.452316 254 244 240
3.666336 -1.593057 20.494423 254 240 233
3.946610 -1.592727 20.457600 254 242 238
4.743865 -1.666071 20.870615 252 250 252
3.422581 -1.576702 20.673885 249 228 213
3.511936 -1.709336 21.874718 240 219 200
3.426647 -1.564769 20.857239 246 225 209
3.423411 -1.539992 20.681499 247 227 212
3.906948 -1.518695 20.472536 253 240 235
4.498561 -1.513285 20.635447 254 250 252
3.449158 -1.525329 21.120564 240 222 205
3.713847 -1.448612 20.533817 251 237 229
3.438515 -1.436668 20.753769 241 225 208
4.554434 -1.444804 20.687740 253 252 254
3.473081 -1.508672 21.563562 234 217 199
4.611546 -1.414334 20.739672 254 252 255
4.823331 -1.454241 21.011690 247 246 247
3.762968 -1.341549 20.574472 247 233 225
3.998714 -1.338064 20.522938 247 234 231
4.263225 -1.348019 20.568811 247 236 237
4.310085 -1.350879 20.585138 247 237 238
4.818471 -1.413643 20.999630 248 248 249
4.510039 -1.329843 20.692846 252 248 251
3.551241 -1.412922 21.719223 229 214 198
3.730107 -1.270799 20.615164 244 230 222
4.176865 -1.270747 20.568623 243 231 232
5.018023 -1.387148 21.370844 237 237 235
3.504694 -1.394221 21.883074 226 211 195
3.521956 -1.293389 21.102861 235 220 205
3.526320 -1.274411 20.955896 237 222 207
3.736682 -1.236739 20.643835 243 228 220
3.814616 -1.235166 20.623829 243 229 222
3.968398 -1.230973 20.575949 242 229 227
4.179862 -1.234648 20.582996 241 230 230
4.319505 -1.242432 20.629009 241 232 235
4.517526 -1.257520 20.725527 250 246 248
4.568471 -1.261796 20.753408 252 248 252
3.501779 -1.292811 21.706915 222 208 193
3.550476 -1.253289 21.390398 229 214 198
4.098153 -1.159609 20.598763 239 228 227
3.602785 -1.158668 20.940647 235 219 207
4.622773 -1.153364 20.803295 253 249 250
4.326701 -1.094884 20.669178 237 231 231
4.423511 -1.101081 20.710415 240 235 236
3.655530 -1.051015 20.994926 237 224 214
4.125916 -1.021664 20.712704 230 222 220
3.942495 -0.993819 20.814074 233 224 218
4.057841 -0.990193 20.774328 224 216 212
4.354744 -0.993436 20.777020 225 221 219
5.029732 -1.062405 21.297476 213 213 196
4.108886 -0.956643 20.809881 227 220 217
4.333284 -0.925874 20.857258 218 214 211
4.122331 -0.848656 20.869774 243 239 234
4.163614 -0.848545 20.865919 238 233 229
3.791272 -0.828742 21.055794 234 223 210
3.896545 -0.820487 20.975576 240 233 221
3.868868 -0.788340 21.033876 243 235 222
4.179924 -0.741075 20.935654 246 242 237
4.305591 -0.702986 20.932539 245 243 241
3.612308 -0.633402 21.038292 225 219 202
4.375876 -0.621557 20.888662 231 230 227
4.464770 -0.623289 20.900650 219 218 212
4.402055 -0.539573 20.840153 236 235 233
3.809036 -0.423281 20.849489 223 217 212
4.503749 -0.416788 20.763306 234 236 233
4.542261 -0.325792 20.615473 209 212 204
3.656422 -0.299944 20.760813 192 187 182
4.378359 -0.289417 20.637922 217 223 231
3.614624 -0.224586 20.769033 175 172 167
4.168756 -0.162992 20.507742 169 177 192
4.296063 -0.163449 20.512585 183 192 204
4.471417 -0.165551 20.535538 194 201 200
3.861002 -0.134012 20.607121 165 165 176
4.414985 -0.123544 20.491550 186 193 197
4.190916 -0.081799 20.447090 163 172 187
3.757272 -0.065835 20.694588 156 157 161
3.918417 -0.050649 20.520903 148 154 167
3.718175 -0.029092 20.708622 150 152 155
3.948184 -0.009475 20.482141 146 153 167
4.348182 0.008524 20.278116 189 195 196
4.231481 0.043245 20.310694 178 188 198
4.239763 0.127217 20.204451 194 205 211
3.827526 0.126673 20.666239 154 161 172
3.620612 0.175317 20.518963 152 156 162
3.827255 0.164425 20.669373 152 160 170
4.080547 0.236472 20.239243 167 182 195
3.993248 0.274462 20.227253 144 159 172
3.807813 0.293947 20.457529 167 176 188
4.097844 -2.380938 21.666496 246 238 228
4.632720 -2.404092 21.725422 247 240 238
3.760521 -2.256009 21.194782 252 242 230
3.848959 -2.442619 22.560299 238 220 201
3.709480 -2.211454 21.163595 252 242 229
3.782142 -2.092368 20.652615 254 246 237
3.983115 -2.093946 20.633017 254 247 243
4.574294 -2.135330 20.802561 251 247 247
3.785052 -2.321169 22.313280 242 223 206
3.523831 -2.056795 20.937546 254 240 225
3.925061 -2.009044 20.579769 254 247 243
3.745070 -2.216856 22.162186 245 225 208
4.258389 -1.980892 20.591810 254 248 248
4.124013 -1.935464 20.560617 254 249 246
3.635307 -2.204928 22.611828 230 213 190
4.296659 -1.905867 20.588093 254 249 250
4.159923 -1.859388 20.549080 254 249 248
3.538657 -1.931105 21.351376 248 229 210
3.745369 -1.812557 20.543488 254 246 238
3.950696 -1.816701 20.543209 254 248 243
3.552946 -1.927946 21.583288 245 225 204
3.744836 -1.775545 20.545670 254 245 238
4.523183 -1.808333 20.660437 254 250 253
3.986497 -1.740829 20.531685 254 247 242
4.066742 -1.704326 20.527618 254 247 243
4.239883 -1.711591 20.554518 254 248 247
4.564239 -1.734085 20.665035 254 251 254
3.660552 -1.662496 20.549191 254 240 233
3.698949 -1.661806 20.539612 254 241 234
4.730713 -1.719379 20.802265 245 241 242
3.450544 -1.641981 20.691141 253 234 217
3.631546 -1.631907 20.599100 254 238 230
4.021446 -1.627647 20.521111 254 245 240
3.702067 -1.590160 20.559883 254 239 231
4.500751 -1.610509 20.603638 254 251 253
4.229366 -1.558097 20.533377 253 244 243
4.270573 -1.558669 20.532429 253 245 244
4.353017 -1.559770 20.530231 253 246 247
3.485049 -1.621816 21.340746 246 223 204
3.461365 -1.560932 20.911156 249 227 211
4.643081 -1.508818 20.670362 253 252 254
4.314308 -1.449345 20.551792 252 242 243
4.588360 -1.464695 20.631720 253 253 254
5.039278 -1.579944 21.415260 223 220 220
4.067158 -1.409246 20.561255 250 238 235
4.400997 -1.415209 20.567518 252 244 248
3.595982 -1.398336 20.809645 247 228 217
3.514732 -1.449814 21.484230 237 217 201
4.285225 -1.269168 20.614918 244 233 235
4.654494 -1.289360 20.731112 253 251 254
4.975997 -1.358814 21.228106 241 241 238
3.527364 -1.277457 21.045422 238 220 207
3.627893 -1.266600 20.951616 242 224 212
4.161552 -1.230866 20.622564 242 229 229
4.507016 -1.240619 20.663193 251 245 249
4.555764 -1.244225 20.686129 252 247 251
4.204892 -1.195093 20.632908 239 227 229
3.563888 -1.352743 22.233452 220 206 192
3.564215 -1.242962 21.368093 230 214 201
3.804748 -1.179322 20.843613 239 223 216
3.594500 -1.220706 21.494015 227 212 198
4.099772 -1.091065 20.714909 229 220 218
4.293378 -1.086788 20.663069 235 227 229
4.420636 -1.089032 20.669737 239 233 236
3.444683 -1.195491 21.930704 216 206 195
3.794331 -1.081914 20.974535 238 224 216
3.859042 -1.074008 20.904467 238 225 218
4.516405 -1.057688 20.714275 237 233 233
4.617183 -1.065629 20.770237 238 234 232
4.154413 -1.022772 20.769640 228 220 218
4.093620 -0.919702 20.863646 239 235 230
4.210423 -0.917087 20.832520 219 214 211
4.460829 -0.918680 20.827263 212 210 205
4.290832 -0.878875 20.824556 223 217 216
3.840641 -0.859430 21.017851 232 223 212
3.947498 -0.760100 20.802904 246 241 233
3.981971 -0.757432 20.776833 247 242 235
4.397048 -0.759335 20.767969 214 213 207
3.779456 -0.718013 21.120462 227 219 204
3.773214 -0.660589 20.941410 220 213 199
3.788668 -0.650043 20.842363 220 213 200
4.523437 -0.632222 20.638172 205 206 190
4.131413 -0.534025 20.440281 239 238 237
3.713680 -0.557316 21.045366 234 228 216
3.589258 -0.519413 21.051218 225 219 205
3.660947 -0.515138 21.006594 229 222 211
3.521689 -0.471281 20.952337 217 212 197
3.562922 -0.471368 20.951866 220 214 200
3.861919 -0.413795 20.368587 226 225 226
4.406334 -0.367895 20.264893 224 225 217
3.686201 -0.350274 20.483475 210 204 202
3.860764 -0.288694 20.227058 194 196 205
4.024425 -0.275291 20.084530 201 203 216
4.148777 -0.276284 20.092430 217 220 231
4.282325 -0.280173 20.130255 232 236 239
3.763631 -0.224023 20.327171 182 183 190
4.168382 -0.196337 20.026655 204 210 222
3.815583 -0.177358 20.222515 170 174 187
3.686758 -0.166163 20.506639 176 173 175
3.748563 -0.145558 20.279245 170 172 181
3.588762 -0.086932 20.452374 160 157 158
3.664600 -0.084977 20.430899 162 161 165
4.333105 -0.038550 19.909151 196 199 197
3.746232 0.038390 20.291100 151 156 166
3.953769 0.182815 19.880312 180 192 205
3.904023 0.330023 19.861959 135 150 163
3.987412 0.329727 19.872204 135 151 164
4.029182 0.329583 19.877281 132 149 161
4.329478 -2.439420 21.886749 246 238 229
4.383894 -2.232531 20.865934 250 244 241
3.800217 -2.177151 20.847197 253 244 233
3.826821 -2.431790 22.634644 237 217 200
4.297969 -2.130697 20.716169 254 247 245
4.382743 -2.134020 20.723749 254 248 247
3.693313 -2.387240 22.625584 230 211 188
4.706442 -2.145942 20.980896 245 239 238
3.764890 -2.339887 22.567764 234 216 195
3.735521 -1.952991 20.619175 254 246 237
3.989907 -1.964796 20.657362 254 248 243
3.607636 -1.909870 20.598307 254 244 233
3.986932 -1.926457 20.650381 254 248 243
4.225525 -1.891066 20.628191 254 249 247
4.483353 -1.902382 20.664948 254 249 252
3.636525 -2.143076 22.598019 232 214 190
3.658626 -2.129946 22.509251 234 215 192
3.605942 -1.836268 20.600157 254 243 232
3.692667 -1.841594 20.622812 254 245 234
3.981026 -1.849868 20.636572 254 248 241
4.480306 -1.863864 20.658234 254 249 253
4.726340 -1.910581 20.928762 245 241 241
3.693210 -1.805565 20.629128 254 244 233
4.263126 -1.816646 20.623583 254 249 248
3.693753 -1.769517 20.635441 254 242 232
3.898436 -1.774536 20.640970 254 245 238
3.556671 -1.894911 21.743387 242 219 199
3.568739 -1.728527 20.625561 254 241 229
4.174447 -1.737997 20.607855 254 247 243
4.257886 -1.740394 20.612743 254 248 247
4.342771 -1.743471 20.622004 254 248 250
3.485983 -1.689396 20.621716 253 236 224
3.431566 -1.691784 20.897423 250 227 211
3.574873 -1.659553 20.658400 253 238 228
4.254439 -1.665177 20.608278 254 246 245
4.339343 -1.668169 20.617672 254 246 248
4.382169 -1.669820 20.623375 254 246 249
3.534596 -1.622521 20.663328 253 235 225
3.655992 -1.588323 20.667412 253 236 228
3.735041 -1.588579 20.659206 254 237 229
3.932927 -1.589106 20.637867 254 239 233
4.751515 -1.546902 20.765656 250 249 250
3.745350 -1.484826 20.711578 252 232 225
3.634700 -1.452575 20.760187 250 230 221
4.129014 -1.441757 20.623390 252 236 234
4.327089 -1.441443 20.597729 253 240 243
3.479855 -1.462960 21.126457 243 219 205
3.517312 -1.565150 22.156754 234 213 193
3.544615 -1.509267 21.740099 237 214 197
3.609989 -1.387549 20.831915 249 226 218
4.168104 -1.368081 20.624435 250 235 234
4.483646 -1.366472 20.576675 254 246 253
4.631432 -1.379608 20.657093 254 251 255
3.883534 -1.311762 20.792519 246 228 222
3.924023 -1.275295 20.794813 244 228 222
3.529622 -1.283096 21.184450 237 215 204
4.840296 -1.270588 20.951353 249 248 248
3.525291 -1.331667 21.858156 225 207 191
3.532473 -1.247482 21.200556 234 214 202
3.607840 -1.223739 21.007629 239 217 209
3.685073 -1.222321 20.988712 239 219 212
4.216526 -1.188477 20.670591 238 226 227
4.413903 -1.187132 20.640026 245 236 240
4.544420 -1.191670 20.662165 251 245 249
3.555568 -1.201319 21.131819 234 213 203
3.503669 -1.243939 21.777117 218 202 187
3.429269 -1.210084 21.821819 217 205 190
4.332982 -1.076209 20.657158 236 229 230
4.454161 -1.076464 20.647835 241 235 236
5.052211 -1.174891 21.385565 230 230 221
5.207516 -1.222242 21.752907 213 213 202
3.515568 -1.152830 21.661449 222 207 192
3.605724 -1.094999 21.181477 232 215 205
3.609519 -1.059679 21.201189 233 217 207
4.457305 -1.003944 20.666359 228 223 221
4.713248 -1.026498 20.829830 224 222 214
4.780149 -0.999890 20.917307 215 214 201
4.438614 -0.939166 20.753010 214 210 207
4.112960 -0.901094 20.774406 234 229 226
4.357164 -0.901902 20.761858 213 210 207
4.352064 -0.825662 20.751650 215 214 209
4.052114 -0.781536 20.714008 246 242 238
4.130210 -0.780501 20.699347 242 238 235
3.809767 -0.761658 20.886669 240 232 221
4.236618 -0.737630 20.642456 241 238 235
3.727243 -0.741531 21.049227 229 220 204
4.177607 -0.693267 20.581980 245 242 240
3.879735 -0.666285 20.693811 230 224 216
3.972263 -0.654762 20.582186 233 228 223
4.116715 -0.648275 20.513786 238 235 234
4.237549 -0.648377 20.507456 238 238 233
3.786126 -0.640798 20.808342 219 210 200
4.039892 -0.560673 20.390541 229 226 225
4.091156 -0.513239 20.286757 237 236 235
4.535468 -0.477798 20.279121 203 206 179
3.523968 -0.501632 20.918688 220 215 195
3.708034 -0.478236 20.680958 227 221 211
3.736500 -0.473584 20.634029 225 220 212
4.168050 -0.424810 20.136454 238 238 239
3.639065 -0.462208 20.893736 222 216 202
3.646888 -0.449216 20.763897 223 217 205
4.536284 -0.391177 20.151871 198 202 173
3.988903 -0.345374 20.078590 219 220 228
3.730012 -0.346029 20.466141 206 202 201
4.247691 -0.302368 20.003334 237 239 240
3.757639 -0.181785 20.281351 174 176 184
4.022540 -0.149831 19.930943 175 183 198
3.784454 -0.141048 20.235258 166 170 180
3.817025 -0.138515 20.207094 164 169 181
4.371460 -0.110472 19.894228 193 196 188
3.717531 -0.073141 20.293589 158 160 168
3.700586 -0.044595 20.386425 151 153 160
3.953618 0.062115 19.993284 155 166 180
3.884793 0.274639 20.056967 148 161 173
4.541551 -2.500244 22.019640 239 231 224
4.152464 -2.314176 21.205374 248 240 229
4.542470 -2.334511 21.264458 248 243 239
3.889098 -2.207201 20.830359 253 243 232
3.759667 -2.325078 21.787935 249 234 219
4.886484 -2.321346 21.589561 243 239 235
3.709204 -2.395370 22.458330 230 209 189
4.598598 -2.160945 20.889627 252 248 247
3.614347 -2.096685 20.874594 254 240 229
3.817848 -2.077213 20.723557 254 245 235
3.665665 -2.042933 20.762114 254 243 234
3.631967 -2.142686 21.622475 247 229 214
4.242011 -2.002643 20.653646 254 249 245
3.586520 -1.933566 20.779568 254 242 231
4.359217 -1.930076 20.644056 254 249 249
3.524585 -1.907688 20.858492 254 241 228
3.622386 -1.895618 20.766663 254 243 232
3.846681 -1.890288 20.699871 254 245 236
3.884861 -1.889884 20.691740 254 246 237
4.445177 -1.898094 20.663372 254 249 251
3.848138 -1.855057 20.709591 254 244 236
4.038664 -1.852656 20.666719 254 247 240
4.236284 -1.854193 20.648403 254 249 244
4.359379 -1.857502 20.652258 254 249 248
3.696979 -1.821519 20.752193 254 242 233
4.580488 -1.761689 20.721769 254 250 252
4.315610 -1.709540 20.656679 254 248 246
4.357549 -1.711030 20.661009 254 248 248
4.440973 -1.713675 20.667475 254 249 251
3.524778 -1.894439 22.271095 234 213 190
4.000121 -1.671849 20.693794 254 243 235
4.574303 -1.685251 20.707851 254 250 253
3.574212 -1.835567 22.126797 238 215 193
3.590379 -1.819925 22.017286 240 216 195
3.999968 -1.635520 20.697235 254 242 235
3.512894 -1.810587 22.229372 235 214 192
3.537632 -1.649957 21.112858 250 228 214
4.076456 -1.598304 20.684597 254 241 235
3.556324 -1.748439 22.059988 239 215 194
3.543831 -1.593393 20.976524 251 230 218
3.572574 -1.587154 20.929173 252 231 220
4.515503 -1.565601 20.657242 254 249 253
3.778598 -1.534178 20.789928 252 234 226
3.539088 -1.662108 21.995918 238 214 194
3.609764 -1.513306 20.925049 251 230 219
4.390916 -1.453010 20.661386 253 242 244
3.588616 -1.450935 21.011862 248 226 214
3.645713 -1.438692 20.915840 249 228 218
4.351503 -1.416581 20.670036 251 240 241
4.599452 -1.421916 20.679104 254 250 255
4.766208 -1.444856 20.826130 249 247 248
4.353606 -1.344728 20.685181 249 237 239
3.495128 -1.447437 21.831816 232 210 191
3.680912 -1.327232 20.907873 245 224 215
3.749721 -1.321927 20.860224 245 226 217
4.315036 -1.308720 20.696894 246 234 236
3.649321 -1.295011 20.947531 244 222 213
3.751763 -1.286623 20.872484 244 224 216
3.895630 -1.279524 20.802610 245 228 222
4.395008 -1.272647 20.694912 248 236 241
4.710505 -1.290080 20.792175 254 252 254
3.516918 -1.316417 21.410191 234 212 198
4.274981 -1.235517 20.707109 240 227 229
4.764104 -1.259433 20.837389 253 251 251
4.819590 -1.266380 20.884647 252 249 249
3.451271 -1.332801 21.835852 226 208 190
3.971370 -1.168703 20.794672 237 222 219
4.567057 -1.168988 20.735039 250 244 246
4.763136 -1.185163 20.841471 253 249 248
3.521292 -1.207679 21.442154 230 208 195
3.634307 -1.161878 21.067692 238 218 207
3.830754 -1.140902 20.881538 237 221 215
4.763646 -1.148457 20.846880 250 246 243
4.119840 -1.091106 20.750591 230 220 219
4.195699 -1.089530 20.730474 235 226 225
4.606493 -1.095377 20.736767 248 242 241
4.830252 -1.122896 20.935213 245 243 236
3.838415 -1.071664 20.919716 236 223 216
4.993084 -1.120369 21.203482 224 223 210
3.571763 -1.080992 21.325020 233 213 201
3.682423 -1.056132 21.110891 236 219 208
4.050306 -1.022682 20.802336 220 212 209
4.239021 -1.018177 20.747778 228 221 220
4.363522 -1.020485 20.755068 229 223 221
4.447761 -1.022463 20.763416 230 224 221
4.835602 -1.050935 20.960581 226 224 211
4.899853 -1.060883 21.036131 223 222 208
5.190410 -1.130395 21.578806 205 205 185
3.886046 -0.965656 20.959366 230 219 213
4.062965 -0.755107 20.725901 244 239 237
4.403219 -0.747426 20.632767 213 210 200
4.016980 -0.716011 20.709427 243 237 234
4.302573 -0.702527 20.567976 227 225 219
4.362720 -0.658415 20.497267 216 213 204
4.480710 -0.657819 20.484043 207 206 188
3.867451 -0.610721 20.768204 218 212 204
4.192925 -0.530097 20.334702 238 237 235
4.341169 -0.526287 20.290295 216 214 204
4.143538 -0.490309 20.304958 244 243 243
3.718786 -0.485507 20.995697 227 219 207
3.740567 -0.478078 20.921251 226 218 208
3.941041 -0.431544 20.452110 225 224 226
4.056236 -0.415259 20.285955 230 231 235
3.555343 -0.464142 21.160425 213 201 181
3.731971 -0.438033 20.891481 220 211 204
4.285453 -0.362253 20.109289 244 245 239
3.598040 -0.411985 21.007673 206 194 179
3.980008 -0.308525 20.310863 199 201 211
4.387392 -0.284908 20.054344 208 210 195
3.643877 -0.325245 20.875126 189 177 170
3.722647 -0.309514 20.708290 192 185 185
4.004828 -0.267334 20.259043 187 191 205
4.381823 -0.247265 20.038727 204 206 192
3.918358 -0.242916 20.386658 179 182 194
4.229647 -0.213570 20.067850 213 219 223
4.341520 -0.211278 20.040974 208 210 203
4.380035 -0.210907 20.036171 200 202 190
3.593418 -0.233309 20.681234 180 169 163
4.378247 -0.174558 20.033615 197 199 188
3.744015 -0.193729 20.647131 177 174 178
4.002945 -0.159021 20.263729 166 174 189
3.698632 -0.155533 20.630507 172 167 169
3.866863 -0.094892 20.358742 155 162 175
3.900634 -0.092870 20.335810 154 162 176
4.256197 -0.066406 20.035870 180 187 190
3.958174 -0.049689 20.257063 149 159 174
4.183164 -0.032699 20.062634 170 179 189
4.141116 0.039438 20.061832 165 174 184
4.355824 0.046769 19.977804 199 203 196
4.198886 0.117311 19.992239 191 201 204
4.311446 0.119429 19.969116 200 207 202
3.773882 0.125002 20.331579 150 159 169
3.989027 0.144356 20.096949 170 182 195
4.230473 0.191016 19.971033 193 204 204
3.759345 0.237011 20.287819 148 157 168
3.849324 0.281479 20.181997 147 160 171
4.092261 0.292006 20.055141 142 159 167
4.462848 -2.222448 20.883215 254 249 243
4.362894 -2.172418 20.819515 253 248 242
3.647838 -2.149592 21.016846 253 240 227
3.634117 -2.104116 20.964998 254 240 227
3.698062 -2.095200 20.900103 254 244 231
3.953893 -2.086138 20.804531 254 246 235
4.022769 -2.044964 20.765295 254 247 238
3.576520 -2.072188 21.233173 252 236 220
3.654481 -2.019961 20.893707 254 243 231
4.164961 -2.001542 20.700520 254 249 241
4.453699 -2.012368 20.724506 254 250 249
4.716618 -2.015309 20.935699 243 238 236
3.604519 -2.045223 21.529163 249 232 213
3.827518 -1.899716 20.800056 254 244 234
4.236574 -1.890413 20.679890 254 248 241
4.438770 -1.895448 20.682547 254 249 248
3.897966 -1.859727 20.767153 254 243 235
3.558295 -1.878573 21.178997 253 237 219
3.788409 -1.755819 20.819746 254 242 231
3.929689 -1.747946 20.747309 254 242 234
4.037711 -1.743369 20.701571 254 244 236
3.752321 -1.721437 20.839140 254 241 230
4.606736 -1.721602 20.721865 253 249 252
4.718906 -1.739635 20.827936 250 247 247
4.186607 -1.668315 20.666788 254 244 238
4.511458 -1.676172 20.675867 254 249 251
3.819379 -1.643521 20.796688 253 238 229
4.262865 -1.595757 20.659567 254 243 240
3.566145 -1.753688 22.113411 239 215 193
3.655658 -1.589249 20.949383 253 234 224
4.340791 -1.559931 20.654196 254 243 243
3.532442 -1.720328 22.152142 238 215 192
3.559518 -1.686723 21.910841 241 217 196
4.074659 -1.526913 20.713478 253 238 232
4.259558 -1.522035 20.655106 253 239 238
3.557091 -1.551179 21.213531 247 225 211
4.260297 -1.486450 20.661619 252 238 237
3.722838 -1.475080 20.910299 250 232 221
4.299234 -1.450489 20.660786 252 238 238
4.536037 -1.452010 20.642181 254 248 252
3.542749 -1.564646 21.852571 237 214 195
3.664974 -1.450387 21.004362 248 228 218
3.895339 -1.427001 20.805532 249 231 224
5.037917 -1.524823 21.378571 219 216 213
3.825354 -1.395200 20.848974 248 229 221
3.932580 -1.390137 20.798740 248 230 224
3.968353 -1.388482 20.782230 248 230 224
4.078805 -1.385214 20.744833 249 233 228
4.588250 -1.386172 20.690428 254 248 253
4.886665 -1.434744 21.012260 240 237 238
4.043320 -1.350982 20.766310 247 230 225
4.304243 -1.344933 20.690374 249 234 236
4.969230 -1.417887 21.154640 225 221 220
3.694213 -1.336521 20.973146 244 225 215
3.726115 -1.332644 20.940273 245 225 216
3.792706 -1.326510 20.886404 245 226 218
4.116554 -1.312539 20.743685 245 229 227
4.594956 -1.316931 20.721130 254 247 252
4.651806 -1.288897 20.780977 254 249 252
3.608349 -1.281365 21.122795 240 219 209
3.630644 -1.272120 21.049284 241 220 210
3.936317 -1.247932 20.829350 243 226 220
4.344914 -1.237429 20.703072 242 230 233
4.650726 -1.251999 20.780890 253 248 251
4.957507 -1.338195 21.408859 254 252 251
3.521717 -1.306547 21.614079 228 208 194
3.531866 -1.289916 21.483822 231 210 197
4.472219 -1.205872 20.728491 247 237 239
3.867699 -1.180569 20.882608 237 220 213
4.118672 -1.169293 20.767294 235 223 221
3.502597 -1.244188 21.716553 221 203 188
3.573730 -1.196097 21.327415 233 213 201
3.639169 -1.167955 21.097219 236 215 207
4.229513 -1.130020 20.734577 234 224 225
4.308393 -1.130264 20.728289 236 227 228
4.474097 -1.134245 20.742615 244 236 236
5.057201 -1.233895 21.472797 237 235 227
4.189793 -1.093628 20.740385 235 226 226
4.268651 -1.093859 20.734217 236 227 227
5.164224 -1.169349 21.555576 212 209 193
3.653926 -1.066559 21.170822 232 214 204
3.978319 -0.996409 20.864763 223 214 210
4.767506 -1.012798 20.926945 219 214 201
4.164167 -0.955270 20.810404 223 217 215
3.856669 -0.904426 21.030478 227 216 203
4.202774 -0.846167 20.815697 230 226 224
3.799936 -0.841970 21.134188 228 218 201
3.970712 -0.722414 20.709660 246 239 235
3.759310 -0.732011 21.145885 228 219 199
4.085680 -0.632911 20.548437 233 231 227
3.804854 -0.627336 20.854483 216 208 196
3.909004 -0.552991 20.489069 221 217 212
4.081194 -0.543785 20.391325 232 231 228
4.585098 -0.541545 20.340366 202 202 169
3.711173 -0.565438 20.968487 230 222 204
3.623254 -0.559286 21.271709 232 221 196
3.696133 -0.522869 20.911961 233 225 208
3.783926 -0.494180 20.626987 226 220 211
4.148392 -0.453392 20.209528 242 242 239
4.578600 -0.453473 20.188215 198 202 164
3.662203 -0.488983 20.940699 229 219 202
3.708877 -0.475695 20.806782 226 218 206
3.736786 -0.471020 20.759129 225 217 207
3.639461 -0.459679 21.015482 221 210 193
3.696521 -0.434639 20.761354 223 214 203
4.193499 -0.370462 20.094778 240 243 241
4.551927 -0.372940 20.104094 191 197 161
4.340460 -0.331964 20.060627 231 232 222
3.795313 -0.325136 20.378700 201 200 200
3.900795 -0.306380 20.181057 201 203 208
4.248940 -0.291887 20.018967 236 239 238
4.239182 -0.253253 19.987822 230 234 235
4.024171 -0.224326 20.064413 185 192 202
3.745237 -0.193050 20.507135 178 176 177
4.027266 -0.154864 20.083372 169 178 190
4.196807 -0.146383 19.987442 196 204 210
4.304100 -0.107937 19.954113 191 195 194
4.197838 -0.076213 19.998436 179 187 193
3.561471 -0.090472 20.572807 163 155 149
3.639021 -0.103914 20.727249 162 155 150
3.941105 -0.059173 20.212194 149 158 170
4.166471 -0.043396 20.030359 170 179 186
3.715832 -0.067012 20.721020 155 153 153
3.675506 -0.030813 20.722715 152 150 148
3.835473 -0.004999 20.417494 143 150 158
3.943680 0.010900 20.229595 142 152 164
4.005390 0.016252 20.166571 146 157 170
4.006024 0.051478 20.172729 155 166 179
3.682320 0.039004 20.758461 161 161 160
3.822504 0.045348 20.683435 152 158 164
3.869490 0.091612 20.561033 150 158 167
4.223612 0.163697 20.116577 192 203 206
3.973635 0.179754 20.361902 153 165 176
4.301727 0.199640 20.117443 189 201 198
4.117817 0.230897 20.168844 168 181 191
3.908556 0.318507 20.430471 150 162 174
4.015357 -2.494438 22.130207 240 227 213
4.298926 -2.326918 21.310764 248 240 231
4.214742 -2.210331 20.845306 253 245 237
4.371469 -2.212503 20.833084 253 248 243
4.548047 -2.226712 20.890154 252 250 246
3.716208 -2.456950 22.643875 230 211 186
3.745652 -2.131597 20.882862 253 244 234
4.110468 -2.120959 20.759867 253 246 239
4.600029 -2.103595 20.799341 252 248 247
3.617646 -2.103968 21.181774 253 239 225
3.764034 -2.281699 22.506392 239 219 199
3.635952 -2.028036 20.931421 254 242 231
3.981918 -2.005175 20.734442 254 247 238
4.171185 -2.004450 20.700743 254 249 244
3.718765 -2.240485 22.495892 237 217 195
3.617161 -2.085375 21.527637 250 233 215
3.902780 -1.967720 20.737925 254 247 237
4.164998 -1.965091 20.681299 254 249 244
3.690643 -2.211450 22.560280 233 214 191
3.658837 -1.946756 20.871386 254 243 231
3.861354 -1.930076 20.734121 254 247 237
4.322637 -1.932526 20.680243 254 250 247
3.822703 -1.894226 20.741163 254 245 236
4.007020 -1.890622 20.690405 254 246 240
3.644595 -2.131951 22.550968 234 214 189
4.355230 -1.857976 20.661270 254 250 248
3.856725 -1.820872 20.727848 254 242 235
4.002946 -1.817221 20.682524 254 244 239
4.190865 -1.815663 20.644890 254 247 243
4.921034 -1.921475 21.234104 215 208 203
3.927866 -1.782403 20.701475 254 243 236
3.815360 -1.712523 20.732115 254 241 232
4.033180 -1.706177 20.658604 254 242 237
4.341591 -1.672241 20.630104 254 246 247
3.574941 -1.806757 21.910749 242 218 197
3.558144 -1.770206 21.661209 244 220 200
3.532992 -1.679451 21.039351 253 232 216
4.852084 -1.702099 21.014917 234 228 227
4.065239 -1.596300 20.641792 254 239 235
4.371627 -1.560958 20.605808 254 244 246
3.617317 -1.553656 20.909023 253 232 221
3.844535 -1.530038 20.711706 252 235 226
3.571084 -1.536381 21.050489 250 227 214
3.954315 -1.491916 20.682455 252 233 229
4.026796 -1.489737 20.657492 252 235 232
3.650621 -1.479526 20.892078 251 229 219
4.063411 -1.453364 20.650326 252 234 232
3.532388 -1.559020 21.752533 238 214 196
3.652699 -1.445132 20.904871 249 228 218
3.777241 -1.428774 20.769720 250 230 222
3.954758 -1.421186 20.692085 250 231 227
4.063042 -1.417662 20.652796 250 233 231
3.600069 -1.423497 21.018898 248 225 213
4.099694 -1.381273 20.645702 250 232 231
4.733613 -1.408778 20.771061 253 251 253
3.601357 -1.388482 21.028580 247 223 212
4.026149 -1.347379 20.670624 247 229 228
3.851844 -1.321102 20.764919 247 227 220
3.501104 -1.416989 21.811554 228 206 191
3.581463 -1.327502 21.120195 242 220 208
3.540277 -1.334473 21.459505 232 211 197
3.689524 -1.265982 20.914923 243 221 212
3.997218 -1.245647 20.723286 242 226 224
3.927388 -1.213684 20.763332 241 224 220
3.962636 -1.212031 20.746540 241 225 222
4.458828 -1.209269 20.669779 248 237 240
3.560158 -1.272930 21.554188 228 208 195
4.183214 -1.171132 20.684931 235 222 224
3.511543 -1.253289 21.698050 220 202 187
3.640304 -1.173776 21.051449 236 216 206
4.145582 -1.135935 20.696465 236 223 224
3.544389 -1.212934 21.669590 220 201 188
3.566630 -1.181994 21.418249 227 206 195
3.828285 -1.115132 20.852886 238 220 216
3.701988 -1.093838 20.987129 234 214 207
4.641644 -1.078111 20.763905 246 238 236
4.693148 -1.083562 20.803059 245 239 235
3.364057 -1.127151 21.593985 217 204 189
3.933386 -1.038375 20.806862 230 216 213
4.004066 -1.035168 20.773489 222 209 207
4.268782 -1.032177 20.722740 233 224 224
4.425790 -1.032901 20.713215 235 225 225
3.868703 -1.008818 20.868391 235 223 217
4.080917 -0.999194 20.767870 222 211 211
3.926472 -0.856491 20.799732 241 232 227
4.025161 -0.848505 20.721643 247 242 239
3.775691 -0.859171 21.155687 224 212 195
3.821819 -0.844163 21.019228 231 219 207
4.009972 -0.806062 20.667017 249 244 241
3.992330 -0.762705 20.602917 248 243 240
4.031827 -0.763090 20.603279 246 240 238
3.769245 -0.783907 21.137753 229 219 201
3.974506 -0.719461 20.538094 246 241 238
4.235309 -0.731627 20.628822 240 236 234
3.813395 -0.626785 20.688675 220 211 204
3.895471 -0.596227 20.395401 224 218 215
3.952223 -0.587944 20.313673 227 222 220
4.403854 -0.614088 20.530725 210 205 195
4.125229 -0.545285 20.234966 240 236 235
4.424881 -0.571553 20.467407 213 208 197
4.245476 -0.512031 20.249744 231 228 224
3.830373 -0.444744 20.308943 228 222 222
3.989542 -0.382605 20.032616 232 232 236
3.802270 -0.378577 20.358887 218 214 215
3.766862 -0.359541 20.531319 208 203 202
3.842685 -0.329577 20.217520 206 205 210
3.917121 -0.314475 20.057997 208 209 216
4.472437 -0.320461 20.099129 193 197 175
3.888997 -0.283382 20.101740 195 196 204
4.462318 -0.281924 20.067207 188 192 172
4.013301 -0.238232 19.991888 191 196 206
4.422305 -0.246419 20.067511 197 199 186
4.253847 -0.206819 20.026148 212 217 221
4.023511 -0.172169 20.037537 174 181 193
3.943390 -0.149364 20.177166 165 171 185
4.064620 -0.138191 20.050385 172 179 192
4.100610 -0.137338 20.040319 176 183 195
3.632914 -0.169224 20.807449 172 163 157
3.722531 -0.173215 20.851929 173 168 167
4.069959 -0.105050 20.073956 166 174 188
3.751108 -0.133582 20.811909 164 162 162
4.109875 -0.070503 20.081953 165 173 185
3.962824 -0.050637 20.262785 147 154 170
3.989544 -0.046695 20.216553 148 156 171
3.667553 0.011081 20.809036 167 164 161
4.314229 0.066883 20.132032 195 201 199
4.068930 0.163855 20.245098 173 186 199
3.627820 0.213795 20.506935 159 160 161
4.287760 0.239346 20.195578 166 179 180
3.919493 0.316423 20.590813 150 160 172
4.283956 -2.337778 21.301069 248 238 231
4.526389 -2.344511 21.301786 248 243 239
3.842975 -2.520115 22.688826 232 214 194
3.833779 -2.228904 20.939919 253 242 232
4.751085 -2.327293 21.383453 248 244 240
3.692621 -2.247720 21.517523 251 236 223
3.646412 -2.159366 20.984720 253 240 229
4.673990 -2.183496 20.969582 246 240 239
3.815390 -2.049429 20.722355 254 246 237
4.519408 -2.064751 20.708323 254 249 249
3.636769 -2.020548 20.792583 254 244 233
3.919655 -2.008795 20.675362 254 245 239
5.011777 -2.229042 21.889154 232 226 223
3.742755 -2.279740 22.642836 233 213 190
3.556933 -2.061943 21.292732 250 233 216
3.601762 -1.987239 20.813129 254 243 230
4.300019 -1.975945 20.635393 254 250 247
4.338092 -1.976106 20.630621 254 250 248
4.552572 -1.990989 20.692169 253 249 249
3.698087 -2.238920 22.633738 232 212 187
4.025983 -1.934520 20.640749 254 247 242
4.214625 -1.934705 20.613529 254 250 246
4.298952 -1.940083 20.635168 254 250 247
3.718448 -2.158861 22.361736 239 219 198
3.535963 -1.923503 20.872652 253 239 226
3.594338 -1.912057 20.790216 254 242 230
3.985708 -1.897770 20.639877 254 246 240
3.908107 -1.861190 20.645357 254 245 238
4.371027 -1.867467 20.617970 254 250 249
4.244773 -1.824695 20.590696 254 249 246
3.674986 -2.007456 22.370308 240 217 194
3.662861 -1.972021 22.135244 243 220 199
3.684932 -1.757504 20.698631 254 242 233
4.572352 -1.768012 20.642693 254 251 252
4.274406 -1.714510 20.566069 254 248 246
3.787181 -1.680999 20.648464 254 239 235
4.157689 -1.677424 20.572786 254 245 240
3.591730 -1.920517 22.566372 236 213 185
4.231526 -1.641347 20.559778 254 245 244
3.534927 -1.715215 21.413990 247 223 205
3.511641 -1.650824 20.970205 252 230 215
3.583594 -1.624619 20.778614 254 234 225
4.077805 -1.604710 20.573790 254 241 237
4.696977 -1.631535 20.676493 250 247 246
3.567218 -1.750713 21.914591 242 217 194
3.783296 -1.573644 20.644846 254 236 232
4.188890 -1.533289 20.557955 253 239 238
4.462306 -1.537620 20.552797 254 249 252
4.505341 -1.540259 20.565844 254 250 253
5.062449 -1.707548 21.676929 229 224 222
3.681720 -1.510362 20.714302 252 232 225
4.225608 -1.497554 20.552605 253 239 239
4.640040 -1.515378 20.626568 253 251 253
3.525882 -1.590119 21.567232 243 216 197
3.854174 -1.465990 20.629318 252 232 228
3.964274 -1.464258 20.602837 252 235 230
4.150311 -1.462646 20.567585 252 236 235
4.338238 -1.461827 20.537819 253 243 245
3.653020 -1.445538 20.764885 250 229 220
4.300803 -1.391736 20.551939 250 239 240
4.419525 -1.358875 20.558723 252 244 246
4.547670 -1.365707 20.594143 253 249 253
3.694025 -1.306734 20.790289 245 223 216
4.046399 -1.292128 20.638332 243 228 227
4.698286 -1.311940 20.713284 254 249 255
3.557989 -1.302107 21.044914 242 218 207
3.576504 -1.290895 20.956652 243 220 210
3.908494 -1.264331 20.714748 245 225 222
4.083674 -1.256561 20.635113 240 226 226
4.833290 -1.303295 20.908937 250 246 248
4.941112 -1.335297 21.142580 246 241 242
3.500444 -1.322098 21.486549 230 207 190
4.269331 -1.218949 20.599672 238 228 229
4.656336 -1.239092 20.713013 254 249 252
3.485192 -1.322503 21.779037 225 204 182
3.615446 -1.220592 20.964588 240 218 208
3.876058 -1.196799 20.749342 240 221 218
4.198361 -1.186311 20.631844 234 224 223
3.464947 -1.297103 21.873545 221 203 178
5.166399 -1.309215 21.788416 233 229 224
4.468703 -1.116800 20.619896 249 239 239
4.097012 -1.086895 20.706059 229 216 217
4.720797 -1.108001 20.814125 247 243 242
3.645959 -1.094981 21.111202 235 216 206
3.790636 -1.070460 20.895531 237 220 214
4.640629 -1.035344 20.820696 233 226 221
4.689629 -1.039764 20.852703 231 225 220
3.879614 -1.005592 20.946232 234 219 214
3.984643 -1.000514 20.893747 229 216 214
4.088731 -0.995065 20.838230 226 215 215
3.860260 -0.854724 21.210428 234 223 210
3.985242 -0.840517 21.073774 244 235 230
4.235596 -0.830675 20.966238 239 232 231
3.821763 -0.801086 21.388994 230 220 203
4.043706 -0.760269 20.999300 245 236 234
4.182803 -0.753119 20.923803 245 238 237
3.948652 -0.734028 21.098288 236 227 220
4.005053 -0.724604 21.007021 237 228 224
3.783704 -0.747185 21.573780 221 213 190
3.740841 -0.709250 21.566511 225 216 191
3.801380 -0.700954 21.483789 224 216 196
3.902447 -0.623347 21.083977 222 214 206
4.114165 -0.582256 20.675215 234 229 229
3.629004 -0.585617 21.442879 229 217 191
3.886177 -0.544905 21.026215 224 218 211
4.126715 -0.416023 20.439617 230 229 235
4.540315 -0.425667 20.520327 214 214 194
4.269689 -0.376790 20.395237 234 233 237
4.593497 -0.381625 20.432798 195 197 169
3.748152 -0.393533 20.961115 204 197 192
3.939169 -0.362235 20.626114 201 200 204
3.839532 -0.348023 20.857393 196 194 194
3.486416 -0.310908 20.853434 190 178 158
4.296654 -0.267329 20.361860 212 216 223
4.337838 -0.233026 20.373564 208 212 217
4.534689 -0.198527 20.381433 194 197 181
4.528655 -0.161355 20.363522 195 198 182
3.940167 -0.150746 20.653828 158 163 174
3.636101 -0.131774 20.849386 158 151 143
3.812547 -0.138844 20.932024 159 159 162
4.227798 -0.094562 20.414127 163 171 182
3.878762 -0.085653 20.728262 151 154 163
3.971922 -0.077603 20.633066 146 152 165
4.165142 -0.029028 20.479280 155 164 178
4.199936 -0.027680 20.463369 159 168 180
4.000986 -0.003672 20.601891 141 148 162
4.034387 -0.001849 20.580032 140 149 163
4.354972 0.008181 20.462109 184 189 193
4.394649 0.008092 20.463879 192 195 197
3.751307 0.011043 20.858034 153 152 150
4.242278 0.041905 20.483213 176 184 194
3.737447 0.051066 20.805027 155 154 151
4.031618 0.069647 20.577051 152 162 175
4.098370 0.073217 20.533556 162 172 185
3.858639 0.121258 20.829071 155 158 164
4.007354 0.206722 20.650316 149 159 171
4.162386 0.253979 20.499134 142 158 169
3.799713 0.315448 20.611002 169 174 183
3.961170 0.360470 20.485155 146 160 171
3.900568 -2.251367 21.034550 253 242 232
4.436525 -2.232115 20.832409 253 248 246
3.900324 -2.189557 20.876863 253 243 234
4.236445 -2.189035 20.820005 253 245 241
3.617858 -2.166365 20.997324 253 238 224
4.245572 -2.135354 20.708321 253 246 243
3.622722 -2.107843 20.855284 254 240 227
3.686610 -2.100363 20.799126 254 243 232
3.971944 -2.092093 20.703379 254 245 237
4.937747 -2.270955 21.655125 231 226 222
3.921234 -2.013546 20.662199 254 245 239
3.688574 -2.275068 22.576767 230 208 182
3.554471 -2.007985 20.906246 254 239 224
4.260572 -1.911976 20.639387 254 250 248
4.338287 -1.913757 20.639284 254 250 249
3.689435 -1.868791 20.673029 254 243 233
3.725621 -1.868228 20.664032 254 243 234
4.100907 -1.870723 20.624962 254 247 243
4.465967 -1.887926 20.683044 254 251 252
3.505040 -1.860312 20.875265 254 236 221
3.597925 -1.942554 21.641066 247 225 205
4.550526 -1.823205 20.713444 254 251 254
4.091459 -1.760725 20.599413 254 246 240
4.716225 -1.817431 20.889641 247 243 242
4.910211 -1.882682 21.298256 230 225 221
3.558531 -1.742018 20.786137 254 237 224
3.684330 -1.727135 20.668045 254 239 230
3.826261 -1.723025 20.620373 254 240 235
3.973868 -1.722418 20.595547 254 243 236
4.329368 -1.734076 20.624285 254 249 248
4.776231 -1.794052 20.966228 242 238 235
3.612366 -1.897911 22.081093 240 216 189
4.046799 -1.686855 20.583147 254 244 237
4.085114 -1.687494 20.582186 254 245 238
4.498296 -1.709729 20.676365 254 252 252
3.747598 -1.651048 20.620209 254 236 231
4.539145 -1.676402 20.686291 254 253 251
4.588427 -1.682739 20.723127 254 253 251
3.746598 -1.615858 20.620127 254 235 230
4.118588 -1.615847 20.569857 253 243 237
4.362324 -1.626810 20.613094 253 248 247
4.634007 -1.651743 20.749567 254 253 251
4.235937 -1.584118 20.579002 253 243 240
4.076024 -1.543414 20.561892 253 238 234
4.438751 -1.557640 20.615088 253 249 249
3.781150 -1.510534 20.616760 253 232 227
3.925197 -1.507730 20.578115 253 234 230
4.933662 -1.585676 21.267195 235 231 231
4.391724 -1.447804 20.596012 252 243 244
3.816939 -1.405837 20.618401 250 229 223
4.038187 -1.404348 20.580246 250 231 229
4.676520 -1.407105 20.786232 254 249 254
3.535366 -1.437397 21.419071 237 212 194
4.041004 -1.336438 20.599270 247 228 226
4.235394 -1.340064 20.603529 246 231 232
4.483420 -1.351229 20.658178 252 245 247
4.577812 -1.360560 20.717222 254 248 252
4.730397 -1.379482 20.841562 254 250 254
3.689664 -1.314409 20.740822 246 223 214
4.042732 -1.302612 20.610052 245 227 225
4.731187 -1.344418 20.848021 254 249 254
3.531975 -1.458527 22.138210 228 207 182
4.446044 -1.246268 20.675625 247 238 237
4.489084 -1.248767 20.690243 249 241 241
4.849300 -1.257174 20.996685 252 250 248
3.573639 -1.237361 21.263012 233 210 198
3.937289 -1.167221 20.667040 234 217 214
4.586769 -1.188700 20.768330 252 245 244
3.477931 -1.303434 22.092743 222 203 181
4.411112 -1.142442 20.702318 242 232 229
3.806416 -1.107768 20.771212 235 217 211
4.376991 -1.109188 20.724741 238 229 224
4.736714 -1.133990 20.889645 249 246 242
4.908761 -1.159129 21.076366 246 244 239
3.593426 -1.141973 21.364260 231 211 198
4.511722 -1.083480 20.792704 239 231 225
4.793600 -1.106599 20.954742 241 237 232
4.910431 -1.123966 21.085869 237 234 227
3.431534 -1.189772 22.077490 218 203 181
3.458746 -1.182868 22.017487 220 204 181
3.743525 -1.064198 21.003691 238 221 213
3.765147 -1.055686 20.930861 238 223 214
3.563663 -1.117771 21.771254 227 210 190
3.652138 -1.045879 21.463686 227 212 195
3.773941 -1.009340 21.141722 231 217 205
3.898257 -0.976115 20.847725 230 217 211
4.020743 -0.980272 20.871977 226 215 212
4.147704 -0.986281 20.911581 225 217 212
4.227473 -0.987810 20.917347 222 215 210
3.763383 -0.988007 21.268166 227 213 199
4.151714 -0.952863 20.931398 228 220 215
3.971732 -0.904717 20.839006 240 230 226
3.823619 -0.908601 21.199331 223 210 195
3.837229 -0.896537 21.091770 225 213 200
4.368209 -0.892981 21.016890 214 208 200
3.924918 -0.830388 20.814384 243 234 229
4.084370 -0.833645 20.830912 245 239 235
4.212770 -0.804465 20.879461 241 236 230
4.396749 -0.817433 20.982841 223 217 208
4.196091 -0.761897 20.818195 244 239 234
3.962420 -0.707949 20.664597 239 232 227
4.239530 -0.677466 20.692028 240 236 229
3.869597 -0.630753 20.608196 228 219 213
4.366701 -0.647287 20.734831 223 218 210
3.707587 -0.695065 21.578556 223 213 184
4.568780 -0.580240 20.764812 207 205 183
3.802355 -0.513992 20.501348 222 215 208
3.761983 -0.478262 20.496264 226 220 211
4.487524 -0.493674 20.617197 224 221 206
4.418513 -0.447301 20.509367 235 233 224
3.536964 -0.455906 21.372429 219 203 174
4.281420 -0.355542 20.292572 241 243 246
4.387803 -0.366356 20.402475 242 242 238
4.440264 -0.371386 20.453493 237 236 228
4.617278 -0.379399 20.531528 192 193 165
3.590433 -0.378006 20.925592 194 184 166
3.582774 -0.359186 20.725218 196 186 173
3.610726 -0.339750 20.517204 200 191 183
4.228101 -0.315450 20.239573 224 227 233
4.519192 -0.302152 20.465519 199 199 183
4.600147 -0.303393 20.476873 188 187 163
4.012844 -0.237270 20.151375 180 185 197
4.218674 -0.208613 20.214918 194 202 210
4.312668 -0.214623 20.280453 204 209 213
4.409781 -0.221475 20.355330 204 208 204
3.975369 -0.134439 20.164484 158 167 181
4.266290 -0.142683 20.257664 184 192 199
4.497461 -0.155212 20.400549 194 196 184
3.802624 -0.105775 20.234688 158 161 170
3.635986 -0.079308 20.331509 157 156 154
3.773592 -0.074475 20.274654 153 156 164
3.907619 -0.068487 20.204052 147 154 168
4.272845 -0.040885 20.293453 170 178 184
3.606017 -0.013250 20.372883 145 144 139
4.190408 -0.004538 20.275177 159 168 176
3.925188 0.063535 20.289816 152 161 173
3.960891 0.064344 20.280523 154 163 177
4.313237 0.062668 20.311954 191 198 198
4.354906 0.061825 20.323898 195 201 197
4.036454 0.099247 20.281977 171 183 195
3.734993 0.235443 20.307541 151 157 164
4.201228 0.245485 20.196766 156 171 174
4.238898 0.245798 20.194796 155 170 171
4.687505 -2.354728 21.366783 249 244 241
3.914701 -2.226287 20.936575 253 245 230
3.725998 -2.302052 21.641724 249 233 216
3.823459 -2.179008 20.878269 253 244 230
3.929519 -2.175765 20.841482 253 245 231
3.735068 -2.392483 22.416195 233 213 190
3.632626 -2.223962 21.399649 249 232 214
4.020235 -2.127328 20.745527 253 245 235
3.726727 -2.380003 22.570625 228 207 182
3.543768 -2.059128 20.831993 253 237 221
3.741307 -2.043026 20.700661 254 246 233
3.854606 -2.045520 20.698471 254 245 234
4.396844 -2.063213 20.723898 254 249 251
4.485661 -2.072529 20.768082 254 250 252
4.311087 -2.021107 20.693731 254 249 248
4.716871 -2.065295 20.908766 236 230 230
3.568940 -1.982206 20.783617 254 240 225
3.663814 -1.971512 20.701189 254 244 231
4.432383 -1.993015 20.719673 254 250 253
3.691872 -1.931355 20.662804 254 244 231
4.386318 -1.952791 20.694555 254 249 252
3.547422 -2.090687 21.938568 233 211 184
3.563565 -1.909889 20.768150 254 240 225
3.876918 -1.898680 20.648638 254 246 235
3.492945 -1.877502 20.794872 253 236 219
3.627393 -1.834892 20.724262 254 241 228
3.696239 -1.831898 20.694447 254 242 230
3.732697 -1.831796 20.688419 254 242 231
3.871030 -1.826305 20.631962 254 244 235
4.427104 -1.851262 20.714403 254 250 253
3.463868 -1.814429 20.843519 253 232 213
3.630893 -1.803098 20.744017 254 240 226
4.340960 -1.809454 20.683046 254 249 249
4.382249 -1.811992 20.693897 254 249 251
3.601092 -1.773558 20.784046 254 238 223
3.634390 -1.771245 20.763769 254 239 225
3.808185 -1.764762 20.695368 254 242 231
4.096341 -1.760902 20.628132 254 245 237
3.912645 -1.726755 20.659468 254 241 234
3.946901 -1.725161 20.643827 254 241 234
4.596854 -1.759185 20.781832 254 252 253
4.691235 -1.770233 20.843182 252 251 250
3.640087 -1.706497 20.797541 254 237 223
4.293464 -1.699608 20.659021 254 248 244
4.960667 -1.843144 21.545837 237 234 231
3.945688 -1.655804 20.646812 254 238 233
4.014997 -1.618837 20.622887 254 238 232
3.422168 -1.630296 21.028358 244 217 193
3.426997 -1.599020 21.055426 243 217 192
3.650114 -1.575529 20.859104 253 231 217
3.680284 -1.571217 20.824493 253 231 218
4.050816 -1.549549 20.621590 253 236 230
4.282878 -1.555454 20.632769 253 242 240
3.907572 -1.517745 20.662487 254 233 226
3.584840 -1.512111 20.915865 251 225 211
4.533660 -1.501323 20.715853 254 248 251
3.435050 -1.500499 21.106642 240 213 191
3.427852 -1.534919 21.622881 234 209 183
4.681667 -1.450171 20.840593 254 250 254
3.836296 -1.381841 20.698643 249 226 216
4.208132 -1.382664 20.659378 249 232 230
3.703003 -1.355986 20.783001 247 222 211
3.801600 -1.348776 20.716761 247 225 214
3.872356 -1.346956 20.694534 248 225 216
4.287340 -1.350714 20.673124 247 232 233
4.738401 -1.389662 20.912989 253 249 254
4.249742 -1.315955 20.680046 245 229 229
4.289008 -1.317011 20.683485 245 230 231
4.450610 -1.323331 20.712667 249 240 242
3.432040 -1.420303 21.849379 229 207 183
3.643562 -1.295715 20.864418 245 220 209
4.059000 -1.278866 20.686571 244 225 221
4.097027 -1.279341 20.685841 243 226 222
4.251104 -1.282092 20.689270 242 227 227
4.290559 -1.283216 20.693388 242 228 229
4.373143 -1.252588 20.719038 241 231 231
3.616086 -1.232286 20.920153 241 217 206
3.805750 -1.213495 20.751099 242 218 210
5.063006 -1.329981 21.529758 236 233 228
3.416697 -1.303627 21.789904 226 204 181
3.774469 -1.182261 20.784292 239 216 208
4.059443 -1.175584 20.700258 237 220 216
4.174175 -1.177109 20.699989 235 222 219
4.252283 -1.178856 20.705456 236 224 221
4.688573 -1.208173 20.891788 253 248 249
4.590720 -1.162580 20.821468 252 244 242
4.060645 -1.107129 20.713095 230 216 212
4.334910 -1.113342 20.735418 236 226 222
4.547704 -1.125142 20.809603 246 237 234
3.626984 -1.099946 20.986300 233 212 204
4.870029 -1.133221 21.135519 240 236 231
3.631212 -1.067564 21.009579 233 215 207
4.610691 -1.031704 20.911301 227 220 213
4.942618 -1.077028 21.262033 221 216 206
3.537708 -1.028986 21.290844 227 211 195
3.937304 -0.981935 20.852335 229 217 211
4.043202 -0.978655 20.814556 226 215 211
3.912492 -0.953572 20.913454 230 217 211
4.375394 -0.958266 20.912582 217 209 203
4.300655 -0.923786 20.927687 219 213 206
3.866059 -0.898218 21.051514 227 214 203
4.076003 -0.802722 20.811687 246 240 238
4.460942 -0.786955 20.961740 215 208 198
4.174911 -0.726853 20.753628 242 236 231
4.311765 -0.736964 20.838100 241 236 230
3.708923 -0.720639 21.058031 224 214 192
4.458560 -0.664780 20.814346 214 208 198
4.095343 -0.604920 20.598969 232 225 225
4.174878 -0.606749 20.611898 238 233 232
4.488400 -0.626453 20.783949 208 203 192
4.532088 -0.628642 20.802526 207 202 187
3.662169 -0.594530 20.864216 226 217 197
3.902517 -0.568139 20.591448 221 213 209
3.972505 -0.566065 20.567127 224 216 214
3.858682 -0.530989 20.570446 224 216 213
4.147223 -0.526372 20.509283 239 235 236
4.313737 -0.532743 20.563953 233 231 228
4.407964 -0.540020 20.631454 223 220 213
4.502036 -0.547007 20.696081 214 211 198
3.951959 -0.488743 20.490299 232 226 227
3.737720 -0.458539 20.545847 225 217 211
4.423160 -0.461939 20.550024 234 233 226
3.664845 -0.424995 20.560505 219 210 203
4.152720 -0.410648 20.391644 230 230 236
4.411131 -0.422838 20.507832 240 239 235
3.888546 -0.375483 20.395779 212 210 214
4.066128 -0.371907 20.351637 218 216 225
4.182941 -0.373594 20.365179 226 226 234
3.709857 -0.344393 20.438316 204 197 196
3.850278 -0.340949 20.396978 202 199 204
4.443699 -0.351725 20.493368 231 232 226
3.883214 -0.305095 20.381556 191 190 198
4.095593 -0.232150 20.333822 177 183 197
4.378110 -0.204086 20.403915 201 207 209
3.526239 -0.160537 20.309065 172 162 154
3.578162 -0.166191 20.374044 174 164 160
3.989418 -0.166088 20.369648 161 167 182
4.427808 -0.173456 20.451429 191 197 196
4.069116 -0.133343 20.390610 155 164 179
4.296774 -0.133458 20.391386 177 185 193
3.780323 -0.103534 20.447153 160 158 166
3.853243 -0.102701 20.437414 155 156 169
3.551656 -0.020680 20.274057 149 141 136
3.974698 -0.002432 20.483547 144 151 164
4.390674 0.033592 20.477755 190 196 195
4.160841 0.067923 20.477333 175 184 196
4.196997 0.068583 20.469934 179 188 199
4.195831 0.103425 20.469137 181 192 201
3.944423 0.167256 20.534613 148 156 169
4.380190 0.174932 20.452446 188 199 195
3.767712 0.231706 20.595055 149 153 160
3.801924 0.232937 20.579779 151 156 164
3.684800 0.267951 20.566944 157 160 162
3.844008 0.300947 20.605968 149 156 166
4.497577 -2.509452 22.117741 241 231 222
3.747448 -2.272258 21.250933 252 240 223
3.859279 -2.217492 20.902260 253 244 228
4.032574 -2.210848 20.834167 253 244 232
3.739212 -2.175159 20.875544 253 243 227
3.980200 -2.165171 20.776155 253 243 232
4.205849 -2.170188 20.770584 254 245 242
4.784247 -2.284823 21.375925 242 237 236
3.623260 -2.216109 21.577162 245 227 208
3.549351 -2.100700 20.874006 253 236 221
3.916554 -2.043669 20.676758 254 244 234
3.989331 -2.043895 20.666838 254 244 236
4.299299 -2.056852 20.699526 254 248 249
3.581456 -2.172071 21.755089 237 216 194
4.464676 -2.035064 20.755457 254 250 254
3.910151 -1.971450 20.657293 254 245 235
4.375967 -1.990911 20.709921 254 249 252
4.092170 -1.938060 20.636744 254 247 241
4.169057 -1.940850 20.643026 254 249 245
4.208781 -1.943044 20.651094 254 249 247
4.289954 -1.948429 20.673378 254 249 250
3.477042 -1.931232 20.908005 250 231 213
3.722785 -1.899195 20.663893 254 244 232
3.834768 -1.901702 20.663376 254 244 235
5.027754 -2.115774 21.870710 225 220 217
4.369312 -1.884166 20.694801 254 250 251
3.602951 -2.070091 22.261475 232 210 184
3.599504 -2.031641 22.249487 234 210 184
3.518080 -1.772691 20.767620 254 236 219
3.584708 -1.768662 20.731043 254 237 223
4.280659 -1.772142 20.655001 254 248 245
3.445477 -1.764853 20.958277 250 225 204
3.553282 -1.738197 20.762365 254 235 220
4.409742 -1.749668 20.719276 254 250 249
4.455116 -1.754821 20.747812 254 250 251
4.769125 -1.808297 21.066019 247 246 245
3.544142 -1.939976 22.380415 235 208 179
3.521492 -1.707461 20.792290 254 233 216
4.319729 -1.705455 20.667341 254 248 244
4.542328 -1.728398 20.793348 254 252 252
3.540890 -1.901575 22.369213 235 208 180
3.491278 -1.677816 20.829916 252 229 211
4.046585 -1.660643 20.634892 254 239 233
3.559371 -1.851061 22.270311 237 209 182
3.567527 -1.802033 21.927139 241 212 188
3.939518 -1.628032 20.662659 254 237 230
4.080928 -1.625412 20.625195 254 239 233
4.494426 -1.653252 20.763336 253 251 251
3.466692 -1.584123 20.903553 248 221 202
3.564972 -1.576770 20.838278 253 228 214
3.731018 -1.566387 20.742496 253 231 221
3.853595 -1.551907 20.623299 253 233 226
4.046289 -1.558595 20.645477 253 236 230
4.079636 -1.556707 20.627644 253 237 230
4.270995 -1.561836 20.638908 253 242 238
4.400220 -1.572875 20.700418 252 246 245
3.555289 -1.687248 21.882011 239 211 187
3.727141 -1.529973 20.729368 253 229 219
4.045228 -1.523979 20.644972 253 234 228
4.112363 -1.520497 20.611225 253 235 230
4.270116 -1.527237 20.639170 252 240 237
4.786886 -1.587948 21.008356 252 251 252
3.537704 -1.692376 22.183041 236 208 183
3.924747 -1.483270 20.615492 253 232 225
4.148903 -1.486538 20.610540 252 234 231
4.350851 -1.497300 20.662840 251 241 241
3.503725 -1.556170 21.455647 240 212 191
3.853511 -1.450296 20.635139 251 230 220
3.502869 -1.623200 22.214813 234 208 182
3.499513 -1.518576 21.439983 239 211 191
3.476769 -1.454666 20.969240 244 216 198
3.717426 -1.422151 20.698519 250 225 214
4.353909 -1.430626 20.682524 248 238 238
4.620782 -1.454892 20.829292 254 249 254
3.681222 -1.388358 20.707865 249 223 212
4.073367 -1.383144 20.621111 249 229 224
4.396918 -1.399753 20.706102 248 240 239
4.567420 -1.411786 20.775452 253 248 252
4.152347 -1.352404 20.640182 246 228 226
3.999120 -1.314519 20.632807 246 226 220
4.400437 -1.333058 20.727510 244 237 235
4.484051 -1.338104 20.756289 248 242 242
4.773883 -1.371973 20.981289 254 250 254
3.471949 -1.361810 21.325583 232 205 189
3.522831 -1.301193 20.851187 241 213 203
4.153409 -1.284846 20.652304 242 226 223
4.401340 -1.299212 20.734829 243 235 234
4.485547 -1.304477 20.765837 247 241 240
4.234488 -1.254797 20.678642 238 225 223
4.837030 -1.314761 21.079277 253 251 250
3.438542 -1.248778 20.992771 230 204 190
4.666604 -1.251549 20.879145 253 248 249
3.441101 -1.261827 21.374224 223 199 182
3.491078 -1.202001 20.890942 232 206 196
4.666579 -1.216852 20.882698 253 248 247
3.645598 -1.151373 20.745352 234 211 202
3.678200 -1.149133 20.723820 235 212 203
4.313068 -1.154631 20.701281 234 226 221
4.767426 -1.194466 20.975147 254 251 249
3.992437 -1.106935 20.628372 227 211 205
4.069125 -1.108687 20.634796 228 214 209
4.529024 -1.135270 20.804644 246 238 233
3.515304 -1.092547 20.842346 232 211 202
3.442627 -1.101859 21.216311 226 207 193
4.531958 -1.067599 20.823439 241 232 226
4.790811 -1.100586 21.073952 237 233 227
3.440465 -1.087837 21.394453 223 206 188
4.372080 -1.028050 20.800190 230 222 215
4.599916 -1.047283 20.941254 232 224 216
3.651096 -0.984389 20.791689 230 214 201
4.215692 -0.989975 20.787441 224 216 209
4.827302 -1.046916 21.218489 216 213 200
3.444608 -1.042260 21.610971 220 204 181
3.722026 -0.948976 20.777966 227 212 198
3.826655 -0.946016 20.742960 226 213 201
4.415016 -0.979317 20.978895 217 210 203
4.745808 -1.009414 21.210098 212 207 193
3.985635 -0.917623 20.783417 237 229 222
4.509281 -0.970702 21.203650 212 204 196
4.700696 -0.988281 21.341265 211 205 191
4.074174 -0.890345 20.841946 250 244 239
3.703352 -0.821709 20.879856 221 208 188
4.463764 -0.879175 21.344275 225 217 210
3.710787 -0.756855 20.921999 225 214 194
4.425843 -0.792010 21.199802 236 230 223
3.958498 -0.716590 20.853333 243 233 227
3.793730 -0.640573 20.800724 220 211 199
4.189558 -0.634644 20.719196 237 233 230
4.454335 -0.666867 21.016504 222 218 211
3.616908 -0.627893 21.027231 225 214 188
3.692827 -0.611145 20.857861 222 214 195
3.813747 -0.598622 20.727575 213 205 196
4.013723 -0.588777 20.619215 222 215 212
3.799790 -0.558271 20.670362 219 211 204
3.930152 -0.550590 20.586712 223 216 215
4.395648 -0.573531 20.791344 229 226 223
3.591981 -0.582276 21.273153 230 216 184
3.785839 -0.518092 20.613148 224 218 212
4.255141 -0.478721 20.540718 240 240 243
3.856861 -0.433419 20.444296 221 217 219
3.559668 -0.463447 21.134766 211 195 167
3.845536 -0.394973 20.399540 216 213 216
4.422009 -0.416870 20.610149 245 245 245
3.945975 -0.357226 20.357243 205 204 212
4.703831 -0.415748 20.961420 198 199 176
4.300086 -0.331124 20.434591 223 226 233
4.669317 -0.382174 20.981091 202 203 187
4.160900 -0.287070 20.330566 193 198 210
3.832433 -0.254904 20.359077 180 179 187
3.866446 -0.253814 20.346182 178 179 189
4.119099 -0.251537 20.315907 179 187 199
3.585982 -0.240285 20.584494 177 167 159
3.934845 -0.184359 20.329855 163 168 183
4.200336 -0.186317 20.350359 173 182 195
4.438593 -0.203591 20.548960 196 200 202
3.739644 -0.160500 20.450895 169 166 170
4.387281 -0.130631 20.503592 179 185 189
4.503219 -0.109141 20.663446 187 189 188
3.872894 -0.053645 20.397621 145 149 160
3.942439 -0.018135 20.381527 143 150 163
4.290998 0.012493 20.435709 174 182 187
3.867203 0.083487 20.389153 149 155 164
4.194803 0.086771 20.358122 178 189 198
3.709877 0.141656 20.520271 152 151 151
3.925928 0.156114 20.331360 149 159 170
4.173087 0.160907 20.278070 184 197 205
4.123213 0.198162 20.230463 176 190 199
4.231813 0.199455 20.218788 182 195 198
3.760887 0.216867 20.426361 149 153 159
3.976943 0.230656 20.242344 154 167 179
4.250516 0.238417 20.149178 171 185 184
4.006658 0.266568 20.215937 138 154 165
4.072915 0.302753 20.187864 127 145 155
3.898175 0.332639 20.233526 128 142 153
4.011552 -2.335848 21.291428 248 235 220
4.047925 -2.335600 21.284084 248 235 221
4.393394 -2.345971 21.290655 247 239 230
3.854765 -2.442073 22.170691 245 229 211
3.876699 -2.226181 20.861486 252 240 225
3.753227 -2.416482 22.251331 237 218 196
3.739852 -2.284390 21.447756 249 235 219
4.400201 -2.145879 20.708059 253 248 248
3.685042 -2.383226 22.505386 227 207 180
3.558480 -2.067599 20.778122 253 238 222
3.589851 -2.064218 20.752121 253 240 224
3.656676 -2.027298 20.723984 254 242 228
4.470593 -2.043117 20.699690 254 249 252
3.817975 -1.981122 20.622482 254 246 234
4.144601 -1.984349 20.593697 254 246 240
3.744601 -1.912942 20.632187 254 246 234
4.421788 -1.933566 20.665735 254 249 252
3.606452 -1.882890 20.678146 254 242 227
4.339050 -1.893139 20.637964 254 249 248
4.946569 -2.041589 21.520729 222 217 214
3.490539 -1.869634 20.831873 252 234 216
4.136806 -1.845080 20.576077 254 245 240
3.546299 -1.824423 20.750132 254 238 222
4.337512 -1.824760 20.639095 254 249 247
3.786969 -1.784026 20.673424 254 242 231
3.719816 -1.753680 20.708061 254 239 227
3.788728 -1.751772 20.685463 254 240 229
4.377371 -1.759583 20.656233 254 249 248
3.618254 -1.724355 20.754704 254 235 223
3.653510 -1.723946 20.747028 254 236 223
3.959959 -1.712818 20.628382 254 240 232
4.292369 -1.718070 20.618513 254 247 243
4.250091 -1.680615 20.601820 253 245 240
4.545837 -1.705705 20.735279 254 253 254
3.429572 -1.676305 20.921024 246 218 197
3.928466 -1.648667 20.660625 254 236 229
4.455845 -1.627841 20.684479 253 250 250
3.729340 -1.592487 20.772556 253 231 219
3.929878 -1.582457 20.674778 253 233 225
4.495751 -1.595971 20.697165 253 251 252
3.449101 -1.614676 21.214800 241 212 190
3.725102 -1.556106 20.757229 252 229 217
4.406897 -1.552876 20.646090 251 247 247
3.497252 -1.538721 20.908215 248 220 202
3.775987 -1.475491 20.660404 251 228 216
4.805769 -1.542744 21.026258 250 249 250
3.600799 -1.468229 20.880915 250 221 211
3.744953 -1.445085 20.691250 250 225 213
3.811337 -1.441623 20.657373 249 227 216
3.993870 -1.443120 20.646061 250 229 221
3.464270 -1.564914 21.880589 232 205 182
3.923536 -1.410619 20.666733 249 227 218
3.958768 -1.410112 20.658665 249 227 219
3.440915 -1.438821 21.196869 234 207 190
4.450362 -1.387553 20.688057 248 243 243
4.977168 -1.488755 21.393343 241 239 236
3.429862 -1.387534 21.337706 229 204 185
4.289210 -1.311520 20.650223 241 229 228
4.681367 -1.344341 20.859795 254 250 252
4.289681 -1.277986 20.655888 239 228 226
4.413693 -1.285741 20.702761 243 235 235
4.947647 -1.368643 21.292566 250 248 245
3.745433 -1.210433 20.722286 240 217 205
4.499115 -1.190000 20.754076 245 237 236
3.945708 -1.100200 20.637062 224 206 199
4.053191 -1.099527 20.620731 223 208 200
3.840923 -1.068668 20.668764 236 220 211
3.910181 -1.066955 20.647650 224 207 200
3.980767 -1.065943 20.632280 210 194 186
4.330470 -1.077114 20.691917 237 228 224
4.373858 -1.080460 20.715757 238 229 226
3.555964 -1.058117 20.895569 228 210 195
3.986968 -1.035548 20.663176 212 198 190
4.099446 -1.037281 20.667229 226 214 206
4.138450 -1.038589 20.674629 230 219 211
4.754120 -1.086359 21.021732 235 230 224
3.511976 -1.040865 21.045902 225 209 190
4.447108 -1.030051 20.866943 224 216 212
4.725019 -1.055649 21.061228 224 219 210
5.073210 -1.127487 21.646214 217 213 200
4.836630 -1.037463 21.197783 214 210 197
5.191702 -1.126993 21.944429 211 207 189
3.502675 -0.988378 21.191572 222 206 182
3.967848 -0.909385 20.757841 240 230 221
4.125888 -0.915076 20.795349 231 222 214
4.045069 -0.877513 20.773325 248 242 234
3.780658 -0.738124 20.771782 243 233 215
3.892902 -0.739324 20.775581 246 238 227
4.184042 -0.738058 20.743826 249 243 236
4.003358 -0.655166 20.616434 230 223 216
4.101136 -0.616190 20.562588 230 223 219
3.593403 -0.584407 20.957897 234 219 190
3.745070 -0.552966 20.630320 220 212 198
4.643189 -0.587632 20.938498 204 201 181
3.590642 -0.566411 21.127354 231 214 183
3.709458 -0.519741 20.640018 225 215 201
3.857451 -0.504730 20.478231 221 215 212
4.070389 -0.502330 20.443695 233 227 229
4.144215 -0.502640 20.443514 240 235 237
4.659664 -0.545046 20.857748 204 203 179
3.642306 -0.488725 20.674128 230 219 204
4.097353 -0.464907 20.405558 235 231 235
4.389366 -0.444909 20.541849 243 243 242
3.686258 -0.408935 20.545889 215 205 197
3.835740 -0.395327 20.394022 215 209 210
3.576959 -0.391187 20.725662 201 186 169
3.600428 -0.385521 20.662889 203 189 175
3.624610 -0.380231 20.604216 204 191 181
3.677508 -0.371757 20.509819 204 194 187
4.520840 -0.384488 20.624880 225 225 217
3.861634 -0.291086 20.358643 187 184 190
4.633644 -0.316558 20.631348 190 190 167
3.553959 -0.326919 21.161739 183 165 138
3.593954 -0.281996 20.645126 181 168 157
3.927732 -0.255136 20.331608 175 176 186
4.305272 -0.259047 20.370892 209 214 222
3.766491 -0.229880 20.431490 180 176 178
3.965128 -0.222108 20.338778 169 172 184
4.305774 -0.225634 20.376560 200 206 214
3.649499 -0.207782 20.570250 176 167 161
3.769302 -0.197541 20.448139 175 172 175
4.306659 -0.192335 20.383778 192 197 207
3.741768 -0.167511 20.493229 171 166 167
4.268284 -0.158267 20.381956 177 185 196
4.452511 -0.170068 20.524473 190 192 194
4.407313 -0.133655 20.496813 182 186 190
4.553936 -0.144608 20.632156 190 193 183
3.618426 -0.109243 20.608828 156 148 136
3.651575 -0.107890 20.592316 158 149 141
3.942758 -0.093510 20.416132 147 151 164
4.316975 -0.094786 20.436480 167 175 182
4.087495 -0.058971 20.409334 145 154 167
3.625066 -0.057776 20.821083 169 159 139
3.644680 -0.051460 20.739801 156 147 132
3.656005 -0.021644 20.796909 158 149 133
3.841276 0.070960 20.473988 153 155 161
3.874809 0.072100 20.459852 153 156 164
3.908519 0.073180 20.446535 153 158 167
4.106333 0.114477 20.352425 174 187 196
4.133957 0.150813 20.317801 178 192 199
3.608431 0.151162 20.768288 201 194 175
4.057810 0.184732 20.310423 164 177 187
4.160783 0.187280 20.280190 182 196 201
4.233571 0.187839 20.276875 185 199 199
4.311899 0.186918 20.295389 185 198 193
4.152534 0.256436 20.253426 145 162 167
3.659719 0.259892 20.675905 166 163 159
3.832375 0.274980 20.458302 155 162 169
3.862980 0.276901 20.431368 151 159 168
4.177391 -2.450568 21.758799 243 228 211
4.712951 -2.434196 21.574444 244 236 231
4.176014 -2.157598 20.608969 253 243 235
3.974927 -2.106990 20.535883 254 243 230
3.970678 -2.070850 20.520788 254 244 232
4.045260 -2.073711 20.527235 254 244 234
4.277388 -2.087375 20.577131 254 247 244
3.471373 -2.027844 20.750736 248 229 210
4.000556 -2.000915 20.498894 254 245 236
3.490512 -1.982013 20.669838 252 234 217
3.589547 -1.976875 20.621927 254 239 223
3.923954 -1.963604 20.486404 254 245 234
4.229012 -1.978918 20.539310 254 247 243
3.478587 -2.024021 21.162844 241 220 199
4.071080 -1.934750 20.495022 254 245 239
4.938574 -2.121116 21.577143 219 214 209
3.708503 -1.894669 20.505859 254 243 228
3.742870 -1.861207 20.500937 254 243 230
3.956517 -1.862790 20.480377 254 244 236
4.030365 -1.864991 20.484219 254 244 238
3.520647 -1.846187 20.656179 254 236 219
3.955640 -1.829201 20.480219 254 243 235
3.520613 -1.813169 20.660133 254 236 219
3.918342 -1.794851 20.480104 254 242 234
3.650088 -1.705701 20.596306 254 236 222
3.813409 -1.696580 20.510616 254 238 229
3.847797 -1.695959 20.501589 254 238 230
4.095851 -1.696233 20.469461 253 242 234
4.810102 -1.801285 21.100426 248 249 247
3.923287 -1.633070 20.521040 254 236 229
4.066325 -1.633835 20.507330 254 239 231
5.022551 -1.832141 21.782764 237 235 234
3.924696 -1.600912 20.531115 253 235 228
4.066249 -1.600664 20.510668 253 237 230
3.540443 -1.595717 20.786243 252 226 210
3.665479 -1.550846 20.689455 253 228 215
4.211024 -1.535802 20.509764 250 239 236
3.483772 -1.539276 20.875622 246 218 200
3.604856 -1.524671 20.752705 251 225 213
3.853923 -1.501751 20.552340 251 230 221
4.172582 -1.500930 20.506027 250 236 232
3.919250 -1.465133 20.521814 250 229 222
3.499724 -1.636255 22.113493 230 203 177
4.212870 -1.437179 20.528309 246 233 232
4.750665 -1.494749 20.895617 253 250 251
3.952532 -1.397575 20.515018 247 228 220
4.334511 -1.378533 20.581717 242 235 233
4.693049 -1.415634 20.824442 253 250 251
4.894132 -1.462872 21.163713 245 241 239
3.448009 -1.372485 20.900906 236 209 192
3.481760 -1.371169 20.886759 238 211 196
3.714466 -1.337825 20.600622 245 221 209
4.418119 -1.351436 20.624561 245 239 236
4.504045 -1.358778 20.671618 251 245 244
3.442256 -1.407134 21.440228 226 199 180
3.479705 -1.336455 20.880741 237 209 194
4.098256 -1.299972 20.523569 240 225 220
4.739118 -1.352623 20.864029 253 251 251
4.213083 -1.270876 20.547123 236 225 221
4.461675 -1.288296 20.657667 246 239 238
4.060980 -1.232671 20.528130 237 221 215
4.415226 -1.249341 20.623178 243 235 233
5.181163 -1.428504 21.978264 226 223 217
3.540868 -1.229787 20.834072 236 208 196
4.411975 -1.214131 20.613358 242 233 231
4.681705 -1.240273 20.796770 254 249 248
4.496652 -1.186824 20.659014 247 238 237
4.780185 -1.218594 20.890297 253 250 249
3.412978 -1.288659 21.899790 219 195 171
3.441456 -1.167970 20.893570 225 198 183
4.908947 -1.210561 21.097059 249 247 242
3.662966 -1.117221 20.729795 232 210 199
4.830680 -1.156809 20.945837 253 251 246
4.906883 -1.175153 21.092497 249 248 241
3.409834 -1.217142 21.892509 218 194 169
3.458141 -1.077653 20.990433 227 204 188
4.271677 -1.048711 20.663803 229 221 214
4.450441 -1.065147 20.788397 232 223 217
4.046192 -0.977354 20.653639 219 209 201
3.447700 -1.078319 21.910576 220 201 171
3.477012 -1.073528 21.865213 222 203 175
3.843481 -0.950911 20.737411 220 208 196
3.863507 -0.927812 20.833275 221 210 198
4.870656 -1.001925 21.419460 202 199 179
3.834291 -0.796876 20.884411 237 227 212
3.914597 -0.782950 20.745842 243 236 225
3.737269 -0.769178 20.952747 225 216 191
3.843472 -0.750069 20.760775 238 229 217
4.116494 -0.708567 20.668587 240 234 227
4.408952 -0.740466 20.962023 228 223 213
3.728289 -0.679923 20.744839 229 220 199
3.786759 -0.673367 20.676094 231 223 207
4.189840 -0.675279 20.670153 244 239 233
4.569407 -0.726900 21.159475 207 203 189
3.603146 -0.639913 21.034426 223 210 179
3.696520 -0.531722 20.611286 224 215 200
3.963647 -0.522294 20.499519 225 220 218
3.661789 -0.499049 20.623129 232 223 207
4.699786 -0.561177 21.241711 211 211 193
3.582685 -0.494888 21.320724 211 191 161
3.602776 -0.404946 20.701284 207 194 179
3.659839 -0.398356 20.625868 208 198 187
3.848332 -0.386508 20.487659 207 202 203
4.732046 -0.441649 21.077147 198 198 175
3.688838 -0.362052 20.594946 198 188 180
3.780694 -0.355199 20.514725 198 192 188
4.233599 -0.347913 20.420181 210 213 222
4.154202 -0.278946 20.401052 183 189 200
4.392811 -0.285805 20.477537 215 219 223
3.720667 -0.260428 20.585424 178 172 167
3.974130 -0.246343 20.414463 169 173 182
4.152281 -0.245008 20.396456 175 182 195
4.228116 -0.246032 20.407778 182 190 201
3.844596 -0.185756 20.493582 165 165 170
4.227834 -0.179321 20.413666 171 180 191
3.640726 -0.214358 21.273184 172 157 136
4.430622 -0.152129 20.495007 183 190 191
3.683089 -0.240638 22.051216 223 201 169
4.557931 -0.101308 20.715576 191 194 184
3.688179 -0.171909 22.085751 232 210 174
3.695141 -0.160041 21.928556 230 208 175
3.823525 -0.058037 20.578962 143 145 148
4.458801 -0.060071 20.619761 181 187 184
3.888655 -0.021883 20.547115 141 146 152
3.828149 0.007198 20.607861 145 147 149
4.405304 0.079435 20.566734 194 203 199
4.233178 0.119430 20.468012 188 200 204
4.316669 0.184019 20.516459 181 194 191
4.357327 0.216798 20.535513 162 175 171
4.399658 0.215601 20.557545 159 172 166
3.708498 0.199626 21.290152 190 181 169
3.728510 0.216132 21.029087 167 162 155
3.795704 0.229386 20.824017 145 145 148
4.291779 0.247885 20.573494 141 157 157
3.887168 0.302726 20.744780 150 157 166
4.124025 0.309827 20.651876 108 124 133
4.631680 -2.465973 21.866932 244 234 225
3.746711 -2.469325 22.242243 232 213 190
4.083985 -2.381609 21.653015 246 234 218
4.187264 -2.207004 20.775171 253 242 234
4.376767 -2.190089 20.641565 253 246 241
4.524179 -2.160575 20.645058 254 249 249
3.790397 -2.108029 20.638121 254 242 228
4.074013 -2.109716 20.605778 254 243 236
3.541344 -2.219384 21.593260 228 207 184
3.507909 -2.073508 20.673645 252 234 217
3.746808 -2.068626 20.606853 254 242 228
3.885679 -2.067570 20.579323 254 243 233
4.027889 -2.068828 20.565952 254 243 237
4.207640 -2.071456 20.555637 254 246 242
3.775163 -2.030739 20.573792 254 243 231
3.526242 -2.169067 21.718321 227 205 181
3.514619 -2.125286 21.661827 228 206 182
3.870908 -1.958278 20.522215 254 245 235
3.656632 -1.889615 20.539339 254 242 230
3.864000 -1.887805 20.497675 254 244 235
4.770522 -1.992011 21.059309 242 240 239
4.112848 -1.857262 20.480761 254 246 240
3.860337 -1.819758 20.488091 254 242 233
4.259239 -1.828012 20.488033 254 249 245
3.488061 -1.933718 21.544382 237 212 187
4.035525 -1.786894 20.466551 254 243 236
4.412794 -1.802732 20.522400 254 252 251
4.496906 -1.810891 20.566429 254 254 252
3.622325 -1.759343 20.562777 254 237 225
4.216238 -1.757195 20.466673 254 247 243
4.253573 -1.758518 20.470675 254 248 244
3.448208 -1.753481 20.777025 251 224 204
3.721972 -1.722801 20.526512 254 237 226
3.480811 -1.826245 21.519341 239 211 186
4.064502 -1.684461 20.445036 254 241 234
4.286777 -1.691350 20.463734 254 248 246
4.533871 -1.712153 20.576895 254 254 254
3.435936 -1.704734 20.908131 246 217 195
3.854156 -1.651882 20.477852 254 237 227
3.530384 -1.637822 20.657579 253 228 214
3.623986 -1.629584 20.586332 253 231 219
4.363648 -1.629138 20.486778 253 249 249
4.530876 -1.643960 20.571245 254 252 254
4.528845 -1.609568 20.566250 254 251 254
4.732527 -1.643895 20.788647 246 244 245
3.515568 -1.770599 22.119019 233 207 177
3.465412 -1.601118 20.885481 247 218 198
3.591729 -1.565990 20.612484 253 227 214
3.855756 -1.554675 20.496233 253 232 222
4.172649 -1.554674 20.456059 252 240 237
4.486195 -1.572341 20.545561 254 250 254
3.592185 -1.533501 20.618629 252 226 213
4.442163 -1.534355 20.518744 254 249 253
3.483769 -1.522992 20.802500 246 217 202
3.688160 -1.461583 20.567436 249 226 214
4.959359 -1.591799 21.396313 236 233 230
3.592617 -1.435306 20.632477 248 220 209
4.206719 -1.422296 20.459969 245 233 232
3.622295 -1.398860 20.605196 247 220 209
4.316118 -1.391101 20.463968 246 238 236
3.592825 -1.369723 20.641323 245 217 207
4.314148 -1.357009 20.459026 244 237 234
5.000851 -1.490162 21.418028 224 221 215
3.452219 -1.408207 21.223705 231 204 185
4.274767 -1.321870 20.449957 242 232 231
3.457302 -1.354127 21.064138 233 204 188
4.162941 -1.285863 20.441557 238 225 223
4.349327 -1.290806 20.460251 245 236 235
4.471862 -1.299143 20.513086 251 244 245
3.691045 -1.266325 20.604210 241 217 205
3.951579 -1.253391 20.471548 240 220 213
4.054900 -1.251891 20.448202 238 222 218
4.159078 -1.217932 20.431700 235 224 220
4.871109 -1.287924 20.926409 240 237 234
3.755795 -1.197015 20.576168 237 215 204
3.723923 -1.166144 20.600153 235 213 201
3.944340 -1.150798 20.449549 237 220 213
4.083134 -1.149380 20.423529 232 220 213
4.860026 -1.214748 20.889658 246 244 241
4.968841 -1.249065 21.164936 239 237 232
3.628310 -1.139395 20.665653 233 209 199
4.350204 -1.126019 20.480618 239 230 226
4.510731 -1.134738 20.538221 251 243 240
3.489796 -1.129703 20.881985 232 204 194
3.975690 -1.082962 20.435198 225 211 203
4.322702 -1.063942 20.525349 235 226 222
4.406794 -1.070100 20.570637 239 231 226
3.438461 -1.210858 22.187084 222 197 168
4.089599 -1.021172 20.465940 227 218 209
4.167525 -1.024630 20.489019 230 221 214
4.723205 -1.066744 20.806440 235 231 223
4.097919 -0.992437 20.506058 223 214 206
4.601250 -1.027179 20.768866 225 220 211
4.648532 -1.032237 20.809460 225 220 211
3.535215 -1.002366 20.944111 229 204 187
3.806974 -0.955928 20.503534 225 212 201
4.106236 -0.963582 20.546175 219 210 202
5.198770 -1.127377 21.921442 207 203 183
3.961171 -0.929301 20.550997 229 220 213
4.076871 -0.933657 20.580837 226 218 210
3.446219 -1.053133 22.041212 221 199 165
4.047277 -0.903584 20.614836 237 231 224
4.097602 -0.844167 20.683443 239 233 226
3.729631 -0.842939 21.020937 220 208 183
3.884586 -0.812143 20.714577 240 231 221
4.221642 -0.784775 20.751760 239 233 226
4.433686 -0.798218 20.867573 208 202 190
3.737559 -0.764148 21.251507 225 213 185
4.155645 -0.671383 20.634478 239 233 227
4.324325 -0.681667 20.728558 230 225 218
4.224960 -0.636845 20.621099 238 233 229
4.481331 -0.652769 20.770302 201 198 184
4.594160 -0.620279 20.779543 201 199 176
4.303810 -0.524973 20.499535 232 230 230
4.033459 -0.451488 20.437569 229 225 229
4.138252 -0.450304 20.420574 235 233 238
3.644533 -0.500379 21.374901 217 197 171
4.099106 -0.416055 20.411312 225 223 229
4.509926 -0.434363 20.603729 225 224 211
3.763261 -0.392397 20.530947 208 200 195
3.598855 -0.412341 21.153572 196 175 152
3.654229 -0.418214 21.624760 196 175 149
3.797629 -0.325783 20.530340 189 184 182
4.361929 -0.320507 20.456982 225 228 231
3.681398 -0.303862 20.669012 185 174 165
3.799987 -0.293691 20.545109 183 178 177
3.894508 -0.288468 20.480978 178 178 183
4.588321 -0.302175 20.635303 190 190 172
4.091946 -0.248482 20.397306 172 177 190
3.658612 -0.242783 20.742001 177 165 155
3.804255 -0.229207 20.572561 173 170 170
3.637513 -0.244080 21.183012 171 153 134
3.631193 -0.212961 20.789343 175 161 148
3.695971 -0.176636 20.754898 168 160 152
3.839029 -0.162479 20.573404 161 161 165
4.409402 -0.157986 20.518913 183 188 190
3.723455 -0.140063 20.716219 161 155 150
3.904352 -0.126796 20.544292 151 155 162
3.936671 -0.125409 20.526464 149 154 163
4.415499 -0.059850 20.554174 175 180 181
4.140213 -0.021052 20.474100 142 152 163
4.333472 -0.024014 20.521008 166 174 177
3.997948 0.043945 20.493893 146 155 165
4.444520 0.076010 20.535631 197 204 197
3.754010 0.083446 20.889902 154 149 143
3.866620 0.105584 20.562969 149 152 158
3.898431 0.107054 20.542679 149 154 161
4.166516 0.114613 20.444361 177 190 197
4.354729 0.113620 20.470221 191 200 199
4.435420 0.111861 20.501400 193 201 195
3.784517 0.130282 20.691605 148 146 147
4.128749 0.148009 20.441450 167 180 188
4.426323 0.147609 20.467171 190 199 192
3.795744 0.160271 20.748520 147 145 147
3.906845 0.170959 20.588617 145 150 159
3.861011 0.196224 20.716690 150 153 159
3.809644 0.214400 21.538284 166 160 154
3.928310 0.264972 20.698204 150 157 166
3.935351 0.372707 20.574867 141 151 161
4.065143 -2.475747 21.891474 237 221 202
4.204890 -2.498988 22.012033 236 222 201
4.246078 -2.502244 22.025555 235 223 202
3.971701 -2.337507 21.268316 247 232 214
4.503996 -2.332654 21.155865 249 240 230
3.792163 -2.424601 22.051582 241 221 202
4.196394 -2.164994 20.789429 253 242 229
4.535297 -2.179031 20.827194 254 249 247
4.863418 -2.302628 21.561752 235 228 224
3.933044 -2.119495 20.752470 253 240 225
3.782853 -2.079012 20.729023 254 239 223
5.047771 -2.329495 22.158962 226 218 213
3.812880 -2.042460 20.703377 254 240 225
3.771989 -1.972512 20.686741 254 240 225
4.171972 -1.982714 20.696507 254 245 233
4.617280 -2.019457 20.875992 253 248 248
4.130745 -1.945621 20.677750 254 245 233
4.281226 -1.952141 20.699846 254 245 236
3.802608 -1.903867 20.667688 254 240 227
3.906929 -1.903428 20.649876 254 242 230
4.052598 -1.907297 20.655333 254 244 233
4.085493 -1.872946 20.643568 254 244 233
4.724966 -1.941482 21.021862 251 249 247
3.931067 -1.797622 20.604153 254 241 229
4.003206 -1.799086 20.604397 254 241 230
3.929957 -1.764149 20.602295 254 240 228
4.421015 -1.785909 20.688389 254 249 246
3.513392 -1.812494 21.238092 246 217 195
4.037413 -1.733006 20.602304 254 240 229
3.582479 -1.880097 22.211376 236 205 177
3.856034 -1.663355 20.603079 254 235 224
3.602757 -1.889067 22.533308 234 203 173
4.454293 -1.652228 20.686584 254 249 248
4.579324 -1.662975 20.749052 254 251 251
4.533613 -1.623904 20.714853 254 250 249
3.586288 -1.572097 20.698837 251 225 212
3.850981 -1.561942 20.589224 252 231 219
4.330188 -1.575572 20.630369 251 242 238
4.489523 -1.585821 20.686834 254 248 248
4.659460 -1.601342 20.781408 253 251 254
3.476573 -1.560686 20.877277 244 216 199
4.327493 -1.541008 20.621836 250 240 236
3.526566 -1.513728 20.767401 247 220 206
3.676319 -1.496700 20.618721 250 224 212
4.021940 -1.461131 20.557642 250 229 219
4.694420 -1.500786 20.782236 253 250 253
3.675694 -1.430972 20.622654 248 220 209
4.738038 -1.471506 20.811968 253 250 251
3.745552 -1.398204 20.617167 246 220 210
4.090968 -1.394881 20.550133 246 225 220
4.163701 -1.396256 20.552404 245 226 222
4.312652 -1.367811 20.573229 244 231 229
3.614120 -1.338286 20.683561 242 214 205
4.020179 -1.329057 20.562611 244 221 216
3.742553 -1.298232 20.612959 241 215 207
4.093099 -1.264886 20.572580 240 218 216
4.773561 -1.303919 20.820402 252 250 248
4.548402 -1.247620 20.656857 252 242 242
3.530859 -1.334825 21.786852 224 194 177
3.689120 -1.210054 20.713646 237 211 204
4.024518 -1.200297 20.595507 236 215 212
4.770001 -1.235188 20.811960 253 251 249
3.572118 -1.191661 20.853144 230 202 196
4.315280 -1.171479 20.603102 236 221 221
4.716212 -1.193165 20.747343 254 250 249
3.576485 -1.161301 20.879118 228 200 193
3.694742 -1.147628 20.748516 232 206 199
3.795338 -1.144573 20.711803 234 208 202
3.514934 -1.316410 22.541054 221 194 168
3.536313 -1.235474 21.828178 220 190 172
3.762541 -1.113098 20.731062 233 208 202
4.241756 -1.104215 20.605518 228 214 210
4.580547 -1.113123 20.650135 248 240 238
3.612539 -1.095587 20.886078 232 208 198
4.170906 -1.038347 20.619318 230 215 208
4.344750 -1.036444 20.585770 228 217 211
5.181606 -1.185985 21.853365 210 206 194
3.628026 -1.038211 20.971893 232 210 196
4.437667 -1.013714 20.674034 223 212 206
4.747130 -1.040149 20.886694 221 217 207
3.569665 -1.162539 22.436323 221 194 166
3.598169 -1.069990 21.578646 227 203 183
4.034270 -0.975117 20.663054 224 210 202
4.333496 -0.982054 20.700409 217 206 198
3.462477 -1.130969 22.483746 216 195 161
3.614611 -1.109485 22.269419 224 199 171
3.627235 -1.073613 21.932497 224 201 176
4.204375 -0.922399 20.780998 219 206 199
4.281985 -0.925175 20.800804 214 203 195
5.102581 -1.028025 21.707565 203 201 173
3.934292 -0.936726 21.596264 221 207 191
4.367357 -0.881041 21.019444 217 207 199
4.261612 -0.848896 21.045460 236 226 220
4.208311 -0.824128 21.141504 242 232 227
4.190917 -0.782525 21.066196 242 232 228
4.020347 -0.703904 20.965050 231 221 217
4.174447 -0.658901 20.836332 229 222 220
4.329097 -0.663097 20.871683 236 230 227
3.848871 -0.708832 21.756092 216 204 181
4.232908 -0.619819 20.774292 233 228 227
3.798307 -0.668160 21.694466 227 213 190
3.818135 -0.593997 20.881042 210 203 191
4.455379 -0.588635 20.788738 213 209 203
3.824507 -0.547835 20.740484 219 213 203
4.241992 -0.542436 20.659950 243 239 240
4.663965 -0.565129 20.891764 199 197 170
3.779714 -0.510881 20.701885 222 215 205
3.906664 -0.504145 20.620008 226 219 215
4.012616 -0.503647 20.609592 228 221 221
4.156816 -0.504038 20.607491 236 232 234
3.687225 -0.499947 20.962488 225 212 197
4.006312 -0.468136 20.583920 224 218 219
4.493603 -0.475636 20.649952 230 228 220
3.709673 -0.445508 20.718563 219 208 198
4.179894 -0.433044 20.555529 228 225 231
4.659196 -0.449529 20.730177 200 200 170
3.722825 -0.528660 22.100449 212 190 159
3.707318 -0.489071 21.630960 203 184 160
4.282263 -0.365046 20.534414 215 216 223
4.316557 -0.331419 20.529060 212 213 221
4.466613 -0.333339 20.549007 224 224 222
3.655502 -0.349893 21.188755 181 162 146
3.701632 -0.310308 20.693029 184 172 168
4.242032 -0.297562 20.523125 191 194 203
3.632413 -0.259313 20.894573 174 158 148
3.656063 -0.254481 20.831734 175 160 153
3.706925 -0.246371 20.726143 175 164 163
4.130162 -0.230320 20.514034 166 172 182
4.203635 -0.230805 20.519588 171 177 188
4.543314 -0.235226 20.573561 190 190 180
3.711121 -0.214907 20.750341 171 160 160
3.800299 -0.207973 20.658411 168 162 166
3.715578 -0.296052 22.290062 226 202 167
3.731875 -0.287520 22.175322 205 182 151
3.640754 -0.195971 20.943954 167 151 140
3.749298 -0.149485 20.767694 159 150 152
3.898276 -0.138456 20.617435 152 153 159
4.032862 -0.135150 20.572960 146 153 162
4.004932 -0.071833 20.616903 139 145 153
4.039819 -0.005281 20.617756 137 144 152
4.329078 0.028784 20.616859 176 185 185
4.077546 0.060523 20.631338 152 161 170
4.454234 0.058049 20.686644 194 198 192
4.045053 0.092468 20.651459 151 159 168
4.145132 0.095240 20.612743 165 176 184
4.296133 0.094145 20.638010 187 198 200
3.824363 0.070909 21.528717 174 163 152
4.142543 0.129069 20.604364 163 175 183
4.251605 0.129402 20.605522 180 193 197
3.852046 0.085663 21.858215 199 186 171
3.843009 0.110794 21.440361 167 158 151
3.861379 0.128779 21.720341 178 168 159
3.911242 0.178210 20.883780 143 146 152
4.109837 0.194238 20.626543 142 153 164
4.083670 0.224637 20.675346 132 143 153
4.377671 0.234318 20.531910 158 170 166
4.171813 0.263490 20.586136 125 140 148
4.300207 0.268218 20.513914 139 154 155
3.992267 0.286153 20.762123 136 146 155
4.046562 0.291057 20.677980 118 130 140
4.075512 0.293034 20.644814 113 126 136
4.194746 0.299950 20.530638 116 132 138
4.038194 0.326246 20.642977 107 121 131
4.131842 -2.390105 21.476139 242 229 213
4.243947 -2.393228 21.478495 243 229 216
4.519219 -2.409653 21.539049 244 233 224
3.949302 -2.269263 20.957493 250 236 220
4.529719 -2.280896 20.942616 252 244 240
4.724065 -2.366415 21.452639 248 241 238
4.360353 -2.227949 20.845276 253 243 236
3.973894 -2.168485 20.736004 252 239 227
4.044183 -2.168911 20.728201 253 239 229
4.485586 -2.184042 20.759249 253 247 246
4.733317 -2.255813 21.183195 247 240 238
4.440104 -2.144020 20.722860 254 247 246
4.950490 -2.307143 21.932768 234 228 225
4.564097 -2.090515 20.791149 253 249 248
4.090978 -2.021645 20.623661 254 242 233
4.202225 -2.026402 20.639217 254 243 236
3.585399 -2.144088 21.742794 238 215 189
4.123182 -1.987233 20.609673 254 242 233
4.236163 -1.993083 20.632774 254 244 236
4.607051 -2.029349 20.823456 253 249 249
3.566361 -2.094640 21.643335 239 216 190
4.082532 -1.950560 20.590620 254 243 232
4.004677 -1.912152 20.564344 254 243 230
4.189662 -1.919885 20.591234 254 244 234
4.345722 -1.930838 20.644308 254 247 242
4.185663 -1.884602 20.576088 254 245 234
4.300469 -1.891364 20.606844 254 246 239
3.483880 -1.900098 21.012814 248 223 198
3.656899 -1.846146 20.611284 254 237 219
3.690283 -1.845276 20.600559 254 238 220
4.643868 -1.897708 20.835032 253 251 249
4.960066 -2.024251 21.676561 230 226 223
3.656407 -2.089179 22.560968 230 202 172
3.621199 -2.031626 22.159075 234 207 178
3.476812 -1.828932 20.981766 247 221 194
3.561564 -1.755165 20.678492 253 232 213
3.722283 -1.746235 20.592436 254 236 220
3.893973 -1.745225 20.562027 254 239 224
3.929224 -1.745622 20.560137 254 240 224
3.649035 -1.978222 22.531679 233 204 172
3.470550 -1.758557 20.955027 246 219 191
3.755552 -1.712887 20.584299 254 236 221
4.543000 -1.747183 20.729225 254 251 250
3.587823 -1.953749 22.621351 232 201 167
3.963010 -1.680081 20.557213 254 237 222
4.584748 -1.717975 20.754225 254 251 251
3.533161 -1.765809 21.495626 241 212 184
3.467094 -1.690415 20.943354 245 217 190
4.179591 -1.652548 20.568792 254 241 229
4.626713 -1.688726 20.779667 253 251 251
3.588418 -1.619817 20.646839 253 228 212
4.624191 -1.654185 20.771837 253 250 251
3.855804 -1.580660 20.565012 252 232 218
4.067694 -1.582817 20.554447 253 235 221
4.718911 -1.634345 20.863176 253 250 251
3.609804 -1.801572 22.545397 233 202 170
3.528623 -1.661782 21.481707 239 210 184
4.533866 -1.577011 20.704187 254 249 248
4.714197 -1.598478 20.846441 253 250 251
4.898941 -1.660278 21.297985 237 234 233
3.527326 -1.627287 21.478233 238 208 184
3.506849 -1.538085 20.787973 245 218 200
4.447282 -1.534997 20.647366 253 246 244
3.697279 -1.493095 20.670805 248 221 209
4.488307 -1.505378 20.670483 253 247 245
3.620564 -1.642432 22.408554 229 199 172
3.464443 -1.458924 20.953247 236 207 189
4.140894 -1.421991 20.576183 245 227 218
3.661617 -1.394904 20.680223 245 217 205
4.071416 -1.389612 20.589228 245 224 214
4.038316 -1.358066 20.604795 243 222 212
4.108149 -1.358004 20.596237 243 222 215
3.903908 -1.328594 20.649261 242 217 207
4.216465 -1.327139 20.601704 239 223 219
3.469390 -1.330771 20.993694 232 203 190
4.838231 -1.340466 20.922609 252 250 249
3.474310 -1.268076 21.027115 230 200 187
3.742807 -1.238767 20.745596 237 211 200
3.772865 -1.235847 20.717188 237 211 201
4.116121 -1.231695 20.644478 236 216 211
3.881719 -1.205270 20.727234 235 210 201
3.954557 -1.173929 20.735254 233 208 200
3.577916 -1.300972 22.206665 217 186 168
3.554832 -1.263427 21.873055 217 187 171
3.625405 -1.154018 20.886953 226 198 192
3.829489 -1.116986 20.832275 231 208 198
4.057970 -1.107100 20.720058 224 205 196
5.184264 -1.246174 21.868881 218 215 204
3.619887 -1.257363 22.446352 220 193 171
3.637969 -1.095483 20.958477 230 206 197
3.607760 -1.170492 21.969082 224 199 179
3.775295 -1.060174 20.927155 233 212 200
3.905752 -1.054179 20.859076 230 210 201
3.938066 -1.052555 20.840916 224 205 196
4.173403 -1.046144 20.759060 227 214 204
4.241800 -1.044916 20.741179 227 213 205
4.446951 -1.041199 20.687237 227 217 211
4.924554 -1.077093 21.295147 210 205 191
3.846482 -1.013048 21.107681 223 203 191
3.934796 -1.003231 21.005989 221 204 192
4.168482 -0.995195 20.908289 218 206 194
4.241734 -0.996094 20.910311 214 203 192
4.494957 -0.997303 20.899178 211 202 190
4.798300 -1.018096 21.399385 202 196 178
3.578028 -1.101498 22.659248 217 194 159
3.936366 -1.011545 21.745756 216 200 183
4.384966 -0.962727 21.567184 218 209 197
4.173097 -0.898613 21.633221 244 236 225
4.150858 -0.820073 21.534182 242 234 224
4.320021 -0.829844 21.625399 241 234 227
4.520020 -0.852139 21.846611 242 237 226
3.948219 -0.725950 21.645329 208 199 180
3.885026 -0.748082 22.283875 220 205 175
4.080872 -0.653856 21.215048 212 204 197
4.565862 -0.624281 21.237999 214 210 198
4.385422 -0.577439 21.099346 244 239 235
4.494387 -0.577283 21.092056 228 225 217
4.098297 -0.511837 21.136362 225 220 219
4.455892 -0.495952 20.930700 240 238 234
4.155913 -0.472508 21.066422 221 218 219
4.443000 -0.457931 20.877575 242 241 238
4.345277 -0.428574 20.932896 222 223 225
4.340140 -0.393401 20.912985 210 212 217
4.507644 -0.355232 20.849312 224 228 226
4.411385 -0.326214 20.910452 199 207 213
4.626002 -0.324816 20.887587 191 193 180
3.759483 -0.328738 21.865940 172 152 135
4.518784 -0.258766 20.905310 195 202 202
4.552114 -0.257746 20.891050 193 199 195
3.775904 -0.344033 22.559076 209 184 151
3.728192 -0.319853 22.721708 235 207 166
3.764192 -0.318841 22.707355 233 206 167
3.816166 -0.273850 22.576008 206 182 150
4.494895 -0.095298 20.974363 168 174 173
4.251773 -0.009470 21.211512 149 159 166
4.308773 -0.004621 21.135597 160 171 177
3.791346 0.372130 21.713026 189 190 190
3.786249 -2.427600 21.888603 240 219 198
4.278132 -2.415633 21.738260 244 228 216
4.509264 -2.425591 21.766787 244 232 225
3.892094 -2.247730 20.938692 251 235 220
3.926445 -2.247336 20.931013 251 235 221
4.171977 -2.248286 20.900337 252 237 229
4.222979 -2.144042 20.645033 254 242 238
4.746885 -2.262542 21.342903 246 241 240
4.069437 -2.100523 20.597055 254 240 233
4.541313 -2.139086 20.782497 254 249 249
3.918020 -2.025855 20.556820 254 241 230
4.872988 -2.196286 21.565825 237 231 230
3.677797 -1.993607 20.593706 254 239 221
3.844800 -1.990273 20.547100 254 242 228
4.094065 -1.996565 20.554108 254 242 235
4.490404 -2.030267 20.726284 254 249 250
3.606670 -1.895185 20.598698 254 235 216
4.088976 -1.896197 20.538301 254 243 234
4.441753 -1.923347 20.678926 254 249 251
3.704691 -1.859472 20.562763 254 238 220
3.839408 -1.825556 20.534414 254 240 224
3.978438 -1.826707 20.523521 254 242 229
3.511351 -1.804437 20.661541 253 229 208
3.573900 -1.799873 20.620100 254 233 213
4.125700 -1.800822 20.551785 254 242 233
3.511215 -1.739935 20.666824 253 228 207
3.607665 -1.735121 20.618488 254 231 215
4.087362 -1.733694 20.543888 254 240 229
4.440581 -1.759429 20.686195 254 249 251
3.429029 -1.723426 20.797565 244 215 190
4.359773 -1.720052 20.649345 254 247 246
4.440137 -1.726505 20.686739 254 248 251
4.661143 -1.753456 20.858061 254 250 254
3.542052 -1.856822 22.032553 232 202 171
3.428195 -1.690444 20.796097 244 215 189
4.201907 -1.675873 20.585224 253 240 234
3.471124 -1.742118 21.432528 237 206 177
3.577081 -1.641197 20.651558 254 227 210
4.014443 -1.634290 20.542406 254 236 222
5.070503 -1.836241 21.940956 227 224 221
3.483306 -1.615681 20.718174 250 220 200
3.546306 -1.611514 20.678080 253 225 207
3.404263 -1.601048 20.868425 240 207 181
3.874500 -1.568424 20.555387 253 230 216
4.438964 -1.595144 20.691538 253 247 249
4.791996 -1.634947 20.956120 251 249 250
3.561654 -1.761663 22.368916 232 199 168
3.405585 -1.569533 20.878874 239 206 181
3.842150 -1.537524 20.572756 253 228 214
4.016828 -1.538894 20.561663 252 230 217
3.982368 -1.506628 20.569033 251 228 214
4.053615 -1.507919 20.570482 250 228 217
4.685121 -1.549203 20.820459 253 249 254
3.813637 -1.444455 20.614870 248 222 210
3.781723 -1.413772 20.634912 246 219 208
4.438216 -1.431251 20.700674 249 240 243
3.650466 -1.385821 20.689613 244 215 205
3.683482 -1.384839 20.677574 244 216 205
3.783406 -1.382469 20.646143 244 217 206
4.283449 -1.390435 20.653862 244 227 227
3.718277 -1.352605 20.677492 242 215 203
3.955429 -1.349427 20.623358 242 216 209
4.834704 -1.405894 20.997391 247 242 246
3.887932 -1.318099 20.642937 241 215 206
4.061840 -1.318313 20.624990 242 216 213
4.439004 -1.333499 20.711557 246 236 238
4.478177 -1.335617 20.725157 248 239 241
4.773942 -1.360157 20.900700 254 249 254
3.562453 -1.298609 20.793564 234 206 199
4.360686 -1.296493 20.686018 245 229 231
4.517619 -1.305022 20.742046 249 241 245
4.639927 -1.313342 20.800148 253 248 252
3.502596 -1.272148 20.855715 233 204 194
3.564272 -1.267257 20.806213 233 205 198
4.399321 -1.265660 20.700390 244 230 232
4.398278 -1.232411 20.698303 242 227 230
3.486747 -1.218789 20.968647 229 199 188
3.601406 -1.203657 20.820940 232 204 197
3.927162 -1.190894 20.672018 236 209 203
4.244584 -1.192796 20.655354 235 215 215
3.512479 -1.180483 20.918238 228 198 188
4.318836 -1.162343 20.669630 236 219 219
4.730733 -1.190811 20.884987 253 247 251
4.206261 -1.125903 20.648863 232 213 210
4.833617 -1.172118 21.009533 250 247 247
3.521930 -1.206286 21.771935 217 186 168
3.640321 -1.108297 20.847532 229 202 193
4.736248 -1.127070 20.912687 246 241 242
5.275423 -1.286458 22.343073 225 220 213
3.506735 -1.120510 21.286673 224 194 177
3.763168 -1.066416 20.751038 230 205 195
4.105578 -1.030275 20.686686 222 204 197
4.530181 -1.048016 20.815754 221 211 206
3.541821 -1.182130 22.530865 217 189 161
3.739558 -1.007354 20.817430 226 203 189
4.790347 -1.067167 21.299294 213 207 199
4.690015 -1.037280 21.348881 206 198 188
5.149876 -1.140135 22.318399 202 198 182
3.584690 -1.115430 22.565729 220 194 161
4.186102 -0.953959 20.902056 217 205 195
3.864883 -0.886659 20.919983 226 212 198
3.694885 -1.009032 22.553354 218 194 158
3.811499 -0.897704 21.384325 216 200 176
4.485861 -0.940635 21.776796 228 221 211
3.965344 -0.818354 20.890293 242 232 220
4.069520 -0.817486 20.872948 246 237 229
4.030012 -0.782745 20.858650 242 232 225
4.166399 -0.747624 20.826653 241 233 227
3.849568 -0.731143 21.407108 224 212 188
4.525827 -0.740415 21.466253 226 220 211
3.819678 -0.668025 21.073994 217 205 185
3.898492 -0.640356 20.752680 217 207 196
4.147233 -0.626697 20.580715 232 224 221
4.246353 -0.591662 20.548140 236 229 226
4.124729 -0.520383 20.484907 237 232 231
4.606145 -0.593698 21.340164 224 222 211
3.802777 -0.499327 20.642155 225 217 210
3.670365 -0.484824 20.874794 224 211 193
3.656481 -0.446335 20.805729 214 200 185
3.911528 -0.422093 20.487865 213 209 209
3.976557 -0.420220 20.461386 214 211 212
3.754516 -0.364313 20.588907 193 185 183
3.876140 -0.324987 20.495424 180 179 181
4.172107 -0.318020 20.393286 192 194 203
4.381702 -0.329112 20.535534 221 223 227
3.586791 -0.329882 21.013615 180 158 143
4.137703 -0.285961 20.400095 180 184 193
4.208364 -0.286075 20.399847 187 193 201
3.653512 -0.281839 20.805048 176 162 158
3.875475 -0.260087 20.497648 169 168 174
3.708639 -0.352298 22.271761 205 174 141
3.587681 -0.231362 21.027500 167 146 131
3.678007 -0.179930 20.756912 161 150 150
4.100240 -0.156009 20.400515 152 159 168
3.738798 -0.245249 22.240541 211 183 154
3.624743 -0.145179 21.234114 187 166 145
3.633005 -0.135640 21.086792 172 154 139
4.440401 -0.107244 20.652569 169 172 172
3.687323 -0.085025 20.813660 147 136 134
4.103955 0.036955 20.433153 151 160 166
4.371465 0.023146 20.675350 179 185 184
3.904853 0.065409 20.496273 145 148 156
4.000153 0.068525 20.445847 147 154 161
3.777157 0.083795 20.742390 150 146 143
4.317937 0.093075 20.602051 187 196 195
4.421689 0.118377 20.745449 183 189 182
3.804132 0.151567 20.705229 140 140 136
3.880179 0.159776 20.556099 138 141 145
3.767847 0.165467 21.066730 154 148 137
3.794586 0.177412 20.838634 144 142 135
3.858728 0.188636 20.627069 143 146 147
4.231899 0.194325 20.544027 167 180 179
3.983135 0.225949 20.546074 134 142 147
3.928648 0.254354 20.627611 141 148 151
3.901273 0.284953 20.669886 147 154 155
3.959773 0.288123 20.609274 128 137 141
4.022618 0.290272 20.570515 113 125 130
3.878438 0.314619 20.735006 153 160 160
3.999066 0.352755 20.632664 106 119 124
4.031408 0.353619 20.617378 97 112 117
4.206809 -2.491350 21.988663 235 217 199
4.370339 -2.196290 20.710089 252 244 238
3.702340 -2.389200 22.298893 235 211 187
3.529597 -2.151743 20.753933 253 231 208
4.204173 -2.143750 20.603254 254 242 235
4.524080 -2.174372 20.759327 254 249 246
3.757130 -2.083513 20.482698 254 237 221
4.801651 -2.199093 21.329103 236 231 229
4.346237 -2.050311 20.611265 254 246 243
4.969562 -2.249894 21.880699 224 219 217
3.570763 -1.974744 20.425373 254 234 215
3.827762 -1.990046 20.494253 254 239 222
3.718819 -1.952854 20.475161 254 239 220
4.042651 -1.965735 20.519192 254 240 229
4.512691 -2.004271 20.720766 254 247 248
3.969774 -1.898482 20.511213 254 239 224
4.040805 -1.900419 20.515135 254 240 227
4.258823 -1.908975 20.545637 254 245 238
3.858576 -1.860171 20.483562 254 239 221
3.894679 -1.861642 20.489145 254 239 222
4.182561 -1.871746 20.522017 254 243 233
4.219605 -1.873590 20.530142 254 244 235
3.577492 -2.038548 22.043322 230 203 175
3.461781 -1.810400 20.410734 252 227 205
3.497954 -1.812281 20.419418 253 229 208
3.534030 -1.814050 20.427299 254 231 211
5.056338 -2.073861 22.097815 225 220 219
3.442594 -1.816094 20.688450 247 220 196
3.674931 -1.786500 20.441164 254 235 217
4.179824 -1.805778 20.513977 254 243 232
4.500804 -1.834436 20.680000 254 247 250
4.072026 -1.770346 20.505960 254 240 226
4.107198 -1.770989 20.506012 254 241 228
4.635105 -1.819980 20.797007 254 249 250
4.792731 -1.871520 21.156176 244 240 240
3.608393 -2.018474 22.658161 228 195 165
3.456979 -1.789145 20.968525 244 215 190
4.331339 -1.750473 20.564684 254 244 243
4.631754 -1.785336 20.784889 254 249 250
4.680202 -1.793254 20.837517 254 249 250
4.987831 -1.909354 21.662390 226 223 221
3.890552 -1.699190 20.481035 254 236 219
4.329300 -1.716999 20.557787 254 244 243
4.808581 -1.793789 21.073652 241 237 237
4.936645 -1.846304 21.452591 231 227 226
4.672465 -1.723320 20.809074 254 249 251
3.705992 -1.625615 20.434843 254 230 215
3.920302 -1.632502 20.460356 254 233 218
3.957172 -1.634303 20.469490 254 234 219
4.100500 -1.638568 20.483931 254 236 225
4.327577 -1.651522 20.554529 254 242 242
3.593954 -1.812940 22.157667 236 202 176
3.816186 -1.599312 20.466125 253 230 215
4.574837 -1.642208 20.703697 254 248 252
3.465188 -1.551587 20.642616 247 216 198
4.448678 -1.564819 20.625647 252 244 247
3.498363 -1.566767 21.021215 243 211 192
4.323712 -1.520385 20.546133 250 237 238
3.849837 -1.439510 20.472130 249 222 209
4.322562 -1.455290 20.545441 248 235 235
4.401030 -1.460512 20.579063 250 240 242
3.604715 -1.339658 20.473335 242 212 202
4.170084 -1.350547 20.501085 241 221 217
3.853624 -1.313953 20.500683 240 214 203
4.854260 -1.350136 20.987906 249 245 248
4.474725 -1.268749 20.603523 247 240 243
4.638468 -1.280869 20.692913 253 249 254
4.094725 -1.218545 20.487053 235 213 208
4.204456 -1.222010 20.506245 236 215 217
4.553411 -1.240855 20.637552 251 245 250
3.889986 -1.187108 20.517159 233 208 199
4.394401 -1.198562 20.567394 241 229 232
4.472702 -1.202963 20.599060 246 237 240
3.925465 -1.155698 20.521704 232 207 199
4.608500 -1.120219 20.728683 244 237 238
4.757833 -1.140146 20.902208 245 239 240
3.601353 -1.109389 21.040283 230 204 192
3.734452 -1.067609 20.626072 233 208 197
4.095954 -1.058682 20.504450 228 209 202
3.619344 -1.067226 20.948925 227 203 189
3.688741 -1.001910 20.945942 218 196 178
3.877177 -0.973543 20.644484 221 201 189
3.974365 -0.970306 20.603037 221 206 194
4.011316 -0.939221 20.613672 232 221 209
4.282522 -0.952274 20.721537 206 195 182
4.775452 -1.013139 21.294693 199 196 177
4.894782 -1.032967 21.485163 199 196 175
4.902506 -1.002334 21.519623 194 191 166
3.990030 -0.880991 20.686144 248 240 227
3.843899 -0.880358 21.393673 221 207 182
4.103224 -0.820181 20.724016 244 235 225
4.259954 -0.827548 20.790655 235 228 215
3.835940 -0.860483 21.543970 219 204 178
3.946324 -0.795704 20.826212 243 232 218
4.031452 -0.786837 20.722443 244 235 225
3.835319 -0.792980 21.168816 236 224 202
4.279114 -0.755631 20.719715 248 244 233
3.795180 -0.708809 20.968166 222 210 188
3.893421 -0.690188 20.747389 225 214 201
3.723976 -0.708002 21.347960 213 198 167
3.967453 -0.644804 20.593657 215 206 198
3.703678 -0.681809 21.435358 219 203 171
3.930688 -0.611709 20.588406 215 205 198
4.314653 -0.612084 20.568026 224 219 209
3.636404 -0.585510 21.080746 229 213 183
4.379846 -0.545611 20.547073 224 221 209
4.604022 -0.575438 20.900547 201 199 174
3.660197 -0.578469 21.404545 226 207 176
3.700259 -0.520264 20.674309 224 213 195
3.812180 -0.477119 20.532671 226 219 211
4.171969 -0.468895 20.409405 241 237 238
3.756146 -0.583549 22.334986 214 189 156
3.667853 -0.456681 20.693624 219 206 191
3.906053 -0.441100 20.480118 219 214 211
4.004789 -0.439121 20.449718 221 217 217
4.103635 -0.437202 20.420097 226 222 224
4.350259 -0.438309 20.422634 241 238 234
4.002998 -0.406383 20.443525 208 205 206
4.309624 -0.404171 20.400745 235 232 233
3.870283 -0.376522 20.481104 194 191 189
4.604630 -0.399380 20.759407 201 204 184
3.774127 -0.347362 20.527197 187 182 182
3.710741 -0.426992 22.097034 183 156 127
3.661176 -0.324945 20.669174 181 168 164
3.933201 -0.310034 20.451582 176 176 179
3.997465 -0.308224 20.424177 177 177 181
4.164804 -0.306012 20.387817 186 189 196
4.308016 -0.307223 20.400190 205 209 216
4.062409 -0.274617 20.402632 171 173 179
4.473537 -0.282848 20.508890 200 203 198
3.693849 -0.338107 21.807642 178 153 130
3.637184 -0.303389 21.302395 173 151 134
3.685280 -0.256517 20.617378 171 161 162
3.962931 -0.244186 20.431028 163 165 171
4.127804 -0.241178 20.383326 167 173 179
3.733032 -0.360421 22.647463 227 195 156
3.637385 -0.232058 20.736488 167 152 149
4.125915 -0.208527 20.376858 160 167 175
4.514697 -0.219796 20.537621 184 185 177
4.058413 -0.177177 20.390795 152 159 166
4.091197 -0.176528 20.380470 153 160 167
3.713249 -0.157507 20.588692 156 148 153
4.124671 -0.144038 20.375662 149 158 165
4.423077 -0.149104 20.452017 176 179 179
4.307888 -0.114205 20.412867 162 171 175
3.610075 -0.083958 20.980354 187 169 150
3.640065 -0.060621 21.143921 198 179 158
4.059246 -0.017071 20.406332 136 145 152
3.662976 -0.023705 21.078163 190 173 155
3.776989 0.005506 20.569233 145 141 144
4.131559 0.014517 20.419052 150 161 167
4.276892 0.013461 20.440653 165 174 176
4.133474 0.078332 20.432518 159 170 176
3.926888 0.141242 20.454536 139 143 149
4.060623 0.207426 20.429108 152 163 167
3.995362 0.302606 20.459036 107 120 125
3.777868 0.320200 20.777836 138 136 135
4.038733 0.333301 20.500917 99 115 119
4.198875 0.330227 20.590313 95 114 114
3.757662 0.374737 21.044840 149 146 145
4.342416 -2.409964 21.443455 233 215 201
4.252523 -2.335892 21.192228 241 222 209
3.941854 -2.305773 21.257376 248 228 206
4.589568 -2.294261 21.087078 249 241 237
4.647770 -2.310209 21.183544 248 241 237
3.657502 -2.210731 20.887222 253 231 206
4.356798 -2.220257 20.849041 254 239 234
4.555609 -2.238237 20.939646 254 247 245
3.912536 -2.164025 20.755117 254 236 217
3.983040 -2.165702 20.756195 254 237 219
4.388634 -2.186026 20.834007 254 241 237
4.467098 -2.192541 20.866385 254 245 242
4.306658 -2.144542 20.786028 254 239 233
4.344173 -2.146721 20.795401 254 241 236
3.807781 -2.098071 20.762049 254 236 217
3.806510 -2.065055 20.757753 254 236 218
4.222907 -2.069551 20.729836 254 240 230
4.258946 -2.070773 20.733171 254 240 231
3.871702 -2.030736 20.734934 254 236 219
4.367859 -2.042585 20.747768 254 245 240
4.446211 -2.048918 20.780920 254 246 245
4.671759 -2.082804 20.985537 254 249 250
3.578663 -2.009530 20.854408 254 229 207
4.004130 -1.995748 20.697849 254 240 224
4.252085 -2.001738 20.705393 254 242 232
4.896584 -2.124401 21.479504 220 214 212
3.488784 -1.987567 20.941345 245 219 195
4.069768 -1.961856 20.677713 254 241 228
4.402218 -1.978042 20.746765 254 246 243
3.487965 -1.954733 20.939205 245 219 195
4.284457 -1.936162 20.695890 254 243 236
3.515933 -1.917627 20.902039 249 222 200
3.894245 -1.894300 20.680805 254 236 218
3.927186 -1.893505 20.670521 254 237 220
4.280685 -1.901541 20.680529 254 243 235
3.924909 -1.859932 20.661341 254 237 219
4.023990 -1.857793 20.632179 254 239 225
4.354443 -1.872708 20.696785 254 245 241
3.487378 -1.857718 20.943274 246 218 195
3.660423 -1.833654 20.741426 254 233 212
3.858759 -1.797350 20.684830 254 235 216
4.019829 -1.791065 20.616163 254 238 223
4.557936 -1.827313 20.815990 254 249 250
4.121717 -1.758877 20.603001 254 239 225
4.195416 -1.762357 20.619604 254 240 228
4.467794 -1.782266 20.734369 254 247 248
4.745913 -1.823408 21.009312 251 246 246
4.423188 -1.743877 20.695528 254 245 246
3.860525 -1.702540 20.700325 254 232 214
4.015363 -1.628396 20.604940 253 231 219
4.192061 -1.632142 20.611990 252 234 224
3.657860 -1.607860 20.743938 252 222 207
3.691997 -1.607876 20.739733 252 222 208
4.845217 -1.675077 21.131939 239 235 234
3.431072 -1.608844 21.042257 236 203 180
3.530594 -1.582189 20.813669 246 214 198
4.118524 -1.564959 20.600122 251 230 220
3.792667 -1.542660 20.722254 252 221 209
3.945995 -1.531779 20.613945 252 224 212
4.457480 -1.550282 20.702074 251 241 248
3.756915 -1.509599 20.720469 250 218 207
4.374424 -1.510140 20.648949 250 236 240
4.455055 -1.516672 20.693235 251 241 247
4.185298 -1.468027 20.590446 246 226 220
5.046632 -1.609230 21.671473 227 224 221
4.610909 -1.428983 20.759008 253 248 254
4.857518 -1.465364 21.042719 248 247 248
3.439486 -1.410916 21.311626 226 193 174
4.001943 -1.332957 20.558535 242 215 206
4.563184 -1.357535 20.710197 251 245 250
3.409234 -1.335611 20.937483 227 194 177
3.751639 -1.314160 20.706573 239 208 199
3.966578 -1.300322 20.558294 240 212 203
4.562113 -1.324653 20.707424 251 244 249
3.543573 -1.280204 20.714962 233 201 192
3.646236 -1.280400 20.705120 235 205 196
3.965244 -1.267673 20.553864 238 209 202
4.138445 -1.269085 20.547049 238 213 209
3.646886 -1.248791 20.710888 234 204 195
3.842906 -1.243637 20.641775 235 206 198
4.787185 -1.251522 20.910643 252 249 253
3.526130 -1.194250 20.817842 228 197 188
3.649410 -1.186227 20.728952 231 202 193
4.098169 -1.170039 20.527954 233 207 203
4.435375 -1.184226 20.625044 241 227 231
4.691468 -1.206945 20.811258 251 247 251
4.321465 -1.114808 20.592237 232 214 214
3.632453 -1.099735 20.832338 226 198 186
3.555361 -1.082249 20.988827 227 199 183
3.811677 -1.053194 20.673754 227 202 190
4.613193 -1.072968 20.789515 228 220 216
4.756322 -1.089696 20.941526 225 221 216
4.365190 -1.022686 20.636541 216 203 197
4.718349 -1.055717 20.934998 214 209 201
3.559522 -1.139942 22.247837 218 190 163
3.612691 -1.048920 21.310251 224 198 177
3.733415 -1.019999 21.002260 222 199 181
4.113936 -0.985827 20.615215 217 199 190
3.880870 -0.957322 20.676630 218 199 184
4.033912 -0.948396 20.569265 231 216 206
4.493013 -0.983906 20.894724 202 193 181
3.766076 -1.008003 21.562904 216 195 169
4.309267 -0.947356 20.872322 207 196 184
4.435845 -0.956893 20.961178 201 192 179
4.664009 -0.979015 21.173393 197 190 174
4.147649 -0.904821 20.781775 228 216 205
3.937564 -0.990923 22.091301 210 192 166
3.999439 -0.934142 21.837816 225 211 188
4.080410 -0.841097 20.802349 247 240 230
4.262782 -0.859856 20.993933 233 224 212
3.936755 -0.789762 20.970921 237 227 208
4.409126 -0.778162 21.178759 237 233 223
4.049591 -0.698826 20.661736 237 227 219
3.889747 -0.672112 20.740913 225 213 198
4.106235 -0.661627 20.599091 231 221 216
3.930082 -0.628004 20.594946 213 201 192
3.828269 -0.596569 20.611317 203 192 177
4.079082 -0.586888 20.473900 219 211 207
3.726108 -0.671188 21.969439 223 202 167
3.961405 -0.517477 20.413315 226 218 215
3.562226 -0.486553 20.876600 219 198 171
3.588588 -0.469024 20.640583 222 206 184
3.787699 -0.452919 20.414055 222 215 206
4.195052 -0.451532 20.372889 234 230 231
4.326360 -0.461151 20.494308 238 235 231
3.530093 -0.441213 20.702791 212 190 165
3.846609 -0.417668 20.365145 218 213 208
4.012647 -0.415901 20.332405 219 216 217
4.314566 -0.425157 20.442963 237 234 233
3.573790 -0.454745 21.337204 205 179 149
3.718857 -0.389284 20.419415 204 197 189
3.779102 -0.354602 20.376896 192 186 183
3.654528 -0.327333 20.448147 183 172 167
4.581871 -0.357688 20.850206 204 205 197
3.575511 -0.304268 20.581722 179 160 149
3.685492 -0.294417 20.431925 178 169 168
3.685655 -0.262736 20.435005 172 164 165
3.809106 -0.258087 20.360731 170 167 171
4.147092 -0.256337 20.323330 168 173 182
4.260667 -0.227574 20.368370 175 182 190
3.579392 -0.209851 20.609613 166 148 140
4.186511 -0.194264 20.349186 160 168 176
3.570698 -0.210506 21.139328 178 154 130
3.749158 -0.165789 20.413183 158 154 161
4.187772 -0.162813 20.356987 154 163 171
4.381534 -0.168467 20.444818 175 180 182
3.908256 -0.130068 20.347517 146 149 156
3.975755 -0.129651 20.339714 144 149 157
3.721282 -0.218825 22.393044 226 199 163
3.721586 -0.104386 20.453405 148 141 147
4.048686 -0.099007 20.359610 137 144 151
4.390299 -0.106725 20.487694 163 166 167
3.946264 -0.067605 20.368601 136 141 148
4.085300 -0.067755 20.370867 134 142 149
4.397474 -0.076475 20.521584 167 170 169
3.644393 -0.091375 21.358921 202 181 155
3.981477 -0.035996 20.373629 130 136 144
4.087100 -0.036411 20.381401 131 140 147
4.158725 -0.036961 20.391443 138 147 154
4.404863 -0.046175 20.556431 173 175 173
4.410418 -0.015325 20.583109 178 179 176
4.244649 0.022890 20.470303 165 173 177
4.326323 0.020139 20.523270 173 178 178
3.693238 0.052984 20.496861 150 140 137
4.210781 0.054620 20.477261 175 185 189
4.200244 0.121056 20.432468 173 184 186
3.736650 0.161695 20.916296 150 139 131
3.746968 0.176094 20.604666 143 137 133
4.079087 0.188331 20.357611 151 164 167
4.250432 0.221127 20.348940 171 184 180
3.787894 0.198675 21.572525 176 162 148
3.799103 0.244247 20.519947 148 148 148
3.761421 0.261595 20.868393 145 140 135
3.992415 0.318716 20.282185 94 108 113
3.762181 0.319134 21.062222 133 129 124
3.797105 0.340553 20.516333 137 141 142
3.894757 0.348907 20.312490 117 126 131
3.923910 0.350045 20.286421 108 120 125
4.138914 -2.431034 21.689583 237 217 195
4.370250 -2.308816 21.067835 248 233 226
4.892535 -2.476133 22.103048 239 230 223
3.735098 -2.412531 22.073845 233 207 181
3.689800 -2.433211 22.450409 221 195 166
4.017913 -2.212495 20.909960 252 232 216
4.250026 -2.174966 20.842161 254 237 228
4.286291 -2.176415 20.846905 254 238 230
3.655630 -2.131604 20.850634 253 228 205
4.035537 -2.135934 20.826809 254 235 220
3.563813 -2.107905 20.923037 251 223 200
3.685206 -2.096186 20.824297 254 230 207
4.274251 -2.103730 20.794086 254 238 229
4.507036 -2.122070 20.889185 254 247 244
3.528509 -2.042866 20.924971 251 221 198
3.955102 -2.030889 20.780554 254 236 221
4.027572 -2.034066 20.793085 254 236 222
4.129936 -2.034169 20.779600 254 238 224
3.523490 -2.090870 21.502645 232 205 177
4.092843 -2.000045 20.771526 254 238 224
4.412207 -2.008158 20.785742 254 245 240
4.663228 -2.004106 20.957014 254 247 247
3.877815 -1.928364 20.748346 254 236 220
4.220784 -1.930422 20.716728 254 241 228
4.328386 -1.933921 20.727739 254 242 234
4.977159 -2.097570 21.839849 222 214 213
4.147398 -1.894927 20.702431 254 239 225
4.181836 -1.895209 20.699863 254 240 226
3.802613 -1.859359 20.723400 254 235 216
3.837228 -1.859873 20.722603 254 236 218
3.906382 -1.860807 20.720308 254 238 221
4.075750 -1.860556 20.695669 254 238 224
3.542453 -1.835571 20.821098 253 224 201
3.633289 -1.827531 20.748077 254 230 207
3.665475 -1.826318 20.734596 254 231 208
4.318152 -1.831366 20.685774 254 242 235
4.435947 -1.840900 20.742275 254 246 243
3.558386 -1.976388 22.143600 225 196 164
3.509243 -1.877004 21.644295 231 202 170
3.475321 -1.824194 21.239870 237 207 177
3.599084 -1.763645 20.754799 254 227 205
4.240798 -1.761670 20.655182 254 239 228
4.349564 -1.733768 20.674253 253 241 236
4.202082 -1.694946 20.640978 253 236 225
4.274155 -1.697417 20.651220 253 237 229
3.657332 -1.661606 20.701040 253 225 206
3.991102 -1.658486 20.633249 253 231 217
3.594122 -1.632900 20.736002 252 221 202
3.720358 -1.626716 20.669844 253 224 208
4.532704 -1.644732 20.712534 253 246 249
4.269446 -1.598855 20.634621 251 233 226
3.534201 -1.722401 22.017727 229 196 166
4.021634 -1.560996 20.618046 252 226 214
4.196462 -1.564058 20.621618 250 230 221
3.684815 -1.530311 20.670984 250 217 203
4.159740 -1.530592 20.614601 250 228 217
4.229718 -1.531756 20.615721 249 228 222
4.646166 -1.553936 20.750404 254 248 253
3.531170 -1.508880 20.779573 244 211 194
3.811377 -1.493056 20.610806 251 219 207
4.052356 -1.463697 20.603889 248 221 210
4.596245 -1.481412 20.690329 253 247 253
4.436413 -1.437309 20.606863 248 237 242
4.120744 -1.400354 20.601919 244 219 209
4.470442 -1.405303 20.604061 249 239 245
4.676253 -1.422825 20.734165 254 248 253
4.831388 -1.448236 20.939857 245 240 243
3.468578 -1.429854 21.228079 228 194 175
3.752587 -1.371468 20.673275 243 210 199
4.290927 -1.368614 20.584620 242 222 222
4.825506 -1.412818 20.916727 248 242 246
4.323584 -1.336015 20.576044 243 223 225
4.358544 -1.336485 20.576244 244 226 229
3.517150 -1.408752 21.938591 218 185 164
4.254046 -1.271524 20.580618 238 214 214
4.186259 -1.239808 20.591362 235 209 206
4.287966 -1.239590 20.577959 237 216 217
4.669891 -1.258681 20.715046 253 248 253
3.509104 -1.271005 21.269423 223 192 177
4.671431 -1.227186 20.723312 253 247 252
4.715877 -1.231756 20.762028 253 249 252
4.818043 -1.246705 20.893435 253 249 251
3.521590 -1.225098 21.141287 224 194 180
3.706020 -1.192608 20.806942 230 201 191
4.467215 -1.179918 20.601555 244 231 234
3.994209 -1.150501 20.678970 225 198 191
4.189641 -1.145884 20.612782 230 206 202
4.290976 -1.145397 20.597168 231 211 211
3.589840 -1.159787 21.133488 224 195 181
4.042748 -1.093828 20.750200 213 190 181
4.073984 -1.092335 20.731895 216 193 184
3.832168 -1.094836 21.112118 222 197 184
4.146815 -1.062363 20.747471 219 199 190
4.540118 -1.069043 20.775848 225 216 212
4.818595 -1.099104 21.055422 225 220 213
3.608122 -1.131199 21.852297 219 192 168
3.478556 -1.147205 22.389278 209 182 146
3.531777 -1.101886 22.267191 215 188 154
4.607499 -1.000683 21.079311 198 191 178
5.227313 -1.106408 22.152515 203 200 175
3.532486 -1.068262 22.273878 216 189 153
4.004481 -0.997511 21.459484 212 195 175
4.674547 -0.981133 21.218117 192 187 168
3.977075 -0.985261 21.694033 213 197 173
4.077306 -0.917147 20.931831 244 235 221
4.108890 -0.915777 20.913776 244 235 222
4.302383 -0.892069 20.995001 217 209 197
4.416425 -0.845025 21.197567 221 215 202
4.470607 -0.852662 21.281567 214 207 192
3.885546 -0.810558 21.224466 232 222 194
3.908590 -0.789777 20.977268 234 226 202
3.959685 -0.781841 20.879354 235 227 208
4.256607 -0.790078 20.951826 242 236 226
3.820114 -0.747204 21.258665 218 205 175
3.839042 -0.724979 20.985683 222 210 185
4.237608 -0.717695 20.865437 238 232 224
3.930236 -0.672978 20.736423 220 211 196
3.763676 -0.687681 21.342161 212 195 164
4.463502 -0.672083 21.093477 212 208 195
4.124657 -0.604259 20.666616 218 211 207
4.547369 -0.644089 21.150393 197 193 176
3.687566 -0.634625 21.517307 222 201 168
4.010590 -0.568119 20.621857 211 204 199
3.938438 -0.534865 20.610342 219 213 206
4.449784 -0.557057 20.874441 223 221 210
3.633841 -0.532120 21.028486 231 211 186
4.212673 -0.502815 20.592896 243 239 239
4.622546 -0.535340 21.011681 208 206 185
3.624940 -0.496208 20.981630 220 200 178
4.369652 -0.477216 20.673851 237 235 230
3.867957 -0.438572 20.610355 214 208 203
4.029169 -0.434950 20.550058 215 211 213
3.613344 -0.482102 21.718546 205 175 141
3.707609 -0.410771 20.679283 203 191 180
3.832703 -0.374536 20.611088 191 186 183
3.960296 -0.371221 20.555910 190 187 188
4.469118 -0.379388 20.652573 224 225 220
4.561766 -0.386329 20.750944 206 207 193
3.625717 -0.354646 20.803070 181 162 149
3.739708 -0.314272 20.671881 176 168 164
3.926385 -0.307732 20.563269 172 171 174
4.053640 -0.304478 20.507854 171 173 178
4.328726 -0.304399 20.495634 205 207 213
4.586770 -0.318865 20.709068 186 186 172
3.712924 -0.284947 20.715691 172 163 159
4.488275 -0.278551 20.586763 195 197 191
3.587489 -0.269141 20.983192 164 145 128
4.288535 -0.239056 20.474234 182 187 195
4.527555 -0.247727 20.607044 184 185 176
3.622426 -0.285106 21.784164 201 172 138
3.609568 -0.223421 21.307676 170 149 124
3.720552 -0.191437 20.762386 158 151 150
4.321591 -0.174991 20.469957 173 178 184
3.621964 -0.194650 21.379419 178 157 131
3.645610 -0.136260 20.926434 146 132 119
4.023231 -0.114828 20.539587 133 140 147
4.184043 -0.111569 20.479546 142 151 157
3.652894 -0.106179 20.968338 148 134 119
3.670328 -0.100976 20.872978 141 129 119
4.465172 -0.080571 20.494377 178 177 170
3.707320 -0.037147 20.888281 150 139 126
3.993819 -0.020645 20.571037 126 131 137
4.424834 -0.015463 20.473364 185 185 177
3.963052 0.010240 20.592352 132 136 142
4.150498 0.015402 20.492043 151 162 165
4.423240 0.016783 20.467930 188 188 179
4.053451 0.045506 20.527216 146 155 160
4.116235 0.047103 20.495747 156 167 171
3.740558 0.060058 20.885262 145 134 122
4.350576 0.081122 20.457460 185 188 180
3.835941 0.166984 20.661121 137 135 132
4.256003 0.244811 20.350481 171 184 177
3.916880 0.267736 20.549906 129 137 138
3.945908 0.268908 20.522100 123 132 134
4.061735 0.273526 20.412693 118 132 135
3.768250 0.319756 20.863068 133 131 124
3.735790 0.344933 21.066227 120 116 109
3.750453 0.348783 20.956511 119 117 110
3.924371 0.362048 20.593285 115 125 126
3.967297 -2.347243 21.326662 242 218 196
4.338721 -2.391994 21.576286 243 223 210
3.805422 -2.267563 21.029905 246 221 198
3.722288 -2.223257 20.958765 248 223 199
4.208100 -2.230948 20.944431 251 230 219
3.730772 -2.171017 20.818203 254 227 206
3.588312 -2.277165 21.805586 228 199 171
3.524163 -2.131963 21.022257 246 215 191
3.575352 -2.118305 20.918591 251 221 199
3.810317 -2.091094 20.693974 254 229 209
3.977979 -2.090960 20.670210 254 232 216
4.316172 -2.092283 20.633562 254 242 236
3.558091 -2.185668 21.631992 231 201 174
3.904278 -2.054560 20.647383 254 232 214
4.139585 -2.054865 20.617731 254 236 223
4.036509 -2.021646 20.621262 254 236 218
4.589655 -2.052696 20.771244 254 250 249
4.649922 -2.069201 20.882420 247 243 242
3.508428 -2.023493 20.937321 249 217 194
4.304803 -1.989839 20.585062 254 242 236
4.341573 -1.991899 20.595192 254 244 238
4.587913 -2.019663 20.765001 254 249 249
3.958304 -1.950759 20.577335 254 236 217
4.161562 -1.952341 20.561993 254 238 226
3.545248 -1.935927 20.757544 254 224 202
4.019646 -1.915460 20.542215 254 236 218
4.452023 -1.934581 20.627741 254 248 246
3.686886 -1.853628 20.596722 254 229 207
3.752573 -1.852836 20.582129 254 231 209
3.563208 -1.829580 20.671133 254 224 201
3.621751 -1.823442 20.616241 254 227 204
3.811348 -1.815838 20.533092 254 232 212
3.840955 -1.813247 20.509291 254 232 213
3.482421 -1.812945 20.798874 250 216 191
4.008610 -1.782485 20.493849 254 235 216
4.218062 -1.788112 20.510773 254 241 230
5.079544 -2.009993 22.129215 210 206 202
3.617514 -1.757608 20.596552 253 225 203
3.973389 -1.749925 20.490580 254 233 215
4.253034 -1.757544 20.514935 254 241 231
4.289452 -1.759302 20.524143 254 243 233
3.739302 -1.718150 20.518513 254 227 207
3.803319 -1.716375 20.496260 254 228 209
3.869920 -1.716348 20.487606 253 229 211
4.480995 -1.741506 20.610750 254 247 248
3.444858 -1.740252 20.988031 239 204 177
3.706204 -1.686993 20.525681 254 225 205
4.520635 -1.713140 20.634163 254 247 250
4.652159 -1.729878 20.752602 253 249 251
3.641476 -1.656994 20.546251 253 221 202
4.251178 -1.661981 20.510899 253 236 228
4.649076 -1.696214 20.740572 253 249 252
4.764771 -1.722105 20.937389 242 239 239
4.074234 -1.624846 20.487707 252 227 215
3.494366 -1.608009 20.682064 246 212 190
3.518558 -1.570170 20.627146 247 212 192
3.935546 -1.559034 20.482286 251 222 208
4.212779 -1.564729 20.496737 250 228 221
4.553837 -1.585746 20.632992 253 246 253
3.464899 -1.547848 20.713219 241 206 183
4.432195 -1.543084 20.555887 252 241 243
4.925358 -1.639914 21.325352 234 230 228
3.797497 -1.493556 20.477964 251 216 201
4.105785 -1.498133 20.480833 247 221 212
3.489108 -1.478612 20.659649 242 206 185
3.697831 -1.462457 20.493200 249 212 197
4.587441 -1.490259 20.632027 254 247 253
4.630203 -1.494787 20.666708 254 248 253
3.898537 -1.431523 20.474598 247 214 201
4.463048 -1.446691 20.543348 251 241 245
3.528059 -1.580275 22.140522 223 190 159
3.696702 -1.399197 20.490709 245 209 194
3.668108 -1.370792 20.522045 243 206 192
4.618109 -1.393258 20.618103 253 248 253
4.661050 -1.397659 20.653324 253 249 254
3.934188 -1.338769 20.487226 241 209 197
4.240767 -1.341472 20.477468 240 218 215
4.534468 -1.353707 20.557270 252 245 250
4.911358 -1.419442 21.122108 227 224 223
4.383780 -1.314317 20.503342 243 229 230
4.420949 -1.316046 20.515375 245 233 235
3.536777 -1.451660 22.202143 219 185 159
3.552098 -1.287389 20.640772 233 198 185
3.841009 -1.280045 20.539074 237 203 193
4.070833 -1.277450 20.489000 235 207 198
4.656037 -1.299741 20.635881 254 249 254
3.469065 -1.266646 20.754875 227 193 179
3.847414 -1.252165 20.574141 234 201 192
4.205772 -1.246374 20.479240 234 210 206
4.701424 -1.273133 20.682655 254 250 254
3.651500 -1.223750 20.626833 231 198 187
4.311433 -1.217261 20.492327 234 217 214
3.541305 -1.353464 22.236189 215 182 159
3.592299 -1.196815 20.679972 227 195 184
4.045368 -1.187302 20.537586 230 202 194
4.209988 -1.185525 20.502481 229 205 202
4.581422 -1.201262 20.618763 251 244 246
3.486883 -1.202343 21.065147 221 189 176
3.690158 -1.163581 20.654547 229 197 186
3.852522 -1.160438 20.605951 226 198 188
4.049670 -1.157976 20.560553 227 200 192
4.350686 -1.156837 20.517536 232 217 214
4.584065 -1.170664 20.631914 249 242 243
4.753933 -1.185405 20.762142 252 249 250
3.586069 -1.149157 20.841526 222 192 182
3.956626 -1.130486 20.612982 221 193 184
4.217440 -1.126082 20.541149 227 204 201
3.558352 -1.159476 21.281525 218 188 174
3.567914 -1.145381 21.134787 218 189 176
3.681294 -1.113884 20.797537 224 195 184
3.865770 -1.104179 20.678406 226 199 188
3.930339 -1.102663 20.656155 218 192 181
4.316196 -1.093360 20.520695 229 212 208
4.349904 -1.093335 20.517004 230 215 211
3.573757 -1.195720 22.002447 214 185 165
3.940879 -1.076274 20.711840 215 191 179
4.595746 -1.080245 20.687971 229 221 217
3.685709 -1.070622 21.016462 220 194 179
3.710518 -1.065693 20.961494 220 194 179
4.182749 -1.046588 20.711399 216 198 189
4.379646 -1.043348 20.657484 212 200 191
4.991526 -1.125803 21.476076 212 207 196
3.595124 -1.140820 22.133978 219 193 167
3.839769 -1.029974 20.910559 216 194 177
3.625528 -1.084856 21.887600 218 193 165
3.908405 -0.998149 20.907433 211 190 173
4.204813 -0.992884 20.821430 206 191 179
4.239409 -0.993057 20.820049 202 188 177
4.312110 -0.994918 20.833616 200 186 175
4.636432 -1.015491 21.029039 195 188 175
3.558748 -1.093084 22.359686 213 187 151
3.705601 -1.019721 21.526451 214 191 164
3.977623 -0.966529 20.906921 225 210 193
4.939220 -1.033720 21.568102 187 184 162
5.151603 -1.054142 22.159975 189 187 158
4.114158 -0.902222 20.895163 240 231 217
3.913908 -0.872631 20.943180 230 217 196
3.940360 -0.837117 20.901426 236 225 206
3.811651 -0.808805 20.958750 227 215 187
3.967472 -0.802035 20.863621 235 226 208
3.928435 -0.768031 20.843323 232 221 202
4.409262 -0.794883 21.136580 231 225 212
4.576994 -0.739955 21.256437 195 191 171
4.011951 -0.664673 20.743778 217 208 199
4.353643 -0.677042 20.880304 233 228 217
3.652521 -0.621712 21.052279 218 198 168
3.931108 -0.596229 20.687645 197 188 177
4.136728 -0.596623 20.679045 215 209 204
4.387325 -0.536677 20.717834 230 225 219
4.048340 -0.462679 20.590450 219 215 214
4.278546 -0.396659 20.540293 215 215 217
4.740536 -0.430997 21.045374 177 177 147
3.668812 -0.377888 20.771708 183 169 158
3.915504 -0.368924 20.619690 183 179 179
3.947107 -0.368111 20.605482 183 180 180
4.631383 -0.387448 20.878397 194 195 177
3.610246 -0.361652 21.025812 175 154 136
3.668872 -0.346133 20.773897 176 162 153
3.884025 -0.338135 20.636402 174 171 170
3.915928 -0.305771 20.625309 167 166 168
3.697578 -0.280757 20.746204 166 156 153
3.728796 -0.279785 20.728790 166 158 155
4.138123 -0.174236 20.539099 142 150 159
4.452161 -0.175417 20.554508 174 176 173
3.643275 -0.178266 21.836819 214 185 152
4.170852 -0.110590 20.534157 135 144 151
4.572605 -0.115777 20.630142 186 181 167
4.171696 -0.079172 20.539825 134 143 150
4.301980 -0.077384 20.504162 150 156 158
3.985523 -0.052553 20.642694 123 126 135
4.078579 -0.050003 20.591200 125 131 141
4.369545 -0.045426 20.499178 165 166 163
3.685843 -0.018508 21.275248 196 175 150
4.436248 0.018411 20.491528 188 186 174
3.724388 0.054273 21.103407 168 152 132
4.047381 0.076007 20.613970 144 151 158
3.708335 0.082139 21.210323 193 175 148
4.199049 0.112187 20.515505 167 178 180
4.260036 0.113851 20.478365 176 186 183
3.792055 0.159240 20.908531 140 132 121
3.925822 0.167639 20.701971 130 133 136
4.042102 0.172185 20.592731 134 144 150
4.071412 0.173244 20.567415 139 150 155
4.312267 0.180178 20.404440 172 179 169
4.097263 0.206559 20.527115 147 158 163
3.721260 0.209457 21.289734 174 161 136
3.817485 0.225246 20.862616 139 135 129
3.843738 0.226938 20.818113 142 140 136
4.007950 0.235425 20.597433 128 139 144
4.298169 0.245530 20.342196 147 158 148
3.918473 0.296153 20.671133 131 136 138
3.971434 0.299045 20.590158 107 117 121
4.025579 0.301672 20.517241 90 103 107
4.164147 0.307470 20.358294 95 112 111
3.931375 0.363126 20.564590 113 122 125
4.399762 -2.520865 22.314163 232 211 194
4.645431 -2.542708 22.429482 234 215 204
4.237823 -2.365107 21.497328 243 220 205
4.698077 -2.395560 21.644278 244 238 232
3.673996 -2.294332 21.309708 245 216 191
3.825796 -2.224849 20.805410 253 227 206
4.190374 -2.222300 20.738047 253 231 218
4.299465 -2.228461 20.766081 253 233 224
4.073239 -2.178450 20.668406 253 230 214
4.462234 -2.193426 20.720999 254 248 244
4.507824 -2.201530 20.771805 254 249 245
4.630258 -2.238123 21.012497 250 246 243
4.734772 -2.284554 21.324793 244 239 236
3.582763 -2.182247 20.985657 247 216 193
3.668718 -2.143028 20.695494 252 223 202
4.501799 -2.165865 20.745354 254 248 245
4.085124 -2.100337 20.559149 253 232 216
4.227552 -2.107076 20.588392 253 235 224
4.264190 -2.109396 20.600126 253 236 226
3.912098 -2.063790 20.544949 254 229 211
3.623217 -2.039521 20.635113 253 223 203
3.650491 -2.034947 20.597967 253 224 204
4.536171 -2.071491 20.748041 254 249 249
3.590172 -2.008406 20.641453 254 222 202
3.647344 -2.001381 20.581867 254 224 205
4.287361 -2.008657 20.551117 254 239 231
4.031831 -1.961530 20.467371 254 234 217
4.066084 -1.962368 20.469137 254 235 219
3.478226 -1.962474 20.783468 245 212 189
4.094256 -1.896922 20.443224 254 236 220
3.669578 -1.868956 20.523489 254 225 206
3.826896 -1.863541 20.461241 254 230 211
4.161577 -1.835571 20.443403 254 238 224
3.729738 -1.802736 20.486143 254 225 206
4.161591 -1.804487 20.444799 254 237 223
4.788970 -1.898218 21.106239 237 231 231
3.490270 -1.789762 20.662447 251 215 192
3.762337 -1.771463 20.481419 254 225 206
4.427793 -1.793907 20.576519 254 244 244
4.465852 -1.765258 20.595032 254 244 245
3.635758 -1.713137 20.530725 253 220 199
3.698112 -1.710611 20.502209 254 221 202
3.891257 -1.707396 20.451654 254 225 208
3.988776 -1.706448 20.431660 253 229 212
4.056314 -1.707403 20.431019 253 232 216
4.232272 -1.713884 20.462044 253 234 227
3.547023 -1.689382 20.603827 252 215 193
3.666382 -1.680441 20.514839 253 219 199
4.021835 -1.675448 20.429171 253 228 213
4.159025 -1.678518 20.437540 252 232 222
4.543365 -1.708384 20.637274 254 245 250
4.122433 -1.645309 20.425659 252 229 218
4.628902 -1.686966 20.712553 254 248 253
3.441589 -1.646476 20.784384 241 202 175
3.986399 -1.611884 20.423685 252 222 208
4.581418 -1.647820 20.655848 253 247 252
3.761190 -1.584528 20.484060 253 216 200
3.793574 -1.584126 20.476664 253 216 201
3.509053 -1.679693 21.614820 232 193 166
3.576106 -1.562122 20.583088 249 209 191
3.889765 -1.551302 20.450960 252 216 202
4.618230 -1.586408 20.668512 253 248 254
3.504631 -1.644002 21.589579 231 193 166
3.575989 -1.530922 20.583992 247 207 190
4.223109 -1.521775 20.425701 247 226 219
4.259114 -1.523375 20.435492 248 228 222
3.890716 -1.489793 20.458784 249 213 201
3.527357 -1.668544 22.401144 223 186 154
4.219622 -1.457644 20.411493 245 222 216
4.254797 -1.458758 20.417423 246 224 220
4.521489 -1.476523 20.546677 252 243 250
3.892938 -1.428979 20.473261 246 209 199
4.021817 -1.427001 20.440062 243 213 204
4.363081 -1.432247 20.448248 247 231 232
4.561487 -1.448437 20.573448 252 244 251
5.005994 -1.566018 21.599266 229 224 222
4.650350 -1.427694 20.663704 253 249 253
3.607018 -1.373945 20.576069 238 199 188
4.436347 -1.373231 20.474163 246 235 239
4.057687 -1.335247 20.454254 237 208 201
3.435899 -1.329072 20.766911 230 190 172
3.769453 -1.309723 20.542130 237 200 192
3.547156 -1.284367 20.625212 230 193 181
4.060158 -1.274309 20.469395 234 204 198
4.367332 -1.247064 20.475729 237 222 221
4.511288 -1.251997 20.508997 247 239 241
4.739204 -1.279304 20.755760 253 249 253
3.480670 -1.303662 21.460747 219 184 165
3.872707 -1.218211 20.555016 230 197 189
4.406248 -1.218436 20.499233 237 224 223
4.552024 -1.223981 20.539383 249 242 244
3.443477 -1.208114 20.818989 221 186 174
3.582254 -1.191823 20.637093 225 192 181
3.939711 -1.124789 20.554607 219 191 182
4.266891 -1.121880 20.489592 223 203 197
4.514789 -1.128148 20.529816 238 229 227
4.649684 -1.111292 20.672865 238 230 227
3.506848 -1.239120 22.527514 202 173 142
3.532761 -1.076152 20.749683 220 191 177
3.787657 -1.069631 20.652672 225 197 186
3.939528 -1.062223 20.556498 205 181 170
4.485151 -1.067056 20.553526 223 212 207
3.662550 -1.042665 20.715061 219 191 176
4.037229 -0.998638 20.537394 213 193 182
5.023189 -1.123901 21.848623 198 193 177
3.528831 -1.015236 21.135201 211 185 159
3.853052 -0.974909 20.642687 210 189 174
3.537443 -1.100360 22.496742 207 180 143
3.510977 -1.071730 22.563375 207 181 141
4.059875 -0.900209 20.484354 232 218 205
4.365063 -0.929612 20.803274 189 180 163
4.093403 -0.869099 20.483601 225 214 201
4.177562 -0.876350 20.563055 209 198 184
3.751446 -0.864293 20.838852 214 195 169
3.907302 -0.829499 20.398987 243 233 217
4.170412 -0.842088 20.529310 222 213 200
3.929500 -0.793858 20.340956 245 236 222
4.002473 -0.796670 20.369534 244 235 223
4.244643 -0.782294 20.561083 237 232 219
3.915640 -0.726330 20.272312 236 226 213
3.951179 -0.727350 20.282497 235 225 214
4.104450 -0.735553 20.375572 241 231 221
4.146319 -0.738884 20.415087 244 235 224
4.189030 -0.742482 20.457973 246 240 229
4.222161 -0.711166 20.455122 244 240 228
4.399332 -0.739181 20.809422 209 204 187
4.415041 -0.669232 20.723291 197 193 175
3.791253 -0.562527 20.153204 206 190 180
4.319823 -0.585308 20.439329 213 209 198
4.386281 -0.596303 20.591148 205 202 188
4.453873 -0.607504 20.745832 198 195 178
3.669104 -0.628657 21.571175 221 196 162
3.852264 -0.499522 20.126911 220 210 206
3.886423 -0.499979 20.131392 220 210 207
4.295614 -0.515042 20.327602 232 226 219
4.624718 -0.565351 21.052917 201 198 177
3.542729 -0.488440 20.445341 228 205 182
4.374342 -0.487670 20.379896 237 233 223
3.632971 -0.516953 21.365305 210 183 156
3.684388 -0.436965 20.120426 216 204 195
3.781591 -0.436536 20.107777 217 208 204
3.849012 -0.437126 20.112782 217 209 207
3.917384 -0.437996 20.122072 218 211 211
3.537030 -0.424343 20.415813 200 179 159
4.195024 -0.380694 20.174875 215 213 217
4.017639 -0.346369 20.127184 187 185 189
4.353632 -0.295034 20.291100 208 211 210
3.637652 -0.347539 21.819746 188 158 125
3.955153 -0.224562 20.154127 152 153 161
4.499973 -0.244273 20.496994 181 181 171
3.696173 -0.311524 22.389362 213 181 141
3.515591 -0.200921 20.303837 155 137 120
3.695133 -0.195230 20.190435 156 151 153
3.516654 -0.170416 20.311487 149 131 113
3.639066 -0.205292 21.624413 188 163 131
3.528724 -0.143055 20.382244 149 131 112
3.757356 -0.132699 20.169914 144 141 147
4.080814 -0.130498 20.118525 139 146 155
3.687619 -0.101089 20.153997 139 133 136
4.225772 -0.102466 20.172876 149 155 160
3.880455 -0.068859 20.119926 125 129 140
3.945930 -0.068623 20.114107 125 130 141
4.011225 -0.068333 20.107166 127 134 143
3.554168 -0.048133 20.341221 159 141 121
3.781788 -0.038424 20.127232 128 126 134
3.905021 -0.005521 20.077955 121 125 136
4.153984 0.089980 19.997133 178 185 185
3.969994 0.117401 20.075500 143 150 158
3.853264 0.181636 19.990572 122 127 136
4.111003 0.213902 19.955252 170 181 182
3.893005 0.247133 19.858854 133 142 148
3.821950 -2.440677 22.059860 230 202 174
4.493322 -2.369033 21.464741 240 220 213
3.948127 -2.202214 20.805670 250 221 202
4.147609 -2.202375 20.780201 251 224 210
3.866061 -2.158819 20.729702 251 222 201
5.071004 -2.421277 22.477156 206 200 193
4.300284 -2.130425 20.693636 253 231 226
5.026080 -2.358824 22.275223 209 204 198
3.842976 -2.079051 20.605457 253 223 203
4.045918 -2.083118 20.608892 253 225 209
4.489489 -2.114460 20.783083 254 247 243
4.799264 -2.204608 21.411512 234 229 225
3.499726 -2.062982 20.763527 244 210 188
3.578571 -2.046794 20.631695 249 216 195
3.870464 -2.044086 20.573036 253 225 206
4.146414 -2.053211 20.605288 253 228 216
4.071222 -2.015699 20.567284 254 228 212
3.637086 -1.979418 20.584301 252 219 199
4.647693 -2.035341 20.881735 254 249 247
4.240324 -1.956665 20.570444 254 233 228
3.632746 -1.914372 20.561651 253 219 198
4.472510 -1.946815 20.707850 254 246 245
3.924437 -1.881269 20.507610 254 227 209
4.274265 -1.895172 20.573023 254 235 231
5.120339 -2.135795 22.373667 203 198 192
3.480491 -1.939872 21.283587 233 199 170
3.889092 -1.848633 20.499067 254 227 208
3.990243 -1.850565 20.501659 254 229 211
4.057501 -1.851667 20.501913 254 230 215
4.431556 -1.879497 20.677519 254 244 241
3.569014 -1.823118 20.584194 253 219 195
3.664128 -1.820802 20.553301 254 221 199
3.823546 -1.817751 20.508266 254 226 206
4.056325 -1.819998 20.496935 254 229 214
4.634217 -1.869418 20.824825 254 247 248
4.868190 -1.945213 21.410604 231 226 225
3.632204 -1.790544 20.563496 253 219 197
3.791066 -1.787091 20.515047 254 225 205
4.162208 -1.793761 20.522936 254 231 222
4.234535 -1.797803 20.547012 254 234 229
4.428526 -1.815159 20.665106 254 243 241
3.545687 -1.921115 21.918070 227 193 161
3.539486 -1.763745 20.610209 252 217 192
3.569451 -1.761686 20.589323 253 218 194
4.343760 -1.741830 20.586611 254 237 235
3.950710 -1.691844 20.475731 253 223 206
4.266639 -1.704205 20.541779 253 234 229
4.303627 -1.644429 20.559334 252 233 229
4.341574 -1.647227 20.579107 252 234 232
4.496578 -1.659739 20.669365 253 243 245
4.536710 -1.663499 20.697281 253 245 248
3.543143 -1.755336 21.909266 226 191 158
3.476594 -1.658048 21.056688 237 199 169
3.916928 -1.598680 20.477718 251 218 199
4.016194 -1.599255 20.470690 251 221 205
4.747009 -1.654881 20.873604 248 246 247
5.126128 -1.796753 22.082458 204 198 191
3.570469 -1.577000 20.602978 247 210 186
4.015662 -1.568077 20.469025 249 219 202
4.226253 -1.575868 20.513302 249 226 217
3.665217 -1.543639 20.570665 248 211 192
4.449242 -1.558359 20.609859 250 238 238
4.334167 -1.518765 20.547342 246 228 224
3.568618 -1.483035 20.595865 242 206 182
3.698602 -1.482171 20.572367 245 209 191
3.858205 -1.479370 20.527300 246 211 193
4.050105 -1.476406 20.476866 244 214 198
4.297371 -1.454637 20.535006 242 222 214
4.157130 -1.419179 20.510178 240 212 200
4.370060 -1.426995 20.560152 242 226 223
3.501877 -1.475824 21.438593 224 189 160
3.895901 -1.389390 20.553068 239 205 190
4.407760 -1.367054 20.580271 241 227 226
4.553585 -1.373395 20.625963 249 243 246
3.901252 -1.330418 20.584253 234 200 187
4.475745 -1.336703 20.581505 244 235 236
5.234611 -1.527748 22.404682 211 204 200
4.266929 -1.300666 20.556784 231 210 203
3.548027 -1.419675 22.183405 215 178 153
3.507206 -1.372056 21.697803 217 180 156
3.841636 -1.271845 20.628754 231 196 186
4.550263 -1.278084 20.613537 246 240 243
4.975188 -1.362046 21.430201 238 233 234
3.944195 -1.242578 20.637283 227 194 184
3.976635 -1.242244 20.630182 227 195 185
3.522748 -1.216167 20.734552 221 187 171
3.847476 -1.212806 20.663195 227 192 182
4.400516 -1.207939 20.550766 234 222 220
3.501558 -1.271195 21.666372 211 177 156
3.492016 -1.186394 20.753725 218 184 169
3.717912 -1.183185 20.694574 224 190 179
4.012175 -1.181245 20.641657 224 194 184
4.204422 -1.178081 20.586651 222 198 191
3.487923 -1.146673 21.365234 207 177 155
4.380724 -1.089276 20.622646 214 203 194
3.493995 -1.099280 21.189423 208 179 157
3.789253 -1.061175 20.720936 218 191 177
3.986144 -1.060042 20.687466 195 172 159
4.351300 -1.059716 20.645802 205 194 182
3.556741 -1.158804 22.251106 202 175 145
3.556995 -1.047349 20.948853 210 183 162
3.611410 -1.040910 20.868050 212 184 167
4.249608 -1.027694 20.648203 200 185 173
4.601041 -1.048595 20.856380 200 194 180
4.011716 -1.009271 20.825455 214 198 182
4.078001 -1.008983 20.815327 211 196 181
3.572109 -1.100421 22.352453 205 179 144
3.813960 -0.979222 20.862795 202 180 160
4.610935 -1.016060 21.228773 187 181 161
3.927323 -0.953656 20.924793 211 193 173
4.259390 -0.951883 20.870354 189 178 162
5.100895 -1.042404 22.319603 181 180 146
3.893100 -0.873363 21.117710 227 211 186
4.048389 -0.839766 20.666424 246 238 222
4.226462 -0.857514 20.880520 227 220 205
3.873433 -0.877404 21.595709 217 199 168
3.876237 -0.848871 21.217417 228 211 184
3.859178 -0.750413 20.745285 233 217 195
3.752875 -0.610326 20.534222 205 186 164
4.192495 -0.571406 20.379290 231 225 219
3.856255 -0.507540 20.371185 223 211 202
4.293863 -0.510374 20.384724 235 230 224
3.644255 -0.452334 20.493336 213 195 177
4.039573 -0.441582 20.286236 215 210 211
4.203723 -0.441481 20.273468 230 225 225
4.353634 -0.446709 20.351116 237 234 229
4.834852 -0.524598 21.625992 180 179 151
4.233870 -0.409965 20.258654 224 220 222
4.001159 -0.378582 20.261885 187 185 187
4.295474 -0.347388 20.235752 212 213 214
3.581448 -0.329906 20.521416 171 153 138
3.630733 -0.324618 20.420424 171 157 147
3.713401 -0.319671 20.323919 171 162 158
4.723411 -0.365565 21.121449 172 172 149
4.782913 -0.371721 21.232603 169 168 141
3.664585 -0.391405 22.283226 208 175 135
3.526132 -0.281740 20.794367 162 139 113
3.736589 -0.255596 20.270794 160 156 156
3.799142 -0.254722 20.250641 158 154 158
3.863469 -0.254351 20.240284 155 153 159
4.212142 -0.250982 20.157480 169 174 179
4.684860 -0.292348 20.947474 171 168 148
4.178060 -0.220138 20.154142 159 165 171
3.732965 -0.193449 20.253023 150 149 152
3.951382 -0.159934 20.183142 137 139 149
3.949240 -0.128900 20.173048 130 134 144
4.204090 -0.126953 20.122158 144 151 156
3.710750 -0.183681 22.132727 204 180 143
3.550544 -0.114148 20.545027 148 132 110
3.673218 -0.103258 20.292622 131 126 125
4.010498 -0.097346 20.148733 125 132 141
4.074256 -0.096878 20.136417 128 137 145
3.594795 -0.102866 21.010807 176 157 128
3.850748 -0.067942 20.178858 123 124 134
3.976466 -0.066611 20.144835 120 127 137
4.072370 -0.065978 20.127935 125 134 143
4.414576 -0.074949 20.333513 167 167 154
4.562098 -0.090793 20.705687 178 175 155
3.688747 -0.102853 21.785730 201 179 144
3.911683 -0.036368 20.152719 118 121 132
3.781274 0.054738 20.164646 137 136 139
4.032517 0.057235 20.097641 146 155 162
4.030168 0.088092 20.086725 150 160 166
3.743924 0.146885 20.143963 125 122 123
3.804623 0.147847 20.115932 119 121 126
4.292190 0.144482 20.236017 173 180 170
3.627253 0.168736 20.420059 159 145 128
3.833700 0.178926 20.096428 121 125 131
4.158701 0.180090 20.071980 165 177 175
4.013851 0.242532 20.008841 140 153 157
4.046837 0.242577 20.009365 146 160 163
4.116822 0.242127 20.030077 160 175 174
4.017861 0.272319 20.030348 113 128 131
4.156259 0.271745 20.063000 134 149 146
3.842975 0.329774 20.151800 115 122 126
4.160373 -2.322739 21.203505 237 210 194
4.216403 -2.289696 20.956617 238 211 199
4.003736 -2.273658 21.097662 244 214 197
4.305753 -2.227531 20.719776 245 223 217
4.450699 -2.236746 20.768002 249 238 232
4.109749 -2.173392 20.575378 249 223 211
3.576660 -2.187763 20.984205 245 210 188
3.582437 -2.110690 20.406836 250 216 197
3.643199 -2.107771 20.376974 251 218 200
4.283708 -2.150195 20.609779 251 228 224
4.476115 -2.169422 20.728214 254 246 241
3.670239 -2.073358 20.343561 252 219 201
4.588365 -2.146968 20.779404 254 248 243
5.037682 -2.345410 22.221092 199 192 180
3.561905 -2.003161 20.285456 252 218 199
3.984254 -2.030488 20.441498 253 225 210
4.021130 -2.033692 20.461447 253 226 212
4.264841 -2.044944 20.516563 252 230 227
4.420205 -2.061240 20.622240 254 243 239
3.649108 -2.266009 22.566593 219 185 157
3.590631 -1.940219 20.263439 254 219 200
3.900699 -1.925599 20.348654 254 226 207
4.009905 -1.934230 20.403564 254 227 214
4.255735 -1.946850 20.472692 253 232 228
4.438793 -1.928786 20.551798 254 245 244
4.075573 -1.873882 20.402042 254 229 218
3.686759 -1.819567 20.255398 254 222 201
4.396505 -1.861305 20.510397 254 243 243
3.531832 -1.971584 21.804811 227 190 161
3.685118 -1.788200 20.246698 254 221 200
4.248689 -1.819811 20.439953 254 232 226
4.141370 -1.782980 20.401615 254 229 218
3.493569 -1.877087 21.556219 229 190 160
3.855232 -1.734451 20.283943 254 223 202
4.208417 -1.723252 20.406473 253 229 221
3.530704 -1.867414 22.033134 223 185 153
3.417336 -1.706094 20.624851 239 199 172
3.518401 -1.632542 20.230137 251 210 189
4.066517 -1.654709 20.359589 252 222 209
3.817303 -1.609571 20.258621 253 216 195
4.455197 -1.642286 20.475245 253 244 247
4.619836 -1.660406 20.618715 254 249 252
3.517732 -1.759687 21.950436 222 184 152
3.886703 -1.582529 20.280310 252 215 195
3.392778 -1.589054 20.684307 230 190 162
4.413422 -1.575893 20.436127 251 239 241
3.386183 -1.531078 20.429703 234 194 167
3.710672 -1.512299 20.212992 250 208 193
4.233743 -1.535873 20.370846 246 223 216
3.578552 -1.479437 20.204231 245 205 187
3.677001 -1.481082 20.207914 248 206 191
3.498426 -1.615785 21.826815 220 182 151
4.060788 -1.468666 20.333910 245 212 198
4.164145 -1.472187 20.355450 242 214 203
4.336097 -1.446891 20.386503 243 226 224
3.448934 -1.387868 20.210489 234 197 174
3.784849 -1.397509 20.266191 242 203 189
4.129274 -1.409852 20.347795 239 209 198
3.888244 -1.371165 20.294365 238 201 187
4.336995 -1.386158 20.392338 240 223 221
4.448906 -1.393221 20.450382 246 235 238
4.615620 -1.410419 20.604313 253 247 253
3.594554 -1.338330 20.304441 234 198 183
3.960551 -1.345095 20.330408 235 200 188
4.302582 -1.354597 20.387293 237 218 214
4.449862 -1.362967 20.455677 245 234 237
5.008932 -1.467049 21.457069 214 208 203
4.098575 -1.319251 20.362503 233 203 192
4.269281 -1.323601 20.387659 233 212 207
4.376727 -1.328439 20.425369 239 224 225
4.413918 -1.330655 20.444057 242 229 231
4.986740 -1.424957 21.358500 219 214 210
3.700591 -1.283199 20.351171 233 195 185
4.623485 -1.321036 20.643080 251 246 253
4.713712 -1.331880 20.747154 253 249 254
4.809303 -1.344762 20.872154 246 241 244
3.468998 -1.249196 20.340052 225 189 171
4.239209 -1.263594 20.405006 228 205 200
4.380497 -1.268872 20.445238 236 222 222
4.579554 -1.285067 20.595961 249 242 249
3.709981 -1.227552 20.407545 228 191 182
3.516183 -1.355827 22.189739 208 171 147
3.609600 -1.195197 20.398968 225 189 178
4.178129 -1.204247 20.434036 222 197 190
4.546346 -1.223001 20.599627 245 238 242
3.402633 -1.214149 20.979546 211 175 155
4.180577 -1.174760 20.447371 219 195 188
4.801928 -1.216016 20.841276 251 247 248
3.437744 -1.223093 21.436314 207 172 150
3.432865 -1.143891 20.530066 214 180 164
3.721593 -1.142168 20.477726 220 186 176
3.788426 -1.143152 20.481451 220 187 178
4.113289 -1.143087 20.444012 219 193 186
4.015497 -1.112355 20.454538 214 188 178
4.765757 -1.152126 20.833506 244 241 239
3.758945 -1.083444 20.504059 214 183 172
4.629456 -1.106100 20.675665 225 219 215
3.506252 -1.205206 22.368759 195 165 135
4.369195 -1.062895 20.559153 202 192 179
3.491836 -1.183784 22.516428 196 167 132
3.516413 -1.177662 22.438681 196 167 134
3.897384 -1.026029 20.537756 203 179 166
4.693652 -1.068952 20.977282 200 194 182
3.615731 -1.001107 20.641304 205 177 156
4.837989 -1.079542 21.488525 190 185 167
3.499687 -1.121161 22.572451 197 171 131
3.543301 -1.033821 21.457355 201 174 143
3.654489 -0.989088 20.876738 203 177 152
4.111287 -0.972215 20.613396 199 182 168
3.652213 -1.022171 21.709776 201 176 144
3.942989 -0.905678 20.984632 223 206 183
4.112163 -0.893157 20.798668 235 223 208
4.343149 -0.918421 21.114788 203 193 176
4.133520 -0.839118 20.913977 241 232 215
4.120455 -0.740362 20.846748 230 220 205
3.916919 -0.786328 22.043335 213 192 159
3.882914 -0.644925 20.843374 208 190 168
4.096509 -0.638506 20.721544 212 201 189
3.784931 -0.677350 21.890966 219 194 161
4.542212 -0.642449 21.253601 203 192 180
3.743757 -0.580289 20.819107 215 195 169
4.012054 -0.570377 20.629913 208 196 185
3.730891 -0.604977 21.776886 224 196 166
3.907673 -0.537630 20.608072 217 205 192
3.706476 -0.576148 21.844187 222 192 162
3.777285 -0.507142 20.626093 229 214 197
4.291062 -0.472526 20.517155 233 228 225
3.707729 -0.523376 22.075455 198 167 135
4.244648 -0.437957 20.452108 220 217 216
4.652427 -0.475823 21.120743 200 197 180
3.845650 -0.405509 20.450378 189 180 174
3.908582 -0.404802 20.432102 189 182 178
4.788899 -0.461162 21.436623 177 174 149
3.780763 -0.375031 20.458582 180 170 165
4.130813 -0.372391 20.381079 186 186 186
4.528949 -0.390003 20.696095 203 203 192
3.664996 -0.348865 20.557051 171 156 152
4.549614 -0.324763 20.634796 177 179 166
3.656384 -0.284998 20.507641 160 148 148
4.212782 -0.276711 20.294277 167 174 176
4.489138 -0.287526 20.507427 179 182 173
3.677712 -0.251264 20.439217 156 147 150
3.915163 -0.245205 20.290894 148 147 154
3.784765 -0.153958 20.299410 137 135 141
3.666696 -0.158224 21.182163 147 130 114
3.726219 -0.125085 20.341333 132 128 131
4.093956 -0.119993 20.195545 128 137 144
4.485619 -0.101660 20.494650 168 167 153
3.701105 -0.065829 20.388271 123 117 114
3.754513 -0.063279 20.316706 122 120 122
3.651266 -0.038619 20.484251 133 122 111
3.730864 -0.034710 20.370701 121 116 115
4.283038 0.002542 20.157084 162 167 159
3.731685 0.026114 20.377132 129 124 121
3.893976 0.032315 20.182049 126 130 138
3.985015 0.033502 20.143562 130 138 147
3.661060 0.045349 20.744036 154 139 117
3.679074 0.054231 20.455894 133 124 111
4.244622 0.094321 20.131611 173 180 173
3.683737 0.171050 20.683447 151 138 119
3.948546 0.185146 20.127171 125 135 142
3.685639 0.206369 20.498890 138 129 113
4.007406 0.216212 20.093441 138 149 155
3.760511 0.213749 21.555067 161 144 119
3.701733 0.269802 20.401337 133 125 117
3.831963 0.304284 20.208254 127 129 133
3.734118 0.331009 20.399654 121 114 111
3.926665 0.335101 20.189568 92 100 105
4.090076 -2.566419 22.732574 218 189 164
4.563200 -2.463331 22.155317 231 210 197
4.778620 -2.467838 22.160589 238 230 220
4.256853 -2.306915 21.268560 240 215 199
4.431539 -2.312441 21.287222 242 224 214
4.353458 -2.203272 20.709234 251 235 227
4.478672 -2.169176 20.667807 254 246 241
3.592474 -2.214637 21.374754 236 202 175
3.934643 -2.120368 20.598660 248 219 200
3.966547 -2.120094 20.592394 248 219 201
4.398921 -2.128593 20.602163 253 242 238
5.006219 -2.325600 22.052216 185 179 167
3.655269 -2.295770 22.251661 223 192 161
3.705007 -2.086848 20.605289 249 215 195
4.633790 -2.123486 20.772411 247 243 239
3.608433 -2.252412 22.174746 216 185 153
3.535844 -2.103842 21.004515 239 204 178
4.542244 -2.076019 20.653326 253 247 245
4.622949 -2.054942 20.720873 249 244 243
3.634790 -1.990939 20.579224 252 215 194
3.918424 -1.986656 20.507847 252 221 202
4.109782 -1.985645 20.474964 253 228 216
3.751763 -1.891167 20.493979 253 217 198
3.939485 -1.887897 20.442385 253 222 202
4.408339 -1.869659 20.485769 254 242 241
3.748408 -1.828145 20.474884 254 217 197
4.369164 -1.835024 20.455168 254 239 235
3.482247 -1.814808 20.657555 244 203 181
3.714845 -1.796779 20.470293 254 215 196
3.875745 -1.797258 20.454025 254 220 199
3.529778 -1.896704 21.647738 229 191 164
4.509521 -1.780767 20.496426 254 247 246
3.555871 -1.737068 20.499092 250 206 186
4.157017 -1.732206 20.379416 253 225 211
4.808468 -1.824419 21.124535 232 226 223
3.968134 -1.703963 20.422001 253 219 200
4.064232 -1.703955 20.409807 253 221 203
4.157570 -1.702279 20.382793 253 224 210
3.773035 -1.671759 20.429247 252 213 193
3.549980 -1.642110 20.463259 249 204 184
4.093000 -1.641444 20.388914 251 219 202
4.250462 -1.639920 20.354927 252 225 215
3.450218 -1.624420 20.887524 233 192 165
3.448569 -1.600308 20.656267 237 195 169
3.900375 -1.580611 20.410841 250 211 190
4.182690 -1.577316 20.343998 249 217 206
4.387484 -1.584209 20.384632 252 232 232
3.607042 -1.546862 20.413712 247 201 183
4.248038 -1.547846 20.343596 249 219 211
4.056238 -1.517714 20.368795 247 212 194
4.118397 -1.516697 20.351053 245 212 198
4.149658 -1.516300 20.343252 245 213 200
5.090165 -1.691024 21.952030 203 198 192
3.580902 -1.668285 22.239225 220 182 152
3.436876 -1.470548 20.581038 232 190 167
4.117113 -1.455570 20.345028 240 208 194
4.521587 -1.465658 20.397795 251 242 244
3.703892 -1.426716 20.410141 239 197 182
4.211934 -1.424774 20.327780 237 211 201
3.502801 -1.495524 21.472431 222 184 157
4.087581 -1.396446 20.363087 235 204 190
4.211776 -1.394485 20.327374 234 209 200
4.520030 -1.373783 20.391376 248 240 245
4.556198 -1.375643 20.406761 251 244 250
4.642379 -1.385621 20.502401 253 249 253
3.615895 -1.340745 20.472630 229 190 175
3.842111 -1.341763 20.456194 233 195 181
4.415101 -1.339427 20.361458 238 227 229
3.969798 -1.311102 20.437397 229 194 181
4.000435 -1.310348 20.425425 229 194 183
4.153859 -1.306865 20.368662 226 199 191
4.155749 -1.277531 20.379162 224 197 189
4.415382 -1.278940 20.363653 235 225 228
4.719698 -1.299328 20.554459 253 248 252
3.438929 -1.278386 20.818373 217 179 160
3.596523 -1.257080 20.557934 221 187 173
3.817363 -1.254716 20.504688 224 190 178
3.880544 -1.254125 20.490421 224 190 178
4.157639 -1.248164 20.389662 222 195 187
4.450890 -1.250144 20.376991 236 228 233
3.820925 -1.226194 20.526144 221 189 177
4.452540 -1.220528 20.385542 236 227 232
4.765253 -1.243408 20.612000 250 247 251
3.855696 -1.197088 20.537811 219 187 176
4.490784 -1.192780 20.411945 239 232 236
3.484580 -1.212273 21.126223 211 177 160
3.859319 -1.168457 20.559414 217 186 175
4.529414 -1.165056 20.439730 243 237 240
4.565771 -1.166750 20.455645 247 242 244
4.361882 -1.131954 20.427641 219 207 201
4.534249 -1.136589 20.463646 237 230 230
3.508646 -1.163157 21.288792 207 174 156
3.924598 -1.107862 20.557045 206 179 168
3.954243 -1.106625 20.538300 204 178 166
4.107936 -1.103187 20.477875 208 184 173
3.530342 -1.125492 21.208628 204 174 155
3.550467 -1.197486 22.530968 194 165 134
3.625990 -1.130112 22.077480 195 170 143
3.921756 -1.029689 20.732281 198 176 161
3.673493 -1.036537 21.261396 199 172 148
3.677280 -1.056114 21.954054 197 172 141
4.693502 -0.999839 21.075092 180 174 151
4.032313 -0.942762 20.794699 243 230 215
4.016488 -0.918810 20.894550 243 230 214
4.082170 -0.856779 20.887934 244 233 217
4.264137 -0.863253 20.963295 224 217 197
4.401630 -0.877058 21.151558 204 196 175
4.299751 -0.801822 20.974104 242 237 220
4.341646 -0.804883 21.016680 238 233 216
3.872617 -0.771656 21.036419 228 209 187
4.103884 -0.759744 20.824095 228 216 203
4.464726 -0.781428 21.126799 202 192 172
4.233157 -0.697220 20.800406 233 225 211
4.522059 -0.715588 21.073111 185 175 152
3.706733 -0.658947 21.263914 208 182 148
3.756091 -0.640714 20.942881 196 173 147
4.287072 -0.631742 20.732912 217 210 197
4.590508 -0.653327 21.075794 179 170 145
3.729153 -0.569486 20.779150 223 205 183
4.029465 -0.561239 20.598618 218 207 199
4.421898 -0.571113 20.739538 221 210 198
3.665634 -0.539315 20.797390 233 212 188
3.634300 -0.508967 20.809601 221 199 176
4.357223 -0.500739 20.580833 234 226 220
4.103159 -0.432413 20.461775 207 201 202
4.378415 -0.436570 20.520796 231 227 222
3.645917 -0.410186 20.676514 185 166 156
4.004920 -0.401665 20.464218 185 179 181
4.541572 -0.413859 20.671303 202 200 186
3.602039 -0.415992 21.471376 178 149 120
3.585422 -0.390710 20.924311 170 146 130
3.594033 -0.383483 20.766731 170 149 138
4.638970 -0.390243 20.819160 170 170 150
3.642319 -0.347926 20.655128 166 151 147
3.668750 -0.315688 20.615240 161 149 149
3.845096 -0.310944 20.490223 158 153 156
3.876328 -0.310665 20.481064 157 152 156
4.364472 -0.311213 20.451756 191 196 196
4.297653 -0.280335 20.447779 169 177 180
3.722981 -0.251942 20.545782 153 146 149
3.998345 -0.248176 20.429893 142 144 151
4.586154 -0.262089 20.727570 166 167 154
4.091863 -0.217074 20.403614 138 144 152
4.187721 -0.186497 20.390295 140 150 155
4.331958 -0.189355 20.455843 154 164 165
4.407019 -0.191268 20.501335 160 166 163
4.449295 -0.193097 20.547083 160 164 158
4.592900 -0.201506 20.761200 166 165 151
4.124995 -0.156554 20.406258 130 139 146
3.616565 -0.165142 21.571585 184 160 126
3.998996 -0.126894 20.435360 120 125 135
3.614117 -0.125311 21.332838 183 161 131
3.645176 -0.103736 20.677269 131 118 109
3.842318 -0.097567 20.477451 120 120 127
4.224397 -0.096226 20.411734 127 138 143
3.608587 -0.078938 20.864988 163 145 122
4.031487 -0.066176 20.434517 110 117 126
3.905828 -0.036534 20.466364 115 117 126
4.530559 -0.047263 20.786903 176 174 156
3.636448 -0.016200 20.831924 170 152 130
3.972651 0.023980 20.473953 120 124 133
4.276011 0.022589 20.510792 163 171 170
3.813318 0.053852 20.502207 126 123 128
4.206010 0.053738 20.490427 161 171 174
4.073429 0.084446 20.486683 136 146 153
3.943030 0.114840 20.493635 122 127 134
3.684706 0.140515 20.721834 149 136 118
3.707211 0.141893 20.656988 137 128 115
4.046445 0.144681 20.520323 131 141 147
4.116321 0.144196 20.541668 145 156 162
3.973154 0.236895 20.480047 119 128 133
3.704092 0.286515 21.264084 129 116 95
3.813681 0.297268 20.508318 134 132 135
3.989062 0.299113 20.386450 87 98 102
3.739550 0.325776 20.656034 123 114 110
4.307872 -2.538411 22.374390 217 188 160
4.731222 -2.542419 22.350073 220 207 193
3.991647 -2.532678 22.620716 222 191 164
4.090795 -2.527529 22.569109 228 196 169
3.853117 -2.470458 22.417221 226 194 167
4.042980 -2.372064 21.641125 238 204 178
4.174085 -2.318609 21.215904 238 206 185
3.689795 -2.384979 22.032187 223 191 162
3.948512 -2.153926 20.684305 249 213 190
5.019281 -2.383141 22.359316 202 195 187
4.435305 -2.126543 20.646667 254 244 242
3.529146 -2.119023 20.947998 239 202 177
3.781456 -2.088132 20.665916 253 214 195
4.287777 -2.083442 20.563431 252 230 223
4.321889 -2.084831 20.570318 253 234 229
4.393159 -2.089538 20.599310 254 240 238
5.125083 -2.360299 22.696491 187 178 170
4.151359 -2.047411 20.534193 253 221 208
4.501997 -2.067059 20.650377 254 246 245
3.493541 -2.054939 20.931044 239 200 174
3.624723 -2.030301 20.710226 252 214 192
3.959310 -2.016927 20.556835 253 217 198
4.114628 -2.013888 20.511892 253 222 206
4.834037 -2.139401 21.460222 220 213 209
3.774673 -1.991958 20.624708 254 215 196
4.110977 -1.981204 20.491766 254 223 206
4.175592 -1.981768 20.488281 253 225 211
3.448773 -2.010364 21.079823 224 185 157
3.648288 -1.962931 20.651789 253 213 192
3.891295 -1.953505 20.540897 254 218 198
4.013699 -1.949902 20.494764 254 221 201
4.448556 -1.932189 20.546780 254 246 243
3.501967 -1.913210 20.765747 246 201 178
4.070879 -1.885250 20.450243 254 223 204
4.200482 -1.886740 20.446779 253 226 213
3.702831 -1.865059 20.584503 254 214 193
4.405806 -1.865129 20.496080 254 242 240
3.880218 -1.825165 20.475975 254 217 198
4.130772 -1.822661 20.421909 254 224 208
3.970236 -1.791523 20.432840 254 219 199
4.096633 -1.791096 20.413006 254 222 204
4.160863 -1.791527 20.408789 253 224 210
4.470777 -1.805222 20.493532 254 245 244
4.691515 -1.838737 20.768887 245 240 239
3.783294 -1.763928 20.479307 253 214 194
3.905500 -1.760666 20.433969 254 217 197
4.585931 -1.785569 20.576405 254 248 248
3.662960 -1.738598 20.538994 252 208 188
3.966722 -1.729153 20.412922 253 217 197
4.464667 -1.741287 20.462885 253 243 242
4.542028 -1.748699 20.522005 254 246 246
4.956045 -1.882736 21.715382 221 214 212
3.721648 -1.705040 20.499811 251 208 189
4.091970 -1.698076 20.387562 253 219 202
5.145067 -1.930764 22.446878 201 193 188
4.218782 -1.667976 20.371122 251 222 212
4.717703 -1.712653 20.735064 250 245 245
3.659042 -1.645490 20.514723 250 203 185
3.933474 -1.638098 20.408636 251 212 192
4.422016 -1.644847 20.412615 251 236 235
3.626954 -1.615188 20.517242 249 200 183
3.839040 -1.608528 20.425201 248 206 188
4.531224 -1.621802 20.468729 253 244 245
4.568520 -1.624552 20.491066 253 246 247
3.390499 -1.621065 20.905895 221 180 151
3.427977 -1.601836 20.709557 231 188 162
4.492255 -1.587941 20.437687 252 241 242
4.697931 -1.610838 20.640114 252 248 249
3.593846 -1.554098 20.513330 245 197 179
4.211034 -1.543622 20.330132 244 214 207
3.536107 -1.527849 20.560434 239 193 173
3.714163 -1.519686 20.454391 245 198 182
3.990833 -1.514492 20.366497 245 206 188
4.340955 -1.515305 20.331081 245 225 224
3.476829 -1.500628 20.598801 234 190 167
3.713222 -1.489057 20.448727 243 197 181
4.407879 -1.457019 20.341293 242 230 231
3.500614 -1.435037 20.540873 232 189 167
4.554461 -1.436214 20.422373 249 247 252
3.955212 -1.392420 20.348396 235 196 181
3.530698 -1.373689 20.525721 228 189 168
3.360120 -1.356539 20.693335 214 176 149
3.921557 -1.331454 20.340996 231 192 178
4.437545 -1.335909 20.327330 236 229 234
4.511581 -1.340690 20.372059 242 240 245
4.898688 -1.411137 21.118353 233 233 231
3.649911 -1.308860 20.458935 226 189 175
3.828949 -1.302734 20.366587 231 190 177
4.043184 -1.299055 20.297930 226 193 183
4.364789 -1.301615 20.287525 230 218 219
5.075789 -1.440144 21.787460 209 208 202
3.359460 -1.295464 20.689154 211 173 148
3.918995 -1.270269 20.326431 227 189 177
4.330133 -1.270296 20.276011 227 211 211
4.103976 -1.238104 20.277178 221 191 183
4.544364 -1.250779 20.373224 241 241 246
4.010865 -1.209000 20.298208 219 187 178
5.337057 -1.418903 22.667805 187 185 173
3.734395 -1.183110 20.381506 220 185 173
4.329741 -1.180332 20.274357 223 207 204
5.318267 -1.378059 22.581425 192 190 177
3.884876 -1.149389 20.316282 218 185 173
4.668104 -1.171579 20.497877 249 249 251
3.452211 -1.141948 20.655359 207 175 157
3.677658 -1.126494 20.430988 213 180 169
4.070971 -1.117921 20.273750 213 185 176
3.736186 -1.094083 20.393089 209 177 165
5.003051 -1.187296 21.448298 220 219 208
3.977600 -1.058764 20.293335 191 164 153
4.481762 -1.070485 20.387064 208 203 194
5.027050 -1.164219 21.560547 210 209 195
4.536415 -1.048973 20.496740 198 194 181
4.661462 -1.059657 20.625668 201 198 185
5.328818 -1.214317 22.630507 187 186 163
3.505737 -1.153387 22.474718 191 162 123
3.994679 -1.006222 20.391121 204 186 170
4.240818 -1.015742 20.492302 188 172 155
4.682989 -1.036934 20.730330 188 184 167
3.852089 -0.983197 20.506897 194 171 154
3.881214 -0.982005 20.486656 200 178 162
3.941749 -0.980651 20.460344 210 191 175
4.370583 -0.998414 20.657928 183 172 151
4.437979 -0.999502 20.665071 181 173 151
3.839289 -1.003797 21.236223 191 169 144
4.509017 -1.007210 21.204533 180 172 149
4.603951 -1.017659 21.342840 179 172 148
4.778131 -1.032037 21.527918 177 171 147
4.408297 -0.975377 21.209316 179 169 147
3.957203 -0.940656 22.189178 205 186 153
3.967210 -0.930722 22.032679 216 197 166
4.134587 -0.823274 20.812769 234 225 208
4.591404 -0.868157 21.996742 214 206 186
3.946458 -0.764255 20.874580 225 208 192
3.968068 -0.760370 20.806862 224 207 193
4.251585 -0.768434 20.908850 236 228 212
4.314391 -0.778376 21.068283 241 234 218
3.928161 -0.786643 21.790594 220 200 171
4.418101 -0.686590 21.083754 216 207 192
3.865364 -0.704108 22.052509 206 181 149
4.160686 -0.627425 20.592434 209 201 189
3.775522 -0.632041 21.921730 222 195 162
3.698406 -0.552967 20.982594 232 210 185
4.005093 -0.528525 20.453079 226 215 210
3.707551 -0.504907 20.622833 223 206 187
4.130877 -0.497899 20.428911 230 222 218
4.199757 -0.499250 20.449314 235 227 224
4.360009 -0.507572 20.604757 236 230 227
3.649129 -0.516950 21.540806 203 174 142
3.679688 -0.475847 20.653399 209 192 174
3.760054 -0.471177 20.543957 210 197 185
4.094622 -0.466617 20.408379 219 210 209
3.648552 -0.445771 20.663527 195 175 159
3.963939 -0.435654 20.403803 203 191 193
4.262728 -0.438674 20.437580 223 216 219
3.588240 -0.435608 21.134123 182 153 126
3.647088 -0.414979 20.654337 183 164 152
3.700314 -0.411905 20.577936 185 171 161
3.963187 -0.405399 20.399632 187 177 180
4.189957 -0.406364 20.396723 202 197 200
3.644269 -0.417626 22.213120 192 158 116
3.993740 -0.344982 20.389225 162 157 161
4.329423 -0.348755 20.445532 198 198 203
4.417053 -0.353805 20.560154 207 209 210
4.222455 -0.316196 20.396997 168 172 175
4.413467 -0.322682 20.541847 195 200 201
3.933581 -0.285663 20.416630 146 147 151
4.089821 -0.285006 20.382601 147 151 154
4.531344 -0.302762 20.805798 177 183 177
3.601139 -0.267584 20.782259 148 130 120
3.786482 -0.258327 20.507801 149 143 147
3.934757 -0.255837 20.423632 140 142 148
4.257421 -0.256581 20.410170 156 166 169
4.368099 -0.259433 20.477100 171 179 182
4.593150 -0.277423 20.948891 167 170 161
3.735300 -0.200657 20.594158 140 134 136
3.793112 -0.169089 20.548788 133 130 135
3.824779 -0.138769 20.543400 126 124 131
4.467994 -0.144058 20.653131 148 152 145
3.753903 -0.052216 20.710842 115 108 106
3.920081 -0.047873 20.529095 110 111 120
3.700247 -0.034003 21.213160 162 146 120
3.785563 -0.021633 20.703873 122 116 117
4.046474 0.012909 20.505945 125 132 141
4.507971 0.003814 20.857573 176 177 157
3.740890 0.031981 21.045279 139 127 111
4.055393 0.072351 20.556709 125 133 141
3.831472 0.098701 20.784426 118 113 116
3.780740 0.120430 21.298862 143 130 112
3.811262 0.186420 21.069260 127 119 113
3.891460 0.190983 20.749269 122 122 130
4.336736 0.191924 20.658592 152 162 152
4.099146 0.223112 20.619347 123 135 140
3.806999 0.271020 21.907057 126 112 88
4.278511 0.284870 20.524755 131 144 138
3.990825 0.314874 20.562738 78 87 92
3.874183 -2.442116 22.131290 228 195 166
4.405379 -2.407640 21.792784 232 205 190
4.121644 -2.313567 21.332228 239 207 189
4.385565 -2.246554 20.764555 247 230 222
5.075390 -2.503285 22.725611 201 194 181
3.908581 -2.164031 20.646549 248 212 191
4.415743 -2.163399 20.577551 253 243 240
4.662222 -2.219077 21.001204 248 242 238
3.574553 -2.201747 21.249157 235 200 171
3.578943 -2.150558 20.825554 243 206 180
3.683257 -2.101396 20.654726 252 212 188
4.167060 -2.085028 20.456802 250 220 205
3.535018 -2.106673 20.972881 240 202 174
3.860703 -2.061666 20.550632 252 215 190
4.072222 -2.054919 20.466797 251 218 199
4.133507 -2.053732 20.449007 251 220 203
4.601114 -2.089350 20.691622 253 248 248
3.918006 -2.027429 20.506727 253 216 193
4.161567 -2.021549 20.425537 252 222 205
4.322841 -2.024083 20.426899 253 234 226
4.472560 -2.038784 20.534035 254 248 247
3.592241 -2.175616 22.094328 219 181 150
3.673458 -2.003534 20.589863 253 213 188
3.884361 -1.995991 20.497694 253 217 193
4.682574 -2.058012 20.935291 246 242 242
3.589263 -2.140930 22.072554 221 182 153
3.611982 -1.974908 20.609617 253 210 186
3.671497 -1.972030 20.576778 253 213 187
3.970643 -1.960366 20.436327 253 219 196
4.318087 -1.961341 20.400925 253 235 227
3.487075 -1.971775 20.864855 242 200 173
3.583206 -1.947095 20.632805 252 209 184
3.639640 -1.941849 20.578924 254 212 186
3.669588 -1.940603 20.564030 254 213 187
3.581326 -1.915596 20.619846 252 209 184
4.151904 -1.895980 20.370417 253 224 209
3.503510 -1.898893 20.751497 246 202 176
3.665872 -1.877936 20.539209 254 213 187
4.490225 -1.880370 20.456783 254 248 249
3.501818 -1.867370 20.739424 246 201 176
3.993379 -1.835365 20.380245 254 219 199
4.957913 -2.001157 21.794498 216 208 206
4.413505 -1.812707 20.393320 254 243 243
4.615432 -1.837143 20.597240 252 247 248
4.671427 -1.850273 20.713495 247 242 243
5.193757 -2.076346 22.771402 194 186 180
3.522629 -1.871322 21.349491 235 191 164
3.523486 -1.799458 20.664701 249 202 178
3.549296 -1.795144 20.620310 251 205 181
3.662951 -1.786064 20.519316 253 210 186
4.114824 -1.773408 20.341160 254 222 206
4.308484 -1.776713 20.347969 252 231 226
4.523796 -1.791588 20.462261 254 247 249
3.559485 -1.912727 22.359575 216 175 143
3.632589 -1.697107 20.530212 251 205 183
3.962780 -1.657226 20.387228 253 213 193
4.304984 -1.655722 20.328226 251 228 222
4.406356 -1.659637 20.354744 253 238 238
4.641390 -1.683256 20.562916 253 247 249
3.501697 -1.724302 21.437702 225 183 155
3.903833 -1.629733 20.417868 251 210 190
3.993693 -1.627190 20.380301 252 212 194
4.208609 -1.624670 20.326946 249 218 209
4.304347 -1.625637 20.324562 250 226 222
4.924350 -1.712974 21.461580 223 218 216
3.630397 -1.576008 20.514666 246 199 180
3.749557 -1.571804 20.454966 247 201 184
4.023639 -1.566860 20.367550 248 210 193
4.240417 -1.565483 20.325136 246 216 211
4.672362 -1.592458 20.554289 253 249 252
5.225662 -1.790746 22.575857 194 189 180
4.336604 -1.536898 20.324753 247 224 224
3.571890 -1.519049 20.552675 240 193 175
3.599459 -1.516558 20.521996 242 194 177
4.116326 -1.506645 20.347380 242 207 195
4.438517 -1.511023 20.353495 248 235 236
4.580577 -1.518820 20.420084 252 248 252
3.657898 -1.454026 20.483364 238 193 178
3.899535 -1.418772 20.390133 236 196 180
4.272895 -1.417409 20.326155 236 210 209
4.574618 -1.426367 20.389481 250 247 253
3.484444 -1.403661 20.614183 226 186 164
4.056589 -1.389156 20.371241 232 198 186
4.242388 -1.388061 20.334379 233 204 202
4.867647 -1.454230 21.022625 236 236 233
3.455371 -1.375192 20.636080 223 184 161
3.808630 -1.360933 20.421482 232 191 177
4.244000 -1.359078 20.342920 230 202 200
4.307055 -1.359257 20.336834 233 210 210
3.748144 -1.332366 20.443913 230 190 177
4.542153 -1.336296 20.387762 243 242 246
4.654361 -1.343807 20.463549 249 248 254
3.628648 -1.305931 20.500719 224 187 174
4.618366 -1.311969 20.445505 247 246 252
4.122975 -1.271808 20.382921 222 192 183
4.185472 -1.271694 20.373320 223 194 187
3.388936 -1.271669 20.855658 209 170 148
3.454870 -1.254703 20.631454 214 179 159
3.691188 -1.245951 20.489277 221 185 175
3.937904 -1.243549 20.426430 221 186 177
5.130333 -1.375812 21.950626 206 204 197
4.160600 -1.214987 20.413305 219 190 182
3.752138 -1.185225 20.467909 217 182 172
4.196416 -1.187032 20.433289 217 191 184
4.357504 -1.188601 20.432791 223 207 204
4.489954 -1.191205 20.449709 234 228 232
4.636225 -1.198999 20.533300 246 245 249
3.885438 -1.158856 20.496984 214 182 172
4.205354 -1.101016 20.482119 206 185 175
3.736144 -1.072859 20.569901 202 175 157
4.287140 -1.078376 20.575567 198 181 169
4.520719 -1.082726 20.606705 209 203 196
4.634687 -1.089440 20.687542 214 210 204
5.009442 -1.152418 21.538036 213 211 200
4.496482 -1.055277 20.649702 191 184 171
5.316547 -1.200516 22.660915 183 181 161
3.568274 -1.053288 21.194992 191 165 137
3.737641 -1.041766 21.000494 193 168 144
3.766198 -1.040130 20.972275 192 168 145
4.727334 -1.060735 21.151266 184 179 164
5.229393 -1.150166 22.418283 186 184 162
4.101487 -1.002148 20.814465 206 189 172
3.508790 -1.074478 22.496393 192 166 124
4.218769 -0.991644 21.109098 191 176 157
4.286601 -0.966046 21.690046 229 220 200
4.025430 -0.910295 22.419123 212 191 162
4.241966 -0.855914 21.432489 230 220 203
4.029221 -0.808237 21.166487 231 215 199
4.263975 -0.821019 21.365171 231 222 206
4.613844 -0.867831 22.162718 215 207 189
4.617813 -0.794177 21.995787 214 206 189
3.890327 -0.712599 21.128824 211 192 170
4.320486 -0.715054 21.117218 227 220 207
3.904608 -0.665990 20.808313 195 177 160
3.934091 -0.665227 20.788792 195 178 162
3.999426 -0.665674 20.788696 196 181 167
4.074834 -0.669100 20.847355 198 184 171
4.677917 -0.686766 21.763853 184 172 156
3.735227 -0.622039 21.876854 222 195 160
4.350920 -0.544316 20.740192 233 224 221
4.617769 -0.569273 21.273350 210 200 188
3.760847 -0.509663 20.722969 219 203 187
4.382618 -0.513912 20.734312 237 229 227
4.426414 -0.516654 20.792955 237 228 225
4.714759 -0.545053 21.424030 199 190 172
3.813474 -0.476570 20.644960 211 196 186
4.457963 -0.486111 20.785809 238 231 229
4.255795 -0.416183 20.576094 204 197 203
4.709063 -0.443190 21.223101 178 176 158
3.835649 -0.353954 20.580393 161 154 151
3.695281 -0.327806 20.717505 158 145 142
3.988568 -0.322949 20.528234 152 149 152
4.214400 -0.324004 20.525724 164 166 171
4.511605 -0.332072 20.721981 183 187 183
4.557764 -0.334604 20.790655 177 181 172
3.670430 -0.299078 20.767492 152 138 134
3.723206 -0.296785 20.687822 154 144 144
3.866538 -0.293747 20.571098 149 145 146
3.990414 -0.293319 20.538893 145 144 149
4.081973 -0.292771 20.507832 146 147 152
4.247160 -0.294209 20.527615 159 166 171
4.213479 -0.263798 20.520107 148 157 161
3.663716 -0.284250 22.340149 194 161 121
3.753720 -0.236211 20.674963 145 138 139
4.082264 -0.232872 20.508993 132 139 145
4.351794 -0.235780 20.566967 160 171 175
4.589844 -0.243223 20.785709 161 163 149
3.867464 -0.203817 20.576010 134 133 139
4.686278 -0.217413 20.938755 167 166 143
3.634421 -0.182918 20.962246 137 119 104
4.391403 -0.146554 20.604040 143 151 149
3.764433 -0.056666 20.741915 117 109 107
4.445946 -0.058594 20.719017 159 162 152
4.261517 -0.025470 20.604250 135 146 149
4.335752 0.003576 20.653696 154 162 160
4.100858 0.035149 20.613611 136 144 152
4.133130 0.035070 20.612499 140 149 157
4.463192 0.030943 20.809031 173 175 159
4.341525 0.063572 20.684368 167 175 170
4.525753 0.059003 20.963583 175 175 155
3.913966 0.095307 20.659714 117 117 124
4.036570 0.095542 20.616671 117 125 132
3.838671 0.111602 21.874163 163 149 127
3.801515 0.122074 20.977564 120 111 106
4.066605 0.125757 20.602402 113 123 130
4.198030 0.125326 20.611361 142 154 157
3.874918 0.156147 20.618685 116 115 122
4.443233 0.214621 20.702471 110 119 103
3.777744 0.245448 20.824402 126 115 111
3.807931 0.246658 20.603872 126 120 122
3.831354 0.246934 20.548483 129 126 130
3.916605 0.247180 20.478603 109 113 118
4.011493 0.307409 20.281042 85 95 97
4.040276 0.307417 20.262983 85 97 98
3.749100 0.336897 20.640352 111 98 94
3.757682 0.337090 20.489635 111 100 100
4.635634 -2.437073 21.692486 223 213 199
4.360478 -2.374854 21.475143 227 202 183
4.953181 -2.503064 22.452324 224 217 205
3.691277 -2.389647 21.942430 220 188 155
4.072330 -2.275744 20.946934 238 204 184
4.577584 -2.293094 21.026445 249 241 235
3.750573 -2.192778 20.545202 242 206 179
4.049950 -2.205887 20.617048 244 210 190
4.383809 -2.219090 20.685257 251 234 226
5.128454 -2.503392 22.981663 191 182 170
3.526386 -2.128870 20.534883 240 203 177
3.963614 -2.129078 20.480173 250 212 189
4.690178 -2.211344 21.095877 246 241 239
3.502334 -2.131473 20.819593 234 197 168
3.507876 -2.109728 20.628912 238 201 174
3.793169 -2.088542 20.406841 251 210 185
3.493098 -2.067719 20.522503 241 202 175
3.851409 -2.026638 20.372881 253 213 188
3.883267 -2.027241 20.374132 253 214 189
3.592088 -1.988546 20.328278 251 209 185
3.750853 -1.991634 20.335524 253 212 186
4.360190 -2.024244 20.551928 253 236 229
4.664127 -2.073440 20.958994 250 244 246
3.779788 -1.960752 20.317837 253 213 187
4.287571 -1.988238 20.504110 253 229 218
4.358720 -1.963658 20.542458 253 236 229
4.822299 -2.064896 21.425980 233 228 226
3.775470 -1.898892 20.288549 254 213 187
3.942317 -1.907176 20.344830 254 216 192
3.942291 -1.877664 20.343901 254 215 192
4.468391 -1.912948 20.612442 254 245 247
4.285143 -1.867733 20.487705 252 229 219
3.772152 -1.808518 20.264891 254 213 187
4.180202 -1.831298 20.435038 253 224 208
3.612557 -1.775398 20.247873 253 209 185
4.045996 -1.795763 20.393490 254 217 197
3.611479 -1.745355 20.239759 253 208 184
3.641752 -1.745029 20.232355 253 208 185
4.209290 -1.770834 20.417910 252 223 210
4.503065 -1.794879 20.622578 254 245 247
3.398396 -1.740199 20.516909 233 188 161
4.174671 -1.739200 20.401243 253 221 206
4.278970 -1.745347 20.450495 251 226 217
4.314134 -1.747547 20.468418 251 228 222
3.641524 -1.686300 20.229187 252 206 184
3.947007 -1.703532 20.368027 253 211 192
4.175607 -1.710118 20.405844 252 218 205
4.351217 -1.720986 20.495731 251 230 226
4.723041 -1.766144 20.918024 254 249 250
3.812321 -1.667465 20.316130 252 208 187
3.915206 -1.673521 20.366455 253 209 190
3.373403 -1.655512 20.564608 225 181 152
4.008671 -1.644321 20.356279 252 210 192
4.042534 -1.645948 20.369192 252 211 193
3.369967 -1.623385 20.538015 224 180 151
3.489255 -1.599391 20.258114 243 196 173
3.610967 -1.598560 20.232166 247 201 180
3.454984 -1.696671 21.674368 215 172 141
3.404730 -1.575274 20.326908 233 188 160
3.976355 -1.584539 20.350861 249 205 188
4.537618 -1.616588 20.630442 252 244 244
3.745526 -1.546803 20.288944 245 199 181
4.245640 -1.566111 20.438095 242 212 205
4.421049 -1.575791 20.523390 247 229 230
3.487667 -1.510484 20.244343 238 192 169
3.976162 -1.525432 20.348160 242 202 185
4.177626 -1.533500 20.412935 241 206 196
4.211302 -1.534819 20.423416 239 208 200
4.459085 -1.549194 20.554420 246 233 234
4.498269 -1.552898 20.591635 248 237 239
3.581975 -1.482463 20.245003 239 193 175
4.077507 -1.500321 20.384558 241 203 189
4.245283 -1.506608 20.434628 237 208 202
4.609484 -1.470625 20.664606 250 247 252
3.459049 -1.394593 20.260336 227 186 163
3.878282 -1.404825 20.326679 233 191 178
3.911885 -1.406212 20.339008 233 192 179
4.648359 -1.443728 20.697220 249 248 253
3.458724 -1.365103 20.257153 224 184 162
3.653548 -1.370777 20.300468 229 189 175
4.246534 -1.388555 20.438719 228 200 197
4.865578 -1.450442 21.128746 246 245 246
3.522472 -1.337077 20.263327 224 185 167
3.621653 -1.340814 20.296854 226 188 173
3.912902 -1.347765 20.343710 229 189 177
4.488578 -1.369298 20.536314 237 228 233
3.652809 -1.311624 20.293886 225 187 174
3.846107 -1.315833 20.320642 226 187 175
4.489658 -1.339908 20.541300 235 226 231
4.645483 -1.352295 20.680473 245 244 251
4.729320 -1.360548 20.776125 249 249 254
4.385205 -1.275836 20.495752 227 209 209
3.350948 -1.298200 21.372599 201 164 134
3.434659 -1.192808 20.304537 211 177 160
4.981796 -1.284305 21.367249 230 228 227
3.594614 -1.166398 20.322046 213 180 168
4.051012 -1.177078 20.407270 215 186 175
4.352562 -1.185971 20.490124 221 202 199
3.628538 -1.138448 20.337511 212 180 167
3.949943 -1.144056 20.371231 217 186 174
4.930063 -1.204517 21.114485 242 239 238
5.318053 -1.312731 22.653561 192 188 179
3.794584 -1.114205 20.389416 210 179 164
4.051850 -1.118242 20.410719 209 182 169
3.397585 -1.134450 21.218628 192 158 131
3.363626 -1.101400 20.713707 194 162 136
4.020172 -1.088369 20.410542 199 174 160
4.187701 -1.093215 20.459320 202 180 168
4.534862 -1.106087 20.604094 216 208 205
3.696796 -1.053000 20.369143 198 170 152
3.760949 -1.054012 20.375057 198 170 152
4.295302 -1.068774 20.524460 194 179 166
4.537437 -1.077027 20.616848 204 196 190
5.314992 -1.212636 22.636732 182 179 161
3.925749 -1.028594 20.414192 200 177 160
4.626463 -1.055733 20.742125 193 187 177
3.826143 -0.996369 20.385498 189 166 145
4.468594 -1.025467 20.764729 182 174 154
4.570474 -1.027859 20.788073 182 174 157
5.064044 -1.101541 21.929306 184 181 159
3.549793 -1.036485 21.610966 189 163 130
3.809361 -0.972304 20.480021 188 167 144
3.907030 -0.974029 20.493546 208 187 168
3.974714 -0.976083 20.517488 222 204 185
4.163847 -0.987941 20.688219 188 173 153
3.618602 -1.006597 21.623110 190 166 131
4.228270 -0.969175 20.872623 181 168 147
4.347064 -0.987718 21.175936 180 168 146
4.405806 -0.996533 21.319756 180 168 146
3.894960 -0.932866 20.819250 199 179 156
4.083510 -0.924015 21.177826 247 231 212
4.112437 -0.922943 21.153349 249 234 215
4.143663 -0.913285 21.543398 248 233 215
4.323009 -0.918402 21.609600 227 218 199
4.090353 -0.854604 21.627438 233 216 197
4.182899 -0.842746 21.375034 232 219 202
3.973786 -0.838687 21.964397 224 204 176
4.251706 -0.803497 21.193138 227 218 201
4.127894 -0.764735 21.044861 219 205 190
4.195958 -0.765987 21.059311 221 211 195
4.232733 -0.767376 21.082178 226 216 201
4.310814 -0.740637 21.151562 232 224 211
3.833887 -0.699353 21.708235 206 180 150
3.884054 -0.636881 20.948370 186 165 147
4.708126 -0.688444 22.038744 183 171 156
4.034483 -0.596820 20.675314 196 179 170
4.130544 -0.597427 20.672064 205 193 185
4.666677 -0.608505 21.633749 206 196 183
3.837564 -0.534493 20.648407 230 214 200
4.088866 -0.535097 20.614519 233 220 216
3.687645 -0.476018 20.716908 205 186 168
3.918768 -0.472077 20.553013 209 194 189
3.707097 -0.443411 20.631327 193 177 164
4.780715 -0.485580 21.695007 186 181 165
4.072159 -0.382647 20.511875 167 162 165
4.105482 -0.383108 20.519886 169 164 167
3.848458 -0.351402 20.509308 160 152 151
3.879680 -0.351489 20.505156 159 151 152
3.910899 -0.351577 20.501001 158 151 153
4.269402 -0.325259 20.540411 171 172 180
4.646700 -0.339925 20.998152 167 167 154
4.007403 -0.292925 20.504301 141 141 146
3.849555 -0.262497 20.513851 142 140 144
4.268872 -0.265593 20.535978 155 160 168
4.657538 -0.280293 21.052845 162 162 149
4.334657 -0.206593 20.543694 150 159 165
4.404621 -0.207654 20.574917 155 161 164
4.596609 -0.215686 20.905401 159 159 148
4.749820 -0.226001 21.355949 166 163 143
3.678838 -0.175106 20.649086 132 121 116
3.789433 -0.173517 20.534908 130 126 130
4.106740 -0.145331 20.521194 114 123 133
3.850706 -0.114144 20.517141 114 114 121
4.008430 -0.114813 20.505856 110 115 124
3.684837 -0.086136 20.686979 120 108 97
3.913112 -0.084642 20.507639 107 108 118
4.073716 -0.085578 20.513462 107 113 123
4.172405 -0.086339 20.529408 111 122 130
4.271498 -0.087117 20.546268 121 131 135
4.581131 -0.064983 20.992559 175 172 150
4.006034 -0.025512 20.489101 111 116 125
4.173217 -0.026875 20.532583 126 136 144
3.824303 0.004405 20.548998 119 116 122
3.721437 0.029080 21.151476 157 141 119
3.747406 0.033364 20.672651 122 113 108
4.309184 0.031616 20.574471 161 168 165
3.774936 0.063381 20.641928 121 114 114
4.208119 0.062134 20.546753 151 161 165
4.350437 0.090809 20.623152 162 168 160
3.858658 0.123140 20.561058 117 115 123
3.888599 0.123073 20.548330 116 116 123
4.039523 0.122682 20.494719 120 129 135
3.781072 0.150650 21.328480 146 131 114
4.210043 0.151457 20.555481 154 167 167
3.768597 0.182554 20.808237 125 114 109
4.008049 0.211869 20.495066 119 129 133
4.217182 0.211016 20.594645 145 160 158
4.253239 0.210867 20.616779 147 162 158
3.806963 0.242452 20.636732 125 119 121
4.377409 0.240458 20.767696 145 158 146
3.798075 0.302806 20.786314 124 113 112
3.814812 0.362217 20.684143 100 89 90
3.923249 -2.527213 22.581940 211 177 144
4.468466 -2.455892 21.904591 213 190 171
4.649637 -2.444384 21.783110 223 210 196
4.328205 -2.350074 21.283678 225 199 181
3.653838 -2.290105 21.384045 233 198 167
4.250416 -2.236111 20.828175 241 211 198
3.606641 -2.273884 21.519558 231 195 164
4.534059 -2.206673 20.794615 254 249 245
3.559835 -2.147547 20.932533 240 201 174
3.695171 -2.130348 20.756298 247 208 181
3.843007 -2.124108 20.679016 250 208 186
4.277600 -2.123234 20.612265 250 221 213
4.344204 -2.126012 20.628777 251 227 223
4.708155 -2.174841 21.028025 236 230 226
3.779546 -2.093496 20.678780 251 209 185
4.024718 -2.090761 20.619995 252 212 193
4.341288 -2.094441 20.611219 252 228 224
5.236370 -2.386537 23.208542 176 162 151
3.500283 -2.090112 20.964870 235 196 166
3.551282 -2.080481 20.867010 243 201 174
3.776504 -2.061497 20.657049 252 210 186
4.304706 -2.061318 20.583126 252 224 218
4.444170 -2.070441 20.650152 254 241 242
4.557573 -2.082019 20.743906 254 248 249
4.238076 -2.028808 20.564184 253 221 212
3.682909 -2.001832 20.665915 253 209 184
3.861541 -1.996300 20.587496 253 213 191
4.016315 -1.996125 20.564358 254 215 198
3.889077 -1.964319 20.559523 253 215 193
4.171721 -1.966820 20.544746 253 221 207
3.442693 -1.973697 21.010433 226 183 154
4.671629 -1.973048 20.831518 252 250 249
3.458251 -1.931195 20.882551 235 190 164
4.267059 -1.909030 20.543604 253 226 215
4.546869 -1.926501 20.681183 254 248 249
4.756725 -1.970984 21.102480 240 237 235
3.412893 -1.914607 21.026176 221 179 148
3.620933 -1.882969 20.671030 251 205 181
3.854994 -1.873445 20.539734 254 213 191
3.885682 -1.873291 20.533785 254 215 192
4.043311 -1.875164 20.530626 254 218 200
4.471975 -1.889862 20.620893 254 245 245
3.452338 -1.866696 20.834703 235 190 164
3.562186 -1.855684 20.703920 249 202 177
4.010922 -1.844686 20.524731 254 217 198
4.135090 -1.815461 20.509275 254 220 202
4.467913 -1.828217 20.596586 254 244 243
3.530740 -1.795879 20.703485 246 199 174
4.397089 -1.793885 20.556044 253 238 235
3.446686 -1.772744 20.787317 235 189 163
3.885238 -1.754715 20.525658 253 211 189
4.294361 -1.759000 20.512636 250 225 215
4.697344 -1.759795 20.789968 249 244 246
4.072820 -1.696921 20.510176 250 213 194
4.261109 -1.698607 20.501221 248 220 209
4.326316 -1.700401 20.511816 250 226 218
4.464177 -1.707512 20.571741 253 241 241
5.017468 -1.833229 21.911581 213 207 201
3.500529 -1.677304 20.709118 239 191 168
4.010904 -1.637700 20.515690 248 208 189
4.134350 -1.637740 20.497480 247 211 194
4.427500 -1.645407 20.542820 252 234 234
4.462282 -1.647255 20.559183 253 237 240
4.726777 -1.638909 20.771366 251 246 249
4.168026 -1.580091 20.507101 243 208 194
4.679212 -1.601773 20.691061 253 247 253
3.468206 -1.557383 20.699068 231 185 163
3.497648 -1.556358 20.681839 233 187 166
3.616824 -1.553347 20.626192 239 192 174
3.646574 -1.552621 20.612606 240 193 175
3.919955 -1.549875 20.536255 242 201 182
4.262545 -1.551531 20.503429 241 210 203
4.294166 -1.551911 20.503208 242 214 208
5.143207 -1.713376 22.362783 204 198 192
3.382822 -1.532637 20.774155 219 175 149
3.827585 -1.520433 20.551086 239 196 178
4.044391 -1.520826 20.522018 239 201 186
4.761160 -1.550251 20.779181 252 249 251
3.796661 -1.490824 20.554356 237 193 177
3.889071 -1.490716 20.538343 237 196 180
4.263417 -1.492823 20.506014 237 206 200
4.565428 -1.503468 20.594395 253 242 252
3.378623 -1.470333 20.738493 218 174 148
4.137109 -1.461841 20.506420 234 198 187
4.527797 -1.470940 20.562593 250 236 244
3.824994 -1.430377 20.530113 233 192 176
4.168294 -1.432477 20.502550 232 198 189
4.263383 -1.433698 20.503426 232 203 198
4.327026 -1.434604 20.505177 235 209 207
4.492126 -1.439285 20.540730 245 230 236
3.670622 -1.400746 20.552902 228 188 172
4.232244 -1.403991 20.505182 229 199 193
4.862923 -1.445192 20.960819 229 225 224
3.547527 -1.371381 20.574656 222 184 167
3.886630 -1.371290 20.517426 228 189 175
3.980377 -1.371934 20.510857 228 191 178
3.516545 -1.341739 20.577648 217 181 164
4.044013 -1.343334 20.512127 227 191 180
4.233122 -1.345265 20.507830 224 195 191
4.787490 -1.368482 20.743103 245 243 245
3.638091 -1.311206 20.542078 220 183 169
3.761342 -1.311219 20.521458 222 185 171
3.855142 -1.311898 20.515409 223 186 173
4.295713 -1.316158 20.502451 223 199 198
4.951711 -1.374690 21.235580 225 222 220
3.667258 -1.280871 20.524078 218 182 169
3.792457 -1.281849 20.517094 220 184 171
3.338019 -1.259967 21.165926 200 163 133
3.514097 -1.222207 20.553888 209 175 161
3.728963 -1.221918 20.511822 214 181 169
3.759189 -1.221689 20.502993 215 181 169
4.300508 -1.229342 20.526001 216 195 194
4.892931 -1.263101 20.941891 235 232 231
3.460836 -1.196722 20.625868 205 171 155
3.789522 -1.192028 20.493650 213 180 170
4.596209 -1.206438 20.577475 241 235 243
4.666941 -1.209524 20.613510 246 243 250
3.730861 -1.163726 20.521877 211 179 167
3.548912 -1.135375 20.572952 206 175 160
3.952975 -1.137043 20.526827 213 180 171
4.261334 -1.089085 20.659369 194 175 165
3.464751 -1.120769 21.903788 183 153 121
3.519659 -1.047301 20.585596 191 162 138
3.551493 -1.047731 20.587177 190 163 139
4.432106 -1.064602 20.719622 185 175 164
4.709173 -1.073496 20.825121 193 187 180
4.502938 -1.066730 21.289520 181 170 155
5.191283 -1.125858 22.236860 184 180 159
3.536309 -1.033115 21.424150 190 162 131
3.584828 -1.008825 21.538954 191 164 130
3.853758 -0.978885 20.906902 190 164 143
4.113638 -0.982244 20.919710 225 208 188
4.165593 -0.988929 21.038393 215 197 178
3.975483 -0.927808 21.064939 234 214 193
4.108707 -0.930151 21.085207 249 236 213
3.946323 -0.886678 22.188292 209 184 150
4.105009 -0.838006 21.058538 236 222 204
4.037107 -0.806228 21.038773 233 216 198
3.915835 -0.755296 21.305454 226 204 178
4.477588 -0.768659 21.506018 231 222 211
4.103354 -0.708688 20.845510 213 199 187
3.866786 -0.689495 21.194443 197 174 146
4.120387 -0.675453 20.753048 205 192 180
4.195570 -0.641901 20.629316 214 201 191
3.798537 -0.589557 20.950285 205 184 160
4.599939 -0.601130 21.085243 185 177 157
3.760447 -0.601784 22.313805 215 183 147
4.138390 -0.547632 20.475773 228 215 210
3.895577 -0.517903 20.536465 234 216 210
4.100051 -0.516636 20.434258 239 227 223
4.161074 -0.516812 20.422346 243 232 228
4.183736 -0.456860 20.368528 218 210 209
3.645853 -0.457339 21.716427 181 149 118
3.734793 -0.427524 20.513977 188 169 165
4.147438 -0.426527 20.338837 201 192 193
3.669951 -0.442722 22.400114 185 148 110
3.731180 -0.397441 20.488272 177 162 161
4.052763 -0.396409 20.334259 180 171 173
4.305665 -0.398742 20.344440 209 205 207
4.445327 -0.401690 20.419390 215 211 207
3.669841 -0.367770 20.498438 168 153 152
4.540640 -0.376900 20.588884 182 179 167
3.642284 -0.338690 20.524561 159 145 142
3.696816 -0.337899 20.466101 161 150 152
3.869575 -0.337107 20.362377 156 149 154
4.268544 -0.339212 20.309954 184 183 189
3.725360 -0.308348 20.444969 155 147 151
3.667665 -0.313491 22.376257 180 146 110
3.752996 -0.278742 20.418184 148 144 150
3.985635 -0.278458 20.301991 139 143 147
4.108538 -0.279171 20.288298 142 147 153
4.300342 -0.281062 20.309994 169 174 180
4.369890 -0.282279 20.347237 174 178 183
3.612065 -0.250207 20.529638 144 129 125
3.672954 -0.249761 22.412802 196 163 125
4.077981 -0.220666 20.290237 127 138 143
4.204751 -0.221761 20.299038 140 150 157
4.448328 -0.225576 20.428757 158 160 155
3.602479 -0.199665 21.145391 145 122 100
3.690415 -0.190332 20.415636 134 128 127
4.597159 -0.201170 20.711849 163 163 142
3.610539 -0.161661 20.514629 126 112 103
4.415514 -0.166433 20.419815 148 151 147
3.610389 -0.132203 20.512142 120 106 94
3.689651 -0.131655 20.407681 122 117 112
3.805278 -0.131794 20.342640 117 120 124
4.177420 -0.105020 20.317448 117 129 134
4.309278 -0.106292 20.352957 133 139 140
3.723572 -0.085951 22.020008 189 166 132
3.691285 -0.073167 20.416031 109 105 96
3.955954 -0.074144 20.303059 100 110 115
4.146314 -0.075598 20.317715 110 122 126
3.642495 -0.044143 20.511896 132 121 103
3.749273 -0.044060 20.382553 108 107 105
4.322136 -0.018899 20.421328 150 153 149
3.844342 0.043072 20.384745 116 119 120
4.331131 0.039698 20.469263 164 165 158
4.417050 0.038887 20.593540 172 169 156
3.993865 0.071396 20.337383 117 128 132
3.820573 0.160469 20.429047 114 112 111
3.764537 0.190378 20.473295 119 111 106
3.820623 0.189797 20.428043 116 114 113
3.827768 0.229972 22.021994 143 121 99
4.084887 0.245963 20.311747 126 138 138
4.180539 0.245485 20.321106 148 158 157
3.964462 0.276122 20.340528 97 103 105
3.765409 0.312758 20.901814 119 106 97
3.879767 0.306471 20.398727 103 103 102
4.051643 0.304377 20.297760 86 97 97
4.111286 0.303846 20.280157 97 110 110
4.101187 -2.490414 22.471334 221 186 157
3.852867 -2.369043 21.693960 227 193 162
4.056917 -2.375904 21.727634 232 195 167
3.635261 -2.266975 21.068882 232 197 166
4.115128 -2.251047 20.853748 243 206 187
4.337175 -2.253713 20.846777 242 218 207
3.704114 -2.216954 20.871967 239 202 173
4.163228 -2.211707 20.757105 246 211 193
4.460215 -2.222918 20.819363 252 241 238
4.562352 -2.228238 20.854475 253 248 245
3.642497 -2.187603 20.884521 239 202 173
4.221600 -2.179605 20.724995 248 215 201
4.651784 -2.214008 20.988977 249 244 242
3.609094 -2.155929 20.870897 240 201 173
4.217370 -2.147178 20.698078 250 216 202
4.383279 -2.154171 20.741121 253 230 228
3.663891 -2.120330 20.805576 244 205 177
3.722379 -2.117653 20.770868 244 205 179
3.843746 -2.115785 20.734806 247 206 182
4.447446 -2.125743 20.743114 253 239 240
3.542249 -2.162063 21.837770 216 178 143
3.630778 -2.059131 20.791220 245 204 177
3.659818 -2.057673 20.772234 247 205 178
4.434246 -2.029001 20.664503 253 239 240
3.713706 -1.992497 20.701975 250 207 182
3.772145 -1.960604 20.667746 252 209 184
4.329422 -1.962731 20.604202 253 227 220
3.569788 -1.940617 20.800148 247 200 174
3.652738 -1.933677 20.713205 250 205 179
4.043968 -1.927856 20.590231 254 215 196
3.952078 -1.898442 20.604044 254 213 191
4.393061 -1.904840 20.604046 253 236 232
3.798463 -1.868896 20.626501 254 210 185
4.041284 -1.867250 20.569809 254 216 195
3.736738 -1.839180 20.632769 253 208 185
3.918122 -1.837424 20.584000 253 212 189
4.193212 -1.837158 20.536848 253 220 202
4.686729 -1.869252 20.816790 251 247 248
5.314736 -2.105049 23.354862 180 170 161
4.009022 -1.807342 20.560780 253 214 192
4.257436 -1.809354 20.543352 252 221 207
4.389498 -1.814365 20.578943 252 235 230
3.563127 -1.787196 20.740017 245 197 173
3.617609 -1.782514 20.676903 249 201 177
4.100049 -1.777470 20.539368 253 214 195
3.644267 -1.750312 20.640099 250 202 178
3.977696 -1.718532 20.555611 251 208 187
4.224405 -1.719735 20.528593 250 216 199
4.421468 -1.726498 20.576509 251 234 233
4.595977 -1.736479 20.666748 254 248 252
4.714885 -1.748501 20.790785 253 250 252
3.915717 -1.688628 20.558825 250 206 184
4.672023 -1.713344 20.731644 253 250 253
3.853871 -1.658797 20.562920 248 203 181
3.977359 -1.659443 20.549702 248 205 184
4.191800 -1.659848 20.517845 247 211 193
4.630714 -1.678967 20.679699 254 249 254
3.481496 -1.645451 20.829546 233 185 161
3.670760 -1.629641 20.596695 244 197 176
3.976736 -1.629676 20.543863 246 204 183
4.419811 -1.637233 20.562250 249 229 231
4.861173 -1.694368 21.207787 231 225 224
4.486461 -1.610226 20.580704 250 235 241
3.581280 -1.572030 20.626755 237 189 169
4.352444 -1.575446 20.533817 243 219 217
3.669791 -1.540629 20.583651 239 191 173
4.484546 -1.550401 20.566925 248 233 240
4.035714 -1.511049 20.512960 237 196 181
4.483600 -1.520522 20.560101 246 231 238
5.134634 -1.652947 22.248966 205 198 191
3.473888 -1.492024 20.760078 225 181 159
3.859699 -1.484956 20.589741 238 191 176
4.158157 -1.482040 20.493525 234 198 185
4.698078 -1.503403 20.690676 254 250 255
4.188524 -1.452684 20.486036 231 197 186
4.350526 -1.456953 20.516153 234 210 211
4.515174 -1.462029 20.557264 245 232 241
4.097955 -1.423556 20.504808 230 193 181
4.285607 -1.425849 20.502129 230 201 196
4.656117 -1.410219 20.632278 252 248 254
3.764320 -1.365278 20.574034 226 185 170
4.449807 -1.371909 20.539066 233 218 223
4.843244 -1.373251 20.935947 244 241 245
4.963864 -1.403464 21.380638 221 217 218
3.423475 -1.351540 21.356899 205 165 138
3.556066 -1.308941 20.653215 216 178 163
3.730886 -1.305060 20.555840 221 181 168
3.886358 -1.306501 20.546947 222 183 172
3.917176 -1.306673 20.543377 222 183 172
4.518682 -1.315969 20.568062 234 224 233
3.530699 -1.281863 20.696594 213 176 161
4.288851 -1.280219 20.512188 220 194 191
4.485339 -1.285450 20.556383 229 219 226
3.803083 -1.250993 20.615835 217 179 168
3.858993 -1.248920 20.569460 218 180 169
4.070740 -1.248593 20.519192 217 184 174
4.133109 -1.249257 20.517057 216 185 176
3.476296 -1.269515 22.041420 197 162 131
4.351439 -1.192826 20.506021 215 199 199
4.545214 -1.196900 20.534813 235 227 235
3.542486 -1.168480 20.775797 206 172 157
4.258395 -1.162648 20.510601 209 186 181
4.411936 -1.163508 20.491655 217 206 209
3.575505 -1.139708 20.783594 204 171 156
3.988608 -1.134184 20.587177 206 174 163
4.199721 -1.133859 20.532927 205 180 173
5.331212 -1.264598 22.688084 183 175 163
3.542656 -1.189425 22.296719 189 157 127
4.542062 -1.107719 20.513020 220 214 213
4.705406 -1.111388 20.544521 231 226 226
3.562218 -1.124998 21.655880 192 162 138
4.021378 -1.076090 20.591721 198 170 157
4.305163 -1.079675 20.594040 196 181 170
4.487476 -1.079979 20.556486 204 197 192
4.677845 -1.082659 20.563406 218 212 209
3.572816 -1.137915 22.533720 187 156 123
4.599016 -1.056404 20.645557 195 190 179
4.833436 -1.070443 20.870504 197 193 179
3.607613 -1.106175 22.534269 187 157 124
4.164662 -1.023962 20.693029 183 164 146
4.989871 -1.072573 21.493616 181 175 152
3.900154 -1.017450 21.252270 185 159 139
3.993767 -0.997949 20.811932 219 195 177
4.328749 -0.993738 21.285944 174 161 139
4.002517 -0.978268 21.714251 192 169 145
4.013282 -0.959856 22.008467 207 185 159
4.204541 -0.894206 21.119333 238 230 209
4.546979 -0.901660 21.971622 205 196 176
3.959510 -0.859421 21.865101 220 197 166
4.545421 -0.869785 21.960806 216 207 190
3.893116 -0.780171 21.408819 223 200 170
3.886088 -0.770696 21.141104 226 203 176
3.869113 -0.766795 21.928070 214 187 150
4.185413 -0.672900 20.796341 210 198 187
3.862346 -0.638583 20.759672 178 155 134
4.205827 -0.641387 20.726479 200 188 177
4.436082 -0.650502 20.951813 182 172 160
4.603788 -0.663817 21.344358 171 161 141
3.887343 -0.607958 20.713505 194 172 155
3.820372 -0.576972 20.686497 213 193 173
3.969984 -0.577187 20.633089 208 192 181
3.872611 -0.546189 20.612490 221 201 189
4.200084 -0.546907 20.499731 235 226 220
4.325044 -0.548178 20.496834 237 230 223
4.625511 -0.566446 21.102728 189 180 161
3.860971 -0.485496 20.531897 216 199 193
4.036834 -0.485684 20.455507 220 208 204
4.305609 -0.457796 20.381016 224 219 218
3.635383 -0.427905 20.707476 177 156 142
3.741214 -0.426330 20.566269 181 166 162
4.626588 -0.442415 20.928432 183 180 163
4.086723 -0.397197 20.373253 172 167 166
4.443501 -0.402219 20.449640 213 214 210
4.827143 -0.424046 21.471094 157 152 121
3.549187 -0.372735 21.004833 155 127 100
4.057177 -0.367950 20.381212 160 159 159
4.146617 -0.368481 20.357183 168 168 169
4.368958 -0.371147 20.381351 200 202 204
4.486482 -0.374437 20.511496 189 190 184
3.601602 -0.356348 21.900545 179 145 110
3.548504 -0.342665 20.997450 149 122 98
3.566875 -0.341374 20.895910 150 126 106
3.824125 -0.338016 20.485477 153 148 150
3.740767 -0.279534 20.553104 145 142 142
3.769107 -0.279579 20.532551 144 142 143
4.442112 -0.285182 20.435400 170 174 171
3.970522 -0.251117 20.416536 125 135 137
4.182441 -0.223722 20.376156 130 143 150
4.486145 -0.227798 20.501434 156 159 150
3.857400 -0.192277 20.488974 121 126 128
4.214999 -0.194998 20.382557 128 142 147
4.530134 -0.199408 20.567680 158 159 144
3.600106 -0.164243 21.129728 156 133 107
4.216845 -0.165967 20.391617 122 137 141
3.694396 -0.132979 20.657532 116 110 100
3.776198 -0.133392 20.570740 114 115 112
3.861116 -0.133945 20.509560 109 115 117
4.068250 -0.106440 20.432825 100 113 117
4.099010 -0.077559 20.428133 101 114 118
3.984885 -0.047324 20.494223 95 106 109
4.013700 -0.047595 20.478573 94 106 109
4.352731 -0.050768 20.447248 141 144 138
3.869213 -0.016907 20.555067 106 111 113
4.014889 0.010862 20.482302 111 122 125
4.197508 0.009089 20.451057 143 151 153
4.233655 0.038085 20.477716 163 168 169
4.447786 0.036788 20.621834 170 167 151
3.723700 0.076889 21.305168 158 139 113
4.456294 0.066459 20.667259 166 163 146
3.846534 0.130374 20.603136 102 102 99
4.013975 0.127695 20.469181 99 110 113
3.783079 0.192195 20.811110 121 111 104
3.823158 0.189976 20.653439 119 115 110
3.896377 0.187686 20.514088 115 118 118
4.147240 0.212290 20.325645 144 156 154
3.996006 0.271966 20.347689 103 112 113
3.811944 0.306493 20.570230 124 114 112
3.988924 0.300249 20.301619 85 93 94
4.015662 0.299555 20.275122 86 96 97
3.802624 0.334684 20.505707 114 104 102
3.875868 0.331493 20.371115 99 97 96
4.452468 -2.606468 22.983364 198 168 139
4.026949 -2.535628 22.691338 208 174 143
4.063237 -2.479857 22.463402 220 185 155
4.288770 -2.407334 21.743160 222 188 164
4.407969 -2.380449 21.470779 221 192 171
3.726685 -2.445820 22.494638 215 180 145
3.780274 -2.435129 22.383883 220 185 152
3.692100 -2.333249 21.715557 227 192 160
3.707659 -2.320199 21.586166 229 194 163
3.635263 -2.334418 22.040108 221 187 151
3.616777 -2.293497 21.639055 229 194 162
3.894575 -2.197393 20.646963 245 204 179
3.694699 -2.155956 20.556519 244 205 178
3.724344 -2.155397 20.546236 245 206 179
4.351263 -2.167787 20.571234 250 226 217
3.537094 -2.169710 21.017464 233 198 165
3.604838 -2.127654 20.579109 241 203 175
3.662164 -2.125057 20.543539 244 205 177
4.281680 -2.133162 20.526894 249 218 206
3.591793 -2.257099 22.217731 213 178 141
3.904447 -2.095381 20.498312 250 207 184
4.058081 -2.096811 20.488224 250 210 190
4.055043 -2.065690 20.466824 251 211 191
4.343632 -2.075342 20.520744 252 227 221
4.411692 -2.079535 20.553539 253 237 233
4.052004 -2.034631 20.445423 252 212 192
3.486188 -2.057996 21.106018 227 188 155
3.627934 -2.005045 20.509836 247 205 178
4.208218 -2.008590 20.450905 253 218 204
4.240417 -2.009744 20.457977 252 219 208
4.711550 -2.065614 20.983004 233 227 224
3.742694 -1.971607 20.442059 253 208 183
3.802521 -1.971261 20.428110 253 210 184
4.919533 -2.107537 21.735525 205 196 189
3.984072 -1.913494 20.397594 254 213 191
3.539313 -1.889459 20.532169 246 200 174
4.234295 -1.889742 20.412868 254 221 208
4.266840 -1.861912 20.420017 253 223 211
4.733385 -1.911566 20.919651 243 239 235
3.564988 -1.827895 20.486650 247 201 176
4.135625 -1.827018 20.372755 253 217 198
3.768878 -1.794360 20.394114 253 210 184
3.798640 -1.794192 20.386606 253 211 184
4.860455 -1.894710 21.413834 228 222 217
4.676234 -1.810194 20.778627 252 248 247
3.557343 -1.896344 22.448719 212 169 137
3.511758 -1.744681 20.544752 242 195 169
4.401968 -1.752508 20.475046 252 233 230
3.512001 -1.715519 20.543795 241 194 168
3.538874 -1.713463 20.512213 243 196 170
3.768695 -1.707016 20.385248 251 207 181
3.626746 -1.682630 20.471668 246 199 175
3.889065 -1.678209 20.362631 250 206 181
4.625859 -1.712774 20.671612 253 249 252
3.711920 -1.650630 20.414635 247 201 178
4.011496 -1.650568 20.354464 248 208 184
4.136911 -1.653365 20.366970 246 210 190
3.741990 -1.621554 20.406359 246 200 176
4.585525 -1.649645 20.619165 253 246 251
4.624051 -1.653052 20.657808 253 249 254
3.439359 -1.608925 20.694424 226 182 155
3.684598 -1.593848 20.434732 243 196 173
3.832031 -1.592529 20.386244 245 199 177
4.203317 -1.598290 20.390341 241 208 193
3.655197 -1.565055 20.442974 240 193 171
3.833243 -1.564067 20.391914 243 197 176
3.863244 -1.564098 20.386114 244 197 177
4.172197 -1.568680 20.386827 239 205 188
4.335707 -1.574704 20.438265 242 218 212
3.463935 -1.546647 20.636230 227 182 158
3.745481 -1.536037 20.422915 240 193 173
3.774842 -1.535731 20.412266 240 194 174
3.834719 -1.535714 20.399351 242 195 176
3.924974 -1.535949 20.383652 241 196 177
4.404148 -1.549077 20.472424 242 224 225
3.600174 -1.509371 20.487720 234 188 169
3.928342 -1.479365 20.400763 236 192 176
3.440152 -1.432358 20.683142 219 174 154
3.871576 -1.422528 20.429220 232 189 174
4.148562 -1.425908 20.419641 230 194 182
5.048300 -1.518328 21.678095 183 176 170
3.508801 -1.469333 21.741547 210 169 143
3.490543 -1.397826 20.586565 221 179 160
4.660628 -1.419685 20.669098 250 246 254
3.518693 -1.367532 20.561041 220 179 161
3.692300 -1.364434 20.468443 223 184 167
4.055202 -1.366200 20.411734 226 189 176
4.340197 -1.372508 20.448925 225 205 203
3.632776 -1.335465 20.483320 220 181 165
4.372601 -1.344299 20.454634 225 208 208
3.519816 -1.309469 20.563967 215 176 160
4.371285 -1.285593 20.442854 220 205 205
4.437792 -1.287924 20.467813 225 214 217
5.072670 -1.361442 21.624521 193 187 181
4.438004 -1.258837 20.466881 223 213 215
3.523794 -1.223291 20.585785 208 172 158
3.935706 -1.220657 20.426956 216 179 168
4.244055 -1.224584 20.419598 212 187 184
4.508276 -1.233036 20.509497 228 221 226
3.511787 -1.253489 21.743658 200 164 139
3.553447 -1.193825 20.571831 208 173 159
4.151264 -1.194244 20.417883 212 183 176
4.617707 -1.209752 20.593077 242 239 248
4.694187 -1.214581 20.666267 249 246 253
4.867955 -1.229602 20.911310 239 237 237
3.473606 -1.193599 21.173050 201 166 145
3.503031 -1.168378 20.659878 205 171 156
3.846048 -1.162314 20.443113 212 179 165
4.917384 -1.204918 20.998331 233 229 228
3.460011 -1.145810 20.810427 202 169 150
3.506849 -1.140444 20.686382 204 171 157
4.866103 -1.169493 20.897902 245 241 242
3.499656 -1.194494 22.461870 189 156 121
4.621522 -1.122770 20.607353 229 224 226
3.526675 -1.160136 22.400133 185 153 121
3.497557 -1.089226 20.851774 192 161 140
3.568408 -1.082056 20.672997 195 164 147
3.846019 -1.075047 20.435453 198 168 153
4.342660 -1.082132 20.441450 193 183 173
3.555026 -1.126523 22.350864 182 151 120
3.762181 -1.047568 20.495121 192 163 146
3.817788 -1.046398 20.451338 191 162 146
3.992643 -1.045694 20.381165 196 170 155
4.146611 -1.047672 20.378311 188 167 152
4.483092 -1.058947 20.529848 188 181 174
4.627149 -1.065476 20.633356 196 188 181
3.685824 -1.022471 20.612186 190 162 140
4.322003 -0.997049 20.494848 178 169 150
4.458702 -1.001723 20.563452 177 169 152
3.703529 -0.978117 20.961014 187 162 131
4.380093 -0.974809 20.647484 175 168 147
4.450506 -0.977484 20.690989 175 168 147
3.955311 -0.935316 20.530222 239 219 199
4.077946 -0.936528 20.518829 226 212 192
4.330528 -0.901882 21.091433 205 194 175
3.979806 -0.853438 20.682083 245 227 208
4.372324 -0.880802 21.337719 226 217 199
4.186512 -0.830426 20.793274 239 230 213
4.060650 -0.740096 20.787914 218 202 189
3.995260 -0.709278 20.770203 220 203 188
3.753820 -0.634474 21.527916 214 186 147
3.917092 -0.617478 20.661997 176 155 140
3.975323 -0.617595 20.633440 177 159 145
4.169244 -0.620918 20.671389 198 184 175
4.204876 -0.621946 20.697269 203 191 182
4.228121 -0.591812 20.646057 219 208 200
4.604740 -0.580666 21.345779 213 205 193
3.560696 -0.531696 21.039352 211 178 141
3.654474 -0.524523 20.565441 233 211 184
3.983533 -0.527146 20.478052 231 217 209
4.486155 -0.540230 20.859228 236 230 222
4.370352 -0.504249 20.556858 234 230 226
3.535465 -0.465250 20.601383 187 157 128
3.882659 -0.466961 20.421541 204 189 183
4.493157 -0.478967 20.717342 230 227 219
3.759290 -0.436461 20.421337 186 170 165
4.000527 -0.438948 20.381681 192 182 180
4.184904 -0.441171 20.375628 206 199 200
4.476903 -0.448112 20.624638 224 222 216
3.556019 -0.406102 20.516397 168 143 124
3.641739 -0.406537 20.462730 172 154 144
3.789043 -0.407757 20.410820 173 160 160
4.522146 -0.420265 20.699398 202 200 193
3.668853 -0.348571 20.429907 157 145 142
3.904615 -0.350796 20.352987 153 149 151
4.051185 -0.352182 20.305445 154 155 156
4.414664 -0.357887 20.444454 196 197 197
4.019243 -0.322921 20.295761 145 149 150
4.549625 -0.332189 20.671387 169 166 158
3.587662 -0.290131 20.509895 148 129 122
3.641081 -0.261419 20.444660 143 133 131
3.899450 -0.263971 20.311895 134 136 140
3.928421 -0.264272 20.300241 131 136 139
4.230455 -0.267794 20.266859 152 160 165
4.447301 -0.271226 20.447050 167 169 165
3.566614 -0.231933 20.579039 141 120 107
3.986441 -0.236116 20.275707 124 133 136
4.294072 -0.239841 20.277029 153 161 165
4.571541 -0.244191 20.613659 157 154 138
4.480682 -0.213580 20.455767 154 154 145
3.596552 -0.173955 21.528690 181 152 118
3.569356 -0.173616 20.593992 134 115 97
3.897351 -0.148774 20.288490 110 116 121
4.162295 -0.152037 20.217880 118 131 135
4.222415 -0.124098 20.208679 120 129 133
3.679544 -0.087811 20.482491 107 99 90
4.041984 -0.093214 20.227427 99 110 114
4.351192 -0.096806 20.241467 137 142 134
3.614416 -0.027494 20.682808 170 152 126
3.925124 -0.034232 20.259758 100 108 113
4.011252 -0.035515 20.222292 104 113 118
3.762584 0.026587 20.403273 118 113 110
4.125560 0.019960 20.167702 145 150 154
4.276686 0.018102 20.157421 161 162 156
4.150226 0.104885 20.125723 159 164 167
3.793435 0.141804 20.392860 105 102 101
3.818956 0.140929 20.356665 104 103 103
3.819042 0.169764 20.354753 108 109 108
3.775838 0.218551 21.372904 129 115 97
3.945384 0.222323 20.171692 110 123 124
3.774697 0.259322 20.466360 120 115 111
3.839237 0.254419 20.276405 108 113 112
4.017807 0.275814 20.047394 110 127 127
4.436031 -2.584832 22.912634 196 169 142
3.822682 -2.522696 22.719599 203 168 134
4.422696 -2.543172 22.824820 206 178 154
4.472225 -2.436265 22.076899 219 191 173
4.167908 -2.333328 21.404341 229 195 173
4.232183 -2.334191 21.402596 229 195 175
3.847558 -2.233766 20.748526 238 200 175
4.071157 -2.240477 20.780350 238 203 182
4.290804 -2.244329 20.783590 240 209 197
3.615940 -2.303727 22.141697 214 178 142
3.741439 -2.164514 20.653587 244 203 177
3.803864 -2.165699 20.655529 244 202 178
3.934483 -2.171781 20.697575 245 204 181
4.221405 -2.180114 20.736938 246 210 196
4.413395 -2.185672 20.763092 251 233 228
4.445832 -2.186813 20.769638 252 240 235
4.621052 -2.199325 20.871897 253 251 248
3.571531 -2.144147 20.776436 238 199 171
4.122517 -2.145964 20.701609 249 209 192
3.575015 -2.234134 22.072960 211 175 137
3.619258 -2.105160 20.662861 244 203 176
3.864998 -2.107228 20.642719 249 206 182
3.930503 -2.110347 20.665274 250 207 185
4.150530 -2.115142 20.679247 250 212 195
3.673813 -2.042259 20.601210 249 206 179
3.766955 -2.043849 20.602453 251 207 182
3.830202 -2.045624 20.611109 252 208 183
4.176328 -2.053784 20.641020 252 216 199
4.541545 -2.071064 20.769957 254 249 247
4.578995 -2.074675 20.803839 254 250 248
3.508959 -2.024726 20.762585 240 198 168
3.642385 -2.012151 20.594826 249 205 178
4.502450 -2.037071 20.723783 253 246 243
4.950251 -2.119051 21.933641 208 202 194
3.953282 -1.959086 20.596170 253 212 188
4.397229 -1.970844 20.652348 252 234 227
4.535530 -1.979531 20.729221 254 249 246
3.951824 -1.928973 20.583727 253 212 187
3.983406 -1.929798 20.587666 254 214 189
4.263226 -1.934616 20.592640 254 219 207
4.014276 -1.900950 20.584143 253 214 190
4.499114 -1.917649 20.695345 253 245 241
4.747058 -1.948006 21.019295 244 241 239
4.498793 -1.888084 20.691122 253 244 240
3.821560 -1.835679 20.531122 252 211 184
3.853398 -1.836686 20.537588 252 212 184
4.357728 -1.848980 20.593563 252 228 221
4.040730 -1.811363 20.546938 253 213 189
4.259735 -1.815908 20.561533 252 219 205
3.529621 -1.782595 20.654774 242 195 170
3.668450 -1.775638 20.534515 250 205 179
3.697663 -1.775180 20.522478 250 207 181
4.868981 -1.823303 21.314346 216 210 205
5.188497 -1.926099 22.630262 184 175 164
5.176778 -1.889245 22.567369 185 177 167
3.497391 -1.766236 21.656467 220 175 144
3.486487 -1.704558 20.795103 235 189 164
5.366418 -1.916794 23.360176 164 155 142
3.494520 -1.733687 21.629240 219 175 144
4.165233 -1.667750 20.538570 247 210 193
3.558105 -1.634933 20.619051 239 192 172
4.261245 -1.641387 20.555271 243 211 199
3.462854 -1.589975 20.842800 228 183 158
3.485538 -1.585828 20.774212 231 185 163
3.828318 -1.576488 20.551563 242 196 176
4.043667 -1.579295 20.544054 241 200 182
4.325018 -1.584722 20.561096 240 214 209
3.462615 -1.560224 20.837494 227 182 158
3.674300 -1.545212 20.552666 237 191 172
4.075568 -1.551015 20.547522 239 199 182
4.420482 -1.557925 20.573084 244 225 226
4.795220 -1.585336 20.911528 249 245 245
4.260616 -1.524454 20.541330 234 204 194
4.588113 -1.535596 20.639538 251 242 250
3.446637 -1.508378 20.955233 219 177 152
3.482347 -1.466244 20.735615 224 181 162
3.708987 -1.459847 20.570717 231 187 171
3.866697 -1.463440 20.590820 234 189 174
3.772638 -1.432338 20.580101 230 186 171
4.075583 -1.434411 20.536875 232 192 179
4.480175 -1.441330 20.550489 239 225 229
4.690714 -1.452161 20.681807 252 249 254
4.733643 -1.456416 20.743767 252 249 254
4.862081 -1.478263 21.085752 239 235 237
3.681302 -1.402389 20.588312 225 184 168
3.448084 -1.389989 20.953152 212 172 149
3.566262 -1.375151 20.652382 220 180 165
3.744257 -1.374524 20.592478 224 183 168
4.383362 -1.380324 20.523079 227 209 210
3.961370 -1.348648 20.590828 224 183 169
4.685808 -1.362660 20.648785 251 247 255
4.727885 -1.366397 20.706495 252 249 255
3.598654 -1.317558 20.656033 216 178 165
3.686431 -1.316803 20.616421 218 180 166
3.747201 -1.317243 20.607407 219 181 167
3.535069 -1.365445 22.189596 202 164 136
4.169240 -1.290511 20.529264 218 186 177
3.781276 -1.260370 20.623016 216 178 167
4.232916 -1.262905 20.537775 215 186 180
4.323111 -1.263493 20.522409 216 195 192
3.525868 -1.311942 22.386236 196 161 131
3.606683 -1.232688 20.706932 210 174 164
3.995077 -1.233228 20.597429 214 179 165
4.809542 -1.254925 20.797024 248 245 248
3.995794 -1.204255 20.599339 212 178 164
4.478710 -1.207892 20.523102 224 215 215
4.721383 -1.217893 20.660757 250 247 253
4.756917 -1.219482 20.683607 252 248 254
4.054735 -1.175043 20.576868 208 178 166
3.736785 -1.148266 20.737093 207 173 162
3.940173 -1.146890 20.636312 207 175 161
4.026999 -1.146381 20.595081 205 175 162
4.114976 -1.146303 20.563366 207 178 167
3.510212 -1.155682 21.689360 194 161 136
3.971406 -1.118150 20.634596 203 173 158
4.028441 -1.117607 20.601652 203 174 161
4.145245 -1.117428 20.556389 205 179 168
4.180930 -1.090006 20.582783 198 175 163
4.494597 -1.095422 20.602465 209 202 195
3.701788 -1.067449 20.929094 192 164 144
3.982984 -1.062826 20.705217 203 176 160
4.011620 -1.062598 20.688633 205 179 163
4.283847 -1.064667 20.639271 188 170 156
4.076600 -1.034878 20.702904 207 185 168
4.689898 -1.047976 20.812174 176 170 157
4.935154 -1.068645 21.265940 175 170 152
3.914037 -1.016982 21.082163 186 160 140
4.056664 -1.007876 20.772669 224 203 186
4.225051 -1.012978 20.845697 179 161 143
4.616301 -1.034269 21.276318 174 167 148
4.902378 -1.043940 21.428133 172 165 144
4.125629 -0.980850 20.810261 210 193 174
4.103529 -0.893886 20.861078 250 237 220
4.523638 -0.930113 21.856472 189 179 158
4.181002 -0.868089 20.949675 237 226 210
4.384281 -0.848735 21.217371 232 224 208
3.891025 -0.795946 21.802885 221 197 164
4.032037 -0.773338 20.793747 226 211 197
4.393760 -0.785490 21.079163 230 224 211
4.415732 -0.754626 21.019146 222 216 204
3.932607 -0.682906 20.748465 201 180 162
4.172235 -0.685026 20.683945 210 198 189
3.746905 -0.668510 21.695156 202 170 131
3.789286 -0.653205 20.836727 175 149 119
3.869987 -0.652645 20.744652 181 158 137
3.957954 -0.653186 20.706448 187 166 152
4.073167 -0.624492 20.642927 194 179 170
4.132375 -0.625013 20.624283 200 186 178
4.436987 -0.631764 20.767153 194 185 172
3.919593 -0.593321 20.652596 196 175 160
4.529310 -0.606291 20.932034 198 191 174
4.152699 -0.566032 20.552553 219 207 200
4.240176 -0.566805 20.520041 230 220 213
4.302141 -0.567689 20.520813 231 222 215
4.370691 -0.569203 20.559624 226 219 210
3.667566 -0.533977 20.851969 221 195 167
4.442394 -0.541839 20.612476 229 223 212
3.657009 -0.503473 20.770618 212 186 161
3.681701 -0.503281 20.722507 216 192 169
3.620413 -0.480273 21.454210 187 154 122
3.704135 -0.473692 20.656065 200 179 164
4.258146 -0.479297 20.435417 227 220 220
4.320656 -0.480224 20.440884 227 223 221
3.603029 -0.446528 21.069460 175 146 121
3.605702 -0.444749 20.849211 177 150 128
4.255516 -0.450254 20.417248 211 206 207
3.621033 -0.423090 21.966705 178 141 106
4.045544 -0.418711 20.448112 176 169 169
4.134358 -0.419797 20.426083 181 175 177
3.748878 -0.386125 20.523758 162 151 149
3.984619 -0.389004 20.449594 163 158 159
4.014096 -0.389369 20.441162 163 159 160
3.574820 -0.356904 21.086748 151 124 102
3.585210 -0.356420 20.922932 151 127 109
4.564435 -0.310500 20.581114 162 157 148
4.218899 -0.276790 20.366850 144 151 158
3.600647 -0.237191 21.525366 158 130 102
3.975590 -0.244676 20.377327 124 129 134
4.034856 -0.245516 20.364033 124 131 137
4.064867 -0.245935 20.359949 126 133 139
4.280209 -0.248878 20.364073 147 155 161
4.033400 -0.216790 20.352102 118 127 132
4.155523 -0.218469 20.349304 125 137 143
4.216762 -0.190587 20.346434 126 138 144
3.611384 -0.151826 20.625139 124 109 95
4.551477 -0.165430 20.498333 166 162 139
3.797654 -0.126957 20.407751 111 110 112
4.121710 -0.132032 20.321962 107 118 123
4.184176 -0.132819 20.329584 114 125 131
3.613566 -0.093524 20.635153 145 130 111
4.181800 -0.075589 20.310106 113 122 126
4.243259 -0.076400 20.311768 122 129 131
4.303524 -0.077272 20.306353 132 135 131
3.621370 -0.034719 20.687189 168 153 130
3.825111 -0.041287 20.376928 107 107 110
4.059138 -0.045319 20.305395 105 113 118
3.910944 0.014382 20.330532 117 121 127
3.969436 0.013330 20.312948 118 124 130
4.119069 0.011018 20.292717 143 149 153
3.697667 0.049679 20.554487 128 115 104
4.028578 0.040957 20.297480 122 130 135
4.271208 0.037529 20.286285 162 163 159
3.677882 0.143379 20.855761 147 127 108
3.779932 0.133911 20.472092 112 105 106
3.831576 0.131785 20.403929 110 108 112
4.059900 0.126443 20.294373 126 134 139
3.703865 0.187602 21.523310 160 134 106
3.687906 0.174314 20.926590 143 122 104
3.856654 0.188015 20.360239 108 109 113
3.685121 0.226937 20.670193 125 106 95
3.749993 0.220950 20.469366 120 110 108
4.172472 0.209235 20.228308 147 156 156
3.802501 0.247386 20.403646 122 118 120
3.828452 0.246169 20.371187 113 111 114
3.881491 0.243978 20.315853 100 102 105
3.994581 0.240895 20.256651 105 113 117
4.051958 0.239529 20.233948 115 126 128
3.777590 0.277588 20.441135 121 113 113
3.993639 0.269256 20.247936 99 107 110
3.901459 0.355774 20.234724 70 68 71
5.079562 -2.614840 23.249765 189 177 156
4.419780 -2.468119 22.181824 205 176 154
5.062721 -2.572498 23.154144 204 194 177
4.046814 -2.291109 21.023695 231 193 169
4.079206 -2.292202 21.029728 231 193 171
4.214870 -2.300162 21.091131 229 194 175
4.403697 -2.285376 20.900305 235 215 202
4.957750 -2.450789 22.570812 230 225 213
3.612810 -2.305166 21.573645 221 185 152
4.081401 -2.244820 20.835930 238 200 178
5.177301 -2.480460 23.199524 169 161 143
3.542487 -2.200036 20.761589 232 194 165
3.589599 -2.190360 20.646431 238 200 172
4.204423 -2.198800 20.629200 243 207 192
5.206838 -2.412353 23.165251 172 163 147
3.512862 -2.141579 20.765495 232 193 162
4.284852 -2.135234 20.550323 244 216 205
4.814867 -2.235557 21.595663 223 218 212
3.524731 -2.099264 20.610842 238 198 169
4.518098 -2.118695 20.649303 253 247 245
3.699599 -2.066640 20.533966 248 204 178
3.819655 -2.066953 20.514717 250 206 181
4.218199 -2.073257 20.512905 248 215 202
4.757423 -2.146808 21.277191 229 226 221
3.876638 -2.036314 20.481621 251 207 183
4.729683 -2.103602 21.123367 233 230 225
3.519677 -2.008216 20.560162 242 199 171
4.122556 -2.011757 20.484329 253 214 196
4.306695 -2.014881 20.486113 248 223 214
4.550449 -2.032193 20.649431 254 249 247
4.588386 -2.035995 20.688383 254 251 248
4.627699 -2.040383 20.734219 253 251 248
3.934130 -1.977205 20.450193 252 210 186
4.369021 -1.987383 20.489416 250 232 226
4.919232 -2.101180 21.794289 207 201 194
3.574574 -1.946829 20.502626 247 202 176
3.631595 -1.945221 20.470592 249 204 178
3.750866 -1.945376 20.448170 251 208 182
3.840448 -1.945659 20.433447 252 210 184
5.270336 -2.194696 23.296314 166 156 142
3.475369 -1.970371 21.198792 224 182 149
3.630069 -1.915306 20.455702 249 204 177
4.399520 -1.929832 20.483088 252 237 232
4.622945 -1.950256 20.700256 253 250 249
4.749484 -1.979298 21.048845 234 231 228
3.433975 -1.894254 20.598124 234 190 160
3.543043 -1.887688 20.488596 245 199 173
3.628541 -1.885434 20.440809 249 204 177
4.199376 -1.861213 20.377594 253 217 202
4.361356 -1.867998 20.433676 251 229 222
4.843159 -1.945995 21.376282 227 223 217
5.049918 -2.018438 22.303741 198 192 183
3.431506 -1.834348 20.570446 235 189 160
3.834280 -1.826761 20.377974 252 208 183
4.198035 -1.831772 20.366541 253 217 201
4.837388 -1.913364 21.342752 230 227 221
3.457532 -1.802895 20.528694 237 191 163
3.657064 -1.798000 20.415565 250 203 178
4.073982 -1.799956 20.349375 253 213 192
4.165899 -1.801712 20.353291 253 215 198
4.228055 -1.803267 20.361069 253 217 202
4.612461 -1.828852 20.632256 253 250 249
4.707037 -1.843044 20.809294 249 246 244
3.484333 -1.882813 22.073441 209 167 132
4.227677 -1.774315 20.355965 252 216 200
4.259097 -1.775231 20.361837 251 217 203
4.610429 -1.798862 20.618502 253 250 249
3.455393 -1.743524 20.504057 236 189 162
3.567149 -1.739612 20.420980 245 197 173
3.892933 -1.740180 20.353214 250 206 182
3.890821 -1.681652 20.332684 248 204 182
4.103681 -1.685085 20.333130 249 209 190
4.356760 -1.692901 20.390476 248 222 215
4.422669 -1.695802 20.418600 250 230 229
3.423825 -1.655453 20.485310 231 186 158
4.103723 -1.656368 20.330482 247 208 189
3.408579 -1.666938 21.130333 212 169 137
3.921043 -1.624587 20.325361 247 200 180
3.593276 -1.593586 20.370354 238 190 172
3.774233 -1.595723 20.358156 243 196 176
4.527510 -1.615471 20.484398 251 238 242
3.418501 -1.565820 20.430735 226 181 157
3.806478 -1.539438 20.364388 239 192 174
3.925751 -1.540357 20.347616 240 194 176
4.134011 -1.541957 20.318253 239 201 185
4.320181 -1.546245 20.340973 238 210 205
4.417960 -1.549975 20.378231 242 224 226
3.440036 -1.578465 21.655212 205 165 131
3.396358 -1.511610 20.492357 218 175 150
3.715062 -1.509168 20.360409 236 189 172
4.012672 -1.511396 20.316435 236 193 177
4.072638 -1.512064 20.311428 236 196 180
4.351576 -1.489626 20.341208 234 211 208
3.807832 -1.453675 20.364204 232 187 171
4.013762 -1.454422 20.317520 233 190 175
4.073809 -1.455131 20.313005 232 193 179
4.165168 -1.456659 20.314468 231 196 182
3.498989 -1.418165 20.325653 225 180 164
3.778076 -1.424695 20.365807 229 186 169
4.668673 -1.449474 20.569048 252 246 253
3.686112 -1.394238 20.357832 225 184 167
4.015835 -1.397781 20.324984 228 187 173
4.075890 -1.398496 20.320364 228 190 176
5.434201 -1.575280 23.363995 167 163 146
3.530574 -1.361716 20.327961 221 179 165
3.623450 -1.363828 20.340935 223 181 167
3.871233 -1.369281 20.371916 222 184 168
3.901687 -1.369761 20.371883 223 184 168
4.556534 -1.384214 20.454599 242 236 242
4.049959 -1.342108 20.343010 222 185 172
4.109857 -1.342768 20.337074 222 188 176
4.324173 -1.346550 20.345325 223 202 199
4.388686 -1.348582 20.366377 226 211 211
5.170611 -1.456781 22.359861 202 201 196
3.964995 -1.313997 20.381565 219 182 167
4.629153 -1.330528 20.511375 245 243 250
3.601017 -1.251268 20.387268 214 176 166
3.847092 -1.255820 20.402779 214 179 165
4.119542 -1.259519 20.389235 215 182 173
4.668270 -1.275250 20.551598 245 244 252
4.337920 -1.235413 20.415222 215 197 194
3.882050 -1.200042 20.426840 209 177 163
4.280602 -1.206637 20.434996 211 187 184
3.583710 -1.168650 20.477310 207 172 163
3.974671 -1.172939 20.430235 208 177 163
4.667800 -1.188186 20.541437 243 242 249
4.702688 -1.189600 20.563499 245 244 251
3.554499 -1.139707 20.484600 204 171 160
4.132191 -1.147725 20.457045 206 179 169
3.498127 -1.111324 20.519569 200 167 151
4.075729 -1.119096 20.484444 200 174 161
4.107910 -1.119954 20.494192 200 174 162
4.332416 -1.125595 20.552662 203 187 179
4.393404 -1.126438 20.549564 207 195 188
4.423167 -1.126696 20.543827 209 199 192
4.720171 -1.135269 20.651735 234 233 234
4.958034 -1.166425 21.406818 231 229 226
3.503290 -1.083880 20.556797 196 165 146
4.217323 -1.096513 20.598656 195 172 160
5.301215 -1.191346 22.832649 205 204 189
3.746935 -1.058151 20.536991 191 165 145
4.265835 -1.071827 20.703653 189 170 156
4.732670 -1.085020 20.880213 210 207 200
3.734712 -1.033297 20.668262 188 162 139
3.997184 -1.034055 20.563601 213 190 171
4.388772 -1.050219 20.878412 181 170 153
3.563141 -1.004779 20.773481 187 159 128
4.483539 -1.027957 21.063154 172 163 144
3.825905 -0.995665 21.325258 186 160 132
3.921086 -0.978090 20.667578 202 179 156
3.978852 -0.978200 20.640314 227 207 185
4.042051 -0.979455 20.649632 231 213 193
4.117130 -0.953854 20.731592 223 207 188
4.433895 -0.919703 21.513910 193 182 163
4.509517 -0.927247 21.773161 185 175 154
4.685812 -0.941171 22.228376 168 160 134
4.344829 -0.879954 21.164825 222 213 195
3.925843 -0.837876 20.896997 234 217 195
4.100516 -0.809429 20.809536 218 201 186
4.322356 -0.817149 21.022051 236 226 211
3.854733 -0.785130 21.278555 220 195 165
4.562980 -0.803809 21.691715 177 168 151
4.010782 -0.749834 20.828079 219 202 186
3.981469 -0.720239 20.837477 230 213 197
4.219845 -0.693574 20.764862 227 217 207
4.604146 -0.710646 21.545290 177 169 148
4.090547 -0.632749 20.726854 176 159 148
4.597890 -0.647278 21.319553 166 157 137
3.911106 -0.601268 20.769711 191 171 154
4.084916 -0.603128 20.687471 195 180 169
3.738184 -0.578300 21.827940 227 197 160
3.845777 -0.541655 20.740973 228 210 192
3.901896 -0.542232 20.699982 225 208 195
4.160645 -0.545328 20.574018 231 220 212
4.282189 -0.547124 20.564177 238 229 224
4.508507 -0.522962 20.798758 225 220 209
3.682611 -0.485436 21.894350 186 154 120
3.977747 -0.484705 20.580015 223 208 201
4.268808 -0.488753 20.477913 233 227 224
3.918496 -0.454901 20.592737 202 185 180
4.001845 -0.456025 20.532848 205 193 187
4.087087 -0.457216 20.488585 208 199 193
3.942715 -0.426273 20.545277 182 169 165
4.564128 -0.435983 20.753263 191 187 174
3.680809 -0.392625 22.398527 159 123 92
3.673301 -0.393166 20.826736 160 142 132
4.167394 -0.400878 20.410494 176 172 171
4.549696 -0.406603 20.669802 185 182 171
3.620179 -0.362481 21.137440 153 129 111
3.646595 -0.334090 20.853525 147 130 123
3.854280 -0.338231 20.561836 148 141 143
3.853240 -0.309362 20.551401 142 138 141
3.719505 -0.277540 20.694595 141 133 132
4.487397 -0.290543 20.482162 163 162 159
3.649103 -0.207569 21.853638 164 136 107
4.279328 -0.231172 20.332870 143 152 157
3.824514 -0.164503 20.549284 115 115 119
3.963389 -0.167806 20.450569 109 116 122
4.220146 -0.173069 20.337322 124 135 141
4.344112 -0.174784 20.350458 137 144 143
4.019624 -0.140392 20.415289 103 112 118
4.131948 -0.142930 20.353687 108 120 127
4.220491 -0.144501 20.336601 119 129 135
3.646428 -0.099889 20.823750 124 111 93
3.852111 -0.107570 20.521030 104 105 110
4.132186 -0.114349 20.352282 104 115 122
4.161082 -0.114931 20.342665 108 119 125
4.284287 -0.116659 20.351347 120 128 129
4.253536 -0.087666 20.346758 124 131 133
3.824177 -0.049220 20.533913 106 105 108
3.879722 -0.050787 20.493483 102 103 109
4.104076 -0.056555 20.361191 105 115 121
4.388156 -0.031147 20.415693 161 159 145
3.936171 0.005166 20.454561 110 114 121
3.880060 0.035474 20.486265 119 120 125
4.135646 0.028787 20.359421 149 155 160
4.164821 0.028170 20.351461 156 162 165
3.657073 0.077118 20.883080 156 139 114
3.798137 0.095937 20.550617 107 102 101
4.138365 0.114823 20.367714 132 140 143
4.362637 0.113182 20.431484 136 135 122
4.329680 0.141928 20.414736 131 132 123
3.853724 0.180284 20.500071 113 112 116
3.993906 0.175609 20.413504 116 123 128
4.108686 0.172505 20.366890 140 149 151
3.680757 0.228726 21.044577 131 110 88
3.909805 0.207056 20.461279 106 110 113
4.332274 0.199605 20.424526 128 131 122
3.702269 0.276897 20.730556 116 98 86
4.021174 0.260260 20.383224 103 113 114
3.685087 0.309885 20.830603 104 84 69
4.077314 0.286872 20.349392 103 114 114
3.720110 0.331117 20.627367 101 83 76
4.103638 0.314014 20.320515 95 107 106
4.262149 -2.414621 21.697437 205 175 150
4.626355 -2.425199 21.744751 214 200 182
3.820212 -2.452232 22.540091 213 177 146
3.916612 -2.384775 21.770061 220 184 156
3.964453 -2.334261 21.198111 220 182 158
4.452040 -2.316546 20.907377 230 213 199
4.845404 -2.426602 22.058226 220 212 200
3.682797 -2.368248 21.974207 217 182 150
4.433574 -2.277102 20.795706 239 222 210
4.657652 -2.315317 21.184940 237 230 221
3.899145 -2.233615 20.735790 238 198 174
4.044405 -2.230907 20.675850 238 199 180
4.146678 -2.163174 20.537165 244 207 191
4.498816 -2.176882 20.628508 254 246 242
4.078455 -2.129213 20.487844 247 208 190
4.573838 -2.155367 20.702019 253 248 246
5.032681 -2.313311 22.522924 190 182 173
4.493176 -2.115968 20.590271 254 246 245
4.616549 -2.132251 20.765278 252 247 246
3.464658 -2.119084 21.213959 212 174 139
3.547400 -2.073189 20.618639 242 198 172
3.773416 -2.065949 20.478748 250 205 181
4.042182 -2.067740 20.443266 251 210 191
4.135397 -2.070336 20.455797 251 212 196
4.195993 -2.071242 20.454121 250 214 200
4.387139 -2.078516 20.504377 251 234 231
3.771109 -2.035687 20.458462 251 206 182
4.006192 -2.006608 20.399672 253 211 192
4.351071 -2.017545 20.465288 251 230 225
3.423520 -1.972706 20.849897 222 179 145
3.444043 -1.966625 20.762495 228 185 153
3.539677 -1.951991 20.541397 245 199 172
4.094293 -1.949199 20.374315 254 215 197
3.766084 -1.917487 20.407616 254 209 184
5.069081 -2.078949 22.336443 189 180 170
3.461914 -1.900665 20.647154 237 192 162
4.314982 -1.899170 20.419184 252 228 217
3.734332 -1.829885 20.386333 253 207 182
4.000941 -1.831634 20.344746 254 212 189
4.185774 -1.836171 20.365013 253 217 199
3.485938 -1.809985 20.580442 239 193 164
3.790943 -1.800206 20.354044 252 207 182
3.819993 -1.800134 20.345451 252 208 182
4.092331 -1.804789 20.345348 253 214 192
4.377901 -1.814805 20.422733 253 233 227
4.410599 -1.816255 20.436172 253 237 234
4.514485 -1.822781 20.507811 254 247 245
3.486011 -1.780963 20.576887 239 192 164
3.511655 -1.778827 20.537149 242 195 167
3.538443 -1.777359 20.507420 244 196 170
4.122304 -1.776522 20.340263 253 214 194
3.413313 -1.731566 20.729267 225 180 149
3.705205 -1.714965 20.380136 249 202 178
3.940053 -1.715789 20.328516 251 206 185
4.510895 -1.734841 20.478655 253 243 245
3.705207 -1.686237 20.376406 248 200 177
3.791192 -1.685590 20.341330 249 203 179
3.850475 -1.686089 20.332808 250 204 181
4.373546 -1.698190 20.385063 251 227 224
4.406736 -1.699761 20.401682 252 232 230
4.942154 -1.773168 21.465710 187 178 173
3.705355 -1.657586 20.373749 246 198 177
4.151344 -1.662032 20.319786 246 209 192
4.339795 -1.667727 20.361759 248 222 217
3.821504 -1.628827 20.334566 247 199 179
3.851397 -1.629198 20.332123 247 200 179
4.806328 -1.678563 20.907305 220 213 214
3.510174 -1.604377 20.500841 235 186 165
4.305823 -1.608615 20.333639 243 215 209
4.574739 -1.621578 20.483128 252 242 251
4.650509 -1.627395 20.563921 253 246 254
4.090511 -1.575074 20.307522 242 203 185
4.687849 -1.601085 20.597488 254 248 254
3.454215 -1.518859 20.529573 226 180 159
4.536029 -1.532110 20.428312 250 237 243
3.562816 -1.486493 20.419891 231 184 167
3.591222 -1.486219 20.404741 232 185 168
4.368553 -1.495977 20.334625 238 217 217
4.568285 -1.504452 20.435728 251 240 247
3.562468 -1.457598 20.413227 230 183 166
3.792435 -1.457050 20.321232 233 188 170
4.500841 -1.472747 20.395395 245 232 238
3.426944 -1.432899 20.544012 219 175 154
3.853192 -1.429598 20.319803 231 188 170
4.243464 -1.435491 20.303568 229 200 193
3.332952 -1.413624 20.786413 204 163 130
3.534661 -1.400567 20.425362 224 181 165
4.213038 -1.406368 20.299047 228 196 189
3.451172 -1.373156 20.483854 220 175 159
3.506469 -1.372106 20.438789 221 178 163
4.274990 -1.379311 20.305340 225 199 196
4.670841 -1.394036 20.485643 252 247 253
4.795574 -1.403918 20.660982 245 243 243
3.655527 -1.344932 20.412579 221 180 167
3.886789 -1.345448 20.332417 223 184 167
4.274726 -1.350705 20.300657 224 198 195
4.750596 -1.341948 20.579838 251 248 253
3.456211 -1.288399 20.512493 214 173 157
3.510098 -1.287048 20.455511 215 174 162
4.123809 -1.291103 20.294678 221 185 177
4.184389 -1.292185 20.295916 220 187 183
4.708734 -1.309920 20.516888 250 249 254
3.355962 -1.265020 20.695934 202 162 136
4.310955 -1.267159 20.327374 220 196 197
4.342135 -1.267902 20.332911 221 200 201
3.380747 -1.234423 20.640465 203 163 141
3.657988 -1.230858 20.415722 216 176 168
4.039755 -1.234213 20.330366 216 180 169
4.536985 -1.245419 20.404573 237 229 236
4.776473 -1.254729 20.546415 251 252 254
5.308455 -1.340838 22.635704 176 170 161
3.488772 -1.202982 20.516560 209 170 159
3.863449 -1.203909 20.362547 214 176 165
4.191367 -1.208326 20.329557 212 183 178
4.347541 -1.212018 20.358717 218 198 198
4.889357 -1.243018 20.973642 234 232 234
5.015697 -1.262617 21.466404 214 211 211
3.719960 -1.174833 20.417181 211 174 166
3.805145 -1.174855 20.375086 210 174 165
4.070280 -1.177688 20.325571 210 178 170
4.511577 -1.188633 20.426670 229 220 227
4.132140 -1.150484 20.331045 206 178 170
3.443447 -1.119708 20.633846 199 164 146
3.955034 -1.119830 20.356943 205 173 162
4.103411 -1.121750 20.337454 203 175 165
3.784160 -1.090622 20.430807 203 171 158
3.787796 -1.062720 20.453131 196 165 150
4.176783 -1.068161 20.411255 189 168 156
3.879400 -1.035614 20.451605 193 166 148
3.465887 -1.021944 21.326633 184 154 117
3.974034 -1.009074 20.470438 216 194 176
3.686776 -1.001274 21.558456 186 158 123
3.763260 -0.998994 21.407106 184 157 127
4.318825 -0.975680 21.284143 174 158 139
3.928969 -0.899586 20.776237 237 215 192
3.986097 -0.870818 20.740519 247 228 208
4.030324 -0.814686 20.822712 222 201 185
4.121521 -0.816055 20.810652 223 207 192
4.238858 -0.820317 20.963749 232 219 205
3.880682 -0.786400 21.079103 222 197 169
4.278077 -0.792221 21.010143 239 226 214
3.868547 -0.755570 20.988787 230 205 178
4.268469 -0.761856 20.946987 240 228 217
4.744778 -0.787813 22.450190 177 169 148
4.489024 -0.742184 21.517368 235 228 216
3.794122 -0.698788 21.359118 207 178 142
4.451122 -0.709280 21.286940 217 209 197
3.935440 -0.666977 20.792046 187 164 145
4.205561 -0.671148 20.737747 206 192 183
4.317450 -0.673923 20.855114 210 199 190
3.815767 -0.606791 20.814877 201 176 153
4.444443 -0.588417 20.861616 228 222 210
3.729355 -0.547064 20.856367 228 202 176
4.682840 -0.564248 21.505249 194 188 169
3.643626 -0.516458 21.403265 205 172 138
3.751156 -0.518196 20.784220 221 196 177
4.028388 -0.522861 20.570333 225 210 202
3.652025 -0.486143 21.722033 190 157 124
3.966507 -0.493016 20.562620 224 205 199
3.745495 -0.459996 20.734861 194 172 160
3.879269 -0.462663 20.591108 199 181 174
3.931347 -0.434989 20.524612 180 166 163
3.959599 -0.435533 20.509071 182 169 166
4.352000 -0.442286 20.482119 214 212 213
4.386844 -0.442766 20.507673 220 218 219
3.986165 -0.407434 20.479164 169 160 159
3.604571 -0.364342 21.582605 153 121 96
3.687487 -0.371743 20.751442 157 140 134
3.901163 -0.377026 20.520071 155 147 147
3.738690 -0.344244 20.669498 149 140 141
3.660486 -0.312912 20.773319 145 132 126
3.955734 -0.320991 20.469126 139 139 140
3.686577 -0.284714 20.732868 141 132 129
3.712504 -0.285580 20.695993 141 134 133
3.661093 -0.254746 20.770025 137 125 119
4.216572 -0.269234 20.380224 137 148 154
3.792814 -0.230325 20.601112 127 126 129
3.985494 -0.235721 20.454081 119 126 131
4.443378 -0.243359 20.460510 152 156 154
4.374254 -0.214358 20.409363 144 150 152
3.664142 -0.167280 20.781374 120 108 98
3.794464 -0.172558 20.605539 116 115 117
4.158445 -0.182537 20.386480 116 128 135
4.606807 -0.181834 20.858725 163 159 139
3.795636 -0.143622 20.610249 112 111 112
3.932562 -0.148068 20.497757 107 112 119
4.188583 -0.154585 20.381994 116 128 134
4.609616 -0.152397 20.871498 167 162 139
3.906036 -0.118423 20.521652 104 107 114
4.249470 -0.127111 20.380116 121 131 135
3.825461 -0.086673 20.596743 105 104 107
4.133011 -0.096002 20.407785 106 115 122
3.744484 -0.054645 20.674025 105 98 93
4.223444 -0.069124 20.400267 118 126 131
3.695730 -0.022553 20.766558 131 118 103
3.802317 -0.027413 20.643360 110 106 107
3.967850 -0.033371 20.515957 102 106 115
3.672557 0.008394 20.821642 142 126 106
4.138935 -0.009635 20.435472 133 139 145
3.999999 0.023670 20.519732 114 119 127
3.729989 0.064572 20.779634 123 111 99
4.231069 0.046025 20.434402 157 161 163
4.261873 0.045574 20.436718 158 160 160
4.362897 0.045559 20.494310 153 151 142
4.447061 0.048072 20.628574 153 149 134
4.264198 0.074498 20.447706 153 157 155
4.091460 0.108003 20.508396 120 128 134
3.845260 0.176489 20.704115 111 107 110
4.310266 0.162627 20.532404 143 146 142
3.759979 0.225746 21.217447 125 107 93
3.902339 0.203245 20.668554 108 107 112
4.041914 0.197435 20.574039 112 118 123
4.217972 0.192703 20.525728 147 155 155
3.767286 0.257334 21.268274 122 103 90
4.016654 0.227919 20.606352 106 112 116
3.740813 0.298705 21.548193 116 92 71
3.754512 0.292930 21.408060 116 93 77
3.765381 0.286492 21.249987 116 96 83
4.016662 0.256662 20.602955 102 107 111
4.190217 0.251127 20.536829 130 141 141
3.878270 0.292037 20.704714 110 106 107
3.850901 0.322409 20.725653 111 104 103
3.751317 0.360765 20.899092 90 71 62
3.847205 0.350212 20.695799 94 86 84
3.919689 0.371609 20.555098 68 65 63
3.819422 -2.504186 22.641245 194 162 126
4.981384 -2.565591 23.117254 199 192 172
5.138193 -2.544540 23.218519 174 165 145
3.890164 -2.360482 21.665245 219 184 155
3.922020 -2.360847 21.662966 220 184 155
3.669584 -2.238273 20.947817 233 195 167
3.723142 -2.234019 20.883467 234 197 169
4.649669 -2.263338 21.046772 247 242 236
4.895720 -2.349353 22.060612 209 204 195
4.179005 -2.192853 20.630798 240 208 189
4.364336 -2.197043 20.642900 249 230 221
4.111426 -2.159404 20.585442 245 208 189
4.571344 -2.182032 20.773466 253 249 247
3.508786 -2.084428 20.880148 232 191 160
3.659604 -2.038589 20.610588 248 202 176
3.858515 -2.034608 20.506769 252 207 181
4.006027 -2.035127 20.478115 251 209 186
3.629086 -2.009047 20.606531 248 201 174
3.826449 -2.004360 20.490871 253 208 182
4.033246 -2.005389 20.454144 252 211 188
4.211532 -2.007024 20.433105 249 217 200
4.241930 -2.007621 20.434046 248 218 202
4.506246 -2.021215 20.561691 253 248 247
4.208680 -1.977064 20.412056 250 217 200
4.432780 -1.986030 20.485399 253 243 239
4.503607 -1.991269 20.543507 253 249 247
4.623252 -2.004236 20.701456 251 247 246
3.468746 -2.014702 21.584297 208 169 131
3.651954 -1.947536 20.540148 249 202 175
3.908674 -1.944133 20.423075 253 210 183
4.236354 -1.947842 20.393137 250 219 202
3.454609 -1.958062 21.186323 219 178 142
3.848375 -1.914460 20.420502 253 209 182
3.906404 -1.914374 20.403801 253 210 183
4.203800 -1.917680 20.375095 251 218 199
4.296370 -1.920134 20.387775 250 225 211
4.536816 -1.935239 20.553143 254 250 247
4.615745 -1.943242 20.653599 252 249 248
3.676244 -1.887229 20.486046 250 204 176
3.933569 -1.884862 20.379515 253 210 184
3.993254 -1.885629 20.375214 254 213 186
4.202233 -1.888434 20.362040 251 218 199
4.496468 -1.902048 20.493435 254 249 244
5.210748 -2.076479 23.005905 168 159 148
4.230701 -1.859719 20.348492 250 218 201
5.262883 -2.050898 23.097107 170 161 147
3.434359 -1.874043 21.268488 216 173 138
3.755885 -1.825986 20.395851 251 206 178
4.647888 -1.857417 20.653093 253 249 249
3.437342 -1.829524 21.020742 223 178 146
3.534781 -1.803248 20.554770 242 194 165
3.869683 -1.796436 20.343737 252 208 179
4.167127 -1.800267 20.320841 252 216 196
4.290062 -1.803375 20.336781 251 222 210
5.321828 -1.994516 23.219204 168 159 142
3.441664 -1.786799 20.790834 229 184 153
4.257830 -1.773536 20.320530 249 218 204
4.320136 -1.775382 20.333437 251 224 215
4.640771 -1.797070 20.607843 254 249 251
4.196330 -1.743489 20.308805 249 214 197
3.722271 -1.709481 20.355150 250 201 175
4.384320 -1.720821 20.350573 250 228 225
3.478981 -1.688986 20.578911 234 187 159
3.722524 -1.681020 20.353111 248 199 174
3.868646 -1.681882 20.321775 248 203 178
4.725883 -1.718974 20.729246 241 235 239
3.695190 -1.653073 20.369896 245 197 173
3.839365 -1.653162 20.323633 247 200 176
4.516961 -1.669757 20.413229 252 242 246
5.426814 -1.842459 23.387562 165 157 135
3.723040 -1.624118 20.349106 244 196 172
4.135148 -1.628237 20.288517 243 206 189
4.349363 -1.633218 20.312439 245 221 218
3.419379 -1.614667 20.835783 219 175 144
3.502894 -1.600066 20.512985 233 185 161
3.927349 -1.596962 20.301067 243 197 177
4.513831 -1.611642 20.389431 251 240 244
4.015313 -1.569367 20.283260 239 196 178
3.398585 -1.559801 20.913298 212 170 139
3.529902 -1.541704 20.477636 230 184 163
4.074030 -1.541588 20.271332 237 199 180
3.501681 -1.513244 20.490314 228 182 161
3.665483 -1.509906 20.353357 234 188 168
3.808737 -1.510043 20.300955 236 190 169
5.043779 -1.604352 21.902409 205 200 196
4.072954 -1.484495 20.257538 233 196 179
4.613544 -1.501463 20.427975 253 245 251
3.866611 -1.453534 20.278204 232 188 168
3.837567 -1.424903 20.281267 228 187 166
5.226419 -1.540272 22.502974 174 167 157
3.405076 -1.404893 20.682436 212 171 147
3.526305 -1.396971 20.427855 222 180 161
3.808883 -1.396372 20.286963 225 185 164
3.638419 -1.367759 20.356504 222 181 164
3.666665 -1.367717 20.342337 222 182 164
3.475509 -1.341714 20.498322 216 175 157
3.896534 -1.340515 20.263035 220 181 166
4.345389 -1.348193 20.257299 227 206 208
4.504969 -1.352996 20.311985 242 231 235
4.639917 -1.358295 20.392107 251 246 253
3.810130 -1.311522 20.284521 218 180 165
3.926189 -1.312603 20.257166 219 180 166
4.410201 -1.321993 20.282324 228 212 216
3.555637 -1.282802 20.403959 214 174 162
3.810647 -1.283269 20.284426 216 179 165
4.346964 -1.291887 20.260265 221 202 204
4.717270 -1.305689 20.477238 248 248 253
4.763484 -1.309339 20.561666 244 245 248
3.725078 -1.254438 20.313511 214 177 164
3.868741 -1.255477 20.267218 214 178 164
4.224500 -1.260908 20.241497 215 188 184
3.366459 -1.228197 20.586485 200 162 141
3.496790 -1.225021 20.408159 209 170 158
3.956687 -1.228260 20.249947 213 177 166
3.353381 -1.219583 21.282591 192 157 124
4.016959 -1.172766 20.245131 209 177 167
4.322185 -1.179063 20.278473 213 195 194
4.541118 -1.184287 20.327913 236 231 232
4.716792 -1.191125 20.462996 246 247 252
4.757836 -1.193429 20.520041 246 247 251
3.697589 -1.140825 20.316925 206 173 162
3.900181 -1.142964 20.262548 206 176 162
4.385654 -1.152375 20.295454 216 204 200
5.249718 -1.223361 22.419647 185 182 172
3.527549 -1.111468 20.395567 202 169 156
4.333720 -1.124305 20.340687 208 194 188
4.825278 -1.142098 20.709297 240 240 239
3.447298 -1.121400 22.101326 182 151 116
4.223209 -1.095367 20.398705 194 174 163
4.256732 -1.096431 20.419014 194 175 165
3.758761 -1.056875 20.312750 188 162 142
4.236507 -1.068892 20.477478 185 167 154
4.517438 -1.074836 20.522989 194 187 178
3.609165 -1.030712 20.547340 187 160 134
3.743156 -1.030366 20.414450 185 159 137
4.586077 -1.058935 21.087404 184 177 162
4.692548 -1.062250 21.157986 188 181 168
3.627813 -1.014229 21.173574 187 158 126
3.870412 -1.004916 20.454882 188 164 142
4.410025 -1.027654 21.154295 174 162 144
4.073422 -0.953572 20.586952 236 221 201
4.450068 -0.976135 21.583891 173 163 142
4.250575 -0.845212 20.920008 245 240 226
3.793877 -0.810457 21.211550 215 189 153
4.205931 -0.814446 20.830036 236 227 213
4.289524 -0.817093 20.965925 243 237 224
4.375119 -0.821500 21.301878 240 233 220
3.772073 -0.780930 21.280336 222 196 158
4.281192 -0.787280 20.910629 241 232 220
4.539330 -0.767195 21.710548 209 201 187
3.875215 -0.720688 20.664288 215 195 172
3.903756 -0.721131 20.649775 215 196 176
3.992230 -0.722600 20.627308 215 197 182
3.900965 -0.692209 20.626575 216 197 177
4.513609 -0.645384 21.166901 184 177 162
3.860176 -0.605297 20.543251 176 153 129
4.038754 -0.608501 20.516565 179 163 150
4.069009 -0.609038 20.515661 181 167 154
4.336464 -0.613524 20.662596 208 200 190
3.718654 -0.573900 20.618664 218 193 163
4.125273 -0.581521 20.483267 214 203 194
3.740335 -0.545835 20.549410 239 217 191
3.606588 -0.509416 21.434681 202 168 129
4.273559 -0.527180 20.455833 238 234 228
3.569844 -0.482971 20.881933 188 158 125
4.176023 -0.497265 20.410797 221 216 211
3.573471 -0.449067 21.415012 172 139 103
3.964754 -0.465072 20.409479 198 185 180
3.561983 -0.419958 21.316280 165 132 99
3.632051 -0.428328 20.637011 169 147 131
4.520025 -0.444001 20.642944 204 202 193
3.560068 -0.387229 21.558495 168 133 97
4.794443 -0.410066 21.478407 157 153 126
3.657993 -0.371775 20.593472 154 139 130
3.739002 -0.374253 20.515947 156 145 140
3.936874 -0.379124 20.414537 154 148 146
4.171819 -0.383875 20.370947 162 165 166
4.296499 -0.385760 20.395142 182 186 190
3.555469 -0.327546 21.511026 166 132 98
3.937684 -0.350639 20.416395 147 144 144
3.966030 -0.351332 20.403646 146 144 144
4.140793 -0.326712 20.358728 140 150 151
4.479139 -0.329238 20.571024 172 175 175
3.911827 -0.292825 20.439165 134 136 138
3.665178 -0.256218 20.631752 133 125 119
4.267763 -0.271564 20.390961 142 155 159
3.566310 -0.211364 21.319899 170 140 111
3.774170 -0.231451 20.531092 128 127 126
3.943133 -0.236368 20.438860 120 127 130
4.446406 -0.243025 20.548426 152 158 155
4.338795 -0.214680 20.448004 140 150 151
3.620739 -0.166253 20.749357 121 108 90
3.948412 -0.150302 20.463783 105 112 117
4.152854 -0.155173 20.414621 109 121 128
4.644513 -0.145561 21.142675 164 161 136
3.650946 -0.080352 20.732574 135 121 102
3.839506 -0.089015 20.543856 105 105 105
3.952603 -0.092683 20.484938 99 105 111
4.098201 -0.096388 20.445251 100 109 116
3.758119 -0.056857 20.612848 109 104 98
3.813267 -0.059102 20.570147 108 107 105
4.256411 -0.069547 20.483498 129 135 137
4.447829 -0.037249 20.712694 160 158 145
3.660473 0.008296 20.793278 155 139 115
3.764030 0.030422 20.644310 115 108 101
3.791028 0.029053 20.618195 115 110 106
4.378395 0.019966 20.658295 157 157 150
3.714301 0.063037 20.726318 118 106 91
3.849378 0.055962 20.594719 116 115 114
4.111570 0.048431 20.514021 135 143 147
4.174215 0.047730 20.525709 149 156 158
4.427881 0.051762 20.766491 152 150 140
3.933399 0.081161 20.539238 106 111 115
3.905967 0.110971 20.556332 101 104 106
4.055549 0.107614 20.538298 108 117 121
4.516860 0.121008 21.100477 123 122 105
4.025975 0.136890 20.540438 105 114 117
4.463686 0.146161 20.968111 114 116 103
3.963870 0.166169 20.528492 107 113 115
3.766292 0.202998 20.637161 115 107 101
4.026052 0.193938 20.533783 118 127 129
4.377835 0.199904 20.819305 133 137 130
3.706405 0.243406 20.874722 117 103 86
3.718504 0.265699 20.729410 112 100 88
3.764841 0.259801 20.618652 115 107 101
3.815560 0.255486 20.544188 112 109 107
3.960019 0.250496 20.491457 96 103 103
4.086222 0.249657 20.522272 115 126 126
3.924124 0.277772 20.449938 87 92 91
4.111565 0.276142 20.486189 114 125 125
3.721550 0.313171 20.516577 98 87 77
3.827620 0.305918 20.406576 108 107 104
4.131737 0.301045 20.417915 109 121 120
3.794780 -2.457868 22.547937 203 168 133
3.967746 -2.464562 22.593576 207 171 138
4.111463 -2.472754 22.664835 209 173 145
4.897087 -2.508427 22.938908 214 204 187
4.727003 -2.426775 22.336451 229 216 201
4.126359 -2.330400 21.618452 227 191 168
3.807058 -2.241992 20.911556 236 197 170
3.869131 -2.243331 20.914593 237 198 173
4.021387 -2.245111 20.901836 236 198 177
4.281260 -2.241766 20.794315 237 207 191
4.935627 -2.358554 22.205387 198 190 180
3.963617 -2.201286 20.712955 241 200 180
3.548606 -2.189750 21.057531 228 190 160
3.610353 -2.173176 20.810272 239 198 170
3.720984 -2.168698 20.719877 242 201 175
3.896961 -2.168257 20.669542 244 202 180
3.606519 -2.141809 20.775677 242 199 172
4.211282 -2.135987 20.537474 246 209 195
4.303619 -2.138344 20.547449 247 218 207
4.336003 -2.139827 20.560322 249 224 215
4.666408 -2.139143 20.879360 236 231 229
3.852762 -2.074126 20.560196 251 205 182
4.028371 -2.074591 20.520061 251 205 188
3.524493 -2.058220 20.842171 236 194 164
4.653785 -2.075963 20.802896 241 237 235
3.674089 -2.014812 20.574518 250 204 178
3.702886 -2.014606 20.563223 251 205 179
3.963972 -2.014320 20.485512 253 207 186
4.488963 -2.028341 20.556702 254 247 246
3.589525 -1.987612 20.620050 246 200 173
3.958699 -1.954777 20.442205 254 209 185
4.161189 -1.955282 20.390842 254 213 197
4.251994 -1.957214 20.395660 253 216 203
3.867124 -1.924015 20.429241 254 208 182
3.956777 -1.925403 20.425402 254 210 185
4.072058 -1.925547 20.393030 254 212 192
3.924099 -1.895237 20.403713 254 210 184
4.928580 -1.993354 21.775799 207 199 194
4.095060 -1.866466 20.340750 254 214 193
3.772157 -1.834779 20.382929 253 207 180
3.947506 -1.836197 20.351301 254 211 185
4.723883 -1.876670 20.828989 241 237 236
3.714389 -1.806155 20.395426 252 204 178
3.886712 -1.806355 20.341318 253 209 182
4.005491 -1.808156 20.334900 254 210 187
4.505724 -1.823797 20.457310 254 246 246
3.478151 -1.788083 20.671541 237 190 158
3.798501 -1.776962 20.348845 252 206 179
4.119874 -1.780086 20.297537 253 213 193
3.658811 -1.749902 20.420923 250 200 175
3.740839 -1.748343 20.361197 251 203 177
4.005394 -1.751384 20.326893 253 210 188
4.118692 -1.751376 20.286476 253 213 193
4.648932 -1.775741 20.576300 254 249 251
4.759204 -1.791413 20.844698 224 218 217
3.475866 -1.729289 20.643486 236 189 158
4.364539 -1.729624 20.324959 252 229 223
4.533391 -1.738078 20.434017 254 247 247
3.684042 -1.691600 20.376482 249 199 175
3.739249 -1.662538 20.337465 248 199 176
3.767519 -1.662490 20.325436 248 200 176
3.973717 -1.665229 20.303949 249 205 184
3.523295 -1.638761 20.522322 237 188 163
3.795383 -1.633984 20.306828 247 199 176
4.297760 -1.641577 20.273041 245 218 209
4.329012 -1.642527 20.281536 247 221 214
3.449279 -1.614819 20.656858 229 184 153
3.522870 -1.609945 20.514444 235 187 162
4.059569 -1.609125 20.272203 244 204 186
4.234714 -1.611287 20.248865 240 210 198
4.328045 -1.614011 20.272472 245 220 213
4.455374 -1.618334 20.318586 252 236 238
3.522335 -1.581112 20.505695 234 186 162
3.575491 -1.579684 20.448879 236 188 166
3.852049 -1.577482 20.277405 243 195 175
4.030275 -1.580495 20.272074 242 200 182
5.389051 -1.732479 23.293161 162 155 138
3.682008 -1.548860 20.340656 238 191 169
3.912043 -1.550402 20.275755 240 195 175
4.145656 -1.553350 20.243834 237 203 187
4.030077 -1.523969 20.263521 237 195 179
4.117328 -1.525008 20.249559 235 200 184
3.547068 -1.494100 20.449137 231 184 164
3.737436 -1.491940 20.300062 235 190 168
3.653440 -1.463666 20.338554 231 187 166
3.681231 -1.463590 20.322498 232 187 166
3.794439 -1.463982 20.276468 233 189 168
4.147765 -1.469334 20.246630 230 194 184
4.453680 -1.476579 20.292828 245 228 234
3.468456 -1.438990 20.536648 223 179 157
4.238398 -1.443080 20.250999 228 199 193
4.937697 -1.491115 21.265469 199 195 191
3.570647 -1.407308 20.385004 225 182 165
3.852242 -1.408131 20.255642 228 186 168
3.416989 -1.378765 21.398674 203 163 135
4.334190 -1.361491 20.279160 227 204 205
4.518576 -1.365776 20.309418 243 232 238
3.391186 -1.326398 20.633114 209 167 144
3.738624 -1.322667 20.284609 222 181 165
4.032909 -1.327233 20.256676 223 185 174
4.427971 -1.335719 20.300621 231 215 218
4.491488 -1.309244 20.318899 237 224 228
3.391120 -1.268861 20.623039 206 165 142
4.556372 -1.282922 20.344160 243 233 238
4.737236 -1.290558 20.510830 248 248 253
3.571702 -1.237276 20.367369 214 173 164
4.038164 -1.243673 20.280169 216 180 171
4.190051 -1.246858 20.296747 217 185 181
4.433837 -1.252005 20.324793 225 210 212
3.768881 -1.182243 20.267632 210 174 163
3.866607 -1.157009 20.321049 209 174 163
4.449849 -1.169435 20.407488 220 207 206
4.512952 -1.170937 20.424665 228 217 217
3.402841 -1.127373 20.699280 199 163 141
3.578746 -1.125119 20.405115 207 173 160
4.017604 -1.131709 20.326828 207 178 167
3.510933 -1.099536 22.462326 184 153 116
3.473022 -1.080420 21.288136 190 157 130
4.381052 -1.085102 20.523836 196 183 173
4.579658 -1.090271 20.620941 207 199 192
4.917396 -1.104277 21.118557 214 213 202
3.513231 -1.041646 20.591215 188 156 132
3.877114 -1.045310 20.378708 188 161 142
4.090366 -1.049523 20.399551 187 164 150
4.432621 -1.059312 20.645861 183 172 160
4.783444 -1.069332 20.897350 189 184 172
3.969074 -0.992837 20.588491 220 198 179
5.009332 -1.027115 21.931606 172 165 140
3.877612 -0.937544 21.012800 201 179 154
3.951877 -0.937827 20.882696 221 200 177
4.289366 -0.947228 21.264933 194 179 163
4.388896 -0.950963 21.493185 186 173 156
3.921181 -0.911268 21.321495 221 203 177
3.931054 -0.910396 21.168091 225 208 184
3.946624 -0.881830 21.274511 234 217 194
3.941556 -0.852878 21.459366 226 207 181
3.939123 -0.825261 22.389030 196 169 130
4.010725 -0.823316 21.059710 230 212 192
4.249197 -0.769121 21.186441 228 212 201
3.921812 -0.733826 21.077971 228 205 182
3.868982 -0.668092 22.336061 194 163 120
4.010676 -0.649182 20.825050 197 175 159
4.198467 -0.652515 20.847836 206 191 183
4.123916 -0.622869 20.758989 193 177 166
4.154760 -0.623429 20.760565 197 182 173
4.425128 -0.627243 20.913139 205 196 186
3.691993 -0.544296 21.956043 216 181 139
4.043935 -0.565149 20.626699 210 193 183
4.564085 -0.570816 20.996346 204 196 181
3.652825 -0.523055 21.132629 221 189 155
3.722452 -0.529409 20.719284 231 208 182
3.774389 -0.531195 20.652212 233 212 191
4.005133 -0.536527 20.566504 235 219 209
4.214005 -0.540652 20.546289 240 232 228
3.854901 -0.505115 20.571684 229 212 199
4.797450 -0.508549 21.597630 168 160 134
3.623910 -0.455871 21.650969 185 150 113
3.685588 -0.472023 20.662876 198 174 155
3.708491 -0.444764 20.602057 180 158 146
3.818754 -0.448149 20.521933 184 166 158
4.048083 -0.453788 20.439432 192 182 178
4.351647 -0.430855 20.451284 209 208 210
4.535499 -0.430841 20.640764 195 191 183
3.574732 -0.377587 20.983164 157 128 103
4.382965 -0.402983 20.455055 207 207 210
3.572803 -0.348803 20.963058 152 124 102
4.282028 -0.374140 20.387510 176 179 183
3.844150 -0.335789 20.471874 148 141 144
4.348243 -0.346331 20.420958 179 184 189
3.603242 -0.266573 21.983932 179 142 106
4.068067 -0.314340 20.355503 140 142 147
4.249861 -0.317442 20.367496 151 161 166
4.544720 -0.315432 20.680252 163 164 161
3.634121 -0.240424 20.701422 135 121 113
3.984067 -0.255411 20.387754 126 126 134
4.459178 -0.260415 20.531204 156 160 160
3.792071 -0.219903 20.515345 126 123 129
3.848579 -0.221753 20.487406 124 123 131
4.100758 -0.230022 20.362213 121 129 137
4.714311 -0.210428 21.454834 152 152 138
3.637797 -0.182381 20.721193 124 111 99
3.765187 -0.190306 20.535723 121 118 121
3.793105 -0.191335 20.518776 120 118 123
4.673687 -0.181433 21.400600 153 153 140
3.766440 -0.161654 20.540798 116 113 115
4.259497 -0.174998 20.409338 125 136 142
3.994262 -0.112420 20.437330 104 105 114
3.673618 -0.020547 21.219103 164 147 117
3.675587 -0.037871 20.754986 134 122 102
3.827214 -0.049225 20.526461 110 108 109
4.056688 -0.056579 20.444510 105 108 117
4.392149 0.001820 20.641794 155 154 146
4.448477 0.006894 20.794348 157 154 142
3.751678 0.041874 20.626383 117 108 100
3.887063 0.034492 20.510206 115 114 118
4.464657 0.039312 20.886227 152 148 135
3.832617 0.065672 20.549034 117 113 113
4.125147 0.057324 20.482910 138 144 149
3.919963 0.119640 20.517080 105 107 111
4.097756 0.115218 20.493692 121 129 134
4.008824 0.145699 20.501020 105 112 116
3.783664 0.184115 20.617414 113 106 102
3.810599 0.182385 20.592484 111 107 105
4.159370 0.171007 20.494335 137 146 148
4.256027 0.171022 20.531771 145 152 151
3.733417 0.229083 20.921961 119 105 93
3.762184 0.216273 20.678982 116 107 101
4.098081 0.200145 20.484894 131 139 142
4.009586 0.230779 20.494881 111 117 119
3.732327 0.286395 20.905169 111 96 84
3.922069 0.261825 20.512297 94 97 97
4.098833 0.256898 20.482492 122 131 133
3.788800 0.299758 20.638466 112 104 98
3.893414 0.291245 20.519375 94 95 94
3.741196 0.334666 20.733021 95 80 71
4.067544 0.341771 20.464254 86 94 94
5.062548 -2.612218 23.278383 177 165 135
4.419527 -2.474384 22.443794 193 167 138
4.233982 -2.382982 21.655741 208 177 151
4.512467 -2.398666 21.802689 212 192 170
4.559016 -2.392006 21.698759 215 199 180
4.207900 -2.311516 21.075724 220 190 167
5.085560 -2.464652 23.013678 193 185 170
5.165673 -2.483931 23.265476 170 160 142
4.286705 -2.277627 20.985777 230 201 180
3.714417 -2.228270 20.839005 236 198 169
4.822084 -2.309254 21.734945 230 226 220
5.145293 -2.410959 23.147381 171 162 149
4.339212 -2.204231 20.738113 242 217 203
4.405142 -2.207499 20.769222 251 231 223
3.559700 -2.233148 21.843893 211 174 137
3.621952 -2.168046 20.823160 239 198 171
4.027918 -2.166337 20.682512 244 202 182
3.842352 -2.132399 20.650581 247 203 178
4.324502 -2.112002 20.638548 245 217 206
5.113858 -2.238348 22.958637 192 184 177
3.804450 -2.042284 20.582975 252 206 181
4.194812 -2.048992 20.575386 252 210 193
4.451343 -2.059114 20.667204 253 240 237
4.521804 -2.063783 20.724430 254 246 244
3.503959 -2.083685 21.891296 208 169 130
4.160858 -2.018390 20.547304 253 210 192
4.037356 -1.986383 20.522032 253 210 186
4.187849 -1.989280 20.524418 253 212 194
4.345284 -1.994635 20.568342 251 225 216
3.626278 -1.954254 20.590002 250 201 175
3.460275 -1.942735 20.964983 229 185 150
4.003740 -1.927512 20.490475 254 211 186
4.154044 -1.930421 20.493193 254 213 193
3.570004 -1.897610 20.612843 247 200 170
3.707442 -1.894956 20.512526 252 205 178
4.245676 -1.904225 20.500200 253 217 199
3.650915 -1.866765 20.535059 251 202 175
3.678660 -1.866401 20.517620 251 203 177
4.091132 -1.871443 20.466711 254 213 190
4.152039 -1.872894 20.473265 254 214 194
4.371165 -1.879768 20.529787 253 227 220
4.506429 -1.886616 20.616560 254 245 242
3.622576 -1.838363 20.543985 250 200 172
3.762778 -1.837345 20.470055 253 206 180
4.120539 -1.815065 20.456049 253 213 192
4.212399 -1.817377 20.469109 253 215 197
4.700373 -1.844226 20.846684 251 247 248
3.762131 -1.780305 20.457151 251 205 178
3.910613 -1.782674 20.449032 252 208 181
4.570972 -1.803183 20.630611 254 248 248
5.331391 -1.942099 23.357292 171 161 148
3.820889 -1.752663 20.445251 251 205 178
4.089971 -1.757603 20.444540 252 211 190
4.690012 -1.783719 20.783554 253 250 251
5.100256 -1.866814 22.487055 201 193 189
4.059787 -1.728631 20.439022 251 208 188
4.878902 -1.787961 21.469894 232 227 226
3.910940 -1.697731 20.439634 250 203 181
4.274567 -1.705685 20.469223 247 213 200
4.565209 -1.716002 20.588520 254 246 246
4.600720 -1.717903 20.618572 254 248 249
3.465582 -1.672135 20.710855 231 185 155
3.538959 -1.667863 20.569807 238 191 163
3.464357 -1.642960 20.695976 229 184 154
4.632983 -1.661847 20.623812 254 248 252
3.762691 -1.610346 20.436666 244 196 174
3.821814 -1.611263 20.431805 244 196 175
4.274874 -1.620736 20.460699 242 210 198
4.630392 -1.632717 20.606331 254 247 252
3.418399 -1.589088 20.811405 220 177 146
4.460546 -1.597120 20.492771 250 230 229
3.437438 -1.557269 20.710270 222 179 150
3.510418 -1.553656 20.564333 230 184 159
3.791310 -1.553940 20.419355 240 192 171
3.850552 -1.554918 20.415768 240 193 173
4.181755 -1.533368 20.429102 235 200 186
4.333389 -1.536624 20.442509 237 211 203
4.489097 -1.540680 20.478127 249 231 233
4.363423 -1.508928 20.439957 235 212 207
5.312814 -1.607693 23.047226 168 162 152
3.433490 -1.470041 20.662825 219 175 150
4.363317 -1.480635 20.435959 233 210 206
4.733297 -1.494103 20.657928 248 245 248
5.406598 -1.586502 23.352713 160 155 140
3.910695 -1.443105 20.403069 230 187 170
4.060638 -1.446030 20.407694 231 191 175
3.508063 -1.410659 20.522543 221 177 158
4.090950 -1.418447 20.407013 229 190 176
3.430828 -1.383525 20.626240 214 171 149
4.242313 -1.393384 20.416588 225 194 188
3.852365 -1.357583 20.400848 223 183 166
4.272940 -1.365842 20.417799 223 195 190
4.949111 -1.399474 21.301748 214 211 210
4.000737 -1.332020 20.391384 221 183 169
3.507966 -1.297027 20.503609 214 173 159
4.425265 -1.312632 20.428774 227 208 212
4.648714 -1.318444 20.507135 246 242 249
3.822966 -1.272484 20.392084 218 178 165
3.910972 -1.273933 20.381788 216 179 166
3.481434 -1.240309 20.522940 210 170 157
3.734763 -1.242815 20.397581 215 176 165
4.181639 -1.251106 20.392918 214 183 178
4.425687 -1.256246 20.424614 222 205 209
3.432672 -1.212564 20.613312 204 165 148
3.706810 -1.214328 20.407480 213 174 165
4.274880 -1.225062 20.412352 213 187 185
4.614713 -1.232473 20.475584 241 236 242
4.791845 -1.238171 20.620409 246 245 249
3.441919 -1.193170 21.207653 197 161 137
3.538190 -1.184216 20.487328 208 170 159
4.126359 -1.194154 20.413628 209 178 171
4.488133 -1.201242 20.433565 225 213 215
4.752748 -1.208243 20.569778 247 247 251
4.788424 -1.209354 20.599295 246 246 249
3.830688 -1.160689 20.430857 208 173 162
4.338239 -1.170175 20.427359 212 194 191
4.249328 -1.140354 20.428320 207 185 179
4.586623 -1.147270 20.476349 237 231 233
4.821259 -1.153253 20.607401 242 241 239
4.857120 -1.154284 20.637085 237 236 231
3.448170 -1.100232 20.724190 199 165 145
4.341992 -1.114086 20.442963 209 195 189
4.654562 -1.120747 20.517138 241 238 238
5.231311 -1.149710 22.237448 184 181 164
3.525004 -1.071984 20.604660 196 164 143
3.604936 -1.072743 20.522329 197 166 148
3.775344 -1.075304 20.450884 196 165 148
4.537748 -1.090394 20.532127 208 200 193
4.635060 -1.092585 20.571793 217 212 207
3.516196 -1.019073 21.279140 184 154 120
3.965900 -1.022893 20.517633 211 188 170
4.130816 -1.026584 20.612719 185 165 150
3.582464 -0.992217 21.563612 188 157 121
3.911889 -0.993747 20.555618 208 185 165
3.942067 -0.994319 20.556208 221 200 181
4.156656 -0.999388 20.775356 191 173 157
4.096303 -0.969567 20.774895 230 215 198
4.149662 -0.942143 20.920166 230 217 201
4.265495 -0.944926 21.267481 201 186 170
3.904227 -0.908767 21.587385 214 194 164
3.912529 -0.908883 21.418198 223 205 178
4.697287 -0.892736 22.531366 174 163 140
3.936026 -0.849632 21.579445 227 207 179
3.923082 -0.820867 21.256292 219 199 172
4.079408 -0.796779 20.841719 224 205 191
4.013165 -0.767015 20.802856 224 204 189
4.207400 -0.770188 20.875278 231 215 204
3.881017 -0.734571 20.943380 233 212 186
3.842511 -0.703264 21.106356 213 189 157
4.063281 -0.711312 20.723446 212 193 180
4.309636 -0.687179 20.741686 211 200 190
4.512348 -0.685522 21.220268 172 161 143
3.757952 -0.633117 21.889914 208 175 131
3.790704 -0.646034 20.943874 187 159 126
3.835545 -0.648442 20.824312 186 159 133
4.170897 -0.657374 20.628460 205 191 181
3.879550 -0.622314 20.700102 188 163 141
4.334769 -0.605324 20.517637 220 210 203
4.713975 -0.567745 21.466213 176 167 144
3.659151 -0.510613 21.852165 201 168 128
3.643460 -0.517553 21.468615 206 175 137
4.174692 -0.546968 20.447933 238 229 224
4.260874 -0.549027 20.426069 242 233 229
3.624051 -0.500687 20.818825 205 179 150
4.256381 -0.521396 20.395147 240 233 230
4.557333 -0.519953 20.748810 204 198 182
4.614192 -0.518008 20.897842 186 179 160
4.822838 -0.505405 21.713297 169 161 133
4.019059 -0.460551 20.396954 194 183 179
4.561879 -0.466287 20.596941 184 179 164
3.768111 -0.424511 20.521935 169 156 151
4.071583 -0.434661 20.346865 180 175 173
4.125430 -0.408671 20.307186 170 168 168
4.366531 -0.412756 20.327732 210 210 213
4.465958 -0.385098 20.383120 185 183 181
3.661871 -0.306430 20.611263 144 135 132
4.209454 -0.327551 20.265432 150 158 163
4.267984 -0.328813 20.260941 159 167 173
4.618650 -0.321202 20.729300 157 155 140
4.063297 -0.296488 20.275023 132 137 143
4.430415 -0.301456 20.340210 162 165 165
3.793314 -0.257030 20.462652 130 129 133
4.563293 -0.267834 20.582253 154 153 140
3.821012 -0.230027 20.442558 124 123 127
4.241788 -0.188479 20.264719 126 135 140
4.531224 -0.182787 20.561459 158 155 138
3.771804 -0.141870 20.507696 109 109 107
4.274103 -0.160653 20.277491 126 134 137
4.276184 -0.132355 20.286650 123 129 132
3.880260 -0.091120 20.418739 103 103 107
4.309728 -0.104186 20.306442 127 129 128
3.802935 -0.057729 20.503416 108 107 106
3.882198 -0.062559 20.428295 107 106 110
4.131153 -0.072977 20.300657 116 122 129
4.163198 -0.045089 20.311844 131 136 143
3.807271 -0.000125 20.526438 116 113 112
3.809108 0.028620 20.535561 116 112 111
3.996906 0.017675 20.384354 113 116 122
4.136619 0.012078 20.324566 139 145 150
4.166031 0.011410 20.322538 146 152 156
3.863070 0.053566 20.488138 115 113 115
4.167075 0.039575 20.325546 153 158 162
3.759840 0.089954 20.607161 112 102 97
4.455014 0.076763 20.613249 130 123 106
4.085840 0.099567 20.369783 124 132 136
4.231653 0.095689 20.349983 157 161 160
3.951800 0.135602 20.467989 103 108 110
4.368170 0.126515 20.449747 117 115 104
3.731590 0.228285 21.548681 131 110 86
4.400710 0.154770 20.461733 103 101 88
4.089665 0.184603 20.383537 131 140 141
4.117573 0.183358 20.371256 136 144 145
3.737931 0.261980 21.107004 116 100 85
3.749695 0.325102 21.187458 103 85 72
4.197853 0.289782 20.300541 141 151 148
3.773040 0.349690 20.666439 87 73 67
4.135296 -2.558555 22.850576 186 155 116
4.243696 -2.564550 22.905796 184 155 117
4.387545 -2.571834 22.969662 178 154 119
5.084410 -2.607875 23.289665 170 160 130
4.132991 -2.525486 22.829351 187 155 119
4.051607 -2.484838 22.718481 198 164 129
3.742479 -2.442024 22.634924 199 165 129
3.867656 -2.440527 22.577187 206 170 135
4.490294 -2.464176 22.753811 203 176 151
4.724400 -2.482422 22.959764 211 194 173
4.175461 -2.389876 22.190586 215 181 154
4.294115 -2.387337 22.117500 213 181 157
3.887787 -2.309958 21.506014 226 189 160
4.188334 -2.310073 21.418715 224 189 167
4.287663 -2.314250 21.454437 224 193 172
4.356739 -2.318160 21.494970 224 196 175
4.664871 -2.333580 21.644209 241 234 222
4.421735 -2.244107 20.764650 247 232 222
4.488614 -2.247722 20.802057 251 241 232
5.197344 -2.419174 23.324480 176 167 147
3.968953 -2.206989 20.764269 239 199 176
4.199162 -2.206899 20.691162 239 205 185
5.043016 -2.354881 22.848150 214 208 199
3.845488 -2.174814 20.741867 243 200 176
4.104446 -2.174788 20.658772 243 201 183
3.578788 -2.217936 22.058598 211 174 137
3.613325 -2.145985 20.811468 240 198 171
3.749788 -2.113441 20.695417 247 204 177
4.738973 -2.168754 21.337393 244 239 236
3.556190 -2.088795 20.830036 238 195 167
3.689811 -2.083778 20.693106 248 203 178
3.746467 -2.083389 20.666500 249 204 179
4.242059 -2.087485 20.569347 248 212 196
5.240867 -2.260629 23.356117 164 154 133
5.280569 -2.262995 23.385181 166 156 130
3.554182 -2.059040 20.809124 239 196 167
3.659859 -2.054646 20.689939 248 202 177
4.432451 -2.066171 20.629593 253 240 237
4.671862 -2.088459 20.958693 249 245 244
3.800363 -2.024904 20.612633 252 207 181
3.943516 -2.025197 20.565893 253 207 182
3.496686 -2.027727 21.338081 225 182 147
3.684961 -1.995970 20.643017 250 203 178
3.999034 -1.996388 20.532988 254 208 184
4.115903 -1.997776 20.516273 254 211 190
4.462288 -2.009774 20.621689 253 243 240
3.796424 -1.938042 20.571413 253 208 181
4.234983 -1.943383 20.507273 253 217 199
4.692122 -1.970454 20.889004 253 252 251
3.766936 -1.909218 20.570393 252 207 180
5.310479 -2.067587 23.340425 169 160 137
3.625363 -1.880909 20.628691 247 200 172
3.908410 -1.880996 20.509712 254 209 182
4.524933 -1.897953 20.623182 254 247 245
5.007761 -1.972939 22.083223 196 189 180
3.936316 -1.852664 20.492502 253 208 182
4.742066 -1.889621 20.985352 239 235 235
4.324739 -1.832145 20.494778 250 220 210
4.421047 -1.835695 20.535093 253 235 230
3.596473 -1.795254 20.623802 245 196 167
3.677773 -1.794132 20.557558 250 201 173
3.763516 -1.794595 20.528265 251 204 177
4.555760 -1.813497 20.617737 254 247 247
4.722305 -1.826997 20.871223 243 238 239
3.935412 -1.767647 20.474262 252 207 180
4.200923 -1.772161 20.458721 250 214 196
5.269518 -1.896387 23.106915 169 162 148
3.542508 -1.739105 20.663187 239 191 162
3.649431 -1.737308 20.560640 247 197 171
3.791345 -1.737955 20.505056 250 203 177
5.055797 -1.824300 22.149693 197 191 183
3.734320 -1.709285 20.520252 249 201 175
3.847874 -1.709978 20.478771 249 202 178
4.024363 -1.712849 20.463846 249 205 185
4.322529 -1.718736 20.467293 246 216 207
3.466278 -1.721509 21.832308 208 167 128
4.140411 -1.686248 20.441048 247 208 189
4.353753 -1.691465 20.472462 246 219 211
4.449804 -1.694678 20.511486 251 231 228
5.042740 -1.760379 22.073597 202 196 191
4.291057 -1.661435 20.449762 242 212 201
5.035927 -1.728530 22.034060 205 199 195
3.433292 -1.634118 20.995251 218 175 142
3.994046 -1.627604 20.448362 243 199 179
4.081229 -1.628874 20.435158 243 202 183
4.353309 -1.635024 20.462776 243 217 208
4.618428 -1.644926 20.612728 253 246 251
3.426616 -1.603260 20.933180 218 175 143
3.540575 -1.567666 20.619389 231 184 161
4.448138 -1.581496 20.488106 245 225 224
4.730259 -1.593782 20.724211 253 248 252
3.964515 -1.542640 20.437883 236 193 173
3.416686 -1.514206 20.833242 215 173 145
3.539379 -1.510561 20.600405 228 182 160
4.725210 -1.535954 20.690508 253 248 254
3.438446 -1.484127 20.755857 218 174 150
3.646885 -1.481954 20.500906 229 184 163
3.906289 -1.485473 20.438278 232 188 169
3.964662 -1.486430 20.430944 232 189 171
4.544819 -1.499877 20.519167 247 234 239
4.647714 -1.503671 20.592491 253 246 253
4.684932 -1.505359 20.631964 253 247 254
3.731361 -1.454530 20.459566 228 184 164
3.760679 -1.455026 20.456268 229 185 164
4.142307 -1.461698 20.423117 229 193 179
4.511732 -1.470599 20.497358 243 228 233
4.719025 -1.449766 20.647469 252 249 254
5.017523 -1.475546 21.576189 200 197 193
3.388766 -1.399220 20.833868 206 164 139
4.173028 -1.406280 20.422115 225 190 180
4.575361 -1.415954 20.513123 245 236 243
4.717321 -1.421165 20.635059 251 248 254
3.789061 -1.370998 20.433683 222 181 163
3.906205 -1.373060 20.421528 222 183 166
4.233750 -1.379552 20.426645 222 191 185
4.644454 -1.390076 20.561508 248 243 249
4.715684 -1.392608 20.623013 250 246 253
3.536612 -1.340030 20.550116 215 174 160
3.644327 -1.340581 20.459131 218 178 162
3.965360 -1.346117 20.415840 220 182 167
4.054475 -1.347862 20.416039 221 184 172
4.981686 -1.382452 21.379814 214 211 209
3.673205 -1.312909 20.447985 217 177 163
4.025433 -1.319309 20.416456 219 181 170
4.512998 -1.329959 20.487640 233 221 227
3.432640 -1.283325 20.672302 206 166 150
4.576185 -1.303344 20.504406 239 231 238
3.537567 -1.255370 20.543682 211 171 160
4.642503 -1.276951 20.537722 244 240 248
3.385504 -1.226789 20.775049 198 161 138
3.565843 -1.227538 20.526159 211 171 162
3.944670 -1.234240 20.461061 213 176 166
4.003259 -1.235319 20.454754 213 177 167
4.061866 -1.236402 20.448856 213 178 169
4.180349 -1.238692 20.445776 211 179 173
4.932684 -1.259137 20.953314 192 188 184
3.409976 -1.198205 20.720642 199 161 142
3.645080 -1.200115 20.442598 210 173 164
3.862685 -1.205027 20.508337 210 173 164
4.483524 -1.216901 20.475830 223 212 216
3.412486 -1.169935 20.736954 198 162 143
4.271387 -1.184440 20.449715 208 185 182
3.769627 -1.146696 20.474325 206 173 159
4.004406 -1.151153 20.450621 207 176 165
4.270971 -1.156348 20.443577 206 184 181
4.301484 -1.156980 20.448292 208 188 186
4.547102 -1.133989 20.488417 225 220 218
4.804441 -1.139586 20.588181 241 240 240
5.038710 -1.148131 21.326981 182 180 168
3.454348 -1.089778 21.893320 183 152 117
3.404050 -1.084994 20.909180 187 154 127
3.448407 -1.058678 21.556746 180 149 116
4.518514 -1.077233 20.488476 209 201 194
5.099198 -1.091793 21.792444 182 181 159
4.105131 -1.012862 20.505522 186 165 150
4.245589 -1.015564 20.636370 174 157 142
4.388664 -1.018314 20.773220 173 162 144
3.700672 -0.976080 20.828600 182 155 122
3.888067 -0.980141 20.653053 192 168 146
4.404202 -0.989551 21.045156 167 156 137
4.562344 -0.992621 21.072847 164 156 134
4.876600 -0.998088 21.441206 160 154 125
3.864450 -0.950422 20.910311 201 178 152
3.978079 -0.867025 20.841276 244 228 207
4.371568 -0.870434 21.397490 232 221 206
4.551733 -0.868356 22.112255 213 203 186
4.034545 -0.811284 20.804634 223 205 189
4.196494 -0.813782 20.871023 232 219 205
4.300630 -0.757513 20.943455 237 225 212
3.855778 -0.718503 21.033121 216 194 164
3.943472 -0.723942 20.791204 220 200 180
3.970939 -0.724784 20.771883 220 200 182
4.606284 -0.721101 21.842892 192 184 165
3.800340 -0.680044 21.537363 198 168 124
4.207204 -0.701637 20.731651 234 220 210
3.764561 -0.650356 21.499598 205 173 130
3.934455 -0.667925 20.720600 203 182 162
4.077352 -0.671732 20.668129 208 190 177
4.659019 -0.663263 21.771332 173 163 142
3.775605 -0.633145 20.880665 184 156 122
3.873649 -0.638396 20.713287 175 152 127
3.700123 -0.600474 20.997236 219 188 149
4.120533 -0.590189 20.547363 214 201 190
4.292196 -0.594686 20.500387 224 214 207
3.888455 -0.556227 20.593527 234 216 199
3.856965 -0.527698 20.578745 226 208 193
4.374881 -0.541284 20.453379 239 232 225
4.409446 -0.541259 20.481485 240 235 226
4.134667 -0.508879 20.435787 223 214 208
3.665375 -0.463638 20.708738 185 163 145
3.822445 -0.471662 20.537830 197 180 170
4.331600 -0.486784 20.365904 223 218 216
4.722694 -0.465400 21.391943 175 169 148
4.009949 -0.423818 20.385849 172 162 160
4.122956 -0.427214 20.350136 176 173 170
3.790252 -0.387386 20.508575 156 147 145
4.415799 -0.405895 20.328791 205 205 204
3.710053 -0.355359 20.574169 149 143 139
3.763089 -0.358154 20.523943 149 145 145
3.923071 -0.365907 20.392212 150 144 144
4.118295 -0.372561 20.313066 154 156 156
4.822575 -0.343069 21.583679 158 154 127
4.320820 -0.349812 20.284346 181 187 192
4.350646 -0.350342 20.286318 180 185 189
3.736811 -0.300597 20.541842 138 136 136
4.532495 -0.319095 20.476494 161 160 149
3.842458 -0.278510 20.439062 132 131 135
4.061296 -0.260019 20.311396 122 129 133
4.447011 -0.267417 20.321356 153 155 151
4.234789 -0.236770 20.284929 134 145 149
4.354743 -0.211024 20.293091 138 145 144
3.847074 -0.165667 20.455004 112 113 115
3.901159 -0.168444 20.417366 112 113 117
4.554213 -0.174335 20.581787 164 159 136
3.930725 -0.141251 20.412340 107 108 113
4.069527 -0.146968 20.349461 104 110 117
4.154200 -0.149884 20.323502 111 119 126
3.745364 -0.101753 20.574396 105 104 96
3.850749 -0.108741 20.472574 106 105 108
4.299798 -0.125749 20.306864 125 129 129
4.329254 -0.126368 20.306433 126 129 128
3.934562 -0.084403 20.430460 102 102 107
3.774991 -0.046394 20.563332 107 105 101
3.881517 -0.053225 20.471083 103 101 104
3.725535 -0.013329 20.636621 114 106 93
3.829471 -0.021481 20.520628 110 107 108
3.938890 -0.027284 20.451899 105 105 111
3.996222 -0.001370 20.433268 112 114 121
4.051346 -0.004013 20.404860 120 124 131
4.192929 -0.009181 20.362188 151 156 161
3.706296 0.047758 20.709143 120 108 90
3.678360 0.090624 20.954208 147 129 104
4.109334 0.049890 20.388384 132 139 144
4.385202 0.047215 20.440720 134 128 117
3.713541 0.107172 20.754663 119 106 90
4.139105 0.077089 20.385321 137 143 147
4.200110 0.104226 20.392124 155 160 160
4.229238 0.103433 20.388800 153 157 156
3.720561 0.239201 21.501921 126 105 79
3.753306 0.195526 20.812010 116 105 95
3.869754 0.205707 20.560474 110 111 110
4.375177 0.182848 20.364527 108 107 94
4.000051 0.250378 20.423460 105 113 114
3.740844 0.333994 21.160025 97 78 63
3.947656 0.310324 20.463404 81 85 84
3.972801 0.307632 20.432188 84 89 89
3.897163 0.371557 20.518272 65 62 59
4.140528 -2.504607 22.849779 186 152 119
4.679608 -2.530470 23.094393 180 159 132
4.542865 -2.456817 22.453274 195 171 147
4.726357 -2.455974 22.380970 200 186 166
3.664864 -2.303490 21.682924 223 184 153
3.685101 -2.298822 21.593821 225 186 156
4.577975 -2.290851 21.145741 243 234 226
3.680085 -2.227030 20.832390 236 195 168
4.680555 -2.267136 21.202314 248 241 235
3.876000 -2.196473 20.721329 241 199 176
4.583352 -2.215908 20.824230 252 245 241
4.721441 -2.241850 21.255232 248 242 237
4.016377 -2.167447 20.653917 244 201 181
4.401404 -2.174059 20.635704 252 234 228
4.491096 -2.119314 20.630056 254 244 242
4.177654 -2.080224 20.529993 250 211 193
4.594921 -2.096949 20.707003 253 249 248
4.755275 -2.126576 21.258108 234 229 224
3.549990 -2.049061 20.727341 242 196 168
3.577289 -2.048605 20.705988 244 199 171
4.235034 -2.052656 20.514252 249 214 199
4.264795 -2.053278 20.515007 248 215 203
4.591310 -2.067561 20.683426 254 249 249
3.915358 -2.020205 20.554281 250 207 180
4.417731 -2.029447 20.539221 253 239 236
4.589352 -2.038691 20.669077 254 249 250
4.698076 -2.052946 20.937634 238 233 231
3.508164 -2.043383 21.912376 211 169 131
4.145198 -1.994405 20.500750 253 214 190
4.514024 -2.005026 20.577116 254 247 247
3.998994 -1.963955 20.509504 253 210 183
4.115201 -1.965620 20.494471 253 213 189
4.203507 -1.967229 20.491196 252 214 196
4.384500 -1.971651 20.511124 253 234 229
4.478650 -1.974785 20.541290 254 245 244
3.712808 -1.933276 20.581591 251 205 178
4.262023 -1.940155 20.483288 251 218 204
4.291818 -1.940796 20.484529 249 219 207
4.444153 -1.944846 20.509918 253 242 240
5.006436 -2.020241 22.089602 193 186 177
5.310793 -2.077618 23.351900 164 157 137
3.683150 -1.904488 20.577871 251 203 176
4.113774 -1.909093 20.477589 254 215 189
4.143035 -1.909592 20.475525 253 216 191
4.443180 -1.916533 20.500790 253 242 239
3.490978 -1.877448 20.705675 239 193 162
4.700593 -1.903875 20.769915 240 235 236
3.456082 -1.865337 21.169546 224 178 143
3.515866 -1.848030 20.659657 241 194 164
3.624663 -1.847178 20.576588 249 200 172
3.794710 -1.848338 20.515448 251 206 177
3.852278 -1.849036 20.503145 252 208 179
4.229686 -1.854793 20.455193 253 217 200
4.111850 -1.824536 20.453671 253 215 190
4.318712 -1.828656 20.453878 250 223 213
4.506382 -1.834445 20.513014 253 246 246
4.932791 -1.883617 21.682325 205 199 194
3.464423 -1.792634 20.718987 233 186 156
3.736073 -1.791129 20.511644 251 204 177
4.287288 -1.799672 20.438868 247 217 206
4.409453 -1.802897 20.462673 252 233 228
4.409089 -1.774840 20.457026 252 232 227
3.439692 -1.736647 20.753061 229 183 151
3.822590 -1.736155 20.485706 249 203 177
3.996361 -1.710842 20.455778 250 206 185
4.169244 -1.713484 20.427832 248 213 194
4.347948 -1.717336 20.437704 248 222 214
4.505208 -1.722061 20.492558 253 241 242
3.764668 -1.679186 20.486475 247 199 175
4.082161 -1.684069 20.433313 249 207 188
4.378691 -1.690214 20.441345 248 224 218
4.773103 -1.708304 20.813286 220 217 216
3.437262 -1.650720 20.717407 227 182 151
3.735362 -1.650626 20.484364 246 198 174
3.851172 -1.652459 20.465799 247 200 175
4.168976 -1.657587 20.418589 245 209 192
4.440666 -1.663959 20.454744 250 230 228
3.850892 -1.624413 20.459614 245 199 174
4.605704 -1.641664 20.547047 253 247 251
4.812420 -1.653364 20.855520 208 205 204
3.425699 -1.615838 21.666906 205 164 125
3.705727 -1.593987 20.475330 241 193 171
3.879830 -1.596915 20.451033 243 197 174
4.440999 -1.608126 20.449667 247 227 226
3.424702 -1.585844 21.652475 205 164 126
3.435131 -1.565164 20.684326 224 180 151
3.459579 -1.564672 20.638828 227 182 155
3.510961 -1.564247 20.571365 231 185 161
3.592896 -1.564657 20.514208 235 187 165
3.734560 -1.566442 20.465279 240 191 170
3.392541 -1.538981 20.828129 214 171 140
3.538728 -1.536337 20.550680 231 185 163
3.850549 -1.540462 20.444565 239 192 171
3.566533 -1.508503 20.530811 231 185 164
3.821762 -1.512045 20.445732 236 190 169
4.081349 -1.516497 20.404762 235 195 181
4.168561 -1.518107 20.397110 233 198 186
4.256464 -1.519818 20.394163 231 202 192
3.459366 -1.479923 20.622126 223 179 157
3.412005 -1.452404 20.721756 216 173 149
3.538527 -1.452015 20.534735 226 181 162
3.995722 -1.459346 20.415504 232 189 175
4.505262 -1.470331 20.461882 244 230 235
4.707945 -1.476552 20.598246 250 248 253
4.747081 -1.478124 20.648199 247 245 249
5.158123 -1.512632 22.319380 185 180 175
4.228348 -1.435873 20.391293 225 194 186
4.380426 -1.439339 20.419559 231 209 209
3.766499 -1.399610 20.456242 226 183 164
3.852992 -1.401155 20.440651 228 184 165
4.919930 -1.432802 21.234579 226 222 223
3.709060 -1.370661 20.464483 223 180 165
4.026936 -1.376519 20.414909 225 185 174
4.201496 -1.379874 20.399948 223 190 184
4.706560 -1.392112 20.580915 250 247 254
3.826144 -1.345002 20.451269 222 181 165
4.261810 -1.353347 20.404655 221 193 190
4.671525 -1.363042 20.548897 248 244 252
3.826852 -1.317147 20.452034 220 180 165
5.020788 -1.349439 21.427578 182 177 172
3.770177 -1.288216 20.465498 217 178 165
4.636464 -1.306079 20.512871 244 241 249
4.670573 -1.306936 20.537113 246 244 252
4.294034 -1.270634 20.410303 215 192 190
4.355810 -1.244131 20.423344 217 197 198
4.816641 -1.254465 20.674152 237 236 239
3.392416 -1.169498 21.020933 197 160 137
3.635203 -1.173958 20.546696 209 173 166
3.806352 -1.177385 20.495420 208 175 162
4.060483 -1.182467 20.413847 210 177 168
5.175786 -1.206758 22.044115 190 186 178
3.778894 -1.148877 20.506828 206 174 160
3.890336 -1.151167 20.457212 207 175 161
4.031784 -1.154064 20.415154 209 177 167
4.178242 -1.157045 20.408663 206 178 171
4.723470 -1.168098 20.486631 248 246 251
3.481349 -1.111279 22.349585 188 154 120
4.090540 -1.127448 20.409700 204 176 165
3.496469 -1.080469 22.478840 184 151 115
3.496031 -1.086000 20.855061 195 160 144
3.623923 -1.061027 20.670967 195 163 146
3.905053 -1.039375 20.542313 192 167 148
4.026666 -1.013732 20.556803 231 208 193
4.287970 -1.017945 20.700867 176 159 145
4.656045 -1.023784 20.915880 178 170 154
3.924885 -0.954396 20.666788 219 197 176
4.344120 -0.958995 21.036913 175 162 145
4.135483 -0.930457 20.671293 232 217 201
4.572084 -0.892562 22.031956 174 164 144
3.881675 -0.835476 20.981096 234 217 189
4.197495 -0.847082 20.673676 249 238 226
4.595772 -0.803569 21.970802 191 181 161
3.855326 -0.763867 21.682369 222 197 161
4.006199 -0.760443 20.582264 210 188 174
3.797519 -0.707966 21.474272 210 182 142
3.976773 -0.703820 20.576406 229 208 194
4.210282 -0.709320 20.548079 235 221 213
4.241853 -0.709696 20.559570 236 224 215
3.892294 -0.673256 20.605726 206 183 164
3.948072 -0.675076 20.579523 209 186 171
4.176389 -0.681362 20.517965 220 206 198
4.644358 -0.661449 21.679468 175 165 144
4.331461 -0.655592 20.554890 203 193 183
3.779526 -0.613596 20.644161 184 157 131
3.827820 -0.588985 20.558310 206 182 163
4.027343 -0.594824 20.501263 200 182 173
4.475482 -0.542135 20.686081 231 224 213
4.412357 -0.519351 20.489124 234 228 221
3.953927 -0.485429 20.389828 213 196 190
3.812079 -0.453366 20.424952 186 169 164
3.867373 -0.455494 20.398703 190 173 169
3.545085 -0.401975 20.889223 155 126 98
4.037716 -0.433043 20.351759 178 170 168
3.921354 -0.402679 20.356504 163 151 149
4.036387 -0.405775 20.339165 165 159 159
4.122030 -0.353125 20.315536 147 151 154
4.208133 -0.355442 20.303535 155 161 163
3.632735 -0.301931 20.613110 141 129 118
3.949961 -0.320791 20.338917 139 137 138
4.005802 -0.322826 20.319466 138 138 141
3.923334 -0.291822 20.353691 133 133 135
3.950830 -0.292994 20.340740 132 133 135
4.034882 -0.295998 20.313707 131 136 139
3.608734 -0.243431 20.649176 132 118 102
3.634574 -0.245455 20.617977 132 120 108
3.924178 -0.264006 20.355356 126 129 131
4.150572 -0.271419 20.299179 129 140 144
3.791721 -0.228518 20.456411 123 125 127
3.844526 -0.231816 20.411713 122 124 127
4.428934 -0.245673 20.379005 149 151 147
3.740366 -0.196855 20.509422 120 118 116
3.689872 -0.164586 20.571392 116 109 100
3.768307 -0.170332 20.492496 114 114 112
3.607475 -0.119587 20.855652 147 128 103
4.639830 -0.130588 21.056028 170 159 135
4.152397 -0.133500 20.291836 111 120 125
4.326816 -0.137647 20.283161 128 132 130
3.798942 -0.087411 20.486656 107 107 105
3.825136 -0.089338 20.462254 106 106 107
4.236864 -0.109015 20.267015 126 133 137
4.398476 -0.079879 20.352043 157 152 141
4.096893 -0.048831 20.300373 116 124 130
4.097674 -0.021098 20.301535 127 134 140
3.733522 0.035533 20.642939 120 108 99
3.780134 0.028617 20.547668 118 112 108
3.937047 0.071370 20.393892 106 110 114
3.712090 0.199353 21.385538 137 116 91
3.723845 0.173118 21.004152 126 109 93
4.182353 0.140217 20.258677 154 161 159
4.271153 0.138751 20.264700 145 148 141
4.125230 0.169419 20.263840 142 151 151
4.299728 0.165221 20.256960 136 137 128
3.846219 0.252566 20.560320 112 110 106
4.151126 0.222010 20.235243 141 151 149
4.265704 0.218526 20.221123 138 142 135
3.919873 0.298289 20.445309 82 82 81
4.176817 0.274385 20.205950 157 167 163
4.204538 0.273103 20.196970 161 170 165
4.015226 0.312050 20.290970 95 102 101
4.145936 0.301470 20.191666 134 145 142
5.098900 -2.641872 23.297783 172 158 125
4.737235 -2.530227 23.140253 182 162 134
4.203634 -2.475897 22.921616 187 158 125
4.026175 -2.410631 22.354488 200 167 134
4.582093 -2.423885 22.394100 201 178 155
3.817563 -2.382944 22.488192 213 177 143
4.129944 -2.339231 21.529869 218 185 159
4.510690 -2.349468 21.579842 220 199 180
4.021839 -2.281160 21.004246 229 193 169
4.104529 -2.280170 20.951982 229 193 171
4.331996 -2.289865 21.053219 226 198 179
4.387695 -2.289501 21.023983 231 207 190
3.821925 -2.252617 21.084888 233 194 168
3.996289 -2.243439 20.827204 235 196 174
4.360234 -2.252130 20.855274 237 212 198
3.559296 -2.222605 21.166332 229 189 158
3.565582 -2.173693 20.727770 238 196 167
3.676204 -2.172908 20.662678 244 201 175
4.292023 -2.183142 20.615974 243 213 202
4.352239 -2.184632 20.621971 248 223 215
4.956965 -2.266518 22.128599 197 187 174
5.238285 -2.325603 23.283154 168 156 134
3.497663 -2.163163 21.150543 224 183 150
3.510631 -2.150362 21.511972 216 175 140
3.481052 -2.117096 20.758064 231 189 157
3.587443 -2.114815 20.655895 244 200 172
5.213189 -2.255356 23.142370 168 157 138
3.786510 -2.087995 20.587996 248 203 180
4.012872 -2.089719 20.519989 249 206 185
3.503542 -2.058428 20.688187 239 194 163
4.822099 -2.113290 21.386456 208 200 192
3.437294 -2.046396 21.134071 214 172 135
3.753326 -2.030165 20.552818 251 205 181
3.894745 -2.031355 20.509861 250 206 182
4.462608 -2.044716 20.557882 253 243 241
4.790314 -2.076791 21.211502 210 204 197
4.892868 -2.093866 21.596840 181 172 162
3.582346 -2.000505 20.596821 248 200 172
3.865650 -2.002923 20.508127 251 207 182
3.921933 -2.003391 20.490181 251 207 183
4.125201 -2.006868 20.473085 253 213 191
4.636116 -2.025605 20.696970 251 247 245
3.500519 -1.972800 20.648699 242 195 165
3.779400 -1.973790 20.519066 252 207 182
4.526603 -1.991097 20.578903 254 248 248
3.692126 -1.944367 20.523228 251 204 179
3.777802 -1.945413 20.503143 252 207 181
4.182599 -1.952031 20.456804 253 215 195
4.243342 -1.953690 20.469122 251 216 201
3.472378 -1.916332 20.651394 238 191 160
3.633971 -1.915435 20.524887 250 201 175
4.033377 -1.920655 20.437201 254 212 187
4.062251 -1.921142 20.434179 254 213 188
4.558206 -1.936155 20.583460 254 249 251
4.936412 -1.979049 21.648781 184 176 168
3.746293 -1.888472 20.479288 252 205 180
3.803045 -1.889158 20.464447 252 207 180
4.363689 -1.901009 20.478525 252 229 222
5.306313 -2.007674 23.248875 164 157 141
3.471380 -1.859765 20.633133 237 190 159
3.916110 -1.862694 20.429588 253 210 182
4.394110 -1.873975 20.480928 253 232 228
3.422520 -1.833178 20.716284 227 181 148
3.521134 -1.830469 20.551514 243 193 164
4.118312 -1.838476 20.405968 253 214 191
4.208678 -1.840761 20.421389 251 216 198
4.393666 -1.846060 20.474737 253 231 228
3.575162 -1.802518 20.507271 245 194 168
4.362190 -1.817264 20.458807 251 225 220
4.393313 -1.818179 20.469074 253 230 227
4.059013 -1.781690 20.393400 253 210 188
4.755398 -1.807166 20.831022 232 226 227
5.056669 -1.845919 22.099306 181 173 167
3.463879 -1.777090 21.845242 210 165 127
4.088543 -1.754630 20.391127 252 210 189
4.147919 -1.755972 20.396404 249 211 192
4.330173 -1.760653 20.435745 248 220 213
4.361432 -1.761567 20.447094 250 224 218
3.630921 -1.719428 20.469084 246 195 171
4.456787 -1.736711 20.485476 252 236 235
4.557465 -1.712443 20.551544 253 244 249
3.799080 -1.666075 20.401516 246 198 174
4.330359 -1.677459 20.425875 244 216 209
5.177426 -1.733571 22.379639 163 156 144
5.356297 -1.752128 23.130602 163 155 138
3.630012 -1.635831 20.448252 241 190 169
3.857331 -1.611829 20.390642 242 197 173
4.089624 -1.616399 20.378450 242 202 186
4.238996 -1.619793 20.397551 235 205 193
4.948120 -1.650407 21.347122 173 166 162
3.422525 -1.579569 20.669840 223 178 149
3.973496 -1.586446 20.380278 241 195 178
4.209067 -1.591441 20.389755 234 202 190
4.489315 -1.598687 20.485636 249 234 237
3.576824 -1.552031 20.477449 233 186 165
4.239317 -1.564490 20.392023 231 201 191
3.445363 -1.523131 20.602514 225 180 155
3.745071 -1.499245 20.408321 233 187 166
4.061649 -1.505370 20.370888 233 193 179
4.120215 -1.506585 20.371431 232 194 181
4.149617 -1.507204 20.372456 230 194 182
4.301136 -1.510683 20.404331 230 204 199
4.777127 -1.524361 20.754164 237 234 238
5.332903 -1.560433 22.988991 166 157 148
3.398158 -1.469606 20.951155 211 168 140
5.113362 -1.515292 22.024326 186 179 175
3.406057 -1.443955 21.278099 206 163 133
3.631653 -1.441769 20.428329 226 181 164
3.860164 -1.446147 20.384899 229 186 166
4.091208 -1.450768 20.365099 229 191 180
4.239577 -1.453947 20.378654 223 195 189
4.150367 -1.424421 20.365639 225 190 181
5.306476 -1.464707 22.842926 166 159 151
3.400850 -1.385692 21.221645 203 161 133
3.661362 -1.386994 20.421877 222 180 165
3.974964 -1.393188 20.361595 225 184 172
3.451459 -1.327721 20.617512 213 172 157
4.330783 -1.345482 20.384645 220 199 199
4.721169 -1.354053 20.594725 249 246 254
3.411448 -1.299412 21.297543 200 160 133
3.556590 -1.301865 20.506643 215 174 162
4.178735 -1.314689 20.345110 217 185 180
4.615941 -1.323895 20.501043 245 238 249
3.558193 -1.274094 20.514450 214 173 162
4.208913 -1.287768 20.347364 214 185 181
4.760954 -1.299040 20.642086 248 245 252
5.264058 -1.308157 22.442360 165 158 147
3.724249 -1.249931 20.430376 215 176 165
4.209206 -1.260228 20.345402 212 184 179
4.858731 -1.272668 20.838829 245 242 244
3.700382 -1.221615 20.466494 213 175 165
3.783839 -1.223483 20.432348 212 175 164
3.977094 -1.227814 20.351421 213 177 167
4.720547 -1.242488 20.578087 247 245 253
3.465166 -1.187730 20.705429 205 165 153
3.923516 -1.198983 20.380241 210 175 164
4.684935 -1.214049 20.542150 246 242 250
4.390970 -1.153638 20.369408 216 201 198
3.439490 -1.100302 20.977089 197 161 140
3.628564 -1.108127 20.573624 204 170 157
3.816230 -1.113371 20.436556 204 172 159
4.454569 -1.127141 20.395191 219 209 205
4.336477 -1.097150 20.385567 200 185 176
4.397032 -1.098290 20.397406 205 192 184
3.570301 -1.020017 20.801159 187 156 128
3.668823 -1.024335 20.640488 187 158 133
3.749215 -1.026910 20.577177 185 157 135
3.885742 -1.030879 20.498505 190 162 145
4.766241 -1.042959 20.957838 191 185 170
3.539829 -0.983652 21.285421 189 157 123
3.682843 -0.995063 20.741882 185 156 128
3.709807 -0.995963 20.720348 184 156 129
3.847585 -1.000090 20.640821 184 158 136
3.874738 -1.000934 20.623169 189 163 143
4.232228 -1.008285 20.634172 175 157 143
4.795280 -1.010238 21.274130 175 169 149
5.034454 -1.008371 21.720455 172 166 138
3.784531 -0.967628 20.826166 182 156 127
3.811379 -0.968575 20.803608 182 157 130
3.837537 -0.969583 20.776628 183 158 132
4.034744 -0.975083 20.697062 248 228 212
3.984253 -0.944895 20.753948 240 218 201
4.090868 -0.888609 20.857666 247 231 215
4.156720 -0.889200 20.895163 246 233 218
3.867491 -0.832373 21.874731 195 170 133
3.837334 -0.784088 21.409342 218 194 159
4.034463 -0.802173 20.869270 227 210 193
4.663045 -0.784180 22.085167 175 165 142
3.863721 -0.768501 20.932304 228 207 179
4.263235 -0.775643 20.981218 237 224 211
4.696464 -0.724643 22.086174 170 160 135
4.025853 -0.719100 20.799160 213 194 178
4.606715 -0.702922 21.744776 183 174 154
4.081079 -0.693128 20.764854 217 199 186
3.813124 -0.659172 20.766859 191 165 136
3.919022 -0.636633 20.668671 184 160 140
3.645140 -0.568263 20.839998 231 202 166
3.878628 -0.582790 20.585737 203 182 164
4.109469 -0.589139 20.547955 212 196 188
4.802895 -0.551513 21.945631 175 167 140
4.159485 -0.564709 20.487288 235 222 217
3.812731 -0.527811 20.529305 227 209 193
3.893046 -0.504236 20.468479 214 197 187
4.325356 -0.515678 20.416517 228 223 221
4.396333 -0.514182 20.488468 233 229 224
4.200917 -0.487422 20.368549 216 211 211
3.804148 -0.447414 20.455170 179 165 157
4.662880 -0.434806 21.146990 178 174 157
3.648997 -0.409051 20.612463 162 144 131
3.857100 -0.422894 20.410273 167 157 152
3.939328 -0.426455 20.371567 169 160 156
3.855651 -0.395876 20.395948 156 149 146
4.309577 -0.409829 20.308359 196 199 203
4.446275 -0.407269 20.423397 200 200 199
3.721993 -0.360899 20.486156 151 143 139
4.337090 -0.383559 20.295160 191 195 200
4.537758 -0.372639 20.604395 172 171 163
4.748381 -0.344310 21.271189 158 154 133
3.594296 -0.273470 21.606907 152 123 90
3.908123 -0.316881 20.341751 136 137 138
4.585976 -0.312740 20.701067 159 158 146
4.717344 -0.295036 21.094296 160 157 136
3.625135 -0.267533 20.633394 135 123 111
3.747837 -0.280214 20.446623 134 134 131
3.774413 -0.281873 20.426416 134 134 132
4.705842 -0.269693 21.027864 163 158 136
3.628176 -0.210792 20.647318 127 115 101
3.700690 -0.219348 20.523970 124 120 115
4.361367 -0.249214 20.249153 144 153 151
3.677783 -0.188387 20.569002 120 113 105
4.272822 -0.220557 20.237282 131 143 145
3.655805 -0.156828 20.622154 121 110 97
3.994545 -0.155274 20.309549 101 110 113
3.889057 -0.120913 20.382175 102 106 109
4.104496 -0.133028 20.263287 104 114 119
3.734435 -0.080289 20.532528 109 104 97
3.814991 -0.030706 20.466976 110 109 109
4.078491 -0.049547 20.271318 115 124 130
4.302497 -0.057907 20.219372 145 145 138
3.702555 0.016998 20.722534 126 112 98
3.945799 -0.013557 20.353502 109 113 119
4.052241 -0.020511 20.285797 120 128 134
4.244920 -0.029325 20.218414 154 159 157
3.844450 0.023603 20.458656 116 115 117
3.895645 0.018833 20.406412 115 116 120
4.244872 -0.002209 20.214453 163 167 164
4.027339 0.036421 20.305378 119 127 132
4.188465 0.081091 20.213142 152 157 157
3.706940 0.193054 21.189917 133 112 91
3.951421 0.125618 20.370743 107 114 117
4.055289 0.116905 20.285805 125 134 137
3.800732 0.169998 20.544815 111 108 105
3.850004 0.163609 20.476101 109 110 109
3.926407 0.155700 20.395433 109 115 117
3.977749 0.150846 20.347178 111 120 122
4.296678 0.156396 20.156191 126 127 117
4.003427 0.202951 20.315834 114 124 125
4.054676 0.198156 20.270094 126 137 137
3.730989 0.311693 20.888937 98 81 70
3.851680 0.274259 20.470671 99 97 94
4.080150 0.249982 20.239202 133 143 143
4.209818 0.239253 20.144516 151 159 154
3.728786 0.338348 20.867786 89 70 60
3.872238 0.350661 20.396639 74 69 66
4.435226 -2.581183 22.999372 180 156 120
4.863225 -2.567783 23.170889 173 157 126
3.978364 -2.498825 22.796175 187 157 118
4.544210 -2.523536 23.050499 185 160 131
3.736440 -2.457759 22.693760 190 157 116
4.534078 -2.478262 22.776226 192 166 139
4.705440 -2.483986 22.820301 187 167 140
4.881917 -2.491087 22.889753 181 166 142
3.799227 -2.426950 22.667597 200 165 127
4.211656 -2.400135 21.941574 208 175 150
4.500662 -2.407698 21.974987 204 180 157
4.765689 -2.416626 22.046618 205 191 173
4.215774 -2.333853 21.163994 220 189 167
5.137702 -2.448566 23.195133 177 165 144
3.799339 -2.320011 21.674324 221 184 154
3.914506 -2.289784 20.960514 225 189 164
4.346261 -2.293777 20.853249 227 203 186
4.120398 -2.255949 20.738810 233 198 179
4.239032 -2.258427 20.739511 234 202 184
4.384107 -2.260626 20.721596 241 221 207
4.875879 -2.324909 21.946503 211 200 188
4.221422 -2.225312 20.627129 239 206 189
5.267082 -2.362686 23.336733 171 158 135
3.700652 -2.189530 20.694130 240 198 174
4.216697 -2.196068 20.594130 241 207 191
4.247417 -2.197035 20.602163 240 208 193
4.531844 -2.207494 20.713198 253 243 237
5.132460 -2.305933 22.797991 175 164 146
3.752853 -2.160517 20.638916 243 200 177
5.103411 -2.268106 22.640381 177 166 150
3.916997 -2.132597 20.547462 246 202 181
3.501708 -2.103592 20.745064 235 193 160
3.830008 -2.103227 20.550453 248 203 180
4.059472 -2.106715 20.516006 249 206 188
4.118498 -2.108044 20.518850 249 208 191
4.207032 -2.110031 20.522947 248 211 195
3.495308 -2.109123 21.695761 209 169 130
3.940229 -2.075969 20.497835 250 206 184
4.326359 -2.085194 20.532021 250 223 214
4.632935 -2.099869 20.766853 250 245 243
4.680635 -2.104324 20.864780 234 228 224
4.728640 -2.108787 20.962719 218 210 206
4.880885 -2.135040 21.615292 200 191 184
3.685405 -2.045089 20.557421 250 205 180
3.768802 -2.045673 20.523546 250 206 181
3.796847 -2.045950 20.514519 250 206 181
3.907456 -2.019026 20.465479 252 207 183
4.385374 -2.030967 20.527040 253 233 226
4.516921 -2.036325 20.607807 254 246 247
4.673780 -2.046493 20.820560 241 236 235
3.471600 -1.990301 20.720917 236 191 158
3.820667 -1.989714 20.467245 252 208 181
4.200300 -1.997583 20.466015 253 215 198
4.668618 -1.989224 20.785557 247 241 243
4.138255 -1.940320 20.435396 253 215 195
4.413465 -1.948134 20.509161 253 238 233
4.586790 -1.955930 20.658154 254 248 252
3.872950 -1.906641 20.411997 253 209 182
4.018889 -1.909736 20.413685 254 212 188
4.783623 -1.943298 21.075262 225 219 217
3.676532 -1.876345 20.463715 252 203 178
3.759360 -1.877204 20.428888 253 206 180
3.648733 -1.848340 20.469780 251 201 176
4.045882 -1.854815 20.391790 253 212 188
4.224297 -1.859105 20.415144 252 217 202
4.892302 -1.894532 21.322189 173 164 159
4.133558 -1.829167 20.390253 253 215 193
4.223697 -1.831444 20.407673 251 216 201
4.410874 -1.836964 20.479641 253 234 232
4.162739 -1.802262 20.386911 251 214 195
4.695347 -1.792902 20.745401 254 249 254
4.796502 -1.770941 20.963343 217 210 212
3.413249 -1.708851 20.676100 229 180 149
4.693222 -1.736640 20.727066 254 248 254
3.872017 -1.686121 20.371363 248 202 177
4.103442 -1.690892 20.364021 247 208 189
4.511758 -1.702049 20.535980 253 241 244
4.864700 -1.718688 21.156744 209 203 204
3.567474 -1.653794 20.486191 240 188 166
3.987350 -1.660984 20.360868 247 202 184
4.511350 -1.674304 20.530134 253 239 243
4.581348 -1.676620 20.592924 254 245 251
5.050418 -1.704774 21.960648 192 185 182
3.377734 -1.626652 20.862991 215 170 134
3.677552 -1.627842 20.429714 243 193 170
3.733437 -1.628810 20.411816 243 195 171
3.817620 -1.630318 20.388996 244 196 172
4.412210 -1.643748 20.461843 248 226 226
3.412873 -1.597033 20.651974 226 179 149
3.959904 -1.605601 20.363289 242 196 178
4.194295 -1.610683 20.375114 237 202 190
3.516644 -1.570308 20.532705 233 184 162
3.596392 -1.571429 20.469133 237 186 166
3.679097 -1.572848 20.431929 237 189 167
3.762821 -1.574377 20.404577 238 192 169
3.960724 -1.578211 20.364586 239 194 177
4.255246 -1.584660 20.388254 235 204 195
4.286105 -1.557915 20.395061 233 206 199
5.226939 -1.593775 22.526340 163 155 147
5.352202 -1.599945 22.996992 164 155 141
4.106462 -1.526429 20.359385 234 195 182
3.380746 -1.485870 20.861696 213 168 140
3.876234 -1.494174 20.370365 233 189 169
4.916529 -1.520236 21.244665 212 207 207
3.765597 -1.464497 20.406612 230 185 166
4.986534 -1.493642 21.445065 185 178 177
3.435856 -1.432293 21.861929 203 160 129
4.136912 -1.444833 20.356394 228 193 181
4.612949 -1.455321 20.577105 252 245 252
3.521709 -1.404331 20.543179 220 177 160
3.991056 -1.414314 20.348320 228 187 173
4.078523 -1.416179 20.350542 228 189 178
3.879622 -1.384496 20.376476 226 183 166
4.803335 -1.403638 20.798090 247 244 250
3.412416 -1.345730 20.850138 208 166 145
3.715357 -1.353340 20.447180 222 179 166
4.317584 -1.366388 20.383125 223 202 197
3.495793 -1.320623 20.555870 215 174 160
3.578163 -1.322577 20.511028 216 175 163
3.772040 -1.327070 20.430351 221 179 166
4.079731 -1.334012 20.346294 222 185 175
4.318344 -1.338954 20.383896 222 200 196
4.509177 -1.342643 20.475342 234 223 231
4.542834 -1.343257 20.499950 237 228 237
4.576874 -1.343872 20.526249 241 234 243
3.746502 -1.298868 20.452143 219 177 166
4.023132 -1.305370 20.351807 220 182 171
3.554588 -1.266511 20.546207 214 172 163
3.526745 -1.238145 20.553391 212 170 161
3.667093 -1.241583 20.504387 214 175 167
3.859031 -1.246492 20.413641 215 178 167
4.259591 -1.255475 20.369068 214 189 186
4.795142 -1.263752 20.738384 248 246 252
3.943853 -1.221030 20.391891 211 178 165
4.142443 -1.225624 20.359644 211 181 174
3.452537 -1.179895 20.657883 203 164 152
3.585125 -1.184111 20.540703 209 170 163
3.781473 -1.189095 20.475346 208 175 166
4.115828 -1.197499 20.371052 209 179 171
3.614467 -1.157108 20.535757 206 171 162
4.088802 -1.169361 20.380089 207 178 168
3.505873 -1.126115 20.601597 201 165 153
3.559590 -1.127866 20.560879 202 167 156
4.450444 -1.148705 20.448450 218 206 207
4.545946 -1.150120 20.492550 227 220 223
4.763828 -1.151558 20.715851 245 243 243
3.454464 -1.075479 21.955185 185 151 117
3.534807 -1.099093 20.592451 197 164 149
3.616839 -1.101636 20.544312 200 167 153
3.948413 -1.111016 20.405653 201 172 157
4.149649 -1.115626 20.388910 202 177 167
4.423249 -1.120448 20.456198 215 202 199
4.550326 -1.122274 20.513262 226 220 219
4.772551 -1.123133 20.758337 240 237 234
4.004557 -1.085049 20.387638 198 172 156
4.273238 -1.090140 20.428265 202 182 175
4.459215 -1.093056 20.491051 216 205 200
3.567341 -1.043966 20.606758 189 159 135
3.732820 -1.049109 20.524347 191 162 143
4.099519 -1.058788 20.432199 194 170 157
5.195888 -1.046944 22.303366 192 186 166
3.706545 -1.020498 20.542265 185 156 132
3.818990 -1.023652 20.507082 180 153 135
3.525446 -0.984682 20.733147 186 156 120
4.181224 -1.002477 20.569717 176 157 143
3.809744 -0.965020 20.640850 199 174 150
4.028478 -0.972416 20.527615 237 218 202
4.159076 -0.973292 20.611183 195 179 164
4.419115 -0.934434 21.282722 174 161 144
3.876249 -0.909630 20.684095 234 214 192
3.910255 -0.881732 20.710209 243 227 206
4.101855 -0.888696 20.609776 248 237 221
3.892508 -0.851108 20.788338 241 226 204
4.553010 -0.838807 21.699453 186 175 155
3.891673 -0.823338 20.778109 227 208 186
4.244109 -0.831813 20.752468 243 233 220
3.744091 -0.791963 20.781269 217 191 156
4.047116 -0.803630 20.624577 214 195 180
4.137243 -0.805250 20.635328 222 206 192
4.136494 -0.777693 20.626568 223 207 195
3.820054 -0.741130 20.678196 226 203 177
3.707622 -0.709332 20.717154 213 185 147
3.886043 -0.713086 20.721323 229 207 186
4.030373 -0.717176 20.695982 228 211 197
4.081279 -0.720249 20.642550 227 212 200
4.105898 -0.721933 20.611307 226 212 201
4.680091 -0.665559 21.691040 169 159 132
4.057019 -0.635267 20.664341 191 171 159
4.166809 -0.639832 20.611921 202 186 178
3.616842 -0.587094 20.913727 232 198 156
4.023530 -0.580269 20.630018 204 185 173
4.139738 -0.583313 20.618979 215 200 192
4.668878 -0.530057 21.434824 203 194 179
3.593051 -0.477481 21.431253 192 155 118
4.574684 -0.515997 21.072159 224 217 207
4.788321 -0.459566 21.746984 182 176 157
4.631535 -0.453205 21.214394 206 201 194
3.779539 -0.439783 20.550051 171 158 150
3.945995 -0.446845 20.484272 180 167 161
4.548329 -0.438201 20.912142 217 215 214
4.856227 -0.400984 21.769457 153 147 121
3.576694 -0.381912 21.035509 153 125 104
4.301628 -0.425877 20.507360 191 194 197
3.582174 -0.351494 21.074001 148 122 102
3.806888 -0.386194 20.526785 156 148 145
3.587411 -0.321067 21.110544 143 119 99
4.439628 -0.367350 20.619965 190 195 199
4.870576 -0.318469 21.667934 163 157 129
3.630764 -0.245287 21.952221 162 133 102
3.887614 -0.335951 20.468182 143 140 141
4.586610 -0.324222 20.944473 166 167 165
3.635155 -0.213805 21.982552 165 136 105
3.969584 -0.312659 20.425730 136 135 139
3.650799 -0.250326 20.885740 135 121 112
3.711937 -0.264420 20.674208 135 128 127
4.051075 -0.289511 20.382837 128 133 138
3.673519 -0.226257 20.826469 130 118 111
3.887368 -0.254015 20.453629 124 125 130
4.105470 -0.264972 20.354801 122 131 136
4.354410 -0.264575 20.451244 147 156 159
3.631790 -0.173853 21.196003 138 116 98
3.641378 -0.184250 21.034706 130 112 98
3.860908 -0.224899 20.468441 118 120 124
4.105337 -0.237832 20.350016 116 126 132
4.221845 -0.240317 20.351835 124 138 141
3.996536 -0.205083 20.394669 109 115 122
4.192262 -0.212682 20.344746 117 129 133
4.318816 -0.211547 20.406073 132 143 143
4.353795 -0.210120 20.440254 134 143 143
4.664237 -0.168574 21.190706 160 155 140
3.660168 -0.103076 21.408367 154 132 108
3.862899 -0.142052 20.469210 104 107 110
4.390081 -0.153527 20.474068 132 137 130
4.081439 -0.126394 20.366911 100 110 116
4.109112 -0.127628 20.358021 104 113 119
4.195194 -0.130030 20.351181 113 123 127
4.255780 -0.130359 20.366089 118 128 128
3.686554 -0.036628 21.125090 157 139 116
3.766859 -0.074620 20.611694 106 101 97
3.722770 0.005668 20.933563 126 111 96
3.756274 0.018404 20.735783 120 110 102
4.087652 -0.014919 20.390488 119 126 132
3.801650 0.037437 20.631575 116 110 107
4.087521 0.012214 20.385666 124 132 137
4.114761 0.010699 20.373875 133 140 145
4.169690 0.007925 20.353754 149 155 158
3.781985 0.070916 20.698042 113 105 99
4.198196 0.034163 20.346533 159 164 165
4.461317 0.054921 20.689384 115 106 91
3.828037 0.090109 20.600630 112 108 108
4.141836 0.063419 20.353472 145 151 154
4.366609 0.068235 20.478155 126 120 111
3.747903 0.216502 21.798265 137 112 85
3.928163 0.105650 20.476709 105 108 112
3.927994 0.132844 20.471331 104 107 111
4.059553 0.149250 20.372938 122 129 133
4.294911 0.145221 20.388483 143 143 136
4.085647 0.174172 20.349892 133 142 144
4.199359 0.170282 20.334494 155 160 159
4.057241 0.202278 20.350096 126 134 137
4.139782 0.197900 20.321192 144 152 153
3.729955 0.329450 21.396980 102 79 61
3.947644 0.262904 20.386261 95 99 101
3.798137 0.356720 20.768681 82 69 62
4.128235 0.299684 20.233829 133 144 143
4.841686 -2.557871 23.204737 171 154 123
3.951731 -2.487816 22.772579 191 160 121
4.982610 -2.531248 23.244255 177 162 137
5.205903 -2.541643 23.367701 167 156 125
4.192932 -2.465774 22.854937 201 171 139
4.979432 -2.498747 23.222513 189 175 154
3.715175 -2.417990 22.696896 193 159 117
3.776199 -2.417879 22.664942 196 161 122
4.985396 -2.460721 23.067808 202 189 172
3.747715 -2.366508 22.185482 210 174 138
3.868336 -2.357314 21.906324 216 182 152
4.152612 -2.364010 21.923798 219 186 160
4.279676 -2.367164 21.935429 219 186 163
4.450154 -2.374284 22.019825 216 189 167
4.659789 -2.383753 22.140604 220 203 185
4.770560 -2.389821 22.229776 221 208 193
3.751209 -2.299342 21.265009 227 191 162
3.833711 -2.298631 21.204731 227 192 165
3.950558 -2.299980 21.177464 227 191 166
4.845233 -2.356699 22.113428 234 224 213
5.045415 -2.390741 22.849703 210 200 186
5.235999 -2.414384 23.334324 166 153 131
4.518686 -2.275653 20.977238 246 234 224
4.763282 -2.307539 21.661947 243 234 225
3.618803 -2.282620 22.415157 207 171 131
3.643255 -2.226033 20.896048 235 196 167
3.911269 -2.224206 20.697365 234 196 174
4.089071 -2.228272 20.705996 235 199 179
4.866985 -2.288913 21.883654 222 214 204
4.187996 -2.170593 20.583189 241 206 190
4.404654 -2.177586 20.653076 251 233 225
4.501862 -2.181434 20.704950 253 241 236
3.695998 -2.105903 20.610384 245 201 177
3.694216 -2.077703 20.592718 246 202 177
3.721388 -2.077821 20.577595 246 202 177
4.207430 -2.086132 20.512127 248 212 195
3.883117 -2.050881 20.480673 250 206 183
5.003222 -2.120788 22.085039 181 174 164
3.537741 -2.056664 21.965654 215 172 134
3.507734 -2.022259 20.728876 241 195 164
4.422322 -2.037287 20.568430 253 238 233
4.454785 -2.038481 20.586929 253 241 237
3.486723 -2.008244 21.280088 227 183 147
3.482858 -1.978635 21.242836 228 184 148
3.458348 -1.967242 20.796631 236 190 156
3.690013 -1.966002 20.543507 250 205 177
3.967260 -1.969572 20.447979 254 211 185
4.386038 -1.980243 20.520323 252 233 227
3.634450 -1.937661 20.559849 250 202 175
4.024277 -1.943157 20.437309 254 212 187
4.111176 -1.944992 20.436632 254 214 191
4.259382 -1.948589 20.455873 251 218 203
3.500321 -1.909171 20.649885 242 194 163
3.499672 -1.881260 20.639729 242 193 162
3.689088 -1.882972 20.522930 251 204 176
4.350093 -1.896020 20.469690 251 228 220
4.763416 -1.914731 20.965149 229 226 224
4.659853 -1.879969 20.725996 250 247 248
3.553041 -1.826171 20.588715 246 193 166
3.964083 -1.831865 20.406471 253 210 183
4.078501 -1.834162 20.397568 253 214 187
4.286885 -1.839206 20.431967 249 218 205
3.992364 -1.805011 20.397980 253 209 184
4.582290 -1.821054 20.617022 254 249 251
4.617439 -1.822301 20.648844 254 250 253
3.439219 -1.772142 20.846149 231 182 149
3.798949 -1.774395 20.458164 250 204 174
3.826000 -1.774781 20.444355 250 205 175
3.964092 -1.777094 20.398281 252 208 182
3.499405 -1.742501 20.612579 239 188 161
3.526427 -1.742856 20.594692 241 189 162
3.880691 -1.748227 20.417374 249 205 177
4.078865 -1.752111 20.387953 250 210 187
4.256252 -1.756208 20.410862 245 215 200
4.510800 -1.763278 20.538069 253 243 244
3.526690 -1.715212 20.591810 240 188 162
3.427348 -1.686823 20.732784 230 181 148
3.966807 -1.695251 20.403704 249 204 181
4.024765 -1.696501 20.403992 249 205 183
4.053054 -1.697069 20.399757 248 205 184
4.441173 -1.706072 20.466949 252 233 230
4.683530 -1.713298 20.674875 253 249 254
5.364068 -1.752617 23.226734 159 156 139
3.405634 -1.659020 20.792370 223 176 142
3.718189 -1.663244 20.486189 244 196 170
3.745499 -1.663728 20.473425 244 196 170
4.608820 -1.683243 20.584953 253 247 253
4.680746 -1.685381 20.656670 253 249 254
3.910223 -1.639380 20.404226 243 198 176
4.944815 -1.668448 21.407553 195 192 188
3.425654 -1.603157 20.703241 226 179 149
4.344566 -1.621412 20.400982 240 216 211
4.712299 -1.630724 20.661648 250 247 252
3.718860 -1.580858 20.477421 239 192 166
3.995934 -1.586511 20.388485 239 197 178
4.404262 -1.568080 20.404165 242 222 222
4.497458 -1.570179 20.439503 249 235 239
3.528150 -1.521914 20.568743 229 182 161
3.719571 -1.525981 20.473482 235 188 164
3.911447 -1.530073 20.395607 236 190 173
4.629665 -1.545745 20.523069 251 247 254
4.252303 -1.510174 20.353607 229 200 191
3.421780 -1.464273 20.645477 218 173 152
3.775593 -1.472368 20.449562 233 186 165
3.885360 -1.474842 20.406454 233 187 170
3.969269 -1.476706 20.386885 232 189 172
3.997614 -1.477329 20.383070 232 189 173
4.340991 -1.484831 20.362043 231 208 206
4.463890 -1.487415 20.403332 240 225 229
4.559720 -1.489393 20.452431 247 240 247
4.281410 -1.456326 20.347597 227 201 194
4.053496 -1.424046 20.362591 230 190 174
4.109873 -1.398086 20.349932 226 189 177
3.418701 -1.345692 21.611916 199 159 129
3.749241 -1.362161 20.450825 225 179 163
3.805048 -1.363505 20.434929 225 180 164
4.311326 -1.375287 20.342737 223 201 197
3.440804 -1.327206 20.536242 211 171 155
3.861156 -1.337510 20.417515 222 180 165
4.225864 -1.346157 20.345501 218 190 184
3.749896 -1.307402 20.446547 220 177 163
4.720255 -1.327895 20.513319 248 248 254
3.582760 -1.275723 20.496122 214 174 163
4.254308 -1.292415 20.335571 216 190 188
4.460934 -1.296610 20.362123 227 215 222
4.886493 -1.300980 20.761681 197 194 190
3.355564 -1.235666 21.044333 194 157 127
3.363013 -1.238489 20.852373 197 159 133
3.752452 -1.252520 20.455778 214 175 164
4.615912 -1.244718 20.412090 241 239 246
3.759466 -1.197147 20.496649 206 173 162
4.257703 -1.210649 20.344481 210 185 185
4.876709 -1.218236 20.702494 220 217 213
3.758844 -1.169815 20.487761 204 173 160
4.430254 -1.187322 20.337769 218 207 209
4.556029 -1.189055 20.394377 231 225 231
4.653947 -1.190129 20.453444 240 238 241
4.720006 -1.190817 20.495335 245 244 245
3.978647 -1.148942 20.398819 203 175 161
4.230878 -1.155477 20.349091 202 180 176
4.403160 -1.159370 20.344069 214 202 201
4.591810 -1.161871 20.427853 232 229 231
4.751579 -1.163867 20.504957 246 246 244
4.786909 -1.164013 20.536957 244 243 240
3.586664 -1.110883 20.497154 198 167 152
4.375587 -1.131442 20.347748 209 196 191
4.405744 -1.131951 20.355114 211 200 196
5.120057 -1.117847 21.762739 198 196 182
3.377332 -1.074372 20.691309 185 153 124
3.450064 -1.078833 20.565380 190 158 133
3.618909 -1.083683 20.515804 195 165 146
3.759875 -1.087569 20.481668 195 167 149
3.621569 -1.055859 20.531046 190 162 138
4.537799 -1.078327 20.438913 211 206 195
4.628571 -1.079843 20.459188 212 208 198
3.446147 -1.018523 20.762054 184 155 118
3.571542 -1.025696 20.590313 185 158 127
4.379107 -1.017867 20.519579 171 161 144
3.812145 -0.974743 20.626417 186 163 138
3.918275 -0.979235 20.551514 216 193 171
4.216351 -0.984777 20.588871 174 159 144
4.084614 -0.951585 20.677349 235 219 202
4.207685 -0.919886 20.889681 230 218 203
3.855917 -0.876066 21.130527 227 208 178
3.884174 -0.780664 22.221870 192 167 122
4.250977 -0.806112 20.957045 239 226 214
3.850417 -0.772657 20.863113 219 198 168
4.146461 -0.723786 20.849812 220 205 192
4.232549 -0.726451 20.832161 230 216 207
4.115573 -0.695608 20.837870 226 211 197
4.052636 -0.667458 20.809961 204 186 171
4.225389 -0.672658 20.780382 218 204 196
4.519954 -0.648855 21.460180 200 191 177
3.732562 -0.577505 21.996119 223 187 138
4.194796 -0.644554 20.769932 203 187 178
3.841247 -0.608614 20.772079 184 160 135
4.221367 -0.618319 20.747868 208 193 187
3.680571 -0.525358 21.824688 217 180 135
3.671570 -0.563291 21.048832 231 202 166
3.866170 -0.583067 20.735657 208 187 165
3.755655 -0.550229 20.785076 238 219 193
3.892354 -0.557180 20.708649 231 213 194
4.092578 -0.563598 20.671038 227 212 201
4.583416 -0.543558 21.285446 233 224 214
3.946144 -0.532595 20.670153 224 206 190
4.177726 -0.538945 20.648567 229 219 212
3.660409 -0.483409 20.949844 197 171 147
3.803601 -0.500192 20.696924 211 193 176
3.830927 -0.501600 20.682169 212 194 178
3.858830 -0.502790 20.671724 213 196 180
3.887049 -0.503859 20.663677 215 198 183
4.203506 -0.513196 20.622847 225 218 214
3.801867 -0.473283 20.680189 196 179 165
4.258440 -0.488189 20.596983 220 217 214
4.382818 -0.488662 20.639502 223 221 220
4.551160 -0.476768 20.924782 219 216 210
4.647917 -0.458535 21.295818 205 201 191
4.024185 -0.455529 20.592068 194 183 173
4.109585 -0.458313 20.577024 195 188 180
4.252119 -0.435422 20.551382 187 189 190
3.651205 -0.304999 22.052029 154 123 90
3.628867 -0.329872 21.625145 152 123 96
4.078093 -0.403713 20.554613 164 161 156
4.221358 -0.407951 20.538017 171 175 176
3.633508 -0.342083 20.947756 146 129 116
3.674077 -0.351690 20.805202 149 137 128
3.747003 -0.360338 20.690454 152 144 137
4.307289 -0.383147 20.524982 177 183 187
3.695467 -0.328297 20.739849 146 137 130
4.022734 -0.346577 20.566168 144 143 142
4.514617 -0.349248 20.702639 174 176 177
3.604374 -0.270470 21.176546 139 116 96
3.696245 -0.300387 20.740883 141 132 127
3.775241 -0.306530 20.672865 141 138 135
3.830013 -0.309575 20.644718 140 137 137
3.604850 -0.242063 21.175184 136 113 92
4.306406 -0.301613 20.508532 151 162 167
3.606874 -0.212887 21.185919 137 114 92
3.655209 -0.235299 20.866974 129 118 109
4.049147 -0.266407 20.535910 125 129 133
4.401798 -0.273453 20.550873 151 160 163
4.596750 -0.249001 20.983438 153 153 147
3.678621 -0.183672 20.810478 121 111 102
4.221088 -0.217076 20.509436 122 135 138
4.221722 -0.189579 20.509417 117 130 133
4.565446 -0.165042 20.964384 147 146 135
3.703032 -0.131767 20.762680 112 103 92
4.378363 -0.161301 20.569315 128 136 131
4.595226 -0.125750 21.126701 152 149 134
4.026262 -0.126605 20.556101 98 105 111
4.081528 -0.129359 20.536077 100 109 115
4.252653 -0.135027 20.512590 116 127 129
4.083682 -0.073861 20.541677 100 108 114
4.226149 -0.078748 20.520790 122 132 133
4.484918 -0.060759 20.831213 150 147 131
3.976354 -0.011940 20.595568 106 111 115
4.088120 0.010046 20.557714 120 128 132
3.845597 0.082107 20.691116 109 106 106
3.925469 0.075469 20.634394 106 109 112
4.146405 0.063142 20.548931 134 141 145
4.236194 0.089453 20.558355 154 159 159
4.178769 0.145817 20.556650 147 154 155
3.827250 0.199136 20.751040 111 108 102
4.241869 0.174148 20.581039 154 159 158
4.385468 0.184799 20.735802 133 133 124
4.180621 0.201284 20.560196 143 151 152
3.880070 0.303646 20.690657 100 98 95
3.905096 0.300181 20.660725 96 96 94
4.271788 0.282881 20.569815 151 159 155
3.922278 0.373507 20.565962 75 74 72
4.123115 -2.585456 22.887150 183 159 115
4.441237 -2.599228 23.039728 178 155 118
4.407588 -2.567047 23.030218 178 154 120
4.159945 -2.463281 22.895718 201 171 139
4.796463 -2.488054 23.174496 190 171 147
3.772835 -2.415728 22.677113 200 165 128
3.899249 -2.408482 22.417997 205 173 140
4.291493 -2.419106 22.475342 207 177 151
3.774170 -2.358520 21.954721 214 178 146
3.933988 -2.296020 20.927406 223 187 165
4.136560 -2.299318 20.897524 223 190 169
4.520373 -2.313362 21.060453 240 225 211
4.302198 -2.272485 20.824219 230 203 187
4.680055 -2.295996 21.275850 240 230 220
4.101850 -2.235422 20.672392 235 200 182
4.317667 -2.242234 20.738575 234 209 195
4.751050 -2.270821 21.329361 234 226 216
3.796036 -2.198189 20.574356 238 197 176
4.274482 -2.210963 20.652798 238 208 196
5.205633 -2.305437 23.044350 171 159 141
3.579393 -2.169522 20.691257 237 195 170
4.176737 -2.179352 20.586960 241 206 191
4.361992 -2.185193 20.648891 246 223 215
4.684122 -2.201559 20.966183 242 236 230
4.795669 -2.216769 21.398155 213 205 197
3.710796 -2.141601 20.579592 244 200 178
4.672905 -2.171540 20.902983 244 239 235
3.931101 -2.116631 20.493744 246 204 184
4.047290 -2.091788 20.492121 248 207 189
3.986847 -2.062666 20.471577 250 206 186
3.497953 -2.030183 20.716129 240 193 163
3.521106 -2.029622 20.668367 243 196 167
3.868116 -2.032239 20.446831 249 207 180
3.756214 -2.002979 20.467829 249 205 178
4.507493 -2.022627 20.625404 254 244 243
4.901443 -2.051715 21.610836 196 189 181
3.458988 -1.976856 20.863728 233 188 154
3.469337 -1.974138 20.711498 238 192 159
5.262417 -2.060141 23.135983 161 153 139
3.454873 -1.948198 20.825487 234 187 154
3.782305 -1.948452 20.439396 252 207 178
4.008078 -1.952792 20.406290 254 211 186
4.278020 -1.959802 20.468636 252 218 206
3.450873 -1.919670 20.788195 234 187 154
4.245865 -1.931439 20.445621 253 217 203
4.609325 -1.943432 20.692228 254 249 252
4.859950 -1.960275 21.385075 209 203 201
3.728155 -1.893004 20.455814 252 205 178
4.123774 -1.900851 20.401159 254 215 194
4.370381 -1.907630 20.493513 252 227 223
4.402369 -1.908588 20.510740 253 232 229
3.541286 -1.863158 20.569502 246 194 166
3.620426 -1.864085 20.509462 250 199 173
3.700960 -1.865231 20.463459 252 203 179
3.891855 -1.868391 20.387249 253 210 182
4.034032 -1.871358 20.376141 254 212 189
4.499793 -1.884113 20.565121 254 244 244
3.442152 -1.835126 20.702705 233 184 152
3.620725 -1.836698 20.506931 250 198 173
3.673982 -1.837459 20.472855 252 201 177
4.337183 -1.851882 20.461613 252 223 216
3.674281 -1.810132 20.470383 252 200 177
3.835811 -1.812826 20.389017 253 206 180
3.490601 -1.780076 20.613123 240 188 161
3.621695 -1.781979 20.504610 249 196 173
3.781706 -1.784632 20.408709 252 203 178
4.531592 -1.802588 20.569468 254 246 246
4.637647 -1.805831 20.669905 253 250 254
3.516509 -1.752898 20.582989 242 189 163
3.863335 -1.758940 20.371941 252 205 179
3.891190 -1.759508 20.365889 252 206 181
4.430150 -1.772292 20.485994 252 234 232
4.530242 -1.775048 20.558563 254 245 246
4.599854 -1.777050 20.620399 254 248 252
4.635674 -1.778109 20.655945 253 250 254
4.060700 -1.735960 20.343058 252 208 189
4.397439 -1.744109 20.460991 251 228 225
3.567367 -1.698765 20.517675 243 191 166
4.090333 -1.709513 20.344748 250 208 190
4.209066 -1.712242 20.367767 247 211 197
5.085551 -1.739350 22.037912 177 171 162
4.269989 -1.686498 20.384012 244 213 203
4.395408 -1.689456 20.442255 249 226 224
4.594001 -1.694280 20.578569 254 247 251
4.704787 -1.697120 20.701790 253 250 254
4.701478 -1.669391 20.681091 253 250 254
3.440717 -1.613845 20.649866 228 181 152
4.120746 -1.628849 20.343330 244 205 186
3.595806 -1.589900 20.494265 238 188 165
3.812066 -1.594831 20.388525 242 194 172
3.894115 -1.596687 20.359800 243 196 175
4.121360 -1.601751 20.343153 242 203 185
3.392227 -1.557414 20.721050 218 173 143
3.439235 -1.558711 20.627712 226 180 154
3.622988 -1.563205 20.476328 237 188 164
3.839823 -1.568292 20.377163 240 192 172
4.299553 -1.578516 20.373678 237 209 202
3.622663 -1.535905 20.469223 236 187 164
3.649941 -1.536563 20.457153 236 188 165
3.867521 -1.541786 20.365660 239 191 172
4.151768 -1.548193 20.345613 237 200 184
3.704693 -1.510639 20.430674 236 189 164
3.868401 -1.487518 20.362982 235 189 170
4.239824 -1.495899 20.349262 231 199 190
4.421206 -1.499583 20.399920 240 220 222
3.704878 -1.456201 20.422884 231 185 163
3.841514 -1.459695 20.371288 233 187 169
3.923926 -1.461755 20.345785 234 188 171
4.064783 -1.465048 20.328512 233 194 176
4.545051 -1.474786 20.443274 247 237 243
4.210570 -1.441112 20.338465 227 194 184
3.649610 -1.400377 20.431477 225 181 163
3.677547 -1.401081 20.424704 227 181 163
4.009365 -1.409566 20.332916 229 188 171
4.037195 -1.410252 20.327423 229 189 172
4.124144 -1.412137 20.332682 226 190 177
4.210823 -1.414037 20.336147 225 193 184
4.790156 -1.423314 20.656189 247 244 248
4.153612 -1.385687 20.333439 223 188 177
4.745186 -1.395843 20.571878 250 249 253
3.567474 -1.343663 20.455784 218 175 163
3.871781 -1.351817 20.364151 225 182 165
3.898959 -1.352578 20.353708 225 183 165
4.570053 -1.366836 20.408865 243 238 245
4.152770 -1.331667 20.320604 218 185 178
4.600579 -1.340228 20.414581 246 242 250
5.075029 -1.331578 21.625668 182 177 168
3.393986 -1.263651 21.691225 194 155 124
3.458200 -1.285900 20.496428 211 169 157
3.353272 -1.249933 20.826929 198 159 135
3.488342 -1.259142 20.500359 209 169 159
3.712602 -1.265221 20.445831 216 176 163
4.242558 -1.279246 20.335047 215 187 188
4.506678 -1.284590 20.366970 232 223 231
5.063430 -1.274574 21.561226 193 188 180
5.304935 -1.260406 22.599504 173 167 154
4.333132 -1.253737 20.356939 216 195 200
3.825880 -1.213746 20.421360 211 174 162
4.278345 -1.225108 20.368717 212 187 189
4.570095 -1.231190 20.391754 238 232 240
4.049775 -1.192664 20.374008 208 177 166
4.724129 -1.206351 20.440611 248 246 249
3.610594 -1.151751 20.527718 205 169 159
3.721458 -1.155185 20.490366 206 171 160
4.196134 -1.168529 20.385176 205 178 173
4.371230 -1.172150 20.398932 213 196 198
4.688775 -1.179217 20.403658 244 243 247
3.367872 -1.073692 21.167889 185 152 119
3.446327 -1.091290 20.596972 194 161 143
3.474289 -1.092184 20.587595 196 162 146
3.703267 -1.098187 20.558331 200 170 154
4.448750 -1.089398 20.498798 210 199 191
4.477150 -1.090131 20.495798 212 202 195
3.606872 -1.036811 20.697985 188 159 133
3.743310 -1.042095 20.626749 190 161 139
3.985198 -1.051683 20.493330 210 185 168
4.253961 -1.056317 20.541466 188 169 157
3.621013 -1.006227 20.798964 180 153 122
3.674193 -1.008786 20.756964 182 154 126
4.299063 -1.027030 20.631741 177 161 147
3.945117 -0.992416 20.602058 217 192 173
4.157258 -0.995557 20.652441 190 171 156
4.375307 -0.986366 21.073954 175 159 145
3.902175 -0.960472 20.700481 218 195 173
4.404203 -0.946811 21.416761 180 164 150
3.910207 -0.931190 20.749920 235 214 192
4.138591 -0.937881 20.709528 233 218 205
4.378422 -0.916668 21.440121 194 179 165
3.943796 -0.835178 21.796513 232 214 183
3.867123 -0.870861 20.848089 241 227 201
3.915489 -0.819618 20.767763 225 205 182
3.942307 -0.820959 20.750656 227 206 185
4.327692 -0.814052 21.121975 243 232 219
3.916840 -0.764111 20.768038 221 199 176
4.323236 -0.739177 20.907471 245 235 226
4.590218 -0.685164 21.574293 185 175 156
4.070472 -0.682885 20.797758 206 186 171
3.810186 -0.567727 22.384979 222 186 140
4.126849 -0.657391 20.778072 196 177 165
3.774752 -0.563520 21.877317 229 196 156
3.858287 -0.625016 20.747435 189 162 138
3.974291 -0.628211 20.737745 190 166 147
4.549291 -0.619078 21.163349 194 186 170
4.231874 -0.608789 20.694685 218 202 197
4.577737 -0.592068 21.151102 204 196 180
3.826834 -0.570107 20.724106 216 193 172
3.967307 -0.575626 20.683475 201 178 161
4.024573 -0.577407 20.675339 201 180 165
4.196953 -0.582452 20.656527 221 206 201
4.283833 -0.584713 20.652088 231 218 215
4.400207 -0.560176 20.645973 235 228 222
3.675235 -0.501168 20.894758 207 180 156
3.987152 -0.524872 20.613998 233 215 204
4.015638 -0.525787 20.609686 233 217 206
4.361889 -0.534993 20.589926 237 231 228
4.183350 -0.504996 20.562380 224 216 212
4.419258 -0.509333 20.581570 232 228 225
3.741700 -0.457166 20.726162 186 168 153
4.010916 -0.472982 20.571085 204 190 181
4.415945 -0.483147 20.559252 226 224 223
4.638821 -0.462588 20.977663 178 173 158
4.065037 -0.448630 20.541494 187 178 170
3.713442 -0.401172 20.724651 163 147 139
4.293516 -0.428209 20.515461 190 192 195
4.832595 -0.365529 21.682606 160 155 130
3.637964 -0.338317 20.808556 145 128 119
4.063892 -0.367604 20.522078 150 148 148
4.476565 -0.374792 20.558716 181 182 185
3.953001 -0.335557 20.551680 144 139 141
4.064004 -0.340430 20.518711 144 143 144
4.119954 -0.342618 20.505989 143 147 149
4.178135 -0.343893 20.507267 146 153 155
3.593228 -0.258588 21.135303 141 118 99
4.008462 -0.310897 20.530432 138 136 139
4.265835 -0.318523 20.507864 149 159 163
4.385994 -0.319649 20.531925 163 170 175
4.267418 -0.290783 20.513336 143 154 158
3.638641 -0.228015 20.794172 127 113 105
3.766114 -0.241227 20.654854 128 124 126
3.873156 -0.248633 20.588175 124 124 128
4.422845 -0.262993 20.568611 152 155 158
3.639748 -0.199965 20.797548 125 111 101
4.499505 -0.229951 20.667227 147 147 142
4.709765 -0.185565 21.326857 160 155 138
3.690614 -0.178165 20.734203 119 109 103
3.847543 -0.191849 20.603277 114 115 119
3.929678 -0.196461 20.568182 112 114 120
3.957420 -0.197788 20.559353 111 114 120
4.271870 -0.207589 20.528004 127 137 141
3.848342 -0.164250 20.604296 110 111 115
4.042332 -0.173783 20.540533 107 111 119
4.098680 -0.175954 20.529716 108 116 123
3.668712 -0.118592 20.779453 125 112 97
3.693559 -0.121819 20.746119 117 106 95
3.768208 -0.131092 20.651312 110 106 103
4.437051 -0.148292 20.633625 139 138 131
4.699802 -0.091760 21.425680 161 152 132
3.769334 -0.103236 20.654652 108 104 98
4.071577 -0.120147 20.533634 101 108 115
4.550640 -0.099123 20.934641 155 147 133
3.906847 -0.083970 20.592611 101 103 109
3.989862 -0.088262 20.564291 97 102 110
4.044726 -0.091281 20.543354 99 105 112
4.128294 -0.095068 20.521343 106 116 121
3.682072 -0.000981 20.858259 137 120 99
4.472330 -0.023271 20.816685 142 134 122
3.802325 0.007149 20.662621 115 110 106
4.252565 -0.012563 20.558472 155 158 160
4.432591 0.000155 20.754793 137 131 121
3.758137 0.044361 20.759501 115 106 96
3.996157 0.050755 20.583927 112 116 121
3.916186 0.084253 20.628763 109 109 113
4.294551 0.156273 20.611177 156 157 154
3.821114 0.209688 20.761171 113 108 104
4.054597 0.185060 20.564665 122 129 133
4.169299 0.181347 20.554693 147 154 155
3.721493 0.323434 21.320078 103 79 62
3.923345 0.251737 20.650356 105 106 107
3.733303 0.337579 21.180075 94 72 57
4.233175 0.291610 20.573381 146 153 151
3.873736 0.340658 20.697090 91 88 85
4.503958 -2.612546 23.010218 179 156 117
4.154942 -2.568038 22.859936 183 158 117
4.858712 -2.595311 23.159306 173 157 125
3.813688 -2.463639 22.723709 187 155 115
5.031458 -2.506810 23.189995 169 153 129
4.431266 -2.427330 22.158695 194 168 141
4.691512 -2.434720 22.208637 193 176 153
4.157207 -2.367486 21.418406 216 184 161
4.320532 -2.367499 21.309422 214 187 164
5.027644 -2.432135 22.814533 190 177 158
4.016960 -2.325702 21.093840 227 193 169
4.038051 -2.324424 21.038069 226 193 169
4.325660 -2.323699 20.812902 225 202 182
4.418136 -2.326515 20.838264 228 209 192
4.727039 -2.321772 21.383490 226 215 204
3.585682 -2.263095 21.203295 228 190 158
3.583970 -2.256305 20.964344 230 192 162
3.890408 -2.253928 20.642132 233 194 174
4.063815 -2.257546 20.635378 230 194 174
4.496808 -2.271122 20.779316 250 238 229
3.606090 -2.221403 20.686237 236 196 170
3.663023 -2.222383 20.676081 236 196 173
3.833222 -2.225276 20.644398 236 197 175
4.270802 -2.235110 20.652319 234 205 189
4.394255 -2.238902 20.692532 245 225 213
4.459127 -2.241307 20.729067 251 235 226
3.855002 -2.196947 20.591181 239 198 178
4.174315 -2.204023 20.592991 238 204 184
4.204473 -2.204862 20.599911 238 205 186
4.295177 -2.207401 20.621305 238 210 195
3.504817 -2.138903 20.790144 232 189 158
3.763777 -2.139319 20.553335 242 200 178
4.226378 -2.149465 20.550400 243 209 193
4.476902 -2.157348 20.655523 253 240 237
4.655334 -2.165180 20.829479 247 241 236
3.479442 -2.111196 20.815985 232 187 154
4.016259 -2.116422 20.498543 247 202 185
4.045906 -2.117180 20.503456 247 203 185
4.467704 -2.101099 20.597837 254 241 238
3.924968 -2.059210 20.459620 250 205 181
4.218223 -2.066269 20.490850 250 212 195
4.278476 -2.067873 20.505795 249 216 202
4.534585 -2.076001 20.642282 254 245 245
3.491381 -2.025810 20.666355 241 194 162
3.783399 -2.029081 20.471991 249 205 177
3.923005 -2.031695 20.442711 251 206 180
4.497715 -2.046980 20.596207 254 243 243
3.539215 -1.998106 20.582699 245 198 169
4.604204 -2.023474 20.696239 253 249 250
3.496734 -1.987558 21.893435 212 168 127
3.646631 -1.972205 20.515894 249 202 176
3.726902 -1.946112 20.466557 251 205 177
4.121332 -1.954241 20.412336 254 213 192
4.428698 -1.962441 20.524229 253 237 234
3.806717 -1.920159 20.417364 252 208 177
4.239968 -1.929961 20.430500 251 219 202
4.460928 -1.936041 20.538982 253 241 240
3.421150 -1.887713 20.777830 227 178 142
3.591245 -1.889146 20.519459 250 200 172
3.945373 -1.895785 20.380898 254 211 183
4.208709 -1.901949 20.411875 252 218 200
5.244948 -1.947590 22.869368 161 153 139
3.973197 -1.869254 20.371363 254 211 185
4.491351 -1.882137 20.540094 254 244 244
5.047317 -1.906041 22.032736 171 164 156
3.472106 -1.839004 21.663610 215 168 129
4.059393 -1.844102 20.368650 254 213 191
4.088596 -1.844777 20.371988 254 214 192
4.146441 -1.819006 20.371258 253 215 195
4.752157 -1.834777 20.833267 235 231 231
3.467525 -1.780782 21.614944 215 168 130
4.297097 -1.795452 20.409801 249 219 209
4.422402 -1.798454 20.467670 253 234 231
4.454589 -1.799237 20.486254 253 239 237
4.820054 -1.809208 21.025721 209 203 201
3.832356 -1.757823 20.370781 253 204 178
4.206273 -1.766240 20.378418 250 213 198
3.888187 -1.732003 20.356695 252 205 180
4.486193 -1.745505 20.494219 253 240 239
3.404824 -1.693509 20.845673 218 173 138
4.001637 -1.707522 20.345545 253 206 184
4.653837 -1.694516 20.609671 254 250 254
3.410809 -1.638880 20.648474 222 176 146
3.670866 -1.645655 20.427458 245 194 171
4.176797 -1.657364 20.358189 244 207 191
3.777718 -1.621243 20.367228 245 196 172
3.804886 -1.594888 20.352785 243 195 173
3.406906 -1.556702 20.601862 220 175 149
4.089575 -1.574415 20.338373 243 199 182
4.448730 -1.581819 20.425476 249 229 230
4.711889 -1.586336 20.596340 252 251 253
3.391122 -1.527903 20.703541 216 171 144
3.669020 -1.537273 20.396049 237 188 165
3.695934 -1.538010 20.383368 237 189 166
4.235223 -1.550587 20.349779 236 201 190
4.416506 -1.554176 20.402603 245 224 223
4.642825 -1.557994 20.535179 253 249 254
3.722319 -1.511745 20.362833 236 188 166
4.673711 -1.531322 20.542076 253 250 254
3.561814 -1.479982 20.443552 229 181 162
3.972489 -1.491057 20.309486 238 191 174
4.030135 -1.492329 20.312597 238 192 176
3.694535 -1.457013 20.360006 231 185 164
3.831780 -1.460720 20.319664 234 187 168
4.929821 -1.472565 21.236895 219 215 212
3.423404 -1.421896 20.477753 216 172 154
3.530984 -1.425284 20.418753 222 177 162
3.640780 -1.428387 20.381039 227 182 163
3.694809 -1.429994 20.357403 229 183 164
3.402394 -1.376428 21.502737 201 159 130
3.614090 -1.400505 20.390945 224 179 163
3.722291 -1.403776 20.344749 227 181 163
4.176430 -1.414555 20.321402 224 190 181
4.632895 -1.422472 20.466438 250 245 250
4.668710 -1.422663 20.502663 251 247 252
4.323690 -1.390530 20.342426 225 202 202
3.696341 -1.348892 20.354563 222 178 162
3.723729 -1.349697 20.345762 223 178 162
4.061200 -1.358191 20.307983 222 184 171
5.352944 -1.336350 22.847721 165 160 144
3.444915 -1.315062 20.400730 211 171 157
3.498426 -1.316943 20.370604 212 171 160
3.835549 -1.325702 20.323221 222 180 164
4.413308 -1.338234 20.356180 228 210 215
4.122770 -1.305200 20.326847 214 182 175
4.208173 -1.307211 20.324677 215 186 184
4.594131 -1.314315 20.400436 245 240 247
3.754213 -1.269268 20.345068 215 176 163
4.070412 -1.276354 20.352455 212 180 171
4.098858 -1.277037 20.351299 212 180 172
4.124966 -1.278011 20.336130 212 181 175
4.729571 -1.287817 20.502062 249 248 252
4.953368 -1.279830 21.034590 188 185 176
3.473756 -1.234678 20.386642 205 168 158
3.587610 -1.237497 20.379042 211 173 163
3.727301 -1.241404 20.352587 212 175 163
4.443909 -1.257800 20.356264 226 211 218
4.502798 -1.258925 20.365099 232 221 229
4.012420 -1.221263 20.339899 209 178 167
4.128312 -1.223699 20.348404 207 179 173
3.424119 -1.177809 20.437778 200 164 151
3.844333 -1.189767 20.359964 207 175 163
3.901110 -1.191180 20.356407 207 176 163
4.273505 -1.199768 20.356546 209 187 186
4.301983 -1.200450 20.355673 210 191 191
3.903237 -1.163873 20.365993 204 175 161
3.932052 -1.164510 20.366928 204 175 161
4.247087 -1.171829 20.365591 205 183 180
4.419643 -1.175699 20.369396 221 205 209
3.513873 -1.125000 20.453140 200 167 154
3.738904 -1.131432 20.414804 202 172 157
3.849497 -1.134926 20.385555 201 174 159
4.421914 -1.148399 20.378265 220 205 206
4.480589 -1.149521 20.385612 225 212 216
3.448056 -1.055696 20.834799 186 155 128
3.605257 -1.036935 20.687323 187 159 130
3.951056 -1.052800 20.472164 202 177 158
4.866130 -1.031947 20.864986 184 178 156
4.205024 -0.999088 20.603001 173 155 140
3.855966 -0.939377 21.194494 198 175 147
4.308350 -0.885045 21.383869 242 230 216
4.378736 -0.876258 21.622122 237 225 211
4.667036 -0.811306 22.567392 195 183 167
3.943648 -0.759381 22.667664 196 168 126
3.925404 -0.806325 21.653816 224 202 173
3.932632 -0.842114 20.891459 236 218 195
4.507733 -0.803372 22.008837 239 230 217
4.049704 -0.817476 20.881594 234 217 199
4.304124 -0.809674 21.167231 244 234 222
3.975382 -0.793042 20.777876 224 204 185
3.848342 -0.734797 21.316971 231 208 174
3.866866 -0.760014 20.832380 219 197 170
4.354228 -0.757635 21.102858 242 229 220
3.817187 -0.728004 20.890654 218 193 162
4.064422 -0.739828 20.776472 214 193 178
4.739286 -0.678818 22.237991 169 158 135
3.918312 -0.708774 20.775066 216 193 171
3.975294 -0.710690 20.764450 219 196 178
4.185827 -0.713850 20.797741 225 208 197
4.320394 -0.711593 20.898083 234 222 213
3.944557 -0.683055 20.750717 213 189 170
4.091440 -0.686337 20.754000 218 199 186
4.179229 -0.688414 20.753893 222 207 196
4.202044 -0.663725 20.711351 213 198 188
4.262330 -0.664516 20.722454 219 205 197
3.782608 -0.618873 20.836920 192 165 135
4.109766 -0.635873 20.678535 188 170 157
4.729249 -0.583417 21.825682 178 168 146
4.276641 -0.615302 20.628092 220 209 202
4.671872 -0.571731 21.510712 190 181 162
4.754396 -0.556882 21.790897 180 171 147
3.696734 -0.533285 20.839855 230 206 181
4.421847 -0.564311 20.620174 243 235 228
4.183838 -0.533610 20.582798 228 218 212
3.599786 -0.450938 21.211077 178 144 115
3.848415 -0.492892 20.663807 208 190 177
4.323670 -0.484615 20.545870 217 215 215
4.382472 -0.458563 20.547403 211 213 214
3.581620 -0.343709 21.520630 161 128 95
3.641567 -0.392776 20.842714 157 134 124
3.715972 -0.401475 20.744190 162 144 138
3.901299 -0.414961 20.615234 170 157 153
4.208121 -0.427620 20.539307 175 175 174
4.294881 -0.429704 20.539129 187 190 191
4.476916 -0.430787 20.585560 202 202 202
4.619919 -0.413227 20.884035 171 167 156
3.619326 -0.360962 20.891161 151 127 115
3.874053 -0.386289 20.622992 161 150 148
4.150780 -0.398962 20.538527 162 160 159
4.324330 -0.403123 20.538345 183 188 190
4.353925 -0.403559 20.542139 188 193 197
4.207490 -0.373761 20.527794 156 159 161
4.236405 -0.374452 20.527798 160 164 166
4.525805 -0.369787 20.686100 174 174 175
3.873768 -0.332121 20.612371 146 140 142
4.207483 -0.346726 20.523867 148 153 156
4.413637 -0.350078 20.545109 173 178 183
4.531180 -0.340461 20.711582 166 166 166
3.558098 -0.261056 21.085485 145 118 91
3.577203 -0.267700 21.004263 141 117 95
3.767657 -0.297093 20.678289 141 132 136
4.150018 -0.318162 20.522066 138 143 146
4.324881 -0.321736 20.530205 157 166 170
3.640638 -0.256122 20.811710 133 115 110
3.821402 -0.246432 20.638153 130 126 131
4.707371 -0.213188 21.327721 158 154 138
3.642604 -0.200260 20.816423 128 111 102
4.266231 -0.239640 20.513992 132 142 145
4.356920 -0.239995 20.536680 141 149 151
3.850919 -0.165507 20.627647 114 112 118
4.039528 -0.177890 20.533863 107 112 118
4.237786 -0.184757 20.508919 119 129 132
4.393936 -0.183042 20.574566 136 139 136
4.700793 -0.089574 21.439198 162 153 131
4.181087 -0.128898 20.507513 113 121 126
3.829122 -0.079336 20.663694 108 105 107
3.882058 -0.083746 20.628120 104 104 109
4.125806 -0.072303 20.514715 111 118 123
4.467110 -0.054643 20.804777 142 137 124
3.806874 -0.020231 20.701910 113 108 106
4.184280 -0.046397 20.514784 133 139 143
4.071442 -0.015124 20.527908 118 123 129
4.214734 -0.019331 20.520058 151 157 160
3.697320 0.081764 21.172155 136 116 93
3.764310 0.045545 20.803488 115 107 98
4.442779 0.030730 20.821514 129 124 112
3.726355 0.087916 20.947140 120 106 91
4.360474 0.047370 20.683754 145 142 135
3.891018 0.084209 20.661291 108 109 109
4.190832 0.064976 20.538095 147 153 155
4.324651 0.071741 20.641729 153 152 147
3.793181 0.126422 20.786280 109 103 97
3.943252 0.106199 20.617723 108 109 113
3.995639 0.101320 20.581085 109 112 117
4.405993 0.109705 20.768410 125 121 111
3.757879 0.225977 20.937170 115 103 93
3.844285 0.228904 20.717148 112 110 107
4.023252 0.207705 20.555719 117 122 125
4.227439 0.203542 20.563841 153 158 158
4.261321 0.205688 20.592430 154 158 156
4.164511 0.228923 20.530132 141 148 148
4.329599 0.237239 20.647270 149 150 144
3.995416 0.263053 20.554638 100 105 107
4.134434 0.255843 20.519226 136 144 144
3.916487 0.297609 20.602755 94 95 93
4.163490 0.282126 20.516134 135 143 143
3.818315 0.340552 20.721455 89 81 74
4.019745 0.313114 20.517187 94 99 100
3.991178 0.340940 20.515270 80 83 83
4.045669 0.337278 20.494484 99 104 105
4.067871 -2.556783 22.761202 183 157 114
4.275465 -2.533751 22.846506 181 155 119
4.031163 -2.493796 22.720375 187 160 120
5.164705 -2.535772 23.254818 170 158 124
5.018958 -2.499066 23.177198 175 161 133
4.086861 -2.432345 22.651903 206 177 144
4.187925 -2.435497 22.683279 203 174 143
4.908774 -2.463668 23.109930 183 169 146
4.982313 -2.466524 23.152828 179 166 142
5.128812 -2.472028 23.231659 170 158 132
3.825218 -2.376957 21.928957 213 181 147
4.809376 -2.411503 22.395147 204 191 173
3.916714 -2.333918 21.296745 218 186 159
4.329573 -2.346647 21.433039 218 191 168
3.875169 -2.293441 20.821339 225 189 165
3.675647 -2.257484 20.648176 232 194 169
3.710308 -2.259139 20.687532 232 194 169
3.805930 -2.262565 20.744591 231 194 171
4.076079 -2.269770 20.794106 231 196 174
4.135042 -2.271182 20.797651 230 196 174
4.284330 -2.274985 20.816977 229 202 183
5.133666 -2.336854 22.742779 166 155 134
4.955782 -2.287045 21.999023 175 166 151
3.507765 -2.208206 21.129690 218 181 143
4.057404 -2.211852 20.671112 239 200 179
4.053032 -2.183817 20.640135 242 200 181
4.442716 -2.193968 20.713711 253 237 232
4.474578 -2.194962 20.728991 253 241 238
4.607071 -2.199481 20.814167 250 244 241
4.761673 -2.209078 21.157173 206 199 192
3.900453 -2.152119 20.585556 245 201 180
4.284773 -2.161697 20.637346 242 212 197
4.469599 -2.166890 20.698330 254 242 239
3.476231 -2.116148 20.649698 232 190 156
3.607981 -2.117743 20.554893 244 199 174
3.839392 -2.123076 20.559427 247 202 179
4.106174 -2.129798 20.603367 246 204 184
4.565809 -2.142328 20.743156 254 248 249
3.497246 -2.088388 20.584881 237 193 161
3.866988 -2.096308 20.546993 249 204 179
4.725724 -2.121421 20.962624 216 210 207
4.903156 -2.133427 21.559626 170 161 149
4.308288 -2.079738 20.595272 249 221 207
3.634405 -2.036325 20.523630 248 201 175
3.834670 -2.040814 20.515236 250 206 178
4.071140 -2.046618 20.553804 252 208 187
4.187858 -2.049373 20.562366 252 212 192
4.306097 -2.052249 20.579082 250 221 208
4.336141 -2.053005 20.585817 250 225 214
4.428034 -2.055408 20.615005 254 240 237
4.525465 -2.058230 20.672316 254 249 249
3.493768 -2.016332 21.689579 212 170 130
3.719598 -2.010974 20.510897 250 205 176
3.862273 -2.014170 20.503304 251 208 178
4.156322 -2.021246 20.542377 254 212 191
4.666734 -2.035220 20.799578 251 250 251
3.546647 -1.979795 20.504009 245 198 167
3.860557 -1.986865 20.487816 252 208 178
3.889699 -1.987552 20.490482 252 209 179
3.948424 -1.988957 20.498474 253 209 181
3.545471 -1.952525 20.490568 245 198 167
4.064650 -1.964504 20.502193 254 212 188
4.520807 -1.975772 20.636675 254 247 248
4.662547 -1.979828 20.770943 252 249 252
4.706478 -1.981289 20.846607 232 228 229
3.425418 -1.923433 20.669315 230 184 147
4.703232 -1.953492 20.826511 235 231 233
3.403435 -1.895670 20.719404 226 179 141
3.599446 -1.899374 20.455891 248 200 172
4.267076 -1.914869 20.501953 250 220 206
4.841127 -1.930268 21.222633 204 199 195
4.696323 -1.898059 20.784214 240 236 239
3.654277 -1.846451 20.428764 251 202 177
3.681948 -1.847089 20.421999 252 203 177
4.145517 -1.857781 20.454882 253 216 196
5.018001 -1.878045 21.795809 159 151 136
4.728875 -1.843712 20.794535 239 235 235
3.395878 -1.785778 20.639290 224 177 140
4.649891 -1.814639 20.684689 253 250 253
3.765234 -1.768024 20.391146 252 203 177
3.425766 -1.726314 21.577780 207 164 123
3.411524 -1.728052 21.219257 212 168 128
3.625438 -1.737687 20.408781 248 196 172
3.653537 -1.684399 20.395899 247 197 172
3.765590 -1.687139 20.380247 248 200 174
3.967151 -1.691736 20.390270 251 205 181
4.201114 -1.696899 20.421684 244 208 194
3.851887 -1.662171 20.379786 249 200 177
4.112577 -1.668013 20.401648 246 205 186
4.538226 -1.676541 20.536768 252 243 246
4.318891 -1.645452 20.432959 242 215 208
4.504757 -1.648905 20.508236 250 238 241
3.824150 -1.607608 20.376543 243 195 173
4.259301 -1.617243 20.415819 238 207 196
4.289080 -1.617850 20.422485 239 211 201
4.348582 -1.619071 20.435188 240 217 212
4.672310 -1.624108 20.626844 252 249 252
3.599720 -1.575029 20.401243 236 189 165
3.882251 -1.581959 20.378572 242 194 174
4.141141 -1.587842 20.389763 240 201 183
3.491564 -1.544802 20.443424 229 183 159
3.572674 -1.547271 20.407801 234 187 164
3.825104 -1.553715 20.374117 239 192 170
4.199692 -1.562154 20.394159 235 200 186
4.288516 -1.563948 20.411776 235 207 199
4.703536 -1.570121 20.631720 252 249 251
3.394073 -1.496524 21.521851 202 160 124
3.854378 -1.527421 20.374464 237 191 170
4.111674 -1.533410 20.376493 237 197 179
4.199519 -1.535242 20.389301 233 198 184
4.258476 -1.536440 20.399752 233 202 192
4.501771 -1.540764 20.478085 243 233 237
4.597818 -1.514989 20.526421 247 243 247
4.737821 -1.515888 20.651850 245 243 243
3.346478 -1.456024 20.644190 207 164 135
3.740921 -1.470880 20.370886 233 186 164
3.855195 -1.473557 20.371174 234 189 169
4.596241 -1.488015 20.514763 246 243 246
4.141317 -1.453311 20.371202 229 191 177
4.693668 -1.461974 20.568113 249 248 251
4.771897 -1.461563 20.670622 242 241 240
4.347844 -1.430413 20.405172 227 206 204
3.338971 -1.369753 20.802048 203 160 131
3.771466 -1.390675 20.370884 226 183 160
3.828405 -1.392046 20.369722 226 184 162
4.142778 -1.399399 20.371964 223 187 176
4.230482 -1.374287 20.380140 220 192 185
4.378555 -1.377007 20.409527 225 206 208
5.309407 -1.342814 22.540197 160 155 136
4.760426 -1.353713 20.600029 248 247 249
3.548832 -1.303644 20.399418 216 172 158
3.943170 -1.314105 20.360750 220 181 165
4.593287 -1.326034 20.478529 239 237 242
3.467678 -1.273757 20.429895 209 167 152
4.057669 -1.289914 20.359007 216 181 170
4.562696 -1.298613 20.465055 235 231 236
4.144568 -1.264896 20.362921 212 181 176
5.025589 -1.255203 21.311682 182 180 169
3.419204 -1.216498 20.488024 202 162 146
3.889500 -1.231651 20.369801 212 179 164
4.382833 -1.241856 20.414593 218 200 205
4.297334 -1.212873 20.412439 212 189 189
4.241198 -1.184429 20.414654 207 181 179
4.564377 -1.190470 20.459766 231 226 233
3.387690 -1.127040 20.677303 195 159 136
3.429024 -1.132946 20.548235 198 161 143
3.506343 -1.137408 20.479540 202 165 151
4.010221 -1.152541 20.397633 205 177 164
3.457863 -1.106587 20.543026 198 163 143
4.156957 -1.128300 20.416042 201 177 168
4.479107 -1.134395 20.456284 219 209 211
4.716122 -1.138497 20.495550 240 238 240
3.418320 -1.072810 20.679077 192 158 132
3.790372 -1.091182 20.448202 197 169 151
4.015760 -1.097583 20.423473 201 176 160
4.697763 -1.108921 20.544241 226 223 223
3.739196 -1.061263 20.485748 192 164 143
3.767001 -1.062197 20.479431 192 164 144
4.463221 -1.077229 20.517653 201 191 184
3.799758 -1.034856 20.501747 188 161 140
4.297589 -1.044532 20.552874 184 169 156
5.086356 -1.011890 21.723963 183 177 153
4.921309 -0.988851 21.507248 175 169 147
3.992402 -0.979626 20.618937 240 221 200
4.232633 -0.975028 20.839767 187 169 154
4.408341 -0.963684 21.171257 172 158 143
4.143173 -0.945892 20.825766 228 213 195
4.357315 -0.932130 21.216311 188 174 158
4.024826 -0.916021 20.813263 246 227 207
4.652477 -0.794407 22.355772 185 176 159
3.931992 -0.823075 20.957016 230 209 185
3.852487 -0.790223 21.012251 220 194 165
3.988792 -0.797606 20.939001 226 207 186
4.163432 -0.774934 20.922981 222 208 192
4.478310 -0.747315 21.538641 231 222 210
3.951280 -0.744619 20.878317 225 203 180
4.518162 -0.726612 21.419121 214 207 192
3.918534 -0.717683 20.851847 219 196 172
4.089736 -0.723549 20.823465 211 195 177
3.911192 -0.665678 20.795355 200 176 153
3.820644 -0.637388 20.771639 193 166 140
3.964034 -0.641933 20.755384 195 172 153
4.295542 -0.656728 20.651474 218 208 199
4.533795 -0.640047 20.999548 191 180 160
4.586500 -0.633301 21.123844 182 171 148
3.630727 -0.541908 21.299683 221 185 146
4.658392 -0.574946 21.182367 180 169 144
4.061804 -0.570475 20.627630 220 203 192
4.374710 -0.580226 20.597273 234 226 219
3.705122 -0.524923 20.761656 225 204 183
4.168333 -0.549851 20.569014 238 227 219
3.702783 -0.498803 20.740637 206 186 168
3.782161 -0.504677 20.686079 212 195 180
3.836467 -0.507827 20.660810 216 200 185
4.027314 -0.517953 20.585152 223 208 198
4.367267 -0.501955 20.544838 224 220 219
3.750911 -0.450787 20.661991 176 161 150
3.940794 -0.461773 20.577656 191 176 169
4.462153 -0.473899 20.586906 218 216 214
4.499698 -0.471343 20.633337 210 208 202
4.539961 -0.467831 20.693438 200 197 188
3.650100 -0.412904 20.766363 160 141 131
4.051000 -0.439984 20.541033 180 172 166
4.425972 -0.449030 20.543444 215 215 217
4.500478 -0.443957 20.633875 200 199 196
4.592203 -0.432609 20.811995 179 176 164
4.865451 -0.378455 21.609016 155 149 115
3.884857 -0.405544 20.580875 161 150 146
4.078890 -0.414183 20.531338 165 161 157
3.649200 -0.358977 20.750359 148 132 126
3.749045 -0.370549 20.635534 151 141 139
4.544174 -0.384665 20.704924 175 174 170
4.363483 -0.368864 20.505257 178 184 190
3.604115 -0.222056 21.730942 162 135 102
3.721691 -0.314919 20.637573 142 133 136
3.994153 -0.330564 20.529325 138 137 137
4.304675 -0.341144 20.494099 159 168 172
3.607710 -0.191290 21.752951 165 138 104
3.857583 -0.296214 20.573954 134 130 135
4.466892 -0.309916 20.590530 160 162 163
3.858581 -0.268755 20.576097 127 125 130
4.220371 -0.284437 20.497353 134 146 150
4.277113 -0.286203 20.493132 143 155 158
3.915100 -0.243925 20.563738 120 121 127
4.135149 -0.254963 20.499430 122 132 136
3.656511 -0.191710 20.773602 122 110 102
3.702776 -0.200315 20.689041 121 113 112
3.726304 -0.204266 20.650858 121 114 117
3.944328 -0.190637 20.557524 107 112 118
4.401139 -0.150534 20.524509 135 134 125
4.001407 -0.111775 20.541084 96 103 109
4.028910 -0.113229 20.532932 97 105 110
4.478981 -0.115335 20.630054 142 135 117
3.975672 -0.082425 20.556292 98 104 110
3.677388 -0.015014 20.893064 138 124 96
3.687136 0.039707 21.169107 145 127 97
3.898407 0.006057 20.603409 111 114 117
3.950854 0.001314 20.569118 109 114 119
4.087666 -0.006675 20.523542 120 129 133
4.309508 0.036527 20.468390 147 147 140
3.731462 0.210554 21.462086 123 104 80
3.849906 0.121348 20.647429 107 106 107
4.311134 0.090937 20.469975 141 140 133
3.732157 0.216128 21.247450 124 107 88
3.954000 0.137596 20.567801 110 114 117
4.227973 0.121591 20.483107 154 161 158
4.033712 0.184595 20.517128 119 126 128
4.169815 0.176083 20.471159 142 152 151
4.197554 0.174757 20.465508 147 156 154
3.979051 0.241559 20.527081 104 110 111
3.952108 0.270358 20.534676 93 99 98
4.030289 0.262539 20.483803 112 119 121
4.248608 0.249431 20.417850 146 152 147
3.789836 0.332358 20.798298 87 77 69
3.854045 0.312769 20.643692 92 90 86
3.786660 0.357018 20.772194 76 64 55
3.988460 -2.553447 22.805244 185 158 114
4.297860 -2.564065 22.929995 182 157 119
4.644846 -2.544966 23.060431 176 153 117
4.891463 -2.553360 23.162405 172 156 119
4.997534 -2.556929 23.204716 171 156 121
4.265014 -2.501878 22.917286 175 150 116
5.142693 -2.531068 23.273184 170 156 124
4.967684 -2.459569 23.036007 191 176 153
4.186237 -2.377106 21.454893 226 200 177
4.503886 -2.389999 21.717405 216 194 171
4.035567 -2.341369 21.260059 229 200 178
5.054128 -2.395606 22.807734 190 179 163
4.099673 -2.311816 21.102772 227 194 172
4.155215 -2.312706 21.082001 226 194 173
4.269536 -2.314948 21.061453 225 195 174
4.608343 -2.330007 21.455416 239 223 213
4.879030 -2.315606 21.911358 215 206 197
3.838463 -2.247342 20.929131 231 196 171
3.987406 -2.251027 20.945791 231 194 172
4.131001 -2.254074 20.929310 231 194 172
4.579153 -2.265178 20.980442 251 241 238
4.838060 -2.282326 21.699770 220 211 205
4.993524 -2.295700 22.329453 192 182 173
3.589380 -2.221501 21.463673 224 185 150
3.713830 -2.216038 20.872572 237 197 173
3.950202 -2.221748 20.891420 236 199 176
4.067808 -2.224530 20.896549 236 198 174
4.232135 -2.199905 20.830477 240 204 180
4.471408 -2.205877 20.866392 253 237 234
4.171725 -2.170838 20.813339 243 204 178
4.958007 -2.202059 21.984350 170 160 152
3.564077 -2.129490 20.830229 240 195 166
4.798166 -2.162889 21.331640 202 195 191
3.760875 -2.106121 20.778511 246 204 178
4.669683 -2.128796 20.976351 251 247 250
3.619693 -2.075584 20.802052 246 199 173
3.960355 -2.083143 20.751167 249 205 179
4.667889 -2.100986 20.963638 252 248 252
3.673218 -2.049174 20.765362 248 202 176
4.393868 -2.065791 20.742451 252 230 223
3.785080 -2.024247 20.733059 250 206 178
4.125593 -2.032013 20.692474 253 210 187
4.359840 -2.037531 20.710693 251 223 213
4.589270 -2.043405 20.852182 253 249 252
4.760244 -2.048426 21.126776 222 216 216
4.237290 -2.007271 20.667068 250 213 191
4.519426 -2.014122 20.787106 254 244 246
4.625182 -2.016811 20.883739 253 249 252
3.521778 -1.963937 21.360477 233 186 149
3.753499 -1.968777 20.706486 252 206 177
3.809484 -1.970072 20.694321 252 207 178
4.093203 -1.976663 20.663488 254 211 189
4.148229 -1.950716 20.644140 253 213 192
4.586489 -1.960840 20.827049 254 249 250
4.623142 -1.961673 20.866144 254 249 251
5.140568 -1.972735 22.549183 174 166 156
3.485453 -1.907562 20.855297 239 189 155
4.551491 -1.932624 20.792398 254 246 246
5.227105 -1.944228 22.812658 161 153 139
3.494976 -1.878416 21.368690 227 179 141
3.486414 -1.879248 21.077726 233 184 148
4.354438 -1.901050 20.662315 250 223 211
4.004777 -1.865750 20.635214 254 211 187
4.174928 -1.869816 20.620239 254 215 197
4.655412 -1.879822 20.871700 254 249 251
3.607602 -1.828964 20.673876 250 195 171
3.664313 -1.830343 20.666618 252 199 175
3.447700 -1.795394 20.991888 225 177 141
3.946941 -1.810052 20.625309 253 208 183
4.033080 -1.812087 20.624058 253 209 187
4.446693 -1.821348 20.682556 253 233 229
3.635663 -1.775209 20.658779 251 195 173
4.089588 -1.786322 20.613852 253 210 189
4.146596 -1.787692 20.610918 253 211 192
4.546938 -1.795802 20.750706 253 241 242
4.893307 -1.798644 21.314302 188 182 176
3.541869 -1.726507 22.423655 207 164 121
3.918212 -1.755068 20.617189 251 204 180
4.829397 -1.770832 21.142244 223 219 217
3.634948 -1.720856 20.644438 248 194 171
3.889632 -1.727244 20.614157 251 203 179
3.579430 -1.692159 20.655039 243 189 165
3.976116 -1.702147 20.611088 250 202 181
4.263918 -1.708930 20.612671 245 210 197
3.486481 -1.646290 21.727139 213 168 131
3.803479 -1.670952 20.606497 249 197 175
4.382911 -1.684298 20.630892 245 220 215
4.863384 -1.687669 21.153767 210 205 203
3.890018 -1.645872 20.603798 245 197 176
4.176071 -1.652792 20.595591 245 204 187
4.717514 -1.661135 20.863367 253 250 252
3.450944 -1.605443 20.759092 226 178 150
3.635872 -1.612149 20.632181 241 190 168
3.775628 -1.615987 20.603685 245 194 172
3.919167 -1.619425 20.602041 243 196 176
4.205313 -1.626352 20.594692 242 204 187
3.747586 -1.588138 20.604042 242 193 171
3.776106 -1.588848 20.602407 242 193 171
3.890697 -1.591628 20.599575 242 193 174
3.948351 -1.592980 20.600540 241 195 176
4.640581 -1.578966 20.757555 251 245 249
4.747521 -1.579392 20.857546 252 248 253
5.119256 -1.562134 22.089533 185 180 173
3.463412 -1.495314 22.002663 203 160 123
3.637418 -1.530592 20.628935 233 186 165
4.063646 -1.541536 20.594358 240 195 175
4.785466 -1.551866 20.897804 245 241 244
3.433567 -1.471248 21.758526 203 160 124
3.721360 -1.505891 20.607616 232 188 165
3.806390 -1.508125 20.599186 234 189 166
3.892966 -1.510143 20.601170 237 190 169
4.444120 -1.522633 20.628780 236 219 218
5.225294 -1.497529 22.441708 158 152 145
5.346191 -1.490168 22.866325 157 151 138
3.400933 -1.466245 20.795198 211 168 142
4.233959 -1.491790 20.575108 231 196 183
3.397104 -1.439619 20.760544 211 167 143
3.472311 -1.443813 20.672125 218 175 154
3.582989 -1.447401 20.637421 225 180 162
3.638404 -1.449150 20.621809 226 182 162
3.778209 -1.453245 20.594143 229 186 163
4.475335 -1.468835 20.634581 235 219 221
4.775460 -1.470505 20.838215 248 245 251
4.091908 -1.434128 20.575584 230 188 172
4.322647 -1.439471 20.582121 228 201 194
4.669059 -1.443327 20.737875 248 243 253
5.251699 -1.409657 22.406635 163 157 150
3.836402 -1.400437 20.589939 226 183 162
4.538461 -1.415283 20.656624 237 226 231
4.945306 -1.407840 21.229906 204 200 201
3.527348 -1.364352 20.637564 216 175 159
3.952860 -1.375914 20.595100 225 183 166
4.153295 -1.380862 20.590927 223 186 175
4.356293 -1.385398 20.601801 225 200 198
4.666579 -1.389181 20.718449 246 243 251
4.854494 -1.387047 20.929646 236 234 237
3.555223 -1.338169 20.625849 216 175 160
4.507961 -1.360610 20.640553 231 218 222
4.387721 -1.331583 20.609108 222 201 201
3.393308 -1.252296 21.392536 195 156 125
3.582572 -1.285100 20.605934 213 172 160
4.097191 -1.298199 20.586914 217 181 170
4.328908 -1.303392 20.597998 218 193 191
4.763730 -1.308066 20.760025 249 247 254
5.141393 -1.277496 21.865429 183 176 176
3.584106 -1.257715 20.612062 211 171 160
3.925056 -1.266996 20.584133 215 179 164
4.329636 -1.276242 20.598276 216 191 190
4.448319 -1.278351 20.618561 223 206 210
4.600044 -1.280483 20.659590 235 227 238
4.630393 -1.280922 20.667459 238 232 244
3.419442 -1.224324 20.668831 201 163 145
3.528060 -1.228909 20.618450 207 168 156
3.694290 -1.234669 20.573669 212 176 162
4.907148 -1.251896 20.885563 217 213 217
3.641746 -1.205065 20.603132 210 172 161
4.480064 -1.197354 20.623634 222 207 214
3.454685 -1.081350 22.101141 187 152 117
4.759547 -1.172672 20.722521 246 243 251
4.823504 -1.172929 20.752487 246 243 249
3.931725 -1.130473 20.604820 203 174 160
4.368025 -1.139843 20.632568 209 188 187
3.539721 -1.090333 20.678637 201 165 147
3.646981 -1.095616 20.620829 201 170 153
4.044307 -1.106901 20.585989 202 174 161
4.102810 -1.108037 20.592224 200 174 162
4.574880 -1.116529 20.657248 225 215 218
4.866114 -1.116489 20.811657 230 227 224
4.904529 -1.115352 20.856504 226 222 217
3.440922 -1.022085 21.487020 187 153 121
4.550405 -1.087788 20.676188 214 203 200
4.581431 -1.088006 20.687498 216 206 204
4.803902 -1.088642 20.787966 222 218 214
3.515889 -1.033797 20.705940 191 157 128
3.543467 -1.034958 20.696022 191 158 130
4.191494 -1.055556 20.598818 186 166 153
4.405457 -1.057362 20.668390 192 178 169
3.517568 -1.006117 20.713305 185 153 119
4.015927 -1.025259 20.575825 209 185 168
4.044503 -1.025999 20.575006 207 184 167
4.151226 -0.995398 20.691626 197 180 163
4.603420 -0.977410 21.249575 177 166 149
4.481795 -0.938557 21.394430 170 156 141
4.127479 -0.929488 20.886278 244 231 213
3.942053 -0.890757 21.002703 241 223 200
4.629179 -0.849775 22.027040 167 156 138
4.043335 -0.861014 21.079655 243 227 205
4.098023 -0.863876 21.053511 243 229 208
4.362881 -0.851018 21.387770 242 236 219
3.907263 -0.790252 21.744623 224 201 168
4.709935 -0.777709 22.288420 170 160 138
3.963825 -0.800328 21.128143 225 205 181
4.217329 -0.811087 21.054188 231 219 204
4.094601 -0.754800 21.016018 219 202 184
3.871873 -0.716422 21.093609 226 204 176
4.034627 -0.726272 21.004526 224 205 185
3.836010 -0.690720 21.047163 213 189 160
4.029635 -0.700713 20.969446 217 197 178
3.997262 -0.673768 20.946207 205 182 162
3.992287 -0.648409 20.910925 192 169 149
4.385615 -0.664269 20.823765 202 192 180
3.717443 -0.576007 21.443359 229 196 158
3.986790 -0.623371 20.872410 194 172 153
3.768996 -0.582964 20.974064 219 194 167
4.008609 -0.599935 20.822760 196 176 159
4.340039 -0.615312 20.724882 224 214 206
3.763878 -0.557995 20.934900 226 203 179
3.790092 -0.560176 20.914316 222 199 176
4.195122 -0.584731 20.719528 220 207 197
4.366395 -0.589933 20.707031 230 221 215
4.438398 -0.586048 20.783669 233 225 215
3.786425 -0.534623 20.885265 223 201 181
4.108396 -0.555476 20.715946 222 208 196
3.756423 -0.507018 20.875385 220 200 182
3.835367 -0.513363 20.818722 227 209 193
4.022870 -0.525697 20.719612 234 220 207
4.459404 -0.508466 20.729858 234 230 225
3.610592 -0.414779 21.292334 167 136 110
3.750420 -0.455636 20.825724 186 168 157
3.909075 -0.467784 20.723684 197 183 169
4.549702 -0.469998 20.896858 216 214 207
3.657225 -0.304525 22.313068 176 140 101
3.906774 -0.441891 20.704792 181 168 156
4.293007 -0.460042 20.601156 206 205 204
4.739902 -0.404512 21.420132 170 166 149
3.630244 -0.355924 20.992542 150 128 118
3.849967 -0.385923 20.702877 157 149 142
3.903418 -0.389629 20.674931 157 149 141
4.119468 -0.402497 20.587006 161 162 153
4.290184 -0.407569 20.577869 182 185 186
3.794266 -0.356324 20.712706 151 142 140
4.202743 -0.379191 20.566486 157 163 159
4.713376 -0.331346 21.273144 159 156 141
3.616661 -0.233299 21.755859 158 128 96
3.847839 -0.333136 20.680378 145 140 138
4.008527 -0.343940 20.603191 142 142 137
4.116956 -0.350076 20.564318 144 148 143
4.144627 -0.351296 20.558348 145 150 146
4.230695 -0.353460 20.558456 153 161 160
4.383306 -0.352932 20.608595 178 183 187
3.670214 -0.286482 20.847414 139 124 123
3.820271 -0.304741 20.684652 140 135 136
4.721420 -0.272202 21.307161 154 150 135
3.598579 -0.208272 21.387850 151 125 96
3.695158 -0.235497 20.809032 130 119 118
3.847238 -0.252724 20.663406 127 124 129
4.230446 -0.273257 20.545570 135 146 149
4.716486 -0.218637 21.274632 159 152 134
3.745242 -0.187790 20.745201 121 113 114
4.427803 -0.211783 20.675064 144 145 143
3.701599 -0.096007 20.829973 118 108 95
4.233370 -0.138033 20.543024 116 127 130
4.651068 -0.096181 21.072435 151 137 114
3.703642 -0.067568 20.839344 120 110 94
4.263658 -0.111159 20.548380 124 134 135
4.530252 -0.082852 20.897263 139 130 113
4.608483 -0.074457 21.000525 143 130 107
4.327674 -0.082295 20.581526 137 141 139
4.360671 -0.080747 20.604944 137 137 133
3.776340 -0.025412 20.732121 115 112 105
3.851525 -0.035198 20.656248 111 111 112
3.981524 -0.047618 20.568489 106 110 116
3.737034 0.042925 20.849630 115 106 93
4.264173 -0.004009 20.536129 156 162 161
4.363443 0.001204 20.608976 136 132 127
3.698064 0.085503 20.979216 120 106 86
3.857309 0.102832 20.671783 106 106 105
3.832634 0.133373 20.694809 107 105 103
3.883576 0.127107 20.650770 108 109 108
3.907913 0.123274 20.622261 108 109 110
4.424290 0.135630 20.608683 103 97 85
4.458635 0.138134 20.638454 91 82 69
4.010783 0.165501 20.539087 120 125 127
4.386633 0.157828 20.556843 118 115 105
3.911109 0.205784 20.629669 109 111 109
3.984438 0.194486 20.549232 113 118 119
4.009639 0.191359 20.528061 117 123 124
4.286577 0.178019 20.475269 146 150 142
3.749974 0.292943 21.100630 104 91 79
4.008495 0.217186 20.517038 114 121 121
3.795759 0.285077 20.811546 104 99 93
3.886398 0.263043 20.647259 100 102 98
4.033809 0.240738 20.493021 119 127 125
4.058518 0.263853 20.465866 127 134 132
4.193826 0.255197 20.423487 140 150 145
4.222185 0.254378 20.422808 141 151 144
3.980951 0.298474 20.511414 91 96 94
3.978900 0.323538 20.494753 84 89 86
3.881196 0.365995 20.596991 79 73 68
3.952073 0.352158 20.501617 76 78 74
4.982574 -2.539740 23.212978 172 156 120
3.706072 -2.438456 22.681324 191 159 115
3.878215 -2.402211 22.118021 207 178 143
4.465872 -2.412662 21.947306 208 185 158
4.123122 -2.365999 21.354774 227 201 179
3.909854 -2.332417 21.316948 224 193 169
3.986169 -2.332980 21.237526 226 195 173
4.213148 -2.337404 21.183393 225 197 175
3.672977 -2.310729 22.184908 212 177 139
3.959458 -2.302110 21.066248 224 190 170
4.160377 -2.306437 21.042803 224 191 171
4.590231 -2.317851 21.150970 241 224 214
3.593713 -2.267223 21.169298 224 187 153
4.526567 -2.258834 20.964140 250 232 225
4.998453 -2.283986 22.293381 185 175 162
5.115315 -2.291201 22.714842 170 160 143
4.076789 -2.220117 20.880798 238 198 176
4.361580 -2.226483 20.853760 243 213 196
5.180101 -2.264103 22.872154 170 160 140
4.387637 -2.199595 20.834547 247 220 207
4.695690 -2.208636 21.076502 247 239 235
3.623706 -2.164871 22.489223 205 168 127
3.603493 -2.153835 20.806604 242 196 171
4.066626 -2.164659 20.812115 245 202 179
3.801677 -2.131007 20.775585 246 202 178
4.033626 -2.136455 20.783258 247 203 180
3.740855 -2.102250 20.750336 248 203 178
3.916038 -2.106393 20.765156 247 204 179
4.255106 -2.114192 20.728266 247 209 187
4.344908 -2.116356 20.747898 247 217 204
4.687079 -2.125268 21.022675 252 247 246
3.507047 -2.069901 20.931801 236 191 158
3.654292 -2.072997 20.744822 247 201 176
4.193134 -2.085520 20.698809 251 209 186
4.280707 -2.087584 20.707113 247 212 193
4.500345 -2.092907 20.805285 254 242 242
3.625369 -2.045104 20.739347 248 200 175
3.936935 -2.052393 20.707829 251 206 181
4.021168 -2.054362 20.696175 252 207 182
4.049266 -2.055019 20.692577 252 207 183
4.278905 -2.060401 20.693346 249 214 195
3.522183 -2.015389 20.821228 241 194 162
3.650322 -2.018517 20.708471 250 202 176
4.893332 -2.046739 21.595350 202 193 189
3.818603 -1.995390 20.677279 253 207 179
4.496175 -2.011072 20.772709 254 241 240
4.884862 -2.018232 21.550249 207 199 195
3.518059 -1.960787 20.781736 243 193 163
3.648460 -1.964238 20.686544 252 202 176
3.987422 -1.972350 20.653309 253 210 184
4.015650 -1.973024 20.650839 253 210 184
4.071875 -1.974372 20.644716 253 210 187
4.673216 -1.987359 20.935549 253 249 250
3.492705 -1.932802 20.802473 240 190 159
3.648029 -1.937140 20.678999 252 202 176
3.873170 -1.942599 20.651100 253 208 180
4.273940 -1.952048 20.650757 253 219 201
3.816742 -1.914188 20.652330 254 207 179
3.463945 -1.843798 21.449636 219 172 134
3.817015 -1.860111 20.645422 254 205 180
3.902298 -1.862169 20.641485 253 207 182
3.930378 -1.862867 20.638103 253 208 182
4.272163 -1.871042 20.629635 252 219 203
4.363590 -1.872903 20.660294 251 224 215
3.676788 -1.829541 20.661169 254 200 178
3.817069 -1.833091 20.641445 254 204 180
4.363372 -1.845884 20.655443 250 223 214
3.564359 -1.799630 20.672588 247 192 168
3.676228 -1.802539 20.652849 254 200 178
3.873907 -1.807468 20.634497 253 204 180
5.139371 -1.815952 22.314888 174 165 155
3.445755 -1.760791 21.295069 218 171 135
3.732692 -1.776943 20.642715 253 200 178
4.488822 -1.794021 20.705673 253 235 233
3.789151 -1.751372 20.633005 252 200 177
4.456274 -1.766488 20.681778 251 231 228
4.520619 -1.767445 20.718218 253 238 237
4.734792 -1.769277 20.925444 251 248 250
3.537949 -1.717614 20.674557 241 189 164
4.127158 -1.732981 20.598171 250 206 188
4.455785 -1.739481 20.675617 251 230 227
4.519322 -1.740439 20.707962 252 237 236
4.902606 -1.739165 21.311892 196 189 185
4.729891 -1.714840 20.894394 253 250 252
4.042187 -1.677048 20.594187 248 202 180
3.595120 -1.637954 20.658817 241 189 165
3.733450 -1.641988 20.625484 246 195 171
3.789696 -1.643474 20.619087 246 196 173
4.392068 -1.657655 20.630371 243 219 215
4.485457 -1.659027 20.670288 249 231 231
3.462922 -1.605889 20.736431 230 181 155
3.438713 -1.577370 20.765638 225 178 151
4.043907 -1.596166 20.592363 243 197 176
3.819931 -1.563160 20.616585 240 193 169
4.453643 -1.577717 20.642836 242 224 223
3.421183 -1.495202 21.754107 204 161 123
3.791873 -1.535476 20.615746 236 190 167
4.044425 -1.542338 20.587425 239 194 175
4.241972 -1.547430 20.575312 235 199 187
4.484239 -1.551216 20.649706 242 227 227
3.792211 -1.508514 20.613575 233 188 166
3.988531 -1.513918 20.590525 237 191 172
4.272136 -1.521042 20.580727 233 200 190
4.302485 -1.521483 20.590780 233 204 195
4.517824 -1.524323 20.671907 243 230 232
3.489225 -1.471722 20.693769 222 177 155
3.623902 -1.476865 20.631763 229 183 161
3.735395 -1.480170 20.611679 230 185 162
3.877998 -1.483685 20.609348 233 188 167
4.016967 -1.487759 20.585823 235 190 172
4.715091 -1.498273 20.794092 250 247 252
3.366958 -1.436494 20.853754 209 165 136
4.333419 -1.468091 20.596478 230 205 198
4.452979 -1.470070 20.625032 234 217 217
4.644864 -1.471434 20.727629 250 243 250
3.461299 -1.416855 20.689930 218 173 152
3.596579 -1.422082 20.631584 224 179 160
3.906521 -1.430625 20.600590 229 185 166
3.961155 -1.432458 20.585344 230 186 167
3.989519 -1.433181 20.584272 230 186 168
4.275036 -1.440055 20.585499 228 196 186
4.612813 -1.444165 20.707354 245 237 244
3.384012 -1.385632 20.752773 210 165 141
3.793258 -1.400786 20.602945 224 182 161
4.075687 -1.408313 20.583576 228 187 171
4.275557 -1.413124 20.584631 225 194 186
4.747211 -1.417046 20.800125 250 248 254
3.544064 -1.365791 20.655897 217 173 158
3.651473 -1.370205 20.606253 221 178 159
4.305426 -1.386743 20.588301 223 196 189
4.610010 -1.390577 20.686312 242 234 242
4.641618 -1.390808 20.701086 244 239 247
4.675427 -1.390703 20.726564 246 242 250
4.959381 -1.378332 21.256485 201 197 198
3.487402 -1.337297 20.656185 213 170 153
3.624408 -1.342295 20.612175 219 176 160
4.020640 -1.352863 20.587593 223 183 168
4.743835 -1.363294 20.776876 250 247 254
3.766150 -1.319211 20.599415 217 179 160
4.134477 -1.328874 20.581844 219 182 173
4.277059 -1.332353 20.581694 219 189 185
4.365154 -1.333959 20.595425 222 198 197
4.930935 -1.327326 21.114870 213 209 212
5.284452 -1.281767 22.493143 174 169 164
3.795778 -1.292821 20.601830 216 178 161
4.022163 -1.298881 20.588619 218 181 168
4.707047 -1.309794 20.730715 247 244 252
4.367599 -1.279795 20.601254 219 196 196
4.903712 -1.276927 20.979147 225 223 226
3.625982 -1.234511 20.604551 212 173 162
4.337337 -1.252624 20.588266 217 192 190
4.639080 -1.256377 20.671255 239 233 243
4.774679 -1.255226 20.773462 248 247 254
3.465361 -1.127866 22.279394 190 153 118
3.357308 -1.157678 20.951382 193 156 129
3.575395 -1.177488 20.641466 206 169 158
3.689970 -1.180317 20.641075 209 174 163
4.169833 -1.193935 20.601482 208 179 172
4.578107 -1.201896 20.645508 232 222 231
3.945556 -1.160365 20.623369 206 177 161
4.057382 -1.163848 20.608080 207 177 165
4.345718 -1.170232 20.622593 210 189 187
3.378000 -1.106820 20.876081 192 157 131
3.890043 -1.131631 20.629814 203 174 158
3.972611 -1.134653 20.609837 203 175 159
4.141948 -1.139427 20.597563 203 177 166
4.228189 -1.141385 20.600863 203 179 172
4.346323 -1.143234 20.622181 207 187 185
4.548552 -1.147641 20.633621 227 215 220
3.917333 -1.105877 20.617395 200 173 156
4.057091 -1.110291 20.598372 201 174 159
4.375700 -1.116891 20.622824 207 189 186
4.577501 -1.121392 20.632032 228 218 222
3.614045 -1.067437 20.691936 196 163 145
4.087354 -1.083713 20.604370 198 173 159
4.726893 -1.089148 20.801182 222 217 213
4.032876 -1.054710 20.616213 201 177 160
4.671452 -1.060081 20.808826 211 204 195
3.558071 -1.000271 20.898392 186 154 124
3.684248 -1.010576 20.768923 186 158 132
3.679779 -0.973957 20.931026 186 158 126
4.575855 -0.989142 21.054121 181 171 153
4.706002 -0.988583 21.120544 180 171 151
4.394382 -0.959112 21.017567 170 156 141
3.870450 -0.918015 21.025328 224 203 178
4.030583 -0.927546 20.932615 248 229 207
4.269438 -0.866364 21.125441 249 238 222
3.876209 -0.821474 21.238928 232 211 182
4.105419 -0.841308 21.019432 235 220 201
3.965682 -0.807849 21.054928 227 207 184
4.135542 -0.814344 21.020689 228 213 196
3.965152 -0.780656 21.047318 224 203 181
3.989124 -0.756117 21.010345 222 202 181
4.675185 -0.715212 21.855497 168 158 132
4.248415 -0.736686 20.986231 229 215 202
4.280961 -0.736163 21.005306 235 222 210
3.860819 -0.602881 22.332447 213 178 132
3.870524 -0.685758 21.179546 211 184 156
3.904568 -0.670631 21.016886 203 176 153
4.202849 -0.687828 20.884325 216 201 189
4.582376 -0.662891 21.355726 173 162 140
3.878355 -0.641214 21.031828 192 164 139
4.187131 -0.613017 20.782532 204 190 178
4.270941 -0.616309 20.767365 217 205 196
3.723856 -0.544071 21.161394 230 203 173
4.743495 -0.538621 21.556564 174 165 139
3.725550 -0.531696 20.969549 226 202 178
4.351572 -0.566964 20.728350 236 228 223
4.421228 -0.563498 20.793316 237 229 222
3.604252 -0.469755 21.351173 192 157 120
4.314063 -0.543048 20.676628 239 233 228
3.998214 -0.508403 20.670593 218 204 189
4.643960 -0.481538 21.188982 198 194 179
3.612712 -0.372098 21.840748 176 139 100
4.245102 -0.493170 20.604361 219 215 210
3.701076 -0.436572 20.786335 174 156 144
4.151927 -0.441171 20.553917 182 179 172
4.549210 -0.426102 20.840675 196 195 191
3.822336 -0.399047 20.629501 159 149 142
4.178250 -0.416325 20.537792 170 171 165
4.361623 -0.414946 20.605619 198 201 206
4.667735 -0.374500 21.145807 167 164 153
3.769794 -0.368217 20.655993 153 143 140
4.206066 -0.390778 20.530346 164 167 165
3.742251 -0.340106 20.659063 148 138 138
4.035360 -0.359823 20.526697 146 145 140
4.147053 -0.363808 20.514488 148 153 149
4.175841 -0.364359 20.516500 151 157 154
4.327547 -0.363459 20.568325 172 179 187
4.359820 -0.362414 20.588602 178 184 193
4.796572 -0.290461 21.489433 161 156 133
3.715284 -0.311631 20.666042 144 133 134
3.899757 -0.325898 20.564293 141 137 136
4.233460 -0.338891 20.516926 150 159 161
4.294177 -0.338470 20.538019 158 167 174
3.793613 -0.291690 20.611540 138 131 134
3.953384 -0.302668 20.539309 134 132 133
4.203780 -0.312253 20.506140 141 150 152
4.651312 -0.272129 21.048088 153 150 136
3.793388 -0.265186 20.605740 134 126 130
4.146454 -0.284530 20.499516 130 139 142
4.455044 -0.279998 20.628393 155 160 160
3.605988 -0.184987 21.097998 142 120 98
4.090837 -0.255910 20.502640 122 129 133
4.292096 -0.259822 20.515537 139 151 156
3.872902 -0.217896 20.557928 120 117 123
4.009089 -0.225217 20.519672 116 117 124
4.417778 -0.203577 20.571743 139 140 137
4.452740 -0.201057 20.605589 142 141 134
3.608933 -0.122201 20.898273 152 131 107
3.629881 -0.128520 20.841953 138 121 101
3.795919 -0.157151 20.604683 113 109 110
3.983136 -0.169994 20.526642 106 107 115
4.290936 -0.154377 20.494429 120 128 131
3.849669 -0.107638 20.574354 107 105 108
3.664259 -0.044729 20.864916 133 119 96
3.680911 -0.054134 20.781071 124 112 94
3.773781 -0.072323 20.633600 112 108 103
3.851373 -0.079979 20.580864 107 106 108
3.878463 -0.081667 20.571651 106 106 109
3.905607 -0.083300 20.562973 105 105 110
3.754902 -0.011550 20.688940 116 110 102
3.934561 -0.030696 20.557304 110 111 116
4.290583 -0.048703 20.477749 149 151 150
4.398573 -0.028282 20.445269 109 99 87
4.121782 0.009478 20.478411 134 142 145
4.149303 0.034620 20.469664 142 150 152
4.176301 0.033030 20.461924 150 157 159
3.713745 0.154620 21.175486 123 106 88
3.786188 0.096242 20.687908 107 102 98
3.912206 0.106834 20.574617 109 110 112
3.736465 0.251570 21.526857 121 100 81
3.739316 0.182059 20.942335 116 102 94
4.069696 0.146086 20.486160 129 135 137
4.175449 0.164337 20.438139 150 159 157
3.737004 0.312665 21.105162 99 82 72
4.280730 0.208834 20.387314 137 142 136
3.784181 0.304763 20.832014 97 88 82
4.173160 0.241747 20.413864 134 143 140
3.895010 0.301664 20.615997 94 95 90
3.944165 0.294058 20.566584 90 93 90
3.869472 0.331374 20.631153 90 87 81
3.918601 0.323572 20.580790 84 85 81
4.145761 0.321948 20.407455 134 142 137
4.265841 -2.578078 22.869383 181 157 116
4.266870 -2.517807 22.866451 179 153 118
4.923807 -2.538131 23.137024 173 156 120
5.177744 -2.546669 23.276728 171 158 122
4.735159 -2.470222 22.979979 177 156 125
4.018471 -2.383572 22.273439 219 195 166
3.657472 -2.349628 22.576199 196 161 120
3.717964 -2.350815 22.558704 207 174 135
4.009465 -2.348642 21.821089 226 200 175
4.178642 -2.351668 21.747787 226 201 180
3.735749 -2.311362 21.599638 223 188 157
4.144953 -2.318363 21.366568 225 195 174
4.459087 -2.326724 21.469030 228 204 183
4.551357 -2.329044 21.486336 232 210 194
4.583522 -2.329927 21.499317 234 213 198
4.615726 -2.330810 21.512304 235 215 203
3.694467 -2.289244 22.378181 214 178 142
4.387066 -2.291970 20.919456 234 207 191
3.624051 -2.247796 21.024242 228 190 159
3.811528 -2.251374 20.922953 230 191 168
3.956007 -2.254738 20.924030 229 191 171
3.984449 -2.255379 20.921522 229 191 171
3.606936 -2.219197 20.901157 234 194 164
4.277361 -2.234066 20.783995 237 204 183
4.766452 -2.249050 21.365131 232 223 214
3.623262 -2.191891 20.810858 240 198 170
4.414875 -2.210054 20.751236 252 227 217
4.739618 -2.219881 21.228714 235 226 219
4.177312 -2.177321 20.696188 242 204 181
4.403424 -2.155646 20.683649 252 227 219
4.793152 -2.165935 21.341040 212 203 197
4.698008 -2.135738 21.012299 240 234 230
3.497234 -2.079565 21.565126 210 170 129
3.484222 -2.079868 21.033819 227 185 149
3.969181 -2.091700 20.631870 248 205 178
5.203178 -2.118058 22.879282 173 163 146
3.555109 -2.054912 20.712400 244 197 169
3.634302 -2.056887 20.668613 248 201 175
3.882384 -2.062845 20.617954 251 205 178
4.022261 -2.066161 20.605974 251 206 179
4.189202 -2.070128 20.588276 251 211 187
4.756444 -2.081979 21.150354 224 217 214
4.423502 -2.048705 20.625698 253 233 230
5.001501 -2.056479 22.050299 194 185 177
3.687227 -2.004491 20.632986 252 201 177
3.990251 -2.011945 20.576269 253 208 181
4.074319 -2.013953 20.571253 253 210 183
4.388518 -1.994517 20.583660 253 228 223
3.631507 -1.949451 20.631643 252 201 175
4.015588 -1.959214 20.550829 254 210 183
4.621339 -1.971804 20.753725 254 248 250
3.576859 -1.921183 20.642319 251 199 172
3.631265 -1.922638 20.625496 253 201 175
3.658902 -1.923344 20.620270 253 202 176
3.820720 -1.927714 20.566137 253 206 177
4.210169 -1.937302 20.528942 253 215 196
4.446484 -1.942348 20.583799 253 236 233
4.763524 -1.945446 21.025846 239 233 233
3.453993 -1.889822 20.778900 236 186 154
3.576828 -1.894350 20.637499 250 197 171
4.266440 -1.911991 20.524338 252 217 202
4.445001 -1.915672 20.572615 253 236 233
4.476810 -1.916218 20.590786 254 239 238
3.523524 -1.865939 20.658073 246 192 165
3.846663 -1.875095 20.543056 253 207 179
4.096288 -1.881374 20.515734 254 213 189
4.179272 -1.883463 20.506533 253 214 194
4.413547 -1.888431 20.552494 253 231 227
4.654114 -1.891406 20.764500 252 247 248
4.151254 -1.856170 20.503757 253 213 192
3.473545 -1.810277 20.698751 239 188 159
3.658885 -1.816219 20.602304 252 199 175
3.792548 -1.820229 20.550083 252 205 178
4.125343 -1.802130 20.509104 253 211 189
4.441012 -1.809159 20.537973 253 234 229
4.472235 -1.809637 20.553389 253 238 234
3.498449 -1.757584 20.663305 240 187 161
3.631950 -1.761904 20.603085 250 196 172
3.846867 -1.768454 20.527706 252 203 178
4.264504 -1.779034 20.495543 249 214 201
4.643114 -1.784300 20.696646 253 248 249
4.893747 -1.775295 21.494635 229 224 223
3.711822 -1.737771 20.564194 251 199 175
3.765399 -1.739450 20.544592 251 201 176
3.792405 -1.740261 20.536470 251 201 177
3.901492 -1.743363 20.512171 252 204 179
4.640616 -1.757626 20.680944 253 247 249
5.022502 -1.740731 21.965942 209 203 200
3.388481 -1.691222 21.117849 212 167 129
3.428747 -1.699754 20.769577 227 178 148
4.534032 -1.730574 20.569983 254 242 242
4.567772 -1.730786 20.597427 254 244 244
4.601595 -1.731000 20.624876 254 246 247
5.265212 -1.699178 22.821196 178 171 162
4.069074 -1.694417 20.494457 251 204 184
4.124492 -1.695872 20.489079 250 205 187
4.379661 -1.701787 20.498043 247 222 217
4.534939 -1.703818 20.571144 254 242 242
4.568319 -1.704024 20.596771 254 244 244
5.064408 -1.683059 22.013660 202 196 191
3.526188 -1.651140 20.639227 238 186 162
3.552838 -1.652090 20.626696 240 187 163
4.291984 -1.673538 20.477362 243 212 203
4.410378 -1.675632 20.507835 248 225 222
4.568865 -1.677263 20.596111 254 244 244
3.552469 -1.625398 20.619490 237 186 163
3.606002 -1.627274 20.596992 240 188 165
3.712884 -1.630978 20.553711 245 194 170
4.069400 -1.641261 20.488623 248 201 181
4.380103 -1.648618 20.493296 244 219 216
4.858602 -1.642521 21.167160 230 226 225
3.551973 -1.598747 20.611406 235 185 162
3.471970 -1.569010 20.644207 229 180 156
3.604869 -1.574080 20.580212 235 186 164
4.208238 -1.591851 20.470070 240 201 188
4.441562 -1.596238 20.512924 244 225 224
4.411354 -1.569262 20.498894 240 219 217
4.503633 -1.543683 20.535067 247 233 234
4.671974 -1.543484 20.668570 254 248 251
4.069334 -1.508657 20.468969 237 192 176
4.180121 -1.511678 20.459023 234 194 181
4.237764 -1.512819 20.466679 232 197 185
4.323711 -1.514624 20.475016 233 206 201
3.522070 -1.464942 20.577543 224 178 159
3.766634 -1.473250 20.509850 232 186 164
4.209357 -1.485695 20.461468 231 194 182
4.382522 -1.489085 20.484819 234 210 209
4.412694 -1.489450 20.495363 235 214 213
3.904449 -1.450793 20.485474 232 186 168
4.152817 -1.457905 20.456125 230 189 177
4.239792 -1.433015 20.466784 226 193 183
4.601544 -1.437252 20.587521 248 238 245
3.521879 -1.385122 20.562208 219 174 158
3.739383 -1.392748 20.503334 224 182 162
3.932989 -1.398408 20.479565 227 184 167
3.850332 -1.369431 20.487112 224 182 163
4.298838 -1.380904 20.474545 224 196 191
4.327794 -1.381434 20.478895 225 198 196
4.600295 -1.384184 20.574591 245 235 243
4.073520 -1.348953 20.469997 222 183 171
4.387258 -1.355699 20.492035 226 202 203
4.826642 -1.351704 20.840546 243 240 245
3.357293 -1.290155 20.803692 202 160 134
3.399567 -1.296116 20.691233 206 163 143
3.962694 -1.319310 20.476749 220 181 168
4.129949 -1.323839 20.466953 219 182 173
3.604752 -1.281482 20.529692 216 173 161
4.130458 -1.297267 20.466055 217 182 173
4.448959 -1.302967 20.512856 228 209 213
4.603499 -1.303704 20.580399 242 232 241
3.445953 -1.185520 21.927460 194 154 121
4.102988 -1.269966 20.466080 215 181 171
4.244906 -1.273142 20.472765 215 186 183
4.774888 -1.274598 20.720430 249 248 254
4.815113 -1.272986 20.776073 245 244 249
3.579297 -1.226884 20.539967 211 170 159
4.573942 -1.250057 20.567266 236 226 236
5.328917 -1.170038 22.612936 172 167 159
3.402422 -1.155567 21.349262 194 156 126
3.366663 -1.179271 20.854328 197 158 132
3.385090 -1.183586 20.776613 199 160 136
3.718210 -1.204598 20.518961 211 175 162
4.245737 -1.220039 20.469982 211 184 181
4.573682 -1.223525 20.562588 235 225 235
3.691669 -1.176870 20.525875 210 174 162
3.608594 -1.147698 20.533209 207 169 158
3.692320 -1.150159 20.525778 208 172 160
3.720899 -1.150761 20.527786 207 172 159
3.531091 -1.116494 20.580137 204 165 152
3.749766 -1.124766 20.527336 203 171 156
3.833385 -1.127235 20.519972 202 172 155
4.452878 -1.142998 20.512220 219 204 206
5.096595 -1.096449 21.667593 209 207 192
3.666772 -1.095548 20.535021 203 168 154
3.750951 -1.097877 20.530674 200 169 153
3.917707 -1.102976 20.513353 201 172 156
4.113970 -1.108264 20.505795 200 173 163
3.454636 -1.046076 20.841074 191 155 129
3.893172 -1.074600 20.531937 199 171 154
4.782385 -1.085203 20.733326 212 209 195
3.953597 -1.048231 20.551346 203 177 159
4.180003 -1.053818 20.552128 189 168 155
4.440462 -1.058455 20.583616 197 183 174
3.939244 -1.016282 20.631863 212 187 168
3.998150 -1.017010 20.644199 216 194 175
4.415455 -1.021256 20.746756 183 168 157
4.719091 -1.023519 20.835159 184 178 158
4.829581 -1.019273 20.951851 177 173 146
3.876283 -0.979531 20.766905 213 189 167
4.076075 -0.984732 20.763384 230 213 195
4.193830 -0.986521 20.782085 199 179 164
4.640584 -0.983432 21.013777 172 164 144
4.834435 -0.982330 21.110418 166 161 130
4.094866 -0.951469 20.869249 243 228 209
3.913557 -0.888117 21.359819 227 205 179
3.924659 -0.907682 21.060282 233 213 190
3.941453 -0.797426 22.322966 200 173 135
3.958585 -0.839833 21.263273 241 222 199
4.357343 -0.827105 21.189667 242 231 218
4.278978 -0.805501 21.074959 241 230 215
4.526725 -0.773230 21.622911 201 190 173
3.909953 -0.680742 22.300514 216 187 146
4.044076 -0.773265 21.058065 223 201 185
4.154315 -0.778560 21.022987 224 206 192
4.337561 -0.779562 21.073416 242 231 219
4.479053 -0.718657 21.199722 210 199 184
4.267684 -0.713286 20.836199 227 214 203
4.300230 -0.712510 20.857206 230 218 207
3.813983 -0.580412 22.049467 218 182 139
3.825747 -0.651825 21.133448 188 155 127
4.254009 -0.691927 20.756762 223 209 198
3.779839 -0.616837 21.211687 202 171 139
4.197225 -0.663542 20.755243 214 198 187
4.312629 -0.666028 20.760862 221 211 201
3.778090 -0.605785 21.003887 206 177 149
3.799058 -0.610517 20.951778 201 172 145
3.689442 -0.456127 22.465851 210 168 117
3.998906 -0.604088 20.758598 191 170 153
4.215349 -0.615289 20.689259 214 200 191
4.336202 -0.615315 20.726442 219 209 201
3.658983 -0.499256 21.585747 211 175 136
4.238791 -0.591563 20.657597 227 216 208
4.396412 -0.588748 20.739428 230 220 214
4.651945 -0.547302 21.313681 201 189 171
4.463104 -0.559472 20.785830 242 231 224
3.597148 -0.479503 21.141109 190 157 126
3.667272 -0.508589 20.825474 208 184 163
3.791816 -0.522391 20.702688 222 204 185
4.010024 -0.533155 20.642731 226 211 197
4.259271 -0.542658 20.606556 235 228 223
4.542639 -0.524819 20.896673 226 217 208
4.142027 -0.515029 20.581310 220 212 201
4.196876 -0.517320 20.571224 223 216 209
4.225998 -0.517672 20.575708 225 219 214
3.687569 -0.460569 20.760136 180 161 148
4.083070 -0.488230 20.564222 208 200 189
4.570460 -0.472075 20.884718 206 201 192
3.785220 -0.446213 20.647564 177 164 154
3.636242 -0.375439 20.787001 151 133 124
3.592976 -0.311457 20.875729 139 119 106
3.969186 -0.353622 20.540443 143 141 138
4.773978 -0.300555 21.303623 162 158 132
3.759152 -0.311506 20.641386 141 132 136
4.076190 -0.333466 20.501348 137 141 141
4.613894 -0.304494 20.937817 156 155 145
4.730145 -0.251537 21.225042 157 152 130
3.711637 -0.251056 20.694483 133 121 124
3.737321 -0.227083 20.671467 127 118 121
4.076932 -0.254119 20.494059 120 127 132
3.645262 -0.182648 20.816195 126 111 98
4.050464 -0.226088 20.500267 115 120 128
4.157874 -0.179547 20.462265 110 121 125
4.325223 -0.184773 20.454227 127 132 133
4.105213 -0.149682 20.479223 105 114 120
4.526032 -0.146070 20.613775 147 136 114
3.702239 -0.077731 20.794897 118 108 96
3.846970 -0.100417 20.623127 108 107 111
3.976272 -0.112202 20.546768 102 105 114
4.001964 -0.114567 20.531378 102 106 115
4.511259 -0.127454 20.535353 138 124 103
4.130157 -0.099866 20.453377 113 123 128
4.003310 -0.061084 20.531420 106 110 118
4.053833 -0.066352 20.496517 110 116 123
3.902453 -0.023552 20.602402 114 113 117
3.805928 0.044479 20.702520 114 110 108
4.106960 0.008819 20.466307 131 139 143
4.334682 -0.013071 20.330942 123 117 110
3.771116 0.142510 20.834269 110 101 97
3.933131 0.109190 20.595924 110 111 112
4.084688 0.092111 20.488630 130 137 139
4.183867 0.080296 20.413179 158 165 166
4.371402 0.051952 20.221212 93 85 73
3.959603 0.133439 20.580427 111 113 114
4.110860 0.142421 20.469477 136 143 144
4.061183 0.174793 20.504206 125 131 131
4.135629 0.165535 20.446531 137 145 145
4.278449 0.170171 20.304020 139 140 135
4.187035 0.213006 20.412235 136 143 141
4.235236 0.206132 20.368965 139 143 140
4.258537 0.202231 20.343571 139 141 137
3.888716 0.278263 20.647333 102 102 97
4.163718 0.243198 20.435091 129 136 133
3.864993 0.309192 20.672712 97 92 88
3.936097 0.348361 20.577297 79 77 74
3.984511 0.366631 20.524052 80 79 77
4.396042 -2.567061 22.966030 178 156 119
4.125931 -2.528863 22.860205 184 156 119
4.193584 -2.500901 22.882927 184 156 123
3.795183 -2.459685 22.748428 189 156 119
4.294030 -2.473730 22.911572 184 156 126
4.464626 -2.478746 22.981966 183 157 127
3.730561 -2.428187 22.731096 190 156 117
4.094477 -2.438228 22.846691 185 155 124
4.395875 -2.446604 22.947008 185 157 130
5.137227 -2.468868 23.319950 168 154 126
5.122811 -2.437111 23.244894 178 165 141
3.790134 -2.369767 22.697088 208 172 138
4.299988 -2.374805 22.018490 215 190 167
3.959806 -2.332775 21.406713 233 204 182
4.598352 -2.347489 21.370850 235 218 202
5.198075 -2.378417 23.290703 177 166 147
4.371886 -2.284200 20.935350 235 206 186
4.659725 -2.292722 21.231495 249 239 231
5.219380 -2.317571 23.230549 179 168 151
3.937339 -2.246687 20.899073 233 194 174
3.965486 -2.247341 20.896452 233 194 174
4.285713 -2.227535 20.770609 236 202 183
4.426838 -2.230871 20.767487 249 225 216
4.488716 -2.232414 20.794224 252 234 228
4.886720 -2.245059 21.909170 217 210 202
4.080743 -2.195773 20.729473 240 199 179
4.303078 -2.201022 20.707796 241 208 190
4.547674 -2.206962 20.801943 253 242 238
3.640921 -2.158520 20.814880 241 197 170
3.691638 -2.159729 20.773834 243 198 172
3.772149 -2.161646 20.743765 246 198 175
4.129130 -2.170141 20.679058 242 202 181
4.240877 -2.172800 20.672905 242 205 186
4.296793 -2.174130 20.670296 242 208 191
3.516780 -2.128126 21.145206 228 186 150
3.586478 -2.130273 20.827480 241 195 166
4.740188 -2.157223 21.181669 234 227 223
4.252297 -2.093437 20.570787 246 210 192
4.280574 -2.094108 20.572046 244 211 194
4.309467 -2.094779 20.576582 246 215 202
3.944043 -2.059515 20.569027 252 203 178
3.483887 -2.018002 21.097017 230 185 148
3.804437 -2.029602 20.569620 253 202 177
4.049922 -2.035798 20.528408 252 206 182
4.104607 -2.037165 20.521032 253 209 186
4.215231 -2.039871 20.514050 250 212 192
3.473839 -1.991095 21.019299 231 185 149
3.567367 -1.996417 20.673128 246 196 168
3.618274 -1.997975 20.635414 249 199 172
4.795637 -2.020439 21.292986 238 235 234
3.745521 -1.975319 20.543497 252 203 176
4.352854 -1.990439 20.495680 252 227 221
4.511017 -1.993278 20.589357 254 245 244
4.507761 -1.966866 20.569506 254 245 244
4.580218 -1.967652 20.650936 254 249 248
3.536136 -1.915930 20.638571 246 194 164
3.636232 -1.919473 20.553965 251 200 173
4.176044 -1.934068 20.437284 253 213 193
4.378800 -1.938422 20.478355 253 231 227
4.540401 -1.940854 20.589172 254 247 246
3.445063 -1.884788 20.791374 233 184 149
4.469244 -1.913743 20.509317 254 243 241
4.659075 -1.914720 20.754456 254 250 251
5.316901 -1.894779 23.184349 171 165 152
3.984947 -1.876474 20.452101 253 208 182
4.038571 -1.877974 20.439783 253 211 185
3.820382 -1.819515 20.461071 251 204 177
3.874589 -1.821023 20.451250 251 205 178
4.201017 -1.829816 20.406872 251 214 196
4.145553 -1.802209 20.403877 252 212 192
3.900920 -1.769260 20.433765 251 202 177
3.983446 -1.771412 20.427561 251 205 179
4.172730 -1.776714 20.396765 251 211 193
4.402686 -1.781446 20.436729 251 231 226
4.461592 -1.782519 20.453247 253 238 235
3.582887 -1.732579 20.541119 243 190 165
3.634406 -1.734558 20.510637 246 192 168
3.714899 -1.737061 20.487968 249 196 172
3.984829 -1.744990 20.431711 251 204 180
4.736432 -1.753881 20.834253 246 242 243
4.039914 -1.720161 20.424265 251 205 183
3.901629 -1.690372 20.425911 249 201 177
4.145920 -1.697294 20.390963 248 206 188
4.342482 -1.701817 20.402313 244 220 214
4.724258 -1.701459 20.769085 251 248 249
3.522647 -1.598740 22.424782 206 163 122
3.715667 -1.657926 20.479946 244 193 170
3.874962 -1.663267 20.429045 247 199 176
4.037385 -1.668017 20.402023 250 202 182
3.500897 -1.624484 20.537788 234 184 159
3.715605 -1.631614 20.475241 242 192 168
4.714405 -1.649144 20.715109 254 251 251
3.426728 -1.594021 20.605328 226 177 150
4.908678 -1.607117 21.363773 227 224 224
3.901765 -1.585423 20.410589 241 193 172
4.558794 -1.598848 20.497305 252 244 245
3.486059 -1.498583 21.892752 208 163 127
3.848626 -1.557381 20.421961 239 192 169
4.400687 -1.571839 20.398539 237 219 218
4.743535 -1.569792 20.709484 253 252 254
3.768864 -1.502103 20.437523 232 186 164
4.092335 -1.512419 20.375561 236 193 177
4.558421 -1.519953 20.485340 249 241 243
4.807190 -1.511953 20.870436 237 234 236
4.147344 -1.487754 20.369009 231 193 179
4.342321 -1.492443 20.373215 231 208 205
4.558469 -1.493648 20.482208 247 238 242
3.769561 -1.449503 20.433468 227 184 162
4.066281 -1.459118 20.377634 232 190 175
4.525872 -1.467480 20.455368 242 230 236
4.831770 -1.459588 20.845625 228 226 227
4.203056 -1.436850 20.362886 224 190 181
4.691198 -1.440196 20.577293 250 247 252
3.607690 -1.391510 20.461018 220 176 160
3.552928 -1.363569 20.464108 217 173 158
3.661690 -1.367164 20.444378 220 178 161
3.797135 -1.371676 20.419033 223 181 161
4.259066 -1.385915 20.358603 222 193 185
3.481798 -1.252427 22.280773 196 155 120
4.204721 -1.358188 20.360954 219 187 178
4.232458 -1.358883 20.360985 220 189 181
4.524613 -1.362809 20.435555 236 225 232
3.495025 -1.310324 20.440918 212 170 156
3.879175 -1.321825 20.401705 220 180 162
4.067996 -1.328145 20.368282 221 184 170
3.475513 -1.196933 22.221090 195 156 122
3.748387 -1.289825 20.450499 216 177 161
4.794538 -1.306394 20.651506 248 247 250
4.067395 -1.276121 20.357256 216 181 169
4.434689 -1.283627 20.392330 225 209 213
4.979404 -1.254815 21.242319 209 208 204
4.039847 -1.249302 20.354515 214 179 167
4.585814 -1.258198 20.449478 237 231 240
4.749858 -1.256290 20.566914 248 247 249
4.924899 -1.239049 20.987310 213 211 206
3.861109 -1.213730 20.444839 209 175 160
4.070798 -1.223058 20.368927 211 179 168
3.476950 -1.175316 20.486610 204 166 152
4.952464 -1.159096 20.972666 203 202 186
3.566912 -1.122824 20.518202 203 166 153
3.916730 -1.136680 20.431784 203 174 158
4.130408 -1.145056 20.380508 203 177 168
4.962294 -1.129809 21.014484 205 204 186
3.835849 -1.107485 20.444521 199 171 153
4.238823 -1.122571 20.362598 200 179 172
4.294987 -1.123784 20.366301 203 183 178
4.586721 -1.127035 20.437248 230 223 222
4.899204 -1.110542 20.852501 218 218 201
3.415312 -1.046704 20.836315 190 155 127
4.134387 -1.091672 20.395157 196 172 161
4.855596 -1.086915 20.778791 211 210 192
3.455152 -1.015963 20.913235 188 153 122
3.713873 -1.045088 20.549084 191 161 141
3.873645 -1.052416 20.496590 197 171 152
4.140537 -1.063623 20.425617 191 169 157
4.715236 -1.064666 20.646252 199 194 179
4.619476 -1.030519 20.725666 190 183 168
3.793273 -0.985015 20.687601 203 177 153
3.916426 -0.995290 20.577694 221 199 179
4.022577 -1.000358 20.541473 225 205 187
3.899667 -0.963959 20.642572 237 215 194
4.249725 -0.942153 20.703259 207 192 178
3.909807 -0.804145 22.184481 191 165 124
4.392543 -0.887237 21.163189 203 190 176
3.911951 -0.745530 22.604816 193 164 119
4.568378 -0.820574 21.782429 186 175 157
3.910537 -0.716951 22.590298 198 169 122
3.911597 -0.828144 21.049065 233 212 187
4.439331 -0.799951 21.246801 221 211 197
4.077770 -0.767309 20.830181 219 202 186
4.131824 -0.769981 20.813606 222 206 191
4.463461 -0.720787 21.209351 222 214 199
3.829733 -0.659076 21.431805 207 180 144
4.102191 -0.716481 20.798920 214 197 183
4.253736 -0.728675 20.695181 229 219 206
3.830863 -0.549442 22.442101 220 183 136
4.047566 -0.687388 20.808050 204 186 171
3.738739 -0.499274 22.665327 213 172 116
3.839341 -0.645231 20.926565 186 158 133
4.364382 -0.667282 20.825546 213 202 191
3.810576 -0.617773 20.921505 195 168 142
4.225831 -0.648420 20.685820 215 203 191
4.252403 -0.649882 20.676689 219 207 196
4.545904 -0.574673 21.015532 225 213 199
4.635099 -0.550413 21.321852 208 196 177
3.872172 -0.552438 20.758272 222 202 183
4.028031 -0.563998 20.673807 222 206 191
4.530248 -0.554404 20.932026 234 223 212
3.818703 -0.522654 20.774891 226 208 189
3.920244 -0.531934 20.701336 231 214 197
4.186540 -0.547202 20.609440 234 226 215
4.360780 -0.549197 20.638351 241 233 230
4.579821 -0.519382 21.034679 222 213 200
3.690773 -0.484188 20.864513 197 175 156
3.739397 -0.490516 20.809240 202 183 166
3.918292 -0.506542 20.685373 216 200 185
3.890726 -0.479021 20.685555 198 184 169
3.966923 -0.485794 20.634237 204 191 177
4.098481 -0.494213 20.580952 209 200 188
4.126183 -0.495151 20.578733 209 202 190
4.351306 -0.474607 20.577614 214 212 214
4.451050 -0.469717 20.657543 223 219 219
3.810487 -0.421383 20.705994 167 155 147
4.015777 -0.438656 20.582359 178 171 160
4.178888 -0.445890 20.551958 181 181 175
4.262147 -0.448545 20.547279 191 193 191
4.702878 -0.397527 21.202639 167 163 147
3.988199 -0.411387 20.581482 162 156 148
4.232095 -0.422616 20.532581 173 177 175
3.911869 -0.378358 20.625854 152 147 141
4.176864 -0.394543 20.533222 157 162 158
4.148378 -0.367880 20.526827 147 152 150
4.802619 -0.298378 21.395313 160 156 128
3.757741 -0.311957 20.713518 141 133 135
3.783409 -0.314362 20.696589 141 135 136
3.618238 -0.260414 20.917187 132 115 100
3.614603 -0.173107 21.491970 153 130 98
3.885657 -0.271360 20.621319 130 128 132
3.686090 -0.221619 20.788334 128 116 111
3.710126 -0.198907 20.754961 122 113 110
3.759334 -0.205460 20.706276 122 116 118
3.887256 -0.217867 20.622789 119 118 125
4.372160 -0.243235 20.507893 142 148 150
4.343996 -0.190376 20.499683 128 133 134
3.742084 -0.091585 20.760273 111 104 98
4.345589 -0.137294 20.500902 123 126 124
3.915330 -0.087590 20.601599 104 105 112
3.940086 -0.090591 20.581293 102 105 112
4.596389 -0.086487 20.771729 123 106 81
3.892323 -0.030918 20.624681 110 111 115
4.042853 -0.047614 20.517612 112 117 124
3.699853 0.049167 21.028484 122 108 89
4.175517 -0.029973 20.473272 141 151 153
3.743524 0.157842 21.712397 130 109 82
3.870709 0.026945 20.656769 113 114 114
4.095386 0.000721 20.490215 126 134 137
3.723622 0.097935 20.985994 117 104 90
4.020453 0.035151 20.538427 117 120 125
3.712524 0.193101 21.089725 124 107 91
3.876530 0.136200 20.675798 109 109 107
3.972332 0.120633 20.573587 112 115 117
4.022444 0.114777 20.538172 117 121 124
4.047494 0.111907 20.520927 121 126 129
3.718202 0.300980 21.719286 109 83 57
3.709297 0.242104 21.257711 120 100 81
3.726711 0.207099 20.988150 117 103 91
4.149427 0.127968 20.460917 148 157 157
3.706082 0.266433 21.231428 114 94 76
4.285264 0.147661 20.437550 152 155 149
3.715507 0.275999 21.095713 112 93 79
3.785721 0.235988 20.805109 113 105 101
4.231790 0.176674 20.446146 152 157 153
3.712386 0.300136 21.070377 100 81 67
4.096595 0.209516 20.466417 123 132 131
4.175411 0.203723 20.439093 133 142 140
4.309048 0.196028 20.408825 134 136 129
3.786511 0.289426 20.801413 100 90 85
3.876248 0.267087 20.653170 104 104 100
4.331916 0.217818 20.379333 107 109 100
3.901546 0.316310 20.627028 88 87 83
3.853425 0.350870 20.674080 86 79 74
4.396591 -2.595174 22.949589 178 156 115
5.057721 -2.616714 23.263851 173 158 120
4.262257 -2.501537 22.885435 178 151 118
3.933220 -2.462619 22.782709 177 148 112
4.465036 -2.477616 22.962852 175 150 118
3.955805 -2.430454 22.515343 189 159 127
4.148311 -2.435561 22.560192 190 162 134
4.666490 -2.451315 22.854885 189 164 135
4.826070 -2.457187 23.034016 184 164 134
3.765763 -2.367082 22.472168 223 187 154
4.182661 -2.370142 21.667755 232 210 188
4.320601 -2.374404 21.779446 232 208 186
4.368797 -2.345800 21.550694 227 200 177
4.741124 -2.358676 22.104155 226 208 192
4.869322 -2.363093 22.292286 221 207 194
3.650772 -2.299086 21.256031 219 180 153
3.668308 -2.270965 20.981560 222 182 157
3.695409 -2.271578 20.972168 223 183 159
3.811782 -2.274443 20.987284 226 187 166
4.202230 -2.283645 20.939772 224 189 169
4.254028 -2.284777 20.912287 224 191 171
3.615837 -2.246183 22.256886 205 167 128
4.106602 -2.254262 20.876076 231 190 171
3.677366 -2.190244 20.839083 241 196 170
3.948305 -2.196822 20.767599 241 198 175
4.083830 -2.200111 20.737528 241 197 177
4.166972 -2.202126 20.731117 240 199 180
4.393226 -2.207603 20.739916 248 222 214
4.179246 -2.149523 20.635950 246 205 185
4.206586 -2.150198 20.632704 245 206 187
4.410020 -2.155014 20.674261 252 230 226
3.504780 -2.104919 21.006329 232 187 153
3.901942 -2.116265 20.644922 249 202 177
4.315967 -2.126481 20.616823 246 217 206
3.766440 -2.086326 20.668556 250 200 177
4.464229 -2.103420 20.658367 254 239 237
4.565967 -2.105359 20.747644 254 245 246
4.640925 -2.106626 20.839964 253 247 248
3.814575 -2.061378 20.615051 251 202 177
3.946693 -2.064947 20.570295 252 203 178
4.637012 -2.079961 20.817326 253 249 249
3.655630 -2.030553 20.668198 249 199 174
4.274906 -2.046927 20.535311 249 215 204
3.514909 -1.987510 21.910788 213 168 128
3.507740 -1.998931 20.806684 242 191 160
4.018620 -2.014745 20.495218 254 207 180
4.155598 -2.018203 20.486115 253 210 190
4.629529 -2.026817 20.773748 254 251 250
4.785345 -2.027042 21.116516 210 204 201
3.527501 -1.973435 20.742756 243 192 163
3.574460 -1.975354 20.678988 246 195 169
4.210266 -1.993395 20.478390 252 213 197
4.485386 -1.998586 20.610031 254 242 241
4.664099 -2.000686 20.801786 254 251 252
4.879827 -1.998513 21.426413 195 188 185
3.549010 -1.947990 20.692255 245 194 166
4.237178 -1.967931 20.470528 252 216 202
4.621943 -1.973929 20.729706 254 250 250
3.622408 -1.924370 20.615400 250 199 172
3.698250 -1.927016 20.563538 251 202 176
3.723603 -1.927882 20.547432 252 203 176
3.455437 -1.890467 20.817352 238 187 156
3.748167 -1.902542 20.522339 252 204 176
4.324196 -1.917415 20.484396 251 224 217
4.479405 -1.919863 20.569307 254 242 241
3.569836 -1.869898 20.628916 246 194 167
3.772821 -1.877261 20.498323 252 205 177
4.010927 -1.884363 20.431112 253 210 182
4.037788 -1.885107 20.426695 254 211 184
4.120104 -1.887202 20.423649 253 214 190
4.147782 -1.887882 20.424021 253 214 193
4.576729 -1.894754 20.634605 254 249 249
4.476102 -1.867526 20.545645 254 242 240
3.472872 -1.812498 20.725683 238 187 158
3.619246 -1.819249 20.576155 248 196 171
4.289759 -1.838811 20.437746 250 219 210
3.592528 -1.792099 20.579531 246 194 169
3.902209 -1.803150 20.429926 251 205 178
4.037671 -1.806874 20.414337 253 210 185
4.821747 -1.810569 21.126255 232 228 226
3.745939 -1.771719 20.486670 251 201 176
3.983811 -1.779283 20.418282 252 207 181
4.064661 -1.781570 20.406992 253 210 186
4.638357 -1.790144 20.649445 254 248 249
5.015244 -1.769869 21.900301 203 197 194
3.540078 -1.689511 22.501520 208 165 122
3.493730 -1.734763 20.660145 238 186 159
4.718292 -1.762851 20.761465 250 247 247
3.424921 -1.703665 20.766329 228 178 148
3.444382 -1.705826 20.703602 233 182 154
3.473774 -1.650174 21.761749 213 168 130
3.822274 -1.696362 20.431732 248 200 176
3.955529 -1.700534 20.402430 248 203 179
4.009310 -1.702113 20.394308 250 205 182
4.938787 -1.693512 21.529385 213 208 208
3.562284 -1.660405 20.540575 238 189 164
4.468445 -1.684925 20.482630 251 235 234
3.412346 -1.613620 21.075871 217 171 138
3.440236 -1.627276 20.659218 229 180 154
3.668120 -1.637972 20.499971 239 191 167
4.995671 -1.635637 21.651752 196 189 188
3.397439 -1.596641 20.751629 220 174 144
3.667654 -1.611903 20.492514 237 190 165
4.498252 -1.633082 20.486416 251 237 238
4.288553 -1.604516 20.398764 236 210 201
3.874389 -1.568132 20.392021 238 193 171
4.404864 -1.580360 20.426418 240 221 219
3.586141 -1.531018 20.490965 227 182 162
4.435388 -1.554555 20.437817 241 224 223
4.527884 -1.555129 20.485851 249 238 241
4.558752 -1.529199 20.498178 250 241 245
3.384198 -1.459477 20.836863 210 166 139
4.496089 -1.502931 20.458378 242 230 232
3.393869 -1.412363 21.333406 201 159 127
3.983447 -1.467341 20.368763 233 188 170
4.066051 -1.443527 20.364796 231 188 174
3.405264 -1.391630 20.564878 212 167 146
3.505583 -1.371584 20.482069 215 173 157
3.559981 -1.373335 20.474350 217 175 160
3.585664 -1.374629 20.460485 218 177 161
4.067419 -1.391383 20.364834 227 185 172
4.149358 -1.393651 20.361273 224 186 177
4.204941 -1.394943 20.364246 222 188 182
4.261532 -1.396016 20.372541 223 193 189
4.654139 -1.398395 20.540813 247 245 253
3.423775 -1.342905 20.488096 212 167 151
3.450652 -1.343901 20.481663 213 169 153
3.931473 -1.361495 20.371180 223 181 165
4.205639 -1.368874 20.364330 221 187 181
4.319408 -1.370883 20.383772 224 198 197
3.689631 -1.327399 20.407209 217 178 161
3.959080 -1.336280 20.367508 221 180 165
4.436183 -1.346315 20.413980 227 211 215
3.354994 -1.283616 20.585842 203 161 139
3.986330 -1.311167 20.361853 218 179 166
3.587537 -1.269950 20.454880 211 172 162
3.931410 -1.283813 20.358799 215 178 164
4.349206 -1.293276 20.384853 221 197 199
4.647982 -1.295165 20.497906 240 240 251
5.113758 -1.235974 21.876503 207 206 204
3.327937 -1.230196 20.582386 198 158 134
3.503022 -1.242248 20.441013 207 168 156
3.799384 -1.252650 20.389841 212 177 162
3.826270 -1.253579 20.385477 212 177 162
3.880119 -1.255399 20.377499 213 177 163
3.560270 -1.217076 20.448816 207 169 160
4.126080 -1.236504 20.362141 212 179 171
3.616979 -1.192086 20.452797 209 172 161
4.437319 -1.216258 20.402349 217 206 211
4.236138 -1.187624 20.354719 209 182 178
5.029878 -1.143698 21.477222 222 223 214
3.386728 -1.125855 20.583689 197 159 138
3.697545 -1.143188 20.427555 206 174 161
3.937709 -1.152507 20.375919 205 174 160
4.494518 -1.165275 20.405916 220 214 219
4.776245 -1.163326 20.563543 245 245 239
3.594954 -1.111291 20.477249 202 168 154
3.725418 -1.117893 20.424534 202 172 156
3.991293 -1.128568 20.363050 204 174 162
4.209913 -1.134819 20.354267 202 177 171
4.623157 -1.137315 20.491671 230 227 230
3.423957 -1.070394 20.640705 190 154 129
4.702794 -1.106181 20.604023 228 227 223
3.656342 -1.058459 20.506767 196 165 146
3.705501 -1.062367 20.465509 195 168 148
4.129156 -1.080403 20.356550 194 169 158
4.396770 -1.080889 20.459616 200 187 182
4.457486 -1.080745 20.487005 203 194 189
3.402383 -1.000934 20.884443 188 153 116
3.438924 -1.011367 20.738537 188 154 120
4.055437 -1.049369 20.402939 202 178 165
4.111187 -1.050633 20.406054 193 169 157
3.674498 -0.998994 20.616545 182 153 126
3.929194 -1.015509 20.468878 218 197 180
3.783079 -0.926120 20.944893 210 186 157
3.963900 -0.950188 20.666721 237 218 200
4.554856 -0.893272 21.713011 172 158 142
4.650353 -0.832456 22.211315 174 160 143
3.912852 -0.881779 20.859751 243 224 202
4.251643 -0.879846 21.010885 242 230 215
3.879704 -0.789150 21.739893 214 190 153
3.858681 -0.812531 21.415276 223 200 167
3.992086 -0.859861 20.821583 238 222 202
3.969210 -0.830361 20.849655 231 214 194
4.134180 -0.836813 20.822290 235 221 205
3.879662 -0.672314 22.529549 200 167 121
3.863955 -0.783593 21.073097 224 202 173
3.877680 -0.791078 20.980280 225 203 176
4.281886 -0.799685 21.008665 239 227 213
4.587823 -0.714038 21.863029 210 199 181
3.917288 -0.747232 20.865561 217 196 176
3.941810 -0.749723 20.842535 216 196 177
4.044700 -0.757246 20.782658 215 197 182
3.828602 -0.705684 21.017443 210 185 154
3.774777 -0.584359 21.799292 225 190 147
3.754271 -0.628144 21.271788 211 179 142
4.235169 -0.686309 20.733782 218 206 195
4.842125 -0.577266 22.225483 170 157 124
3.737457 -0.626150 20.968737 207 177 144
4.688960 -0.584830 21.751862 188 175 152
4.760889 -0.568530 21.965128 180 167 140
3.730277 -0.603406 20.917418 216 189 158
3.704935 -0.574380 20.933235 230 203 174
4.052436 -0.609654 20.640799 205 187 173
4.134353 -0.612864 20.629570 212 196 184
4.767516 -0.522837 21.840855 191 178 153
4.186346 -0.590054 20.604233 226 215 204
4.155683 -0.564513 20.585083 226 216 204
4.674424 -0.507041 21.367880 205 195 177
3.645405 -0.393203 21.692991 170 139 105
3.886081 -0.499728 20.633533 211 195 182
4.069633 -0.511331 20.563568 219 209 197
4.458672 -0.508826 20.702457 235 229 228
4.594746 -0.488014 20.962328 207 200 190
3.689399 -0.451096 20.808266 178 158 144
4.262202 -0.491749 20.547199 213 211 208
3.618905 -0.413378 20.900810 161 137 120
4.528663 -0.451412 20.765566 207 203 201
3.934134 -0.427360 20.574059 169 160 152
4.711316 -0.382305 21.245710 165 160 144
3.712651 -0.376000 20.762117 154 141 135
4.229242 -0.415632 20.508154 172 174 173
4.520081 -0.402846 20.715307 186 184 184
3.983768 -0.380330 20.530115 149 146 142
4.008452 -0.356927 20.507998 143 141 140
4.144382 -0.362345 20.491755 145 151 149
4.312891 -0.365827 20.502970 168 174 180
4.404881 -0.363691 20.548214 179 182 188
3.982011 -0.329464 20.511822 136 135 136
4.469115 -0.334873 20.588501 166 167 170
4.062599 -0.307434 20.492193 129 134 136
4.466400 -0.284174 20.567703 153 153 152
3.639086 -0.208580 20.808428 123 108 97
3.760006 -0.226142 20.678162 127 119 122
4.117493 -0.257540 20.481174 119 129 134
4.197556 -0.235756 20.460512 121 131 137
4.252714 -0.237413 20.459383 127 137 143
4.281269 -0.237690 20.464043 131 141 146
3.835782 -0.181835 20.617622 113 111 118
4.171240 -0.208343 20.464287 113 124 130
4.252872 -0.211481 20.456553 121 131 137
3.812624 -0.151762 20.643347 111 108 112
3.861771 -0.157903 20.601311 109 108 115
3.912948 -0.136567 20.568974 104 105 113
3.767591 -0.090289 20.704493 109 104 101
3.889439 -0.106871 20.591343 103 104 111
4.629833 -0.086660 20.942677 131 113 91
3.793406 -0.066587 20.685703 111 107 106
4.094856 -0.098496 20.486700 109 117 125
4.500459 -0.082869 20.715549 118 105 92
4.260192 -0.077943 20.477365 144 151 153
4.326224 -0.047196 20.529650 143 143 142
4.401704 -0.036845 20.632832 113 107 101
3.731022 0.030700 20.813969 113 104 93
4.099339 -0.018034 20.500359 125 132 138
4.296756 -0.021547 20.517065 151 155 155
3.691998 0.095930 21.115416 121 104 84
3.948229 0.023459 20.588434 113 115 120
4.127417 0.007246 20.498297 134 142 147
4.369294 0.013297 20.602249 124 121 115
3.695757 0.125631 21.135807 125 107 88
3.707047 0.110828 21.020193 120 105 89
3.900097 0.056601 20.630878 110 110 113
3.999856 0.044896 20.559942 114 116 122
3.951617 0.077808 20.600382 107 108 112
4.001339 0.071863 20.564581 110 113 118
4.129472 0.060318 20.502104 134 141 145
3.717265 0.221845 21.465324 122 101 79
4.027686 0.095906 20.551800 114 117 122
4.327522 0.083118 20.518337 134 133 128
4.269092 0.108644 20.499222 153 157 155
3.907660 0.166324 20.659939 112 112 114
3.747893 0.228189 20.891666 113 100 94
4.213412 0.161750 20.490759 154 160 159
4.420386 0.164617 20.556808 95 91 80
3.719174 0.306749 21.067831 97 78 67
4.159533 0.216089 20.492037 134 141 140
4.059396 0.304979 20.542423 113 118 116
4.236202 0.286348 20.445627 131 137 132
4.059560 0.330952 20.539438 109 113 111
4.134491 0.322059 20.491819 123 130 126
4.561569 -2.608222 23.024961 176 158 112
4.022107 -2.531904 22.770275 183 155 116
4.056105 -2.503546 22.784513 180 152 116
5.156371 -2.537483 23.319159 170 157 124
3.794149 -2.466564 22.683714 186 154 116
3.800083 -2.400799 21.885214 204 174 143
4.389962 -2.418140 22.205402 204 183 156
5.154917 -2.446910 23.300081 173 161 136
3.740248 -2.374398 22.290886 215 180 148
4.201971 -2.380575 21.634159 223 202 178
4.501807 -2.391952 22.155022 219 197 175
5.108897 -2.415112 23.225590 183 171 150
4.369900 -2.356707 21.589876 221 195 174
4.559419 -2.363801 21.978722 216 194 174
4.227080 -2.323263 21.112387 222 191 171
4.389277 -2.299656 20.915789 230 204 188
3.588135 -2.254991 21.827526 210 171 135
3.558733 -2.253079 21.202631 220 179 146
4.071971 -2.265093 20.863634 230 192 171
3.873710 -2.233605 20.847124 238 196 175
4.690314 -2.253920 21.147217 247 241 236
5.202326 -2.267394 23.049110 176 167 149
3.972737 -2.209575 20.765146 240 196 174
4.053343 -2.211590 20.747482 240 198 176
3.604328 -2.169966 22.366699 207 166 127
3.527727 -2.171570 20.968882 232 188 155
4.809651 -2.202214 21.442997 217 211 206
3.592566 -2.141222 22.274431 210 168 128
3.545235 -2.145555 20.888981 238 191 159
3.933694 -2.156016 20.689711 246 199 176
4.067895 -2.159462 20.663040 246 201 178
4.561806 -2.171296 20.778502 254 244 245
3.541899 -2.118975 20.860806 239 191 160
4.145107 -2.135301 20.625921 249 205 184
4.172569 -2.135992 20.624870 249 206 186
4.631219 -2.146248 20.842478 250 244 244
3.793923 -2.099946 20.675592 251 200 178
4.367210 -2.114613 20.627337 252 224 220
3.764105 -2.073020 20.658159 252 201 178
3.815829 -2.074513 20.634672 252 201 178
5.280516 -2.089299 23.248093 159 150 139
3.811884 -2.048435 20.605738 253 202 178
3.837986 -2.049186 20.596115 253 202 178
4.512903 -2.065523 20.658312 254 244 243
4.212761 -2.033191 20.527304 252 213 197
4.417400 -2.037628 20.590370 253 235 232
3.677310 -1.992393 20.621361 252 201 177
3.779693 -1.995653 20.568502 253 203 178
4.072457 -2.003819 20.507454 254 209 184
3.989611 -1.975750 20.501097 254 208 179
4.124223 -1.979373 20.485754 254 210 189
3.579750 -1.906464 22.588163 206 162 120
3.497780 -1.920987 21.533085 223 176 139
3.673214 -1.940343 20.585459 252 201 176
3.907087 -1.947670 20.496511 253 208 177
3.933899 -1.948411 20.492537 254 209 178
4.502048 -1.961282 20.589544 254 245 244
3.500453 -1.907311 20.727285 242 190 161
3.987698 -1.923909 20.481804 254 210 180
3.476397 -1.879859 20.749586 239 188 158
3.905401 -1.895849 20.478064 253 208 178
4.231062 -1.904498 20.458799 251 215 202
5.320136 -1.882682 23.111523 165 157 145
3.645126 -1.861347 20.568790 250 198 173
3.824939 -1.867610 20.485609 252 205 177
3.985579 -1.872197 20.461329 253 209 180
4.012853 -1.872909 20.460497 253 210 182
4.229314 -1.878731 20.445604 251 215 201
4.594997 -1.884354 20.629583 254 249 249
3.797585 -1.840936 20.482065 252 203 177
4.344065 -1.855176 20.469652 253 224 217
3.770947 -1.814184 20.482971 251 202 176
4.226893 -1.827204 20.425018 250 215 199
4.590754 -1.832446 20.601816 254 249 248
3.643576 -1.783342 20.544811 249 197 172
4.432435 -1.804844 20.494129 253 234 232
3.668874 -1.758349 20.525311 250 198 173
4.254844 -1.776148 20.420847 250 215 200
5.284786 -1.737408 22.928076 165 156 149
3.544813 -1.726557 20.615179 241 190 165
3.848388 -1.739207 20.439873 251 202 176
4.707561 -1.752701 20.755060 248 244 246
3.499541 -1.667308 21.713644 218 172 135
3.769555 -1.710690 20.456833 249 199 175
3.874273 -1.714275 20.426516 250 201 175
4.008208 -1.718228 20.409588 250 205 179
4.171378 -1.722574 20.405157 246 209 188
4.310501 -1.725775 20.418806 247 217 208
4.429845 -1.727371 20.470205 251 230 229
4.522915 -1.728202 20.524574 254 241 240
4.840013 -1.719310 21.114567 233 230 229
3.471441 -1.670319 20.674711 235 185 157
3.617369 -1.678335 20.535547 241 193 167
3.692343 -1.681802 20.485460 245 195 171
4.034399 -1.693292 20.399061 249 204 179
4.460263 -1.701801 20.481981 252 233 233
4.522228 -1.702321 20.517649 253 241 240
3.545096 -1.648171 20.602781 236 188 163
3.717276 -1.657048 20.464661 243 195 171
3.953474 -1.665206 20.401155 247 201 175
4.034114 -1.667546 20.393463 247 203 178
4.653311 -1.676487 20.617081 253 249 252
3.428344 -1.613791 20.755489 226 179 149
4.962840 -1.627303 21.546896 210 205 203
3.465187 -1.564514 21.437336 216 171 137
5.040483 -1.594012 21.769604 182 176 174
3.471657 -1.527749 21.697695 211 166 131
3.953424 -1.587877 20.388653 241 196 171
3.517339 -1.543199 20.583090 227 181 159
3.692173 -1.552353 20.462002 233 187 165
3.795643 -1.556550 20.422630 237 190 167
4.827588 -1.565418 20.903154 220 216 218
3.641674 -1.524028 20.486582 228 185 162
3.717845 -1.527614 20.446169 232 187 165
4.457598 -1.546986 20.447250 244 225 227
4.721334 -1.545508 20.661234 252 249 253
3.616741 -1.496789 20.499086 225 183 162
4.456987 -1.521270 20.440630 242 224 226
3.488516 -1.393220 22.254976 200 158 122
3.718048 -1.475916 20.438627 227 184 163
4.252948 -1.492920 20.369774 230 198 191
4.366563 -1.494906 20.393681 236 210 210
5.026385 -1.463431 21.551729 195 189 189
3.717926 -1.450139 20.433435 225 183 163
3.875692 -1.456060 20.393270 229 187 165
4.008484 -1.460532 20.371183 232 189 170
4.089045 -1.462973 20.364027 230 190 175
4.309420 -1.468250 20.376465 231 203 199
4.486742 -1.469911 20.445700 242 226 231
4.611894 -1.469868 20.522392 249 242 250
4.845593 -1.462031 20.843216 222 218 221
3.516021 -1.413542 20.549923 218 176 158
3.615544 -1.419453 20.477339 220 179 162
4.998981 -1.413593 21.418447 205 201 201
3.477295 -1.311677 22.151743 197 157 122
3.515670 -1.387692 20.542694 217 175 158
3.541175 -1.389040 20.528294 217 176 160
3.930280 -1.406057 20.384640 227 183 165
4.366914 -1.417639 20.384670 230 206 208
4.548135 -1.418384 20.471827 243 233 242
3.415251 -1.315272 21.449154 199 159 128
3.439813 -1.357344 20.587700 213 169 150
3.489108 -1.360698 20.545197 215 172 155
3.565656 -1.364781 20.502586 216 175 161
4.395750 -1.392303 20.389151 230 208 212
3.515017 -1.336037 20.528589 214 172 158
4.546311 -1.367112 20.455917 239 229 241
5.393200 -1.273642 22.797569 154 148 131
3.414732 -1.303744 20.596535 208 166 147
3.540821 -1.311442 20.511644 212 172 159
3.614609 -1.316415 20.452778 215 174 163
4.145175 -1.335632 20.353756 220 184 177
3.353619 -1.267491 20.755846 201 162 137
3.930078 -1.303321 20.367077 217 180 166
4.173120 -1.310520 20.353802 217 184 179
4.284486 -1.312826 20.366644 218 191 191
4.455690 -1.315349 20.405823 228 213 222
3.356389 -1.240238 20.771299 200 161 137
3.515088 -1.258339 20.514715 209 169 157
4.426366 -1.289395 20.391945 224 207 215
3.464212 -1.147545 22.017303 192 155 124
3.780265 -1.243157 20.445726 211 176 162
4.701328 -1.263275 20.529213 247 245 253
4.313712 -1.236037 20.366060 214 191 192
4.601388 -1.239536 20.440672 238 233 245
4.738757 -1.235715 20.572819 250 247 253
3.464930 -1.091220 22.011366 189 153 121
4.121781 -1.205586 20.355848 210 178 169
4.203635 -1.207758 20.356474 210 181 176
3.885280 -1.170381 20.405079 206 176 160
4.981685 -1.154023 21.173691 210 209 199
5.089397 -1.135398 21.533554 189 187 171
3.470005 -1.033006 22.038683 186 150 117
3.626508 -1.131630 20.499472 204 169 156
4.150286 -1.154673 20.355106 205 176 167
4.260635 -1.157210 20.362478 206 184 179
4.989800 -1.125154 21.207413 208 207 194
3.654930 -1.106215 20.500746 201 168 153
4.040958 -1.126199 20.349382 202 173 161
4.579914 -1.134169 20.455488 229 222 227
3.407647 -1.047301 20.906572 187 152 122
3.433842 -1.061986 20.689142 191 155 129
3.989281 -1.098135 20.361771 202 174 161
4.379638 -1.105849 20.406988 205 191 188
4.408659 -1.106074 20.415777 207 194 193
4.852680 -1.091585 20.829216 213 211 199
3.431139 -1.023811 20.867186 189 153 121
4.022066 -1.071328 20.389387 203 177 163
4.131481 -1.074249 20.390337 194 168 157
4.188251 -1.075021 20.402130 192 169 158
4.278067 -1.074719 20.443985 192 173 164
4.490226 -1.073686 20.547682 201 190 186
4.780969 -1.068239 20.751135 195 191 177
3.748022 -1.026840 20.554211 188 160 137
3.773328 -1.028504 20.539749 189 162 140
3.823733 -1.031851 20.510426 193 167 147
3.976347 -1.040928 20.437412 208 183 167
4.515021 -1.040099 20.668715 189 179 170
3.820732 -0.995461 20.658852 202 176 154
3.940575 -1.006467 20.546368 217 194 176
4.045446 -1.011462 20.515446 216 194 178
4.859708 -0.983417 21.248388 162 157 132
3.985864 -0.974520 20.646553 234 213 196
4.186569 -0.977418 20.683725 211 191 178
4.554365 -0.923901 21.590475 172 157 143
4.119042 -0.943086 20.769245 243 228 212
4.605690 -0.867588 22.010193 169 154 139
4.066863 -0.913935 20.786116 246 230 212
4.126159 -0.914142 20.805622 244 228 213
4.156448 -0.914016 20.818762 242 227 212
3.898992 -0.857280 21.128267 240 218 193
3.992785 -0.881384 20.839712 241 222 203
4.196537 -0.883826 20.882391 245 231 216
4.483851 -0.833113 21.668890 220 207 192
4.631968 -0.773874 22.136435 194 181 165
4.610653 -0.725839 22.016251 211 200 184
3.994527 -0.775578 20.833176 219 198 182
3.841017 -0.737541 20.920685 223 200 173
3.916119 -0.744332 20.863359 224 202 182
3.993521 -0.749796 20.823000 220 200 184
4.131898 -0.754395 20.813963 220 202 189
3.887297 -0.717637 20.854399 222 199 178
4.099552 -0.729365 20.784878 215 197 185
4.709652 -0.640577 22.053986 179 166 142
4.279428 -0.702524 20.848093 225 212 201
3.780793 -0.658986 20.882298 185 158 126
4.146766 -0.682545 20.728344 206 187 176
4.304181 -0.678468 20.826717 218 205 194
3.738054 -0.538581 21.936052 227 190 144
3.724910 -0.563811 21.644514 230 194 150
3.979450 -0.651901 20.722799 193 172 157
4.085827 -0.657398 20.694252 199 179 167
3.693829 -0.536664 21.627378 228 191 149
4.053544 -0.632781 20.664293 195 174 163
4.383693 -0.630309 20.796141 218 207 197
3.694401 -0.578992 20.855055 234 208 178
3.689111 -0.427577 22.206339 201 162 118
3.683609 -0.450498 21.956127 201 163 123
3.666812 -0.551695 20.853695 225 198 170
3.834399 -0.573013 20.673935 217 195 178
3.938765 -0.579697 20.633455 213 194 178
4.017050 -0.584511 20.605267 213 194 182
4.671573 -0.530457 21.392084 197 188 166
3.680238 -0.364237 22.574074 198 157 109
3.709491 -0.534932 20.761158 220 196 178
4.636864 -0.518724 21.214607 205 196 178
4.722855 -0.494416 21.500046 185 176 154
4.807217 -0.471218 21.773146 175 165 138
4.033408 -0.539427 20.532057 226 213 202
3.625801 -0.384743 21.742064 175 140 106
3.597854 -0.461047 20.944279 178 149 126
4.239463 -0.501242 20.448053 214 212 210
4.696618 -0.438834 21.216957 173 166 147
3.606459 -0.421943 20.801527 162 139 124
3.719941 -0.442236 20.630308 169 154 147
4.379141 -0.478159 20.458660 222 220 225
3.673137 -0.409280 20.682760 159 142 136
3.970425 -0.439342 20.469486 170 163 156
4.205226 -0.452741 20.403395 182 183 183
4.313849 -0.430633 20.396257 193 195 202
4.436588 -0.427098 20.465069 194 194 198
3.548551 -0.270464 20.959837 141 118 92
4.146732 -0.351129 20.366945 140 148 150
3.584154 -0.260737 20.811722 134 113 98
3.745633 -0.289389 20.590511 136 126 132
4.427562 -0.329214 20.404991 160 160 162
3.723577 -0.259010 20.622177 131 121 126
3.943243 -0.284684 20.446445 125 124 131
3.968757 -0.261086 20.431181 119 120 127
4.224868 -0.279125 20.335939 132 143 149
4.427859 -0.277949 20.399385 150 148 146
3.870516 -0.224891 20.496094 118 116 123
4.198911 -0.252161 20.339031 123 134 140
4.280561 -0.254553 20.338873 136 143 148
4.019786 -0.213932 20.401529 110 115 122
3.709181 -0.145432 20.690552 114 105 99
4.121063 -0.196567 20.352743 109 119 125
4.147041 -0.198143 20.345686 110 121 126
4.225824 -0.202273 20.329874 119 127 133
4.364796 -0.204577 20.345001 129 128 127
3.971698 -0.157001 20.432102 103 106 114
4.199897 -0.175285 20.333084 114 123 128
4.173912 -0.148311 20.336050 117 126 131
4.280787 -0.152710 20.325375 125 127 130
4.450431 -0.137420 20.496016 128 116 105
4.072020 -0.115138 20.371950 108 115 122
4.309293 -0.127319 20.328558 126 124 124
3.704357 -0.023528 20.822884 120 108 95
3.809607 -0.053132 20.605032 112 109 109
4.097684 -0.091550 20.358931 116 124 131
3.700215 0.045379 21.165325 128 110 90
4.074183 -0.062812 20.376303 120 126 132
4.432265 -0.054113 20.532623 107 93 85
4.075291 -0.036620 20.378632 126 132 138
3.838914 0.024479 20.602009 113 111 112
4.228118 -0.023090 20.316082 160 163 166
3.770526 0.064123 20.690861 109 102 99
3.792348 0.058653 20.653053 109 105 103
3.816106 0.054759 20.628052 110 106 106
4.076423 0.015039 20.377176 128 133 138
4.150836 0.007579 20.335991 145 154 156
3.720284 0.193096 21.474030 123 100 80
4.227482 0.027208 20.305239 158 161 162
4.320965 0.057927 20.364048 125 122 116
3.740390 0.164292 20.842506 115 102 98
3.960941 0.111074 20.489120 110 112 116
3.796945 0.165463 20.664291 111 106 105
3.868414 0.153637 20.591681 109 109 110
4.007476 0.128735 20.436220 117 120 124
3.744221 0.219576 20.858124 117 102 99
3.844207 0.182930 20.608719 111 109 110
4.007510 0.154250 20.432390 118 122 125
4.150557 0.134184 20.315411 146 152 154
3.797919 0.217826 20.661589 112 105 105
3.891546 0.200586 20.555780 110 110 111
4.257796 0.155183 20.303436 145 145 141
3.984596 0.209486 20.450462 112 115 116
3.715135 0.349611 20.828604 70 48 39
3.766367 0.369732 20.611118 64 46 42
3.973716 0.353313 20.362835 80 79 76
4.282716 -2.594344 22.929802 178 157 114
4.550347 -2.602997 23.046537 177 157 113
3.986532 -2.497136 22.794447 182 153 115
4.825042 -2.522982 23.173815 178 157 121
4.756533 -2.491168 23.136436 180 157 124
4.165937 -2.442975 22.753458 192 162 134
4.375595 -2.449724 22.906616 188 163 134
4.445567 -2.451949 22.954750 188 163 134
3.756048 -2.402733 22.668129 194 160 124
3.816761 -2.404262 22.665154 194 162 128
3.847175 -2.405032 22.664156 194 162 128
4.008761 -2.375683 21.943937 213 183 159
3.672553 -2.337685 21.645439 217 182 151
3.675793 -2.336919 21.467274 218 184 154
4.291559 -2.352350 21.383530 229 204 183
4.474320 -2.357350 21.446943 227 205 185
4.569660 -2.360041 21.497297 226 207 188
3.637156 -2.309769 21.801439 217 179 146
3.732425 -2.309224 20.891579 230 198 174
3.785621 -2.310544 20.876015 232 201 179
4.213194 -2.321777 20.939781 236 209 189
4.330154 -2.324894 20.970915 235 211 191
4.792490 -2.339854 21.892723 240 229 219
5.011129 -2.348096 22.682863 225 214 202
5.167292 -2.353650 23.146124 184 172 155
3.589830 -2.279794 21.255060 227 186 155
3.864496 -2.286142 20.843634 231 196 175
3.577948 -2.252429 20.968393 232 189 160
3.645716 -2.254147 20.859560 235 192 166
3.822629 -2.232504 20.745085 235 193 172
4.061831 -2.238778 20.694246 234 190 170
4.088657 -2.239480 20.690639 234 191 171
4.223813 -2.243006 20.679527 234 197 178
4.307380 -2.245170 20.686863 234 204 188
5.005482 -2.261478 22.348223 196 188 177
3.742074 -2.204190 20.754457 241 196 173
3.871766 -2.207703 20.703451 239 196 173
3.501073 -2.170676 21.002998 228 184 148
3.790719 -2.179440 20.708141 245 198 176
3.971064 -2.184448 20.635542 243 198 173
4.349673 -2.194436 20.612959 246 218 207
4.407757 -2.195880 20.631277 253 229 223
4.562200 -2.199554 20.721157 253 245 244
4.628878 -2.201061 20.779503 253 248 247
4.019073 -2.159928 20.591839 246 200 176
4.559576 -2.173476 20.704330 253 245 244
4.592512 -2.174188 20.731833 253 247 246
4.981215 -2.176967 22.075684 184 177 169
3.962263 -2.132604 20.574417 247 200 174
4.202270 -2.139120 20.544750 247 208 188
4.399071 -2.144057 20.578474 253 231 227
4.784412 -2.149427 21.260021 214 208 204
5.246871 -2.149064 23.052996 167 160 143
3.581743 -2.094980 20.771086 245 194 165
4.117924 -2.111190 20.525278 251 206 182
4.310604 -2.116157 20.538507 245 214 203
3.499402 -2.060496 21.381914 224 178 141
3.556337 -2.067955 20.781649 244 193 163
3.981729 -2.081797 20.519703 251 204 176
4.584292 -2.096132 20.680029 254 248 247
3.489568 -2.001481 21.727720 211 167 126
4.512547 -2.043335 20.586885 254 245 244
4.544460 -2.043881 20.610325 254 248 247
3.647524 -1.993654 20.636948 251 200 175
3.898497 -2.002351 20.496702 253 207 176
4.577109 -2.018475 20.633423 254 249 248
4.773840 -2.017678 21.054964 221 217 215
5.310461 -2.001433 23.186857 159 151 138
3.526367 -1.962660 20.744898 243 192 161
3.503685 -1.935317 20.774862 241 190 159
3.695406 -1.943786 20.581795 252 201 176
4.273683 -1.961334 20.462784 249 217 207
3.524207 -1.910641 20.719433 243 190 161
3.644472 -1.916071 20.602020 250 198 173
3.794901 -1.921735 20.515388 252 206 177
4.027479 -1.929312 20.444490 254 211 182
4.189555 -1.933697 20.442804 251 214 196
3.522672 -1.884738 20.703514 243 191 162
3.975226 -1.902020 20.451462 254 210 178
4.739498 -1.914043 20.875326 239 237 236
4.971564 -1.903372 21.712894 175 168 163
3.844865 -1.872147 20.478874 253 206 178
3.497228 -1.802487 21.966940 211 169 126
3.741594 -1.842849 20.508827 251 203 177
4.135946 -1.855273 20.433434 253 213 190
4.444525 -1.862289 20.491356 254 238 234
4.475333 -1.862687 20.510216 254 242 238
3.691084 -1.815099 20.529860 251 200 174
4.055318 -1.827391 20.432270 254 210 183
3.452856 -1.776300 20.775900 235 186 153
4.217817 -1.806157 20.429659 250 213 195
4.357539 -1.809328 20.453917 252 226 220
4.603537 -1.812210 20.600208 254 248 246
3.690379 -1.763674 20.515810 250 198 173
3.741464 -1.765666 20.494108 251 201 175
4.190197 -1.779890 20.422430 249 212 192
4.357439 -1.783707 20.449587 252 225 219
4.570578 -1.786257 20.568245 254 246 243
4.771166 -1.783235 20.876665 226 222 221
3.491026 -1.692279 21.896235 212 169 129
3.450534 -1.724480 20.748451 234 185 153
4.273562 -1.756220 20.430984 247 214 202
4.301741 -1.756812 20.437143 248 217 207
4.444845 -1.759541 20.478079 253 234 231
3.472182 -1.700307 20.700235 235 186 156
3.843705 -1.718284 20.445021 250 201 176
3.948969 -1.721740 20.426411 249 204 176
4.001795 -1.723420 20.418880 250 206 179
4.602054 -1.734916 20.582077 254 247 246
3.714728 -1.687754 20.483126 247 197 171
4.536715 -1.709064 20.524017 254 242 241
3.613608 -1.657573 20.529833 237 191 165
3.689307 -1.660994 20.489962 244 194 168
3.740735 -1.663048 20.470964 246 197 172
3.975631 -1.671380 20.415569 247 203 176
4.536351 -1.657710 20.514900 253 241 241
3.844542 -1.615705 20.432413 242 196 171
4.446448 -1.631116 20.467636 250 231 229
4.506311 -1.631725 20.496553 251 237 237
3.518371 -1.574087 20.612139 227 182 158
3.614257 -1.580253 20.519632 230 186 163
4.003343 -1.595339 20.406855 241 197 173
4.387919 -1.604739 20.441025 243 221 217
3.397369 -1.532048 20.933405 214 170 138
3.794063 -1.562241 20.446630 237 191 168
4.275139 -1.577004 20.412239 235 207 197
5.328349 -1.507990 22.914835 156 149 145
3.978620 -1.543040 20.411915 237 193 170
4.477161 -1.554399 20.475063 246 230 228
3.952629 -1.516518 20.413864 235 191 167
4.032502 -1.519060 20.406660 236 192 172
4.166380 -1.523089 20.400103 230 195 180
4.220453 -1.524582 20.400621 230 199 186
3.434868 -1.413154 21.857220 200 158 121
3.445100 -1.465939 20.656401 219 174 150
4.276586 -1.500144 20.408335 229 201 193
3.542807 -1.446648 20.566385 220 178 159
3.796892 -1.459232 20.446281 228 184 163
4.060019 -1.468679 20.401230 231 191 171
3.771668 -1.432394 20.453733 225 182 161
4.141210 -1.445422 20.398178 225 191 176
3.350734 -1.369814 20.970509 201 160 128
3.444645 -1.388505 20.637386 215 171 150
4.033981 -1.416686 20.398531 227 187 169
4.476624 -1.426552 20.453911 235 222 224
4.630614 -1.426495 20.545687 248 243 252
4.279313 -1.397518 20.407394 219 195 188
4.536123 -1.401338 20.477337 240 229 238
4.767054 -1.398152 20.673721 250 248 255
3.396739 -1.332855 20.678797 208 165 144
3.567344 -1.345443 20.527361 215 174 161
3.617948 -1.348239 20.500822 216 176 162
3.799456 -1.356292 20.444271 219 179 162
3.929292 -1.361728 20.410173 221 180 163
3.982124 -1.363606 20.402821 222 181 164
4.250756 -1.371646 20.395077 218 192 185
3.825939 -1.331711 20.435867 218 179 162
3.903235 -1.335180 20.411810 218 180 163
4.689421 -1.349995 20.556715 249 247 255
5.144489 -1.292591 21.896385 189 184 183
3.571904 -1.292588 20.548679 212 172 159
3.697120 -1.300145 20.475071 215 175 162
3.800525 -1.304892 20.441935 215 177 163
4.334130 -1.322396 20.400406 217 196 194
4.417743 -1.324036 20.414326 221 207 209
4.504079 -1.325042 20.441418 230 219 229
4.593683 -1.325334 20.483459 239 233 246
3.401676 -1.253407 20.699184 205 163 144
3.853764 -1.255718 20.427032 212 176 162
4.088966 -1.265187 20.379484 213 180 169
4.502305 -1.274463 20.425238 226 217 228
3.357614 -1.183147 20.983700 195 157 129
3.389682 -1.194529 20.804688 200 161 139
3.410070 -1.198288 20.750402 202 163 143
3.529881 -1.209260 20.621700 206 169 154
3.780189 -1.225273 20.471075 209 173 161
3.831600 -1.227808 20.453043 210 175 161
4.089920 -1.239473 20.380791 211 179 168
4.653897 -1.248630 20.502247 242 239 250
3.682962 -1.192417 20.541607 208 171 162
4.470714 -1.223974 20.394691 220 211 218
3.403274 -1.136686 20.895174 197 160 137
3.636116 -1.162241 20.588606 206 169 158
3.759641 -1.171009 20.504030 206 172 160
4.332262 -1.195720 20.371590 208 192 188
4.687817 -1.196425 20.527918 244 241 249
4.895989 -1.181899 20.862894 242 240 236
3.663231 -1.137429 20.582109 205 169 157
3.711126 -1.141599 20.537876 206 170 159
3.886463 -1.152614 20.443581 205 172 159
3.988564 -1.157896 20.406708 206 173 162
4.250385 -1.168310 20.361948 205 183 176
4.754920 -1.168938 20.585093 245 243 245
3.527487 -1.094893 20.777864 199 165 145
3.549333 -1.098147 20.737144 200 166 146
4.594381 -1.146270 20.461811 231 225 231
4.148570 -1.112442 20.386803 196 174 161
4.627321 -1.119826 20.486923 228 222 222
3.869862 -1.071361 20.494635 198 172 154
3.999301 -1.077692 20.456795 203 176 163
4.178279 -1.086892 20.397833 192 171 157
4.451573 -1.093676 20.415834 204 198 191
4.506944 -1.094820 20.422907 213 205 200
4.535245 -1.095208 20.429447 216 208 204
3.626740 -1.012341 20.873505 189 158 128
4.464772 -1.064019 20.479084 194 187 175
4.857177 -1.045085 20.922070 195 192 172
4.899012 -1.041807 20.987627 194 191 168
3.902735 -1.007125 20.686829 211 187 168
3.756356 -0.955375 20.984043 184 158 127
3.871732 -0.969690 20.831718 208 184 162
3.896365 -0.971780 20.812677 215 190 170
4.478979 -0.998273 20.682570 166 156 136
4.573714 -0.996568 20.745321 165 157 133
4.605522 -0.995968 20.766781 164 156 132
3.836451 -0.933269 20.955124 215 193 167
4.158070 -0.959654 20.724243 219 201 184
4.097728 -0.922425 20.848454 243 227 208
4.350269 -0.891134 21.011768 219 208 193
4.617222 -0.837299 21.823626 166 153 132
3.878239 -0.765040 21.756403 214 190 150
4.412271 -0.826025 21.186199 229 218 203
3.898659 -0.801087 20.971724 226 204 180
4.198312 -0.813399 20.930092 233 219 203
3.869049 -0.666948 22.273489 211 180 132
3.919271 -0.753105 20.917458 215 194 173
3.754118 -0.629323 21.679605 217 179 130
3.808170 -0.697416 20.910112 200 175 146
3.967519 -0.706253 20.863508 218 198 181
4.129420 -0.713405 20.837301 223 206 191
3.784753 -0.548956 22.290646 224 183 133
3.777896 -0.671807 20.889729 192 165 133
3.748915 -0.542061 22.036379 229 189 141
4.202843 -0.668464 20.775288 209 195 180
4.471066 -0.654386 21.024025 201 191 174
4.723360 -0.598541 21.735001 175 162 135
4.170883 -0.643843 20.746557 198 183 168
3.676687 -0.584433 20.943041 232 202 168
4.303338 -0.624629 20.714396 222 212 198
3.790426 -0.577294 20.773079 223 201 179
3.815923 -0.579347 20.759485 219 198 177
4.214629 -0.599377 20.675760 226 215 200
4.317619 -0.580201 20.636024 237 229 219
4.494234 -0.566117 20.840782 237 230 219
3.719024 -0.362266 22.430851 183 146 106
3.625613 -0.501519 20.960718 200 170 145
4.124774 -0.549327 20.624699 226 216 200
3.686105 -0.492543 20.800354 195 173 155
3.884056 -0.512849 20.655518 220 205 188
4.120014 -0.526188 20.593586 229 221 206
4.821879 -0.432460 21.768667 167 157 133
3.907302 -0.490447 20.625488 205 192 177
4.412870 -0.513408 20.551546 233 230 229
4.059390 -0.476643 20.550724 194 187 175
4.270720 -0.486784 20.515034 209 206 202
4.351088 -0.489873 20.509064 218 217 220
3.657715 -0.270829 22.183149 165 134 95
3.902939 -0.441814 20.590067 173 163 152
3.979314 -0.447610 20.556641 177 170 159
4.437771 -0.464324 20.532198 219 217 222
4.525176 -0.449918 20.699076 197 196 193
3.593363 -0.353071 21.100613 148 124 103
3.679551 -0.393539 20.737347 156 140 133
3.851424 -0.412613 20.605316 161 151 144
4.003555 -0.424701 20.534548 166 162 153
4.029392 -0.426354 20.526371 167 163 155
4.081571 -0.429324 20.513403 167 165 157
4.186878 -0.434583 20.494297 174 174 169
3.634339 -0.359243 20.800283 148 130 121
4.054142 -0.403159 20.507914 154 153 148
3.875445 -0.364438 20.575777 146 140 137
4.501351 -0.359298 20.563980 163 165 168
4.693728 -0.306116 21.109861 155 149 133
3.801143 -0.305772 20.615253 136 131 132
4.395714 -0.344064 20.436485 164 170 181
3.851969 -0.284549 20.586138 130 127 129
4.002141 -0.298311 20.504959 125 128 131
4.396353 -0.318378 20.436022 158 163 173
4.462852 -0.313429 20.499212 154 157 160
4.757199 -0.236182 21.275717 161 152 129
4.235464 -0.287145 20.439634 136 145 151
3.780038 -0.223915 20.641468 123 118 118
4.631795 -0.218202 20.926619 153 146 131
3.930643 -0.212847 20.552767 114 115 119
4.106162 -0.228477 20.465765 112 122 127
4.132096 -0.230069 20.459097 114 124 130
3.956877 -0.188958 20.542158 110 112 116
3.690932 -0.102467 20.759405 119 108 94
3.983058 -0.139696 20.527163 101 105 110
4.106659 -0.152158 20.456266 103 113 118
4.659685 -0.098393 21.050014 135 119 100
4.032916 -0.119132 20.496181 101 108 113
3.764658 -0.060685 20.690895 113 108 101
4.349000 -0.110201 20.440723 121 122 120
3.813987 -0.041150 20.650236 112 111 107
3.911995 -0.053211 20.578699 108 109 111
3.791794 -0.010674 20.679092 113 110 104
4.035242 -0.041463 20.497026 112 119 123
4.212226 -0.056255 20.424854 145 154 158
3.914941 -0.000134 20.587715 111 113 114
3.712918 0.143046 21.444897 120 99 76
4.087435 0.031260 20.472240 125 133 135
4.325226 0.019202 20.438828 129 129 126
3.712697 0.171598 21.045092 122 105 92
3.825658 0.121336 20.696054 107 105 102
4.065196 0.111630 20.487875 129 133 135
4.357280 0.097478 20.453535 121 118 111
4.392719 0.102176 20.496904 108 103 95
3.745567 0.201850 20.883036 113 100 93
3.735609 0.244253 20.996157 113 96 88
4.325511 0.145652 20.421154 136 134 129
3.713329 0.302618 21.218494 104 82 68
3.768962 0.248705 20.844767 114 101 96
3.969632 0.201468 20.553070 111 115 114
3.769669 0.275075 20.844568 105 92 87
4.015444 0.218150 20.497770 115 119 118
4.063339 0.211339 20.460598 123 128 128
3.787477 0.291163 20.776077 98 86 82
4.159933 0.224051 20.390749 129 133 132
4.128748 0.271983 20.359417 129 133 130
4.227864 0.286914 20.308542 129 131 127
3.935169 0.348260 20.484068 80 79 74
4.118777 -2.537230 22.837616 180 157 119
4.644302 -2.554307 23.060795 178 156 119
4.847589 -2.561155 23.164804 176 158 121
4.882039 -2.562340 23.184278 175 157 121
5.151364 -2.571105 23.299604 172 157 121
4.882347 -2.532909 23.181297 174 156 122
3.959111 -2.474321 22.774382 179 150 115
4.348676 -2.486483 22.931675 176 151 119
4.313113 -2.456104 22.895588 176 150 121
4.744564 -2.469567 23.092236 174 152 123
5.051691 -2.479326 23.251141 170 154 126
5.153121 -2.482471 23.295218 169 154 124
4.653979 -2.436534 22.925783 198 176 150
4.669138 -2.407338 22.837414 220 200 177
3.748474 -2.349821 22.119095 224 190 161
3.849166 -2.351070 21.810360 232 202 178
4.291854 -2.364264 22.041023 236 214 193
5.152082 -2.392990 23.125490 179 168 148
3.655276 -2.317751 21.656971 222 183 153
3.875657 -2.322963 21.414274 227 194 173
4.758558 -2.348763 21.896389 230 216 203
4.691401 -2.318179 21.266197 246 237 228
3.858034 -2.268440 20.931656 228 188 167
4.183033 -2.277389 20.906202 229 192 174
3.603429 -2.235248 20.877445 234 189 161
4.328075 -2.255375 20.798008 235 206 190
4.584444 -2.262406 20.858284 253 244 239
4.659377 -2.264375 20.960289 249 245 240
3.537426 -2.205445 21.609411 214 173 135
4.200851 -2.200346 20.685904 241 202 184
4.675334 -2.212733 20.896225 237 233 231
4.034118 -2.170038 20.655319 244 197 176
3.643849 -2.132601 20.757507 247 196 171
4.664213 -2.160699 20.833641 241 236 236
3.464460 -2.099203 21.041737 222 177 141
3.868873 -2.114051 20.627073 249 200 176
4.054119 -2.119447 20.605274 248 201 179
3.516053 -2.076543 20.808413 241 191 162
3.739908 -2.084298 20.662605 252 200 177
4.183133 -2.097732 20.569429 250 207 187
4.903752 -2.108070 21.588976 190 182 178
3.713461 -2.057730 20.661896 252 200 177
4.127716 -2.070672 20.555508 251 206 185
4.181087 -2.072205 20.553707 251 208 189
4.698728 -2.083437 20.858217 232 226 227
4.877278 -2.081733 21.457321 195 187 183
3.454036 -2.020888 20.946854 228 180 145
3.511369 -1.998935 20.758211 243 192 162
3.859870 -2.011813 20.551949 254 201 179
3.659542 -1.978907 20.648518 252 200 176
3.708190 -1.980874 20.611958 252 201 178
4.017196 -1.991102 20.523975 253 206 180
4.586689 -2.004731 20.694441 253 248 249
3.606800 -1.951493 20.653315 250 197 172
3.707028 -1.955299 20.599266 252 202 177
4.342747 -1.974555 20.541395 247 220 212
4.620082 -1.979414 20.722507 253 248 249
3.556764 -1.923770 20.677521 246 194 167
3.731169 -1.930696 20.575571 253 202 177
3.909676 -1.936994 20.513678 254 206 179
4.122073 -1.943339 20.501774 254 210 187
3.908738 -1.911579 20.503325 254 207 179
3.805638 -1.882532 20.525299 253 203 178
4.015591 -1.889241 20.496674 253 209 181
4.370420 -1.898732 20.534037 250 224 216
3.461918 -1.841436 20.762482 234 185 151
4.555135 -1.875808 20.652037 254 245 244
4.041768 -1.839183 20.484316 253 208 182
4.121487 -1.841587 20.481230 253 211 187
4.203459 -1.843740 20.491068 252 213 192
3.482505 -1.791579 20.702614 237 188 156
4.148921 -1.816869 20.480892 253 211 188
4.203653 -1.818289 20.487949 252 213 191
4.286314 -1.820364 20.501356 249 215 199
4.655923 -1.824915 20.743233 254 248 249
3.542955 -1.719835 22.437534 205 164 120
4.314075 -1.795595 20.502789 248 216 202
5.132784 -1.772485 22.222437 174 168 157
3.419260 -1.734206 20.829552 221 176 139
3.482038 -1.740143 20.688217 236 187 156
3.805686 -1.755083 20.501677 251 200 176
4.371235 -1.771287 20.518297 250 221 212
3.755028 -1.727543 20.516397 250 199 175
3.831976 -1.730515 20.493519 250 200 176
4.042540 -1.737425 20.471203 251 205 180
4.095562 -1.739073 20.468609 252 206 184
4.489907 -1.747535 20.574301 253 234 232
3.505253 -1.650468 21.899343 210 167 128
3.438531 -1.684837 20.757761 226 180 148
4.042699 -1.712013 20.467730 251 204 180
4.343142 -1.719809 20.503096 246 216 204
4.459959 -1.721649 20.554245 251 230 227
4.922347 -1.710001 21.351229 209 205 202
3.438545 -1.659015 20.752224 225 179 148
3.807118 -1.678516 20.496428 248 197 174
3.936493 -1.683319 20.467947 248 200 176
4.585862 -1.696791 20.644270 253 242 244
3.483182 -1.637051 20.674536 230 184 156
4.431286 -1.670186 20.536583 246 224 219
4.521588 -1.671118 20.587387 251 235 236
3.417268 -1.605152 20.786020 219 174 143
4.373556 -1.643812 20.510519 241 216 208
3.476507 -1.521056 21.648008 209 165 130
3.486585 -1.533512 20.677229 224 178 155
3.965544 -1.556878 20.459129 237 192 169
4.045517 -1.559354 20.457788 238 194 173
4.261064 -1.565454 20.468264 234 200 188
4.621898 -1.568156 20.670511 249 242 246
4.856997 -1.561108 21.018980 232 229 231
4.918317 -1.556484 21.178366 199 194 193
3.427544 -1.490213 21.047966 211 167 138
3.836940 -1.526282 20.486856 233 187 166
4.152707 -1.537196 20.455431 235 195 178
3.441701 -1.477795 20.736204 216 171 148
3.761768 -1.497140 20.516125 230 185 163
3.992989 -1.506876 20.454376 235 190 168
5.154200 -1.474536 22.007950 170 162 156
3.564089 -1.460193 20.633247 223 179 160
4.653786 -1.491235 20.683512 250 241 249
4.760037 -1.488983 20.805576 251 246 253
3.565373 -1.434242 20.636934 221 177 160
4.236159 -1.462971 20.461525 227 193 180
4.620789 -1.466003 20.649836 248 237 244
4.901249 -1.454435 21.083279 215 211 214
5.147563 -1.420753 21.969524 177 171 168
3.419513 -1.398155 20.757256 211 166 144
3.840089 -1.424029 20.487715 224 181 163
3.995360 -1.430373 20.455036 228 184 165
4.897235 -1.429043 21.060722 219 216 219
3.943944 -1.402880 20.462912 225 182 165
4.467250 -1.414978 20.544750 232 212 213
4.651482 -1.414918 20.660889 248 238 248
3.411541 -1.328289 21.102514 202 159 135
3.642008 -1.361523 20.590061 217 176 163
4.351787 -1.388250 20.496660 222 195 192
3.459349 -1.261103 21.906744 196 155 124
3.548666 -1.327688 20.689016 215 172 160
3.819161 -1.345434 20.510645 218 178 163
3.971839 -1.352790 20.460733 221 180 165
4.409427 -1.363554 20.514601 224 202 201
3.549915 -1.301634 20.692478 214 171 160
3.770660 -1.316756 20.539406 216 177 164
3.845723 -1.320995 20.504108 217 177 163
3.947706 -1.325903 20.471962 218 178 165
4.269238 -1.335717 20.475683 218 188 181
4.588822 -1.338673 20.605585 236 225 235
3.697219 -1.286387 20.582926 214 174 165
3.747173 -1.289395 20.556776 214 175 165
4.000073 -1.302617 20.460630 217 178 165
4.214984 -1.308980 20.466976 216 183 177
4.326844 -1.310977 20.494043 217 191 186
3.419823 -1.232160 20.931387 202 161 140
3.574790 -1.252110 20.665697 211 170 160
3.748985 -1.263367 20.563644 213 175 165
3.874032 -1.270681 20.503880 214 175 164
4.106658 -1.280783 20.454390 215 179 170
4.160796 -1.282248 20.458467 215 180 172
4.243031 -1.284160 20.470173 214 184 178
3.491696 -1.124461 22.367273 189 152 119
4.441325 -1.261646 20.525555 219 201 203
4.851245 -1.257424 20.819115 247 245 250
3.903964 -1.219831 20.513630 210 174 163
4.778030 -1.234748 20.725267 248 245 254
3.427586 -1.124911 21.399561 192 155 127
3.731642 -1.182751 20.611830 209 172 163
4.008611 -1.198769 20.493271 210 175 164
4.088048 -1.201604 20.487997 210 176 166
4.747159 -1.209289 20.703018 246 242 252
5.029355 -1.157975 21.252600 190 185 183
3.584745 -1.120302 20.708683 202 167 151
3.938608 -1.141920 20.547234 203 171 159
4.119325 -1.150375 20.505098 204 173 164
4.145575 -1.151404 20.502069 203 174 165
4.363665 -1.156978 20.523378 206 188 182
4.561361 -1.159911 20.575716 224 215 219
4.879232 -1.155082 20.808666 243 241 242
3.439869 -1.053602 21.259354 189 153 125
3.663371 -1.098537 20.683327 201 168 151
3.915227 -1.114400 20.564116 200 169 156
4.228363 -1.127846 20.511524 201 177 168
4.534592 -1.133647 20.572084 221 211 211
3.566063 -1.064511 20.758106 195 162 139
3.792831 -1.079817 20.638178 198 168 150
3.818042 -1.081414 20.626411 198 168 151
3.943739 -1.089278 20.569180 199 170 157
4.019206 -1.093788 20.537981 201 172 162
4.629887 -1.106378 20.641735 225 218 218
3.796862 -1.052691 20.659187 195 166 146
4.986536 -1.055983 21.168381 191 189 169
4.027069 -1.040124 20.575439 204 178 167
4.322537 -1.049758 20.573767 192 172 162
4.350503 -1.050244 20.579691 192 174 163
3.774582 -0.973087 21.039442 190 162 134
3.799048 -0.988200 20.839127 199 172 148
4.012474 -1.009026 20.644295 220 197 185
4.038261 -1.010382 20.636986 220 197 185
4.510050 -1.020735 20.705364 182 171 157
3.921736 -0.972772 20.747179 228 208 189
4.466035 -0.989943 20.753578 166 155 138
3.879891 -0.858369 21.916924 187 158 121
3.943157 -0.886439 20.865183 243 223 202
4.071983 -0.894322 20.817743 245 225 210
4.464898 -0.856824 21.468348 211 199 187
4.299722 -0.859961 21.017754 248 236 225
4.450104 -0.836011 21.384035 221 209 196
4.683454 -0.793709 22.017561 167 155 133
3.922570 -0.679087 22.787430 199 166 116
4.062605 -0.834079 20.915068 233 215 199
4.145273 -0.836630 20.917166 234 218 205
3.903603 -0.725757 21.854973 220 194 154
3.899813 -0.801892 20.922579 227 203 178
3.924759 -0.804007 20.906780 228 205 181
4.332474 -0.806742 21.037758 243 230 219
3.952334 -0.753254 20.898003 221 197 177
4.511878 -0.742104 21.248697 201 191 174
3.817146 -0.658052 21.646404 215 183 139
3.805786 -0.712382 21.011734 213 185 153
3.825462 -0.574170 22.294918 220 179 131
3.809400 -0.601148 21.981071 219 180 133
3.767035 -0.675504 21.116800 202 170 131
4.168223 -0.710586 20.869347 217 200 189
3.956442 -0.673830 20.909039 204 181 163
4.270352 -0.691826 20.825010 223 211 200
4.433032 -0.671982 20.816717 202 191 177
4.471053 -0.668142 20.873186 198 186 170
4.007687 -0.626029 20.877605 185 161 146
4.085581 -0.630967 20.852453 187 168 153
4.339622 -0.623470 20.745110 221 210 200
4.388380 -0.627838 20.716003 219 209 200
3.688696 -0.483138 21.717123 218 176 140
3.760729 -0.566395 20.866571 226 200 177
4.444247 -0.603363 20.721056 233 224 213
4.517393 -0.596549 20.818834 218 209 192
4.228483 -0.570046 20.722113 235 226 210
4.021518 -0.531607 20.778048 222 207 192
4.069298 -0.511579 20.734236 222 210 196
4.299664 -0.526956 20.658695 235 228 220
4.431118 -0.533253 20.640509 238 232 229
3.700015 -0.281903 22.628025 178 139 98
3.909802 -0.478397 20.751810 207 189 176
4.535460 -0.499348 20.756500 216 211 203
3.726119 -0.441838 20.793440 178 158 148
3.803577 -0.447468 20.764427 182 165 154
4.037911 -0.462090 20.700199 196 187 175
3.956638 -0.408386 20.691587 163 156 148
4.313615 -0.408062 20.567860 181 183 189
4.366708 -0.410248 20.564606 195 198 208
4.488143 -0.406724 20.636986 189 189 193
3.903940 -0.354734 20.691811 143 140 137
4.106115 -0.345660 20.602577 142 143 144
3.588976 -0.241192 21.148048 137 115 89
3.827796 -0.297597 20.715782 135 132 132
4.256105 -0.332689 20.534704 149 156 162
3.603175 -0.155110 21.440357 162 137 104
3.826976 -0.247372 20.700848 126 124 125
3.927896 -0.256305 20.653631 123 123 127
4.130165 -0.272612 20.572992 125 132 137
3.610606 -0.146229 21.285557 157 134 106
3.877703 -0.226375 20.673632 120 119 123
4.204673 -0.253986 20.534388 126 136 142
4.696496 -0.220002 20.978153 163 149 128
4.053474 -0.216742 20.587830 113 118 124
3.879515 -0.174455 20.675432 113 112 115
4.678224 -0.136531 21.011965 149 130 111
3.761636 -0.105543 20.781910 112 105 100
3.980574 -0.132766 20.621986 105 107 112
4.333778 -0.161177 20.491629 124 126 130
3.763129 -0.078952 20.786671 112 105 99
4.230372 -0.129986 20.507271 117 125 131
4.461806 -0.127261 20.596615 121 110 104
3.746144 -0.044406 20.849928 115 106 98
3.908693 -0.072695 20.669342 108 108 111
4.205213 -0.102873 20.512106 123 133 137
4.566767 -0.073419 20.852821 120 102 90
3.692628 0.007701 21.040751 125 108 91
4.007086 -0.058393 20.605427 109 112 117
3.935983 -0.022955 20.661177 112 113 116
3.960052 -0.026147 20.642914 111 112 116
3.813893 0.017770 20.742300 114 110 108
4.057219 -0.012669 20.574192 119 122 127
4.403423 -0.027447 20.556456 112 103 99
3.914506 0.032845 20.686403 113 113 114
3.962635 0.026273 20.649330 113 114 117
3.742248 0.103856 20.981220 114 101 91
3.915443 0.058861 20.687477 111 111 112
4.083259 0.036011 20.560282 125 129 133
4.371741 0.020609 20.522827 115 109 105
4.314513 0.045165 20.499193 144 144 144
4.059013 0.089207 20.566938 120 123 126
4.133255 0.081533 20.530077 138 143 146
4.158336 0.079281 20.520155 145 151 154
4.059505 0.114697 20.565374 125 128 130
3.847021 0.173704 20.750578 112 109 108
4.160169 0.130745 20.521940 155 161 162
4.463578 0.144911 20.705637 98 89 80
4.010465 0.195772 20.580360 118 120 121
4.265448 0.175475 20.502859 155 157 156
3.714173 0.310448 21.129169 97 79 66
4.323310 0.201654 20.521914 143 141 138
4.390971 0.209693 20.596090 114 112 106
3.959948 0.250767 20.591686 103 104 103
3.841104 0.295054 20.688908 102 96 92
4.325078 0.253047 20.523241 122 122 118
3.751878 0.342313 20.811834 71 55 49
3.815654 0.322813 20.694944 87 78 73
3.834181 0.339257 20.635458 82 73 69
4.000473 0.312801 20.498634 102 103 100
4.024888 0.309795 20.484484 111 113 111
4.074573 0.304607 20.461962 123 125 122
5.074838 -2.608314 23.299616 171 158 118
4.157688 -2.547195 22.889328 179 155 117
4.544177 -2.531361 23.039291 176 153 116
3.971635 -2.483724 22.837244 179 151 114
3.873683 -2.451571 22.774517 181 151 113
4.775013 -2.481090 23.138294 173 153 124
4.025173 -2.424185 22.386721 195 170 142
4.418584 -2.437635 22.637838 193 171 144
4.014302 -2.392792 21.931456 214 190 166
4.361265 -2.405313 22.294357 214 192 169
4.935867 -2.427933 23.179600 190 174 154
3.877102 -2.359581 21.582850 223 197 173
3.903938 -2.360325 21.574652 223 198 175
3.862551 -2.331191 21.295906 222 193 171
4.328310 -2.345994 21.594482 222 196 176
4.807144 -2.361745 22.044991 223 210 197
3.669950 -2.298587 21.103254 216 180 155
4.011918 -2.308502 21.019695 219 187 168
4.039119 -2.309306 21.019888 219 187 168
4.173721 -2.313268 21.013248 221 191 172
4.255789 -2.315702 21.017477 223 196 177
4.338616 -2.318168 21.026081 224 201 183
4.367041 -2.319024 21.033419 224 202 185
4.441358 -2.321136 20.996113 228 208 193
4.530590 -2.323869 21.039150 236 220 207
3.606882 -2.271406 22.295256 203 163 125
3.603228 -2.271106 22.045889 208 167 132
3.968670 -2.281078 20.914522 225 189 170
4.316142 -2.291374 20.896759 228 202 184
3.902417 -2.253248 20.831984 232 193 173
3.954910 -2.254818 20.823780 232 193 173
4.329915 -2.265997 20.820011 231 204 188
4.764956 -2.278565 21.391926 239 232 228
3.763633 -2.223363 20.799070 239 197 174
3.789065 -2.224145 20.789412 239 196 174
3.707822 -2.195983 20.779970 242 197 172
4.226576 -2.211936 20.681236 240 203 184
4.580093 -2.221915 20.860054 253 243 242
3.727731 -2.171098 20.727631 244 197 172
3.903905 -2.176777 20.657043 242 197 175
4.138137 -2.184004 20.626612 244 200 179
4.191800 -2.185606 20.630098 243 202 183
4.540236 -2.195321 20.788336 253 242 241
4.574012 -2.196156 20.824713 253 244 244
3.516194 -2.137598 20.943180 234 188 156
4.471637 -2.168136 20.704237 253 234 231
5.076252 -2.175666 22.352537 168 158 147
3.511540 -2.111763 20.902712 237 188 157
3.617267 -2.091071 20.688168 247 196 169
3.966510 -2.103188 20.536777 249 201 178
4.149984 -2.108877 20.528553 250 205 185
3.466897 -2.055530 21.171379 224 177 141
3.989079 -2.078825 20.508547 250 202 178
4.371966 -2.089757 20.584179 250 223 218
4.401143 -2.090491 20.598938 251 227 223
4.767349 -2.096218 21.103142 219 211 209
3.471439 -2.008359 20.781488 239 188 156
3.784894 -2.021353 20.544807 253 203 177
4.367344 -2.039312 20.550735 250 223 218
4.613413 -2.018953 20.725124 254 250 250
4.084466 -1.981818 20.430874 254 208 185
4.109748 -1.957599 20.420704 254 210 189
4.163028 -1.959182 20.425499 253 212 194
4.189815 -1.959963 20.428719 252 213 196
4.419448 -1.965226 20.534832 253 233 230
4.607750 -1.968326 20.688404 254 250 250
3.727500 -1.918922 20.494478 253 201 174
3.979320 -1.928312 20.420597 253 208 179
4.243213 -1.936443 20.429716 250 215 202
4.271080 -1.937140 20.438860 249 215 204
4.477741 -1.941256 20.560053 254 241 239
4.539512 -1.942284 20.606541 254 247 245
4.943855 -1.933990 21.671738 211 207 203
3.476316 -1.856823 21.853300 207 164 121
3.418971 -1.869238 21.182344 212 168 126
3.601552 -1.888777 20.533262 251 197 168
3.928196 -1.901416 20.424351 253 208 177
5.156363 -1.895058 22.555670 181 175 169
5.340774 -1.885170 23.296928 155 148 138
4.004841 -1.879040 20.406649 254 208 181
4.054549 -1.880983 20.390554 254 210 185
4.132843 -1.883502 20.389093 253 211 191
4.185740 -1.885110 20.392294 252 213 194
4.474988 -1.891005 20.537388 254 241 239
4.756959 -1.892021 20.887518 246 244 243
3.678108 -1.841145 20.501955 253 198 172
3.392624 -1.800358 20.747515 220 176 137
3.625866 -1.814129 20.501328 251 197 169
4.747412 -1.841546 20.832876 251 250 251
5.099475 -1.816045 22.269094 191 187 182
3.466925 -1.749796 21.752083 210 168 125
3.550159 -1.785755 20.522505 245 192 164
3.677555 -1.790801 20.487383 252 197 171
3.455848 -1.754948 20.605038 234 186 154
4.213953 -1.785669 20.385914 250 210 192
4.239921 -1.786535 20.384954 249 212 195
3.851145 -1.748199 20.405600 249 203 175
4.133509 -1.758416 20.370062 252 208 187
5.253216 -1.724449 22.711723 170 164 155
3.523080 -1.709314 20.501339 239 188 163
3.875920 -1.724257 20.391273 250 203 175
4.186642 -1.735023 20.370411 247 206 187
4.530992 -1.741205 20.529984 253 243 244
3.977767 -1.703177 20.367939 249 201 178
4.186617 -1.710070 20.365789 245 204 187
4.408982 -1.714978 20.437330 248 228 226
3.435133 -1.626020 20.619749 226 178 151
3.802154 -1.645697 20.408037 244 197 172
4.501267 -1.665423 20.499884 250 236 239
4.837628 -1.659205 20.982056 224 220 222
3.453147 -1.603681 20.549147 226 179 154
3.474528 -1.605819 20.510794 228 181 157
3.524184 -1.608376 20.486277 231 184 161
3.650586 -1.614070 20.445665 238 188 165
3.676836 -1.614973 20.444725 239 188 165
3.953182 -1.627154 20.363136 242 196 172
4.626723 -1.640649 20.598059 251 246 252
4.730763 -1.639548 20.719692 251 248 254
3.728029 -1.591994 20.429125 238 189 165
3.878170 -1.598866 20.380424 239 193 168
4.324106 -1.613448 20.386030 240 212 205
4.828712 -1.609040 20.931286 232 227 232
4.502777 -1.589892 20.495199 246 232 235
4.353711 -1.563790 20.396091 238 213 208
4.442709 -1.564453 20.451555 242 223 222
4.695185 -1.564062 20.663290 251 245 254
4.354618 -1.538670 20.396656 237 212 207
3.375713 -1.465054 20.743542 210 166 139
3.473274 -1.480458 20.472267 222 176 156
3.552761 -1.483117 20.472727 224 179 161
3.754059 -1.492873 20.406199 232 185 162
4.241762 -1.511974 20.346611 230 197 187
4.384867 -1.513777 20.414227 236 213 210
4.535519 -1.514312 20.515970 247 232 238
3.632703 -1.460546 20.471241 225 180 161
3.830508 -1.471186 20.385670 232 185 163
4.058208 -1.456268 20.332552 229 186 171
4.163419 -1.459619 20.337217 225 190 176
4.889776 -1.449391 21.070538 243 240 243
4.058711 -1.431295 20.330833 227 185 171
4.536316 -1.438903 20.507690 242 228 237
5.086227 -1.390971 21.866915 216 211 215
4.418315 -1.413233 20.435671 230 208 211
4.303869 -1.387074 20.378864 222 195 191
4.864892 -1.377161 20.940279 247 243 249
3.958016 -1.352147 20.339321 220 178 163
4.009379 -1.354211 20.333851 220 178 166
4.087012 -1.357110 20.329710 220 182 172
3.665950 -1.308940 20.484884 216 174 162
4.011297 -1.328826 20.340508 218 178 166
4.479067 -1.338092 20.466639 227 213 222
4.508258 -1.338263 20.481932 230 217 227
4.797237 -1.308906 20.733017 251 248 255
4.936455 -1.290816 21.139603 234 229 235
5.193016 -1.246642 22.081026 198 192 192
4.597512 -1.288292 20.526957 237 228 242
3.414750 -1.219014 20.570354 204 163 146
3.667700 -1.233203 20.480459 212 173 161
3.796093 -1.239137 20.456194 213 173 160
3.920380 -1.246227 20.410030 215 175 162
4.454413 -1.236866 20.457979 219 206 212
4.726260 -1.235703 20.634247 247 242 254
4.922415 -1.216621 21.061520 242 239 245
4.099057 -1.204493 20.371651 208 174 166
4.400849 -1.210404 20.447678 214 199 200
4.694668 -1.210978 20.604912 244 239 251
3.548905 -1.147880 20.559999 203 167 150
3.752609 -1.158824 20.501434 207 171 157
3.602312 -1.124565 20.555855 203 168 149
3.680968 -1.127831 20.548632 205 170 154
4.319736 -1.158547 20.425606 206 187 181
4.635880 -1.160570 20.566875 238 230 239
3.500859 -1.093462 20.586065 196 161 140
3.735390 -1.104088 20.552130 201 169 151
3.836587 -1.109789 20.520750 202 170 153
4.083253 -1.125433 20.418022 201 171 160
4.581391 -1.134160 20.553585 227 219 222
4.674445 -1.132843 20.623125 235 229 234
5.219271 -1.048873 22.174280 212 209 200
3.480141 -1.064609 20.623972 190 156 129
3.736238 -1.078649 20.552425 197 166 146
4.067151 -1.095913 20.472862 200 171 159
4.196578 -1.101365 20.460840 197 172 161
4.389555 -1.104940 20.509750 202 188 181
4.914480 -1.081322 21.132200 227 224 218
3.764223 -1.053912 20.556623 194 165 143
4.190773 -1.043044 20.567778 191 167 155
4.217696 -1.043822 20.570488 189 167 154
3.841109 -0.995425 20.699490 206 182 158
3.990432 -1.005686 20.632507 226 202 186
4.146370 -1.012806 20.612133 198 174 160
3.835711 -0.959702 20.832905 214 191 166
3.891639 -0.867223 21.742838 203 177 144
3.996527 -0.940449 20.823133 239 219 199
4.570267 -0.891774 21.745228 170 155 139
4.040009 -0.908850 20.918953 247 227 208
4.204627 -0.913738 20.933672 249 233 217
4.267312 -0.912251 20.982805 243 229 215
3.912965 -0.712914 22.663801 199 166 118
4.231753 -0.812430 20.915524 235 220 206
4.226265 -0.789333 20.879522 229 212 199
4.255672 -0.789242 20.893589 235 220 207
4.455137 -0.767016 21.245461 231 221 205
4.189570 -0.767308 20.818621 223 206 192
3.780040 -0.698553 21.135271 210 178 143
3.976981 -0.732721 20.828108 221 198 181
3.777413 -0.690422 20.929134 199 168 137
4.075981 -0.715577 20.772099 221 201 188
3.995027 -0.687522 20.763885 204 181 165
4.144929 -0.698831 20.701202 211 195 181
3.693162 -0.603171 21.278921 239 197 156
3.918101 -0.657306 20.780958 185 158 141
4.245057 -0.680745 20.660273 211 198 185
4.036454 -0.645332 20.681009 189 169 153
4.602758 -0.598251 21.418125 199 188 169
3.763205 -0.596863 20.812544 220 189 166
4.424798 -0.627039 20.760237 222 212 200
4.718328 -0.547035 21.724897 195 185 162
3.648043 -0.535408 21.137569 228 188 157
3.673003 -0.556350 20.929386 238 201 174
3.759198 -0.573951 20.780411 234 205 185
3.882800 -0.585260 20.711885 217 190 174
4.340418 -0.614662 20.588043 230 220 212
4.373343 -0.612579 20.622864 233 223 214
3.692322 -0.420872 22.059864 197 158 120
4.074329 -0.580216 20.575632 218 204 189
4.127992 -0.581890 20.579592 222 210 195
4.307781 -0.566742 20.545431 239 232 225
3.676678 -0.377675 21.932611 175 141 108
3.824765 -0.510475 20.667053 216 194 182
3.965983 -0.527515 20.551720 226 209 198
3.623227 -0.449396 20.938334 176 146 127
3.868360 -0.493394 20.599796 204 185 174
4.037621 -0.510065 20.500608 213 201 190
3.687161 -0.294442 22.209703 155 123 90
4.009129 -0.485399 20.483229 196 184 175
4.300661 -0.495694 20.493401 217 212 211
4.164085 -0.468473 20.460756 190 186 179
3.791813 -0.413250 20.605253 158 148 142
4.004912 -0.438275 20.448359 167 161 155
4.215800 -0.446209 20.451443 182 180 178
4.477441 -0.442376 20.583961 204 203 204
4.785475 -0.346056 21.603771 168 162 146
3.634836 -0.359864 20.806398 145 129 116
4.476650 -0.417821 20.575640 194 193 197
4.776473 -0.324176 21.554113 166 159 145
3.743609 -0.357770 20.628105 146 137 136
3.953477 -0.385935 20.446018 145 143 141
4.158396 -0.397431 20.414761 157 158 159
3.952473 -0.361824 20.435022 138 138 138
4.265788 -0.375410 20.424292 162 165 172
3.858673 -0.325227 20.502789 135 133 134
3.952385 -0.337156 20.429605 133 133 135
4.050357 -0.345790 20.387302 134 137 140
4.211033 -0.349971 20.406902 148 153 159
4.414942 -0.345848 20.515839 171 173 184
4.775049 -0.245951 21.534006 158 151 138
3.881987 -0.303569 20.478163 130 128 132
3.769732 -0.234407 20.597979 125 118 122
4.239564 -0.275564 20.406498 134 142 148
4.240215 -0.250492 20.405663 129 138 143
3.981750 -0.212686 20.423908 111 114 120
4.467012 -0.207729 20.629257 141 137 137
4.216083 -0.198812 20.408232 117 126 131
4.520169 -0.168175 20.763269 137 129 124
3.632260 -0.063423 21.114498 172 148 119
3.863806 -0.148103 20.499678 105 105 106
3.709730 -0.090981 20.705145 114 104 95
4.246293 -0.147988 20.421505 123 130 136
3.797513 -0.085292 20.574089 112 108 106
3.984236 -0.112295 20.419584 104 106 111
4.110902 -0.120851 20.392639 112 119 124
4.304284 -0.121892 20.447384 130 133 136
4.009229 -0.089648 20.407112 108 111 116
4.193899 -0.096498 20.412817 131 140 144
4.373378 -0.088756 20.531874 123 120 118
4.309276 -0.069235 20.465746 143 145 147
4.469393 -0.038667 20.755316 106 96 88
3.721999 0.019255 20.766052 115 104 93
4.113980 -0.044878 20.396526 133 139 142
3.724379 0.046342 20.776611 114 101 92
3.940827 -0.004674 20.456190 113 114 117
3.988860 -0.010345 20.428129 116 118 121
4.199215 -0.018922 20.429134 152 160 162
4.253551 -0.019825 20.439390 158 163 166
3.679708 0.106604 21.022181 127 105 86
4.064073 0.008336 20.402031 125 129 132
3.727551 0.099236 20.787010 111 97 89
3.745522 0.090466 20.727228 109 98 93
3.725787 0.122783 20.769625 113 99 91
4.094722 0.059711 20.418331 133 138 140
3.680114 0.208532 21.002050 121 99 83
3.813819 0.176579 20.627434 112 107 105
4.211490 0.162548 20.466377 152 156 155
4.054575 0.194698 20.467699 126 130 130
4.132652 0.239886 20.453115 130 134 132
3.812465 0.299448 20.592537 95 86 81
4.213093 0.286980 20.452841 135 137 132
4.131569 0.312807 20.433079 123 125 122
4.866517 -2.598423 23.193415 176 157 118
4.996867 -2.603388 23.254028 173 157 120
4.288533 -2.547894 22.926125 177 155 117
4.932814 -2.572094 23.224737 175 157 122
4.998203 -2.574562 23.255791 173 157 122
4.004845 -2.480400 22.791071 183 155 121
4.067601 -2.482664 22.817774 182 155 122
5.099290 -2.520505 23.306147 171 155 125
4.449430 -2.467949 22.989347 180 156 126
4.996401 -2.458617 23.225098 170 153 129
5.064086 -2.461132 23.267796 168 153 128
5.197714 -2.465992 23.341244 170 154 126
4.416969 -2.403822 22.259659 206 182 157
4.461967 -2.374000 21.702406 227 206 185
4.489581 -2.346544 21.392109 238 217 199
4.872459 -2.363122 22.256351 229 216 206
3.651253 -2.295302 21.852859 224 185 153
3.778057 -2.296128 20.985752 232 197 174
3.580808 -2.264745 21.311356 225 184 152
3.577430 -2.264121 21.081150 226 186 156
3.659381 -2.266327 20.895815 227 187 162
4.528017 -2.294054 20.866856 248 229 222
4.699740 -2.300011 21.073526 242 233 230
5.136563 -2.317991 22.860756 171 157 145
3.880504 -2.247650 20.770245 234 191 171
3.559352 -2.211682 20.932295 232 189 159
3.629375 -2.213997 20.858690 235 190 164
3.801606 -2.219630 20.766106 238 193 172
3.675953 -2.189980 20.805601 242 195 170
4.231602 -2.208356 20.661070 243 200 184
3.599457 -2.161862 20.821529 239 191 163
3.843303 -2.170337 20.681374 243 196 175
4.123433 -2.179667 20.633341 246 198 178
4.333389 -2.186497 20.642529 245 213 201
4.626178 -2.195454 20.813013 252 245 248
3.914579 -2.147599 20.628088 245 197 176
4.656617 -2.170959 20.830328 252 247 249
3.520145 -2.104037 21.436096 222 178 143
3.987725 -2.125002 20.589985 248 199 177
4.408995 -2.138723 20.620026 251 228 222
4.434984 -2.114457 20.615538 253 232 229
4.731659 -2.121755 20.935570 222 214 213
4.240012 -2.083551 20.535374 249 207 191
4.462636 -2.090183 20.620068 253 236 235
3.556502 -2.017968 22.147089 211 167 128
3.519451 -2.031566 20.786114 242 192 161
3.661995 -2.037621 20.669485 250 198 170
3.981839 -2.049797 20.537088 251 204 179
4.292781 -2.060241 20.536222 248 210 199
4.320291 -2.061064 20.545383 249 214 205
4.490856 -2.065891 20.627579 253 239 239
3.533914 -1.989150 22.188354 208 165 124
3.685555 -2.013359 20.644228 252 199 172
4.184952 -2.031908 20.506344 252 207 188
4.519679 -2.041568 20.638193 254 241 243
3.488290 -1.971362 21.366047 224 177 141
3.854235 -1.995168 20.541569 253 203 177
4.346294 -2.011919 20.536562 250 218 212
3.585802 -1.958899 20.670506 246 195 165
3.979036 -1.974852 20.503483 252 205 179
4.079037 -1.978595 20.481573 253 207 181
4.645755 -1.993904 20.743401 254 248 251
3.731546 -1.939989 20.581818 253 201 174
4.003216 -1.950876 20.487385 253 206 179
4.234881 -1.958910 20.481445 253 211 196
4.752256 -1.969947 20.880434 241 239 238
5.007204 -1.964272 21.740673 162 154 143
3.608135 -1.884447 20.622837 250 196 167
3.852986 -1.895120 20.510872 252 204 176
4.343056 -1.912297 20.499601 252 219 214
4.487205 -1.915692 20.580530 253 240 241
4.678360 -1.918713 20.763182 252 248 252
4.155643 -1.881696 20.455921 254 210 188
3.434407 -1.816703 21.111532 218 172 133
3.852759 -1.845180 20.498138 251 203 175
4.053062 -1.853158 20.454813 253 207 181
4.342842 -1.862515 20.488890 253 219 214
4.428029 -1.864534 20.531288 254 230 231
4.457533 -1.865120 20.550989 254 234 235
4.580082 -1.867149 20.650707 254 245 250
4.792794 -1.868190 20.933659 224 220 219
3.431751 -1.791229 21.083210 218 173 134
3.433379 -1.796106 20.882835 224 177 140
3.632501 -1.810122 20.590857 250 194 168
3.755058 -1.815777 20.534681 253 200 173
4.027798 -1.827319 20.453047 253 206 179
4.712393 -1.843259 20.789848 253 252 254
3.510782 -1.778925 20.654888 240 188 159
3.952930 -1.799387 20.464512 250 204 176
4.261781 -1.810443 20.458391 252 211 197
4.289045 -1.811190 20.466806 252 212 201
4.316420 -1.811928 20.475756 252 214 207
4.002847 -1.776576 20.447939 251 203 177
4.711079 -1.792887 20.774410 254 251 255
3.680785 -1.737364 20.544216 250 195 170
4.486888 -1.765893 20.551249 253 234 238
4.576041 -1.767350 20.611763 253 244 250
5.390676 -1.691674 23.277792 157 150 139
3.829316 -1.694311 20.480776 246 198 173
4.677830 -1.717189 20.724955 253 247 255
4.373618 -1.688840 20.483126 247 217 214
4.518040 -1.691357 20.565521 252 236 241
4.783422 -1.691398 20.856659 242 237 242
4.029136 -1.653348 20.424469 245 198 175
4.236355 -1.660655 20.430922 245 203 190
4.402277 -1.664517 20.494131 247 219 219
3.447697 -1.596174 20.731771 224 176 149
4.004752 -1.627374 20.427896 242 196 173
4.318887 -1.637840 20.455914 243 208 202
4.645557 -1.641762 20.679844 252 244 253
3.980746 -1.601302 20.433784 240 195 170
4.319621 -1.612936 20.455193 241 207 201
4.711156 -1.616555 20.743923 253 245 254
4.780700 -1.615899 20.830118 248 242 249
3.422110 -1.527970 21.151625 212 166 135
4.107441 -1.581720 20.414831 240 194 176
3.859741 -1.545147 20.476242 235 189 164
3.860868 -1.520047 20.477959 234 188 163
3.909063 -1.522812 20.454588 235 189 164
4.678405 -1.541356 20.696863 252 243 254
3.411687 -1.444260 21.265915 206 163 132
4.436017 -1.515134 20.509008 237 216 216
4.216031 -1.485487 20.427385 228 191 182
4.269562 -1.486979 20.439037 228 196 188
4.379449 -1.489406 20.477198 232 208 205
4.523519 -1.491229 20.557777 243 228 232
4.740057 -1.491413 20.736288 252 246 254
4.853621 -1.487995 20.908863 238 233 238
3.419790 -1.379227 21.542774 202 160 127
3.912105 -1.447698 20.457502 231 184 162
4.582666 -1.466812 20.591963 247 236 244
4.038076 -1.428658 20.431734 229 183 168
4.192296 -1.434631 20.429024 225 188 180
4.613511 -1.441865 20.613001 247 237 247
3.479549 -1.368670 20.712814 216 170 152
3.621416 -1.379899 20.593634 219 177 159
5.144543 -1.373769 21.904726 186 178 176
3.426198 -1.297819 21.572985 199 159 127
3.530807 -1.346079 20.694233 215 172 156
4.835422 -1.390481 20.803295 246 241 247
3.482763 -1.317235 20.724073 213 168 152
3.699411 -1.333154 20.577507 218 175 162
3.991319 -1.351188 20.445932 223 178 165
4.796488 -1.367073 20.736277 252 248 255
3.824239 -1.290222 20.527546 216 175 161
3.825152 -1.265079 20.527866 214 174 161
4.302969 -1.288437 20.443344 216 189 187
3.425952 -1.191912 21.089476 201 161 139
3.708127 -1.230378 20.613911 212 173 164
3.729708 -1.233053 20.582169 212 173 164
3.753821 -1.234795 20.568329 212 173 163
4.223570 -1.261369 20.426151 213 181 177
4.701533 -1.268048 20.634474 247 238 252
4.733191 -1.267636 20.663078 249 242 254
4.853229 -1.267770 20.742159 247 241 248
3.925783 -1.220649 20.495073 212 173 160
3.974059 -1.223874 20.472614 213 173 162
4.148449 -1.233033 20.433586 213 178 169
5.231158 -1.173975 22.151478 181 174 173
3.715608 -1.177645 20.653704 209 172 162
4.473846 -1.215806 20.517725 219 205 210
4.758814 -1.218852 20.653028 249 243 254
5.062423 -1.180742 21.479567 218 213 214
3.861547 -1.163077 20.572895 206 171 158
3.438232 -1.083754 21.159216 194 156 131
3.599278 -1.116063 20.751560 202 167 150
3.528848 -1.083727 20.812910 196 163 140
3.940079 -1.091529 20.558254 200 171 156
4.110777 -1.102881 20.490576 202 172 161
3.777714 -1.050899 20.689144 193 165 143
4.552015 -1.085891 20.633720 212 202 200
4.335622 -1.055558 20.581417 191 173 162
4.425386 -1.054691 20.646326 194 180 170
4.684044 -1.056416 20.772469 209 201 194
3.781548 -0.973440 21.067308 191 163 132
4.298750 -1.023244 20.661253 182 165 152
4.676070 -1.005269 21.131649 188 179 167
3.874240 -0.933415 20.957420 226 206 177
3.908356 -0.944046 20.832275 230 209 184
4.363468 -0.949152 21.016169 184 170 155
4.181881 -0.926006 20.881544 237 218 205
4.316873 -0.918967 21.049032 219 205 191
4.014882 -0.884957 20.992529 244 225 204
4.301796 -0.887751 21.110876 247 234 221
3.952952 -0.729193 22.622217 200 170 124
3.896849 -0.832578 21.269602 235 214 183
3.902397 -0.844000 21.126408 238 218 189
4.042476 -0.860273 20.992655 241 222 202
3.926381 -0.698909 22.634264 204 172 124
3.905030 -0.757907 21.882078 217 190 151
3.964299 -0.830671 20.999235 234 214 191
3.845314 -0.777368 21.276455 219 194 159
3.876186 -0.791400 21.119345 223 199 169
4.124783 -0.811827 20.995861 230 214 197
4.240656 -0.812245 21.050585 235 222 208
4.371000 -0.806837 21.184629 248 238 224
4.440866 -0.790135 21.426710 240 230 215
4.765656 -0.693594 22.442142 178 165 143
3.997878 -0.766493 20.857246 217 194 176
3.840189 -0.733863 20.860895 216 192 164
4.377977 -0.739856 21.057661 238 228 215
3.781175 -0.591210 22.177671 219 178 127
4.194624 -0.718582 20.915106 221 203 191
4.190554 -0.695318 20.885790 222 205 193
3.891626 -0.661605 20.832785 195 168 147
4.026107 -0.666182 20.846107 202 179 164
4.317284 -0.678363 20.849686 222 211 198
3.701474 -0.614039 20.983368 231 194 157
4.103735 -0.645362 20.830276 190 170 156
3.812605 -0.607738 20.824312 201 171 148
3.969248 -0.615841 20.810059 191 165 149
4.180577 -0.624888 20.811140 201 185 171
4.098263 -0.598109 20.786377 205 186 172
4.095570 -0.574550 20.764711 216 199 184
4.121935 -0.575670 20.765030 218 201 187
3.696533 -0.355222 22.579475 197 154 111
3.637094 -0.498840 21.074858 206 168 140
3.670805 -0.514369 20.930264 216 180 157
3.672362 -0.366991 22.163412 181 142 104
3.885255 -0.515124 20.756670 223 199 186
4.298460 -0.537581 20.713238 238 230 223
3.632225 -0.390367 21.636427 167 131 99
4.345462 -0.492902 20.673960 225 218 218
4.398663 -0.494682 20.679655 229 223 224
4.728967 -0.445654 21.306499 175 166 146
3.707786 -0.427224 20.790308 168 146 138
3.757064 -0.432031 20.764936 172 152 145
3.883804 -0.441267 20.730042 180 164 157
4.109453 -0.433349 20.658503 180 174 167
3.957388 -0.398419 20.684721 161 152 148
4.530144 -0.425438 20.672171 193 189 187
3.630319 -0.326583 20.979902 144 122 109
3.652992 -0.305673 20.943607 141 122 112
3.885513 -0.340711 20.718363 145 138 139
4.006876 -0.353063 20.655298 145 142 142
4.529932 -0.375991 20.661858 175 172 173
3.655999 -0.278288 20.958923 138 119 110
3.981711 -0.326469 20.656252 138 136 139
4.105765 -0.336599 20.615465 139 141 142
3.641335 -0.242605 21.040844 134 113 98
3.861104 -0.288549 20.719494 136 130 134
4.283988 -0.322619 20.587065 152 156 165
4.469378 -0.328824 20.607088 169 169 176
4.630593 -0.277838 20.899778 156 148 137
3.719907 -0.218914 20.825951 130 116 118
4.008286 -0.253214 20.642387 122 122 130
4.057527 -0.257622 20.623661 122 124 132
4.131870 -0.263740 20.600084 125 130 136
4.474846 -0.276401 20.626928 157 155 161
3.722322 -0.192129 20.836670 125 111 112
3.885886 -0.216439 20.692327 121 118 123
4.107326 -0.236911 20.603952 119 124 131
4.208714 -0.243478 20.587637 125 133 141
4.707934 -0.200871 21.152149 161 148 130
3.664027 -0.099843 21.379860 156 132 105
4.034352 -0.205085 20.631081 113 115 124
4.107923 -0.211872 20.602318 114 120 127
3.682858 -0.105909 21.114084 138 118 103
3.714683 -0.100918 20.951504 124 108 100
3.795192 -0.126213 20.772881 113 106 108
4.369401 -0.149235 20.594851 124 124 129
4.527786 -0.138157 20.746271 134 122 116
4.631783 -0.110186 21.015247 140 123 111
4.461598 -0.119434 20.667097 120 112 109
4.497785 -0.114463 20.721085 123 112 107
3.966325 -0.070509 20.669460 105 105 111
4.289362 -0.097759 20.573219 136 140 146
3.804112 -0.019751 20.809439 115 109 106
4.264944 -0.070931 20.577061 141 147 152
4.406329 -0.044956 20.635582 123 116 114
3.877359 0.021243 20.757219 116 113 113
3.947850 0.010760 20.702162 116 114 118
4.166008 -0.013310 20.596458 135 141 146
4.217188 -0.016410 20.591341 150 156 162
4.377536 -0.020911 20.615582 139 134 133
3.766070 0.094312 21.079823 115 100 89
3.795138 0.070824 20.910952 113 103 97
3.925174 0.039586 20.719755 113 111 114
4.093458 0.043755 20.619814 125 127 132
4.142142 0.038673 20.599062 134 138 143
3.882972 0.100184 20.776749 110 105 107
3.843950 0.139336 20.863281 111 103 102
4.194753 0.085681 20.591948 150 155 158
4.272583 0.081759 20.590763 160 162 164
4.002067 0.133027 20.685282 112 111 115
4.097681 0.120761 20.629496 127 129 132
3.799162 0.224454 21.091541 116 102 96
4.276982 0.134070 20.605808 161 161 162
3.800483 0.250842 21.094488 117 103 97
3.912906 0.200979 20.776770 113 110 111
3.958205 0.192102 20.729055 114 113 114
4.125642 0.194678 20.624908 132 136 137
4.200801 0.188444 20.606844 144 147 147
3.804338 0.304770 21.108694 107 93 87
4.055777 0.254677 20.666176 119 122 124
3.984678 0.289661 20.707991 96 97 97
3.856122 0.349336 20.897346 91 80 76
3.984686 0.338939 20.697046 90 90 88
4.151790 0.316118 20.599483 134 135 133
4.868828 -2.616887 23.208984 172 157 120
3.959512 -2.550718 22.800203 182 155 116
4.238158 -2.562101 22.918211 177 155 117
4.425509 -2.541286 22.992825 174 155 119
4.332818 -2.509166 22.952116 174 152 118
4.444739 -2.455825 22.911461 192 170 143
5.200469 -2.487276 23.384296 168 155 123
3.827308 -2.403467 22.639111 206 175 145
3.961459 -2.407357 22.567852 205 179 153
3.731557 -2.371437 22.559359 203 167 132
3.708415 -2.342988 22.595560 203 165 129
3.696697 -2.335487 21.636433 214 176 150
4.608825 -2.366837 21.571474 224 210 195
4.930904 -2.385417 22.564053 223 210 198
5.082516 -2.394369 23.059181 201 190 176
3.731059 -2.306853 21.086498 225 187 164
3.782894 -2.308623 21.078098 227 192 171
4.150270 -2.321437 21.063814 233 204 185
4.303408 -2.326657 21.037512 234 209 191
4.525534 -2.334877 21.108431 238 222 211
5.003351 -2.360759 22.641581 215 204 194
3.647492 -2.277969 21.049730 226 186 162
3.770466 -2.282014 20.983221 230 192 171
4.105186 -2.293646 20.940607 231 195 176
4.361700 -2.302597 20.916119 232 206 190
4.388755 -2.303580 20.922211 234 209 194
4.443575 -2.305588 20.938244 239 216 204
4.936084 -2.328385 22.142443 208 197 191
5.260182 -2.345298 23.361229 164 152 135
3.567974 -2.249388 21.042549 226 184 154
3.654995 -2.252056 20.902327 233 192 168
3.960206 -2.262718 20.841784 231 190 171
4.597846 -2.285631 20.925423 251 236 234
3.675442 -2.227191 20.852760 236 193 169
3.726551 -2.229005 20.843821 236 193 171
4.102049 -2.242277 20.747797 235 190 171
4.358625 -2.251437 20.740410 237 206 192
4.587603 -2.259820 20.865772 252 238 237
4.761058 -2.266592 21.228516 225 215 215
4.044450 -2.215002 20.704723 240 193 174
4.322988 -2.225015 20.678295 239 203 188
3.617191 -2.174277 20.794794 240 193 166
4.639693 -2.211180 20.858179 251 243 246
4.840426 -2.217596 21.490150 213 203 204
5.166111 -2.227540 22.864365 162 150 142
3.517460 -2.145191 20.825302 236 188 158
3.589854 -2.147956 20.778492 240 191 164
3.789538 -2.155393 20.717020 244 196 175
4.390727 -2.177549 20.616713 252 223 214
3.483605 -2.117916 20.965939 227 181 147
3.514914 -2.119776 20.797960 238 189 159
3.538849 -2.120725 20.780722 239 189 160
4.052609 -2.140393 20.577005 246 198 177
4.564843 -2.158515 20.724270 254 243 244
4.666348 -2.161685 20.852703 248 241 244
4.698933 -2.162728 20.887909 243 237 240
3.832449 -2.106946 20.643452 249 198 177
3.952082 -2.111691 20.583710 248 199 177
3.460945 -2.065666 20.980873 228 180 146
4.757598 -2.113208 21.046083 226 219 220
4.320911 -2.076247 20.489035 248 215 200
3.605976 -2.022884 20.668476 246 193 165
3.730438 -2.027908 20.632414 251 200 176
4.066294 -2.042020 20.480137 251 204 180
3.555759 -1.995732 20.674082 244 189 160
3.896305 -2.010224 20.529554 252 203 177
4.163022 -2.021247 20.444769 252 207 184
4.162046 -1.996606 20.433355 253 208 184
4.400962 -2.004847 20.495586 252 225 221
3.508263 -1.943203 20.693996 243 190 159
3.847462 -1.958450 20.532845 253 203 176
3.701007 -1.927145 20.579729 253 199 173
3.895021 -1.935805 20.502436 253 205 176
4.235661 -1.950341 20.408739 254 212 192
4.546463 -1.959427 20.586102 254 243 244
3.462126 -1.890357 20.725962 237 185 153
3.774003 -1.905529 20.543808 253 201 175
3.822357 -1.907742 20.523617 253 202 175
3.846424 -1.908850 20.513195 253 203 176
4.014654 -1.916494 20.446054 254 208 179
3.674097 -1.876412 20.557903 253 199 172
4.110030 -1.896215 20.402626 254 209 182
4.760280 -1.912265 20.888260 235 232 231
4.836952 -1.910421 21.144203 221 217 215
3.438576 -1.838706 20.731064 232 181 147
3.771549 -1.856074 20.513821 253 200 174
3.845664 -1.859333 20.495436 253 202 175
4.013428 -1.867262 20.426554 253 207 179
4.672050 -1.887471 20.694941 254 250 252
3.482907 -1.816617 20.661795 239 186 156
3.551728 -1.820809 20.592840 245 191 163
4.037131 -1.843781 20.410221 253 206 179
4.338754 -1.855828 20.399307 252 220 210
4.394529 -1.857370 20.428846 252 227 220
4.258802 -1.828716 20.369511 251 212 195
4.481163 -1.834845 20.482756 254 237 236
4.511137 -1.835444 20.507812 254 241 241
4.571506 -1.836630 20.559170 254 246 247
3.413701 -1.751361 21.152046 215 169 131
4.422043 -1.809032 20.430996 252 229 226
4.813122 -1.810379 21.004738 239 236 234
3.462132 -1.739641 20.680458 233 182 153
3.577675 -1.722187 20.565081 242 189 164
3.627090 -1.724602 20.549202 246 192 167
3.674318 -1.727333 20.518641 249 194 170
4.037644 -1.745410 20.390043 251 204 179
4.600574 -1.763149 20.563637 253 247 250
3.578250 -1.697229 20.562277 240 188 163
3.847518 -1.710738 20.469889 248 198 173
3.990283 -1.718359 20.405102 249 202 177
4.014360 -1.719562 20.397007 250 202 178
4.161536 -1.726300 20.368799 251 206 185
4.186194 -1.727391 20.365368 251 206 186
4.365391 -1.734142 20.381084 248 219 212
5.324621 -1.697354 22.979841 165 160 145
3.441260 -1.662472 20.698828 229 179 149
3.530786 -1.669504 20.586796 235 185 160
3.872065 -1.687253 20.457119 247 198 173
3.895746 -1.688573 20.445185 247 199 173
4.736918 -1.713879 20.730967 252 249 253
3.579826 -1.647251 20.559853 235 185 162
3.872762 -1.662489 20.455479 245 197 171
4.088311 -1.673882 20.372993 248 201 179
4.261693 -1.681544 20.353739 244 207 191
3.944873 -1.641729 20.421415 244 198 172
5.280174 -1.618667 22.747360 169 164 153
4.089973 -1.624643 20.371653 244 197 177
4.238758 -1.631303 20.355888 240 202 186
4.893108 -1.631914 21.110003 210 206 206
3.606780 -1.573642 20.547398 230 183 162
3.875601 -1.588074 20.455503 239 192 167
3.994959 -1.594839 20.404873 240 194 171
4.115300 -1.601208 20.366266 242 195 177
5.264780 -1.565366 22.661928 173 167 159
3.415509 -1.511601 21.317585 208 163 131
3.402942 -1.523448 20.989849 212 166 137
3.406908 -1.530577 20.805336 215 169 141
4.020269 -1.571380 20.398600 239 193 171
3.925386 -1.541246 20.435453 235 190 165
4.700216 -1.565351 20.644993 252 245 253
3.388454 -1.458756 21.300617 203 160 125
3.657117 -1.501822 20.518372 225 181 160
4.118381 -1.527280 20.367821 236 189 173
3.409156 -1.416556 21.701666 199 158 120
3.426428 -1.458298 20.727755 214 169 142
3.490840 -1.465575 20.619389 219 173 148
3.563149 -1.470344 20.578495 221 176 154
4.119291 -1.502658 20.367636 234 186 173
4.193490 -1.506169 20.358501 231 190 179
3.659036 -1.451923 20.518536 222 178 158
3.683292 -1.453398 20.508255 223 179 159
3.782765 -1.458548 20.486748 226 181 160
4.461644 -1.489236 20.442286 236 220 219
3.470188 -1.413159 20.645985 215 170 145
3.361338 -1.365083 21.037645 199 158 124
3.390090 -1.375708 20.835539 208 163 135
4.002451 -1.421660 20.410475 228 181 165
4.050879 -1.424398 20.396139 228 181 167
3.448818 -1.360778 20.667534 212 167 142
4.099708 -1.402577 20.379309 226 181 171
4.380867 -1.413724 20.398901 224 204 202
4.668642 -1.417207 20.584309 248 242 247
4.700223 -1.417050 20.615892 249 245 249
3.376114 -1.319793 20.922440 202 160 131
3.613466 -1.349250 20.533714 214 173 156
3.836099 -1.361728 20.475822 219 176 160
4.174015 -1.381816 20.364695 222 184 178
3.591106 -1.322332 20.551882 213 171 156
3.715423 -1.329331 20.520391 216 174 162
3.765437 -1.331969 20.511215 216 175 163
4.699237 -1.367934 20.601196 248 243 249
3.430947 -1.282013 20.710102 206 163 143
3.769400 -1.306095 20.532024 215 174 164
4.077693 -1.327386 20.382141 219 177 169
4.302166 -1.338036 20.365757 217 191 190
4.383713 -1.339855 20.398991 220 201 201
3.447159 -1.177297 22.199896 190 153 118
3.910739 -1.292015 20.444382 216 174 162
4.933350 -1.300686 21.116890 234 232 237
3.477229 -1.236795 20.648796 205 163 148
3.748607 -1.254048 20.552870 212 173 164
3.796137 -1.257608 20.526335 212 173 164
3.819006 -1.259654 20.507521 212 173 164
4.360598 -1.289443 20.400156 216 195 196
4.765143 -1.292767 20.662674 250 247 253
3.443051 -1.125168 22.146391 188 152 118
3.478859 -1.211344 20.654091 205 163 149
3.942593 -1.242121 20.473284 212 173 161
4.766078 -1.267846 20.662560 250 247 253
3.708870 -1.173435 20.615915 207 170 160
4.673063 -1.219388 20.567940 242 235 245
3.419462 -1.125161 20.782137 198 159 140
3.612108 -1.141376 20.658257 204 167 155
4.477880 -1.191838 20.468555 219 207 210
3.640093 -1.116926 20.666260 202 167 152
4.120346 -1.152301 20.447021 204 172 164
4.144359 -1.153900 20.438772 204 172 165
4.241311 -1.159885 20.413021 202 177 172
4.318738 -1.162814 20.422041 206 185 182
3.766262 -1.099365 20.635963 200 168 151
4.321346 -1.137614 20.431421 204 185 179
5.205487 -1.068209 22.142862 222 220 213
3.747772 -1.070434 20.680910 196 166 144
3.943226 -1.084231 20.606100 200 171 154
4.178864 -1.103102 20.481722 198 172 162
4.520267 -1.114533 20.544659 216 206 205
4.602629 -1.116139 20.577444 224 216 216
3.556690 -1.028451 20.800808 187 155 124
3.580798 -1.030603 20.785133 188 156 125
3.901876 -1.053222 20.666624 198 170 150
3.997178 -1.060958 20.616175 201 174 158
4.288747 -1.080488 20.523653 191 172 162
4.395789 -1.083399 20.553373 198 183 175
4.885510 -1.069616 21.094448 214 210 200
3.594107 -0.999427 20.878489 183 152 116
4.100080 -1.040954 20.611227 200 174 161
4.273869 -1.051133 20.579193 189 168 157
4.548113 -1.056656 20.682863 203 193 185
4.804441 -1.050570 20.944309 203 196 184
4.107287 -0.977551 20.802752 229 210 195
4.051758 -0.939745 20.938803 242 222 204
4.191460 -0.953782 20.835323 218 201 185
3.985925 -0.905410 21.015881 241 222 198
4.001597 -0.873223 21.111895 244 226 201
4.154089 -0.883257 21.074072 249 231 213
4.500155 -0.826120 21.693789 225 214 199
4.570840 -0.810431 21.940605 205 193 177
3.923574 -0.712834 22.449640 212 181 136
3.892286 -0.805004 21.257399 227 204 175
3.930604 -0.814818 21.155630 230 208 183
4.234743 -0.835797 21.072329 240 227 211
4.293325 -0.835798 21.107712 244 233 218
4.553562 -0.790871 21.836887 214 203 187
3.927563 -0.790956 21.128590 225 202 177
3.950371 -0.794021 21.103865 226 204 180
4.233308 -0.811196 21.057812 234 221 206
4.678819 -0.739078 22.224632 185 173 154
4.021813 -0.776343 21.046148 222 202 181
4.286763 -0.788118 21.057367 236 224 210
4.434748 -0.775195 21.302988 243 232 217
3.790220 -0.678988 21.458025 217 182 140
4.248548 -0.741929 20.974600 225 211 197
3.794279 -0.580786 22.297247 222 180 127
3.964916 -0.700470 20.999550 215 192 172
4.217181 -0.718039 20.937498 224 210 196
4.533229 -0.694438 21.391094 210 200 184
3.773572 -0.653924 21.132055 197 161 124
4.505143 -0.681097 21.229267 209 199 184
4.798699 -0.606976 22.242155 169 156 129
3.781714 -0.515746 22.401617 228 184 135
3.736943 -0.616155 21.245729 221 185 145
4.313377 -0.676937 20.878904 220 209 197
4.890654 -0.567603 22.429052 168 155 122
3.908312 -0.624887 20.953501 183 156 134
3.685469 -0.561381 21.246948 239 201 163
4.351214 -0.636380 20.787510 211 201 189
4.065328 -0.598151 20.774494 200 180 164
4.135327 -0.581356 20.721386 216 202 187
4.346446 -0.589225 20.749374 231 221 212
4.513645 -0.577648 20.959789 242 231 220
4.798942 -0.500962 21.920660 191 178 154
3.707927 -0.346480 22.681471 192 150 105
3.984847 -0.546335 20.745119 222 201 187
4.056876 -0.553361 20.709488 221 204 190
4.081354 -0.555392 20.701090 221 206 192
4.368128 -0.567836 20.720888 237 228 220
4.425417 -0.567568 20.753515 238 230 223
4.687365 -0.512271 21.465595 213 202 184
3.727398 -0.327400 22.598337 173 134 96
3.627415 -0.460329 21.183691 186 152 124
4.365198 -0.544666 20.698933 241 233 226
4.074704 -0.509923 20.647945 227 215 204
4.528049 -0.509726 20.881018 235 229 221
4.814476 -0.429030 21.842331 184 174 153
3.669563 -0.439939 20.890244 174 147 135
3.737090 -0.451402 20.810167 182 159 149
4.121390 -0.490664 20.613110 212 201 192
3.780905 -0.434856 20.744846 172 155 148
3.805058 -0.437386 20.732075 173 156 150
3.874874 -0.446442 20.678055 179 162 155
3.899622 -0.448454 20.670662 182 165 158
4.069359 -0.463989 20.602959 196 183 176
4.093954 -0.465910 20.596388 196 185 178
4.144011 -0.469207 20.589025 197 189 182
4.196285 -0.471224 20.595333 200 194 187
4.749283 -0.408279 21.489208 178 173 156
4.142429 -0.445684 20.573729 184 178 172
4.599618 -0.427975 20.971075 199 197 190
3.709508 -0.376948 20.779068 155 138 136
4.140955 -0.422140 20.559095 171 167 162
4.352324 -0.428765 20.599344 199 196 202
4.664875 -0.384615 21.173563 180 177 168
3.603967 -0.305228 21.163816 144 118 99
3.896528 -0.376900 20.631224 152 143 142
3.992922 -0.386383 20.588717 154 147 144
4.467656 -0.402583 20.666418 206 206 212
3.636644 -0.209144 21.830236 156 126 95
3.968413 -0.359900 20.590172 147 142 141
4.016492 -0.364623 20.569424 147 143 142
4.377257 -0.381575 20.585300 187 188 198
3.778376 -0.313634 20.693920 142 133 138
4.405051 -0.357240 20.592697 181 183 194
3.621099 -0.216189 21.272163 141 116 91
3.803654 -0.290921 20.682835 137 130 134
4.089036 -0.322589 20.531151 134 137 139
4.377333 -0.332767 20.575075 170 173 185
4.115029 -0.299340 20.528074 129 134 138
4.270284 -0.306035 20.540878 145 151 159
3.899444 -0.252737 20.618938 124 123 128
4.438962 -0.280633 20.623119 161 163 173
3.760837 -0.207984 20.725935 124 116 118
4.272048 -0.256354 20.540079 134 142 151
4.409318 -0.257264 20.595181 154 157 167
3.627441 -0.133502 21.087322 156 132 106
4.195722 -0.227897 20.535601 119 129 136
3.649642 -0.113548 21.047180 149 127 106
3.973131 -0.186147 20.577641 110 110 116
3.996800 -0.188907 20.564922 109 110 117
4.248287 -0.205339 20.539099 121 130 138
4.567890 -0.181176 20.888186 145 139 136
3.668878 -0.047400 21.175947 162 139 116
4.172820 -0.152003 20.534212 107 117 123
4.545213 -0.128363 20.895102 135 126 125
4.146932 -0.126619 20.526363 108 116 123
3.694801 -0.023402 20.961157 132 113 99
4.000330 -0.089193 20.563152 102 103 110
3.841289 -0.038717 20.697371 112 111 108
4.394747 -0.078592 20.618921 123 121 123
3.689807 0.046365 21.104326 128 105 90
3.735102 0.037384 20.851610 116 103 93
3.845086 0.013228 20.710091 115 114 111
3.932927 -0.004794 20.606983 115 115 117
4.027292 -0.016811 20.553513 117 119 124
4.202696 -0.029185 20.531855 143 150 156
4.230992 -0.028643 20.548162 149 156 162
4.341977 -0.003900 20.593512 155 156 158
4.374101 -0.000881 20.630419 141 139 140
3.708264 0.112441 21.023668 123 103 91
3.935525 0.045874 20.611469 111 110 112
4.054023 0.031099 20.548613 119 120 126
4.153046 0.023044 20.528822 136 141 145
4.316106 0.021581 20.586256 154 156 159
4.378893 0.051097 20.646547 134 130 131
4.505812 0.080411 20.920713 104 92 88
3.721459 0.148572 20.914156 118 101 91
3.779517 0.125905 20.769087 111 101 97
4.033076 0.084584 20.565895 116 117 120
4.209528 0.072606 20.549688 153 158 161
4.237331 0.072837 20.562941 157 161 164
3.711622 0.270809 21.623390 111 83 61
3.721151 0.172952 20.904961 119 102 93
3.779665 0.150512 20.763407 112 103 100
4.268944 0.124339 20.587044 160 162 164
4.358144 0.153385 20.652401 149 147 145
3.690310 0.298328 21.239922 108 83 64
4.139067 0.178497 20.564142 133 139 140
4.361500 0.180180 20.665924 146 145 141
3.920088 0.225968 20.635298 107 107 107
3.736833 0.284386 20.795242 96 79 72
3.896829 0.253954 20.645809 103 101 100
3.823146 0.310459 20.658941 97 85 83
3.941049 0.317165 20.579189 90 88 86
4.089049 0.351456 20.530556 114 114 111
3.801426 -2.493292 22.718063 185 155 114
3.861479 -2.495913 22.741488 184 154 115
4.071528 -2.504993 22.818321 179 152 116
4.349979 -2.517779 22.964012 176 153 115
4.688713 -2.532838 23.112303 176 156 120
4.908296 -2.542814 23.220919 172 157 121
3.979071 -2.472637 22.759752 187 158 123
4.500356 -2.495867 23.003948 179 156 120
4.593679 -2.500068 23.050373 179 156 121
5.193357 -2.527205 23.357796 168 155 121
4.685387 -2.475710 23.078764 180 159 128
3.907897 -2.412500 22.636230 205 178 147
3.964519 -2.414637 22.636105 205 177 147
4.289098 -2.428074 22.728935 205 180 151
4.253031 -2.392066 22.124687 216 190 164
5.041902 -2.431847 22.992031 186 175 156
4.236732 -2.358352 21.500841 230 206 182
4.067993 -2.322309 21.085245 233 203 180
3.658259 -2.290155 22.414600 209 168 133
3.623913 -2.280858 21.268032 224 183 155
4.780211 -2.327889 21.581505 234 224 219
3.811303 -2.260317 20.907303 234 190 168
3.981753 -2.266623 20.843538 230 189 170
4.231191 -2.276171 20.808672 225 187 169
4.968653 -2.312322 22.146069 196 186 178
3.589808 -2.226621 20.985113 234 188 161
3.729645 -2.231645 20.868370 239 194 169
4.247155 -2.251491 20.745893 230 190 174
4.272257 -2.252473 20.744751 230 191 175
4.399030 -2.257468 20.747656 239 214 202
4.612521 -2.266123 20.812574 253 242 244
4.083829 -2.194969 20.661570 243 195 176
4.108848 -2.195964 20.660099 243 195 176
4.257145 -2.201850 20.642687 240 198 183
4.357904 -2.205865 20.644428 244 213 201
4.383708 -2.206897 20.648529 248 219 209
4.437208 -2.209049 20.667370 250 227 222
3.548219 -2.148316 21.691055 221 175 140
3.934350 -2.164094 20.670147 246 195 175
4.328236 -2.179899 20.611984 241 207 193
4.484842 -2.161418 20.642159 253 236 236
3.575355 -2.099136 20.831499 242 191 162
3.644581 -2.102140 20.770700 247 195 168
3.809266 -2.109153 20.668560 248 197 173
3.880269 -2.112148 20.633310 248 197 175
4.427677 -2.134491 20.596636 252 229 225
3.643082 -2.077012 20.751570 247 195 168
3.926297 -2.089307 20.595800 249 199 176
4.146254 -2.098486 20.554598 247 202 181
4.346519 -2.106665 20.555447 248 217 205
4.597561 -2.116256 20.699244 254 246 252
4.119744 -2.072775 20.539356 248 203 179
4.566995 -2.065685 20.658457 254 246 249
4.699714 -2.069885 20.829834 246 241 245
4.743371 -2.070969 20.925617 228 223 224
3.552224 -1.983351 22.364090 209 164 124
4.093936 -2.022458 20.521915 250 206 179
4.143360 -2.024551 20.517969 250 207 182
3.539003 -1.956585 22.241501 209 165 124
3.591571 -1.974684 20.717861 247 193 164
3.503448 -1.944595 20.825378 241 188 158
3.923042 -1.965675 20.539892 251 204 177
4.267271 -1.956131 20.494078 251 212 195
4.398292 -1.961191 20.531319 252 226 221
3.947733 -1.917464 20.523296 252 206 177
3.565685 -1.873736 20.683527 249 192 164
3.708931 -1.881058 20.611280 253 200 173
3.850829 -1.888280 20.541660 253 203 175
4.068908 -1.898483 20.489853 253 207 179
4.318609 -1.909182 20.491137 250 216 203
4.425663 -1.913087 20.533699 253 231 226
4.902243 -1.918742 21.445978 216 211 208
4.371895 -1.886647 20.505442 252 222 214
4.509362 -1.891308 20.577641 254 242 240
4.629142 -1.894590 20.684635 253 249 251
3.437087 -1.810207 21.092678 217 169 131
3.924376 -1.842435 20.514662 252 205 176
4.243748 -1.857009 20.478161 249 211 190
4.269240 -1.858050 20.481642 249 212 194
4.629612 -1.869882 20.681658 253 248 252
4.730516 -1.871700 20.815813 251 247 251
4.767533 -1.872143 20.876740 250 246 248
3.709575 -1.806703 20.593485 252 197 171
3.542947 -1.772727 20.673283 244 188 162
3.973327 -1.795620 20.492989 251 204 177
3.757542 -1.759837 20.559458 251 197 172
4.245472 -1.783510 20.470243 246 208 189
3.456146 -1.699611 21.441656 213 166 128
3.498665 -1.719692 20.711786 237 184 157
3.925978 -1.744027 20.498091 250 202 176
3.950110 -1.745258 20.491755 250 202 176
4.121163 -1.753511 20.465918 253 207 182
3.441213 -1.687952 20.865322 224 174 142
3.499372 -1.694673 20.709135 236 183 156
3.521260 -1.696435 20.679453 238 185 160
4.403093 -1.740452 20.506496 248 222 217
4.696093 -1.747388 20.740587 252 247 255
3.478152 -1.667836 20.736599 232 180 153
3.522212 -1.671427 20.678774 236 184 159
4.663567 -1.722308 20.696108 252 246 254
3.440584 -1.637864 20.842752 223 173 143
4.197708 -1.683394 20.458014 245 204 182
4.222950 -1.684476 20.460083 243 204 184
3.495328 -1.580375 21.970778 209 162 126
3.524734 -1.621295 20.682310 232 182 157
3.665525 -1.630551 20.589634 238 188 165
3.737979 -1.634648 20.563637 240 190 166
4.198598 -1.658884 20.457233 243 202 182
3.526071 -1.596205 20.684677 230 180 157
3.715034 -1.608438 20.573299 236 188 164
3.858369 -1.616842 20.516041 240 193 168
3.881868 -1.618279 20.504829 240 194 169
3.905850 -1.619624 20.497147 241 195 169
4.026420 -1.626135 20.466297 243 197 173
4.380965 -1.641318 20.498877 242 214 208
3.551507 -1.572610 20.675373 229 180 158
3.740739 -1.584909 20.568653 235 188 163
3.859705 -1.592084 20.518154 238 191 166
4.003411 -1.600232 20.472597 241 195 170
4.602984 -1.622938 20.618242 250 241 249
4.854909 -1.621348 21.010529 234 229 234
3.884393 -1.568830 20.508030 236 190 165
4.463567 -1.594801 20.532051 241 222 221
3.530613 -1.520765 20.695950 225 177 156
3.577016 -1.524276 20.658960 225 180 158
4.253160 -1.562970 20.461372 230 197 182
4.464640 -1.570225 20.532314 239 220 220
4.576917 -1.572937 20.601200 246 235 242
4.605532 -1.573551 20.620846 247 238 248
3.577835 -1.499347 20.657288 224 179 157
3.674384 -1.480753 20.609325 225 180 158
3.983784 -1.500371 20.481119 234 187 164
4.105259 -1.506973 20.458704 233 188 171
4.130188 -1.508151 20.458590 233 189 173
4.179831 -1.510538 20.457306 229 191 176
3.436300 -1.421498 21.173374 207 164 132
3.699883 -1.457303 20.602510 224 180 158
3.912785 -1.471472 20.502384 230 184 162
4.977322 -1.487608 21.340509 207 202 207
5.063891 -1.479454 21.640301 177 170 175
3.466760 -1.414267 20.768440 214 169 142
3.558971 -1.422184 20.685040 219 175 153
3.914040 -1.446747 20.503918 228 182 161
4.832225 -1.475188 20.864447 249 246 252
3.515171 -1.392797 20.735630 216 172 148
4.994167 -1.439495 21.285658 188 182 189
3.463538 -1.304462 22.077831 195 156 120
3.428116 -1.357886 20.858604 207 164 137
3.704500 -1.382262 20.613585 219 176 159
3.800167 -1.388707 20.572834 221 178 160
4.110240 -1.408535 20.464228 225 182 171
4.697394 -1.427137 20.677546 248 242 253
3.682183 -1.355538 20.628723 217 174 159
3.825196 -1.365478 20.563963 219 177 160
3.462743 -1.251455 22.051270 193 155 121
4.498725 -1.374649 20.537886 228 213 217
4.581520 -1.376559 20.581871 237 224 234
3.993891 -1.327217 20.500135 218 175 162
4.609758 -1.352663 20.594181 239 227 238
4.790068 -1.353652 20.752071 250 246 255
4.863426 -1.351468 20.868481 246 243 249
3.462736 -1.198281 22.031654 191 153 121
3.854065 -1.292205 20.567554 214 174 162
4.066651 -1.307195 20.478510 217 176 165
4.367355 -1.321524 20.487331 216 194 193
5.310740 -1.262774 22.547743 172 162 163
3.479195 -1.236122 20.810137 206 165 147
3.502080 -1.238485 20.786642 207 166 150
4.527673 -1.301919 20.543358 227 213 218
5.254888 -1.247208 22.270941 174 165 165
3.551662 -1.216962 20.763294 207 169 156
3.627083 -1.221382 20.750778 206 170 160
3.717370 -1.230649 20.662066 210 173 165
4.166659 -1.263501 20.466604 211 176 171
3.481828 -1.096801 22.415482 187 151 117
3.462262 -1.118924 21.998262 189 152 121
3.813651 -1.212965 20.616570 209 173 162
4.144759 -1.237113 20.478970 210 175 168
4.268869 -1.243494 20.475630 208 180 177
4.370946 -1.247778 20.490301 212 191 190
5.294969 -1.192453 22.322733 157 146 140
3.510226 -1.160873 20.826832 203 165 151
3.533649 -1.163128 20.807817 204 166 154
4.028097 -1.203965 20.525772 209 172 159
4.246588 -1.217241 20.485088 206 178 173
4.271776 -1.218415 20.486671 206 180 176
4.556339 -1.229251 20.547291 226 215 222
5.250137 -1.175779 22.101217 159 148 142
3.439133 -1.129366 20.871737 197 159 139
3.960632 -1.173199 20.570913 206 171 158
4.126665 -1.185195 20.508770 205 173 164
4.557466 -1.204648 20.547834 225 215 221
4.758542 -1.206660 20.687391 247 242 253
5.212865 -1.157974 21.916256 162 151 144
3.467954 -1.036946 22.018698 185 150 116
3.466524 -1.105164 20.875122 196 159 139
3.611910 -1.117072 20.799147 201 167 152
3.707504 -1.125087 20.746103 202 171 156
3.892980 -1.142129 20.618183 202 170 155
4.152628 -1.161856 20.508293 202 173 163
4.725800 -1.182918 20.642221 244 237 248
4.876698 -1.182734 20.773413 245 240 246
4.912459 -1.181395 20.826200 242 236 242
3.732899 -1.101794 20.737091 200 171 152
3.964111 -1.123171 20.580238 201 170 155
4.129509 -1.135671 20.513670 200 171 160
4.302559 -1.145145 20.502958 201 180 173
4.989354 -1.145212 21.074038 218 211 210
3.569430 -1.061026 20.853306 191 159 136
3.617739 -1.065101 20.827742 194 163 140
3.828595 -1.084864 20.684601 197 168 148
4.156228 -1.112092 20.517756 197 171 159
4.591302 -1.130524 20.579273 225 214 219
4.743147 -1.137425 20.593256 240 233 240
4.774310 -1.137015 20.625294 240 234 240
3.902095 -1.065281 20.658808 198 170 149
3.971568 -1.071623 20.615646 200 172 154
4.134615 -1.085345 20.532476 196 170 158
4.595870 -1.104884 20.598106 221 210 212
4.022293 -1.049710 20.610380 200 175 157
4.523388 -1.075978 20.605145 208 198 190
5.060135 -1.051417 21.403852 193 188 173
4.695527 -1.052698 20.717205 196 185 180
3.992527 -0.990060 20.732689 224 203 181
4.259295 -1.008969 20.660057 180 161 149
4.532864 -1.014883 20.782562 173 162 145
3.863081 -0.881578 21.829506 191 162 125
4.278754 -0.977471 20.769472 189 172 159
3.903105 -0.864861 21.719492 213 188 154
3.909161 -0.915029 21.020569 233 212 184
4.305272 -0.943054 20.920719 211 196 183
4.267521 -0.910388 20.995218 244 230 216
4.391257 -0.896942 21.270163 220 208 194
3.922680 -0.743516 22.654182 196 164 117
3.944169 -0.763750 22.397001 206 178 136
4.112700 -0.852597 20.979048 238 223 205
4.334156 -0.832344 21.067078 246 237 223
4.722704 -0.751335 22.388523 178 165 143
4.360326 -0.808606 21.063282 243 232 218
3.828055 -0.763110 20.952545 226 201 170
3.846035 -0.768492 20.897507 224 200 170
4.045721 -0.782455 20.858587 212 192 176
4.703386 -0.717747 22.113642 178 164 141
4.077063 -0.756486 20.888716 214 195 180
4.107391 -0.755708 20.918583 214 196 181
4.134285 -0.756541 20.926382 215 197 182
4.185801 -0.759239 20.927773 216 200 186
3.780252 -0.708554 20.965778 208 179 143
4.050338 -0.730903 20.874916 220 202 185
4.304352 -0.745606 20.865610 238 228 216
3.818755 -0.693755 20.864679 202 176 146
4.104638 -0.707559 20.887789 220 202 189
4.226748 -0.717264 20.852530 227 215 202
4.327228 -0.723500 20.844244 235 225 213
4.102194 -0.684070 20.865639 205 186 172
3.743844 -0.475915 22.733116 215 170 114
4.099748 -0.660643 20.843491 190 170 156
4.330941 -0.672605 20.853775 210 198 185
3.681912 -0.546816 21.579206 231 189 144
3.793033 -0.618402 20.842440 197 168 140
4.352396 -0.626696 20.818470 216 205 194
4.379946 -0.627113 20.830988 215 205 194
4.503649 -0.622856 20.955208 214 204 190
4.143320 -0.593585 20.777266 205 190 176
4.038400 -0.565029 20.750648 215 197 184
3.640596 -0.466674 21.015785 188 156 132
4.085399 -0.521172 20.713013 230 217 206
4.656507 -0.519632 21.069256 190 181 160
3.654154 -0.329118 22.173052 176 139 100
4.185573 -0.503234 20.699451 219 211 201
3.594685 -0.389268 21.254631 160 128 100
3.696367 -0.412135 20.827089 164 143 135
3.815095 -0.401534 20.750769 162 148 145
4.057673 -0.423721 20.671551 171 164 157
3.638293 -0.344672 20.957851 147 126 116
3.718144 -0.367412 20.782835 152 137 135
4.255676 -0.413504 20.640860 175 173 173
3.610182 -0.298898 21.135826 143 119 100
4.408608 -0.396956 20.647190 196 197 206
4.033208 -0.348916 20.657118 141 140 140
4.229708 -0.364050 20.623756 154 158 159
4.518403 -0.373672 20.693558 178 180 182
3.615960 -0.199506 21.583960 157 129 94
3.627106 -0.257892 21.047508 132 114 97
3.704741 -0.283714 20.850290 139 126 123
3.938151 -0.314553 20.692232 136 132 136
4.106565 -0.330702 20.634899 136 140 140
4.588716 -0.341894 20.796389 162 161 155
3.725409 -0.264522 20.805397 136 125 123
4.206043 -0.313307 20.620354 139 146 150
4.410005 -0.323566 20.637589 169 175 183
4.306349 -0.295276 20.612856 147 155 161
4.385627 -0.273307 20.629908 153 160 167
3.663673 -0.106012 21.502310 153 131 101
4.440082 -0.249688 20.648235 151 155 160
3.678504 -0.068353 21.609198 160 138 107
4.184929 -0.212650 20.619942 115 125 131
4.283704 -0.219869 20.609163 128 137 142
3.780338 -0.142992 20.793518 112 107 102
4.161288 -0.185984 20.623081 109 119 124
4.237050 -0.166298 20.618307 111 123 127
4.338417 -0.171894 20.623352 123 131 135
4.041934 -0.125302 20.653366 100 104 110
4.418993 -0.149123 20.647535 126 129 130
3.808799 -0.069350 20.791271 109 105 99
3.747104 -0.027680 20.894772 115 104 92
3.789699 -0.038170 20.830448 112 106 98
3.996298 -0.070239 20.672495 102 102 108
4.140077 -0.085270 20.622238 106 115 118
4.239225 -0.092552 20.612823 121 132 135
3.839730 0.006255 20.806396 115 113 108
4.318086 -0.046740 20.621159 152 158 159
3.908551 0.019387 20.744825 113 112 112
4.498352 -0.013034 20.780539 104 91 83
3.981477 0.084393 20.700930 107 108 111
4.146023 0.063464 20.620714 130 136 138
4.440936 0.058333 20.724415 107 101 96
4.077733 0.122098 20.654354 119 123 126
4.198553 0.109941 20.621208 148 154 155
3.765935 0.285589 21.338491 115 99 87
3.878037 0.209707 20.836079 111 111 109
4.057483 0.175906 20.673363 126 130 132
4.304198 0.155253 20.638577 165 168 166
3.747012 0.319551 21.387068 105 85 71
4.060097 0.250256 20.670218 113 117 117
4.256429 0.232536 20.635366 139 141 139
4.335576 0.230387 20.656734 141 140 137
3.823463 0.332847 20.965801 92 82 76
4.013908 0.305523 20.685926 93 96 94
3.821726 0.379961 20.938602 71 58 52
3.990433 0.332923 20.691629 86 87 84
4.132266 -2.576892 22.903332 179 156 111
4.221911 -2.581271 22.940786 179 156 113
4.890314 -2.614636 23.250334 171 155 118
4.104846 -2.519751 22.890156 181 154 116
4.047073 -2.489168 22.869617 184 153 118
4.314197 -2.501752 22.969440 180 152 120
4.738956 -2.522494 23.166159 170 152 120
3.989933 -2.458711 22.853460 186 153 120
4.018825 -2.459977 22.859285 186 152 120
3.726297 -2.418652 22.761272 193 158 121
4.406807 -2.444390 22.649042 192 165 137
3.779490 -2.389156 22.503334 213 174 145
4.005224 -2.390097 21.949480 216 184 159
4.425327 -2.409148 22.076645 213 189 165
5.030131 -2.450689 23.204464 191 176 157
5.066546 -2.452859 23.250156 188 173 154
5.205503 -2.460649 23.391861 171 156 132
3.734863 -2.360948 22.581554 217 178 148
3.796307 -2.347279 21.381889 233 197 172
4.010162 -2.356639 21.423674 236 208 187
4.213362 -2.366894 21.564232 236 209 187
4.391705 -2.373932 21.542181 235 215 192
3.937264 -2.325944 21.268764 231 195 175
4.802547 -2.373498 22.238846 228 212 200
3.891041 -2.296787 21.115965 228 186 167
4.475058 -2.322705 21.261160 230 208 195
4.608016 -2.330128 21.437490 237 219 209
5.004318 -2.358996 22.598009 219 209 199
3.648771 -2.274182 22.529734 206 164 129
3.602959 -2.233290 21.052197 231 186 161
3.716390 -2.237238 20.941694 235 190 168
3.742341 -2.238368 20.945621 236 190 169
3.793753 -2.240579 20.950020 236 190 170
3.919830 -2.245880 20.945145 233 188 169
4.192505 -2.257195 20.915049 231 188 173
4.592218 -2.275192 21.053288 249 234 230
4.108783 -2.228217 20.854023 241 192 176
4.359978 -2.238982 20.862083 236 204 191
3.856073 -2.192316 20.836493 242 194 173
3.978827 -2.197491 20.816341 244 194 175
4.048514 -2.175411 20.773020 246 194 177
4.222416 -2.182922 20.769596 244 197 183
4.481246 -2.194332 20.831566 250 229 224
4.632525 -2.201389 20.981319 254 243 244
3.749002 -2.137501 20.774326 246 195 171
4.143023 -2.154584 20.732656 247 196 179
4.593428 -2.174533 20.897341 253 242 242
4.701273 -2.179588 21.076794 252 245 251
3.516497 -2.102661 21.357008 224 176 143
3.561307 -2.104366 20.878210 240 189 163
3.964840 -2.121971 20.699562 249 198 177
4.418342 -2.141890 20.742260 248 223 216
4.527984 -2.146733 20.803236 252 238 234
4.558366 -2.148083 20.834543 252 240 239
5.105167 -2.173065 22.655039 189 179 173
5.269634 -2.180668 23.365866 162 152 140
4.134127 -2.104697 20.662424 249 200 181
4.361329 -2.114707 20.691471 246 215 205
4.736786 -2.130910 21.120518 246 239 243
4.155490 -2.081031 20.634270 250 203 182
4.727576 -2.105471 21.065399 248 242 246
3.980308 -2.048625 20.614384 251 202 178
4.435417 -2.068761 20.679655 251 230 224
3.478636 -1.999331 21.000790 234 182 151
3.713431 -2.011718 20.655455 249 197 171
4.758967 -2.056608 21.087164 250 247 248
5.288697 -2.068992 23.293186 171 161 148
3.509696 -1.976533 20.825893 243 187 159
4.298278 -2.013940 20.583763 249 211 195
4.324202 -2.015062 20.591917 248 214 201
5.333467 -2.042378 23.372246 168 156 139
3.489470 -1.950228 20.859266 239 185 155
3.616058 -1.957628 20.659632 247 192 166
3.639654 -1.958798 20.648386 248 194 168
4.705245 -2.005274 20.922441 253 250 253
3.734271 -1.938791 20.600363 252 199 173
4.094507 -1.956075 20.525629 252 206 180
4.481793 -1.972811 20.638950 253 238 235
4.701168 -1.980464 20.894762 253 251 253
4.832127 -1.982420 21.321507 239 237 237
3.780370 -1.916586 20.565813 253 200 174
4.044905 -1.929384 20.515839 253 205 179
4.069221 -1.930529 20.514074 253 206 180
4.093514 -1.931673 20.512297 253 206 181
4.452185 -1.947276 20.603960 253 233 230
3.523376 -1.853552 20.685856 245 189 161
4.289645 -1.892079 20.499763 250 212 196
5.274793 -1.903091 23.041155 174 164 152
3.454345 -1.818075 21.163685 220 172 135
3.873845 -1.847983 20.503246 254 203 176
4.590337 -1.879230 20.672321 254 246 248
5.264875 -1.875723 22.984303 175 165 154
3.444616 -1.789814 21.293846 215 167 128
3.709023 -1.814715 20.556711 252 198 172
4.166075 -1.837746 20.478395 253 208 187
4.502470 -1.851919 20.586786 254 238 235
5.379555 -1.846227 23.417915 163 153 138
3.801890 -1.795465 20.502901 251 199 174
3.413985 -1.742301 21.009142 217 167 130
3.563998 -1.758052 20.574211 246 190 164
4.092196 -1.785679 20.461870 253 205 183
4.215152 -1.791517 20.465996 250 209 189
4.529355 -1.804245 20.588133 254 239 238
4.678722 -1.808576 20.733860 253 247 253
5.373226 -1.790239 23.373020 164 155 142
4.313780 -1.771914 20.465694 246 211 198
4.189192 -1.741992 20.443159 249 206 186
4.498399 -1.754894 20.539610 252 234 233
3.414392 -1.671943 20.764215 222 171 139
4.361521 -1.725978 20.447468 245 215 206
3.709131 -1.667921 20.508266 244 192 169
3.755817 -1.670752 20.487497 245 193 170
3.875635 -1.677307 20.462200 248 196 173
3.497769 -1.588713 22.153021 208 160 125
3.449633 -1.627513 20.617048 230 177 151
3.518494 -1.632317 20.565432 234 182 159
3.923031 -1.655703 20.442442 247 197 175
4.140476 -1.667011 20.423393 246 201 182
4.238279 -1.671821 20.425137 241 203 187
3.756556 -1.621969 20.476818 241 191 168
3.827722 -1.626104 20.456301 243 192 170
4.313409 -1.651077 20.431238 239 207 196
4.362219 -1.653482 20.432453 241 214 206
3.432544 -1.555943 21.325073 211 162 130
3.428867 -1.576256 20.634859 223 172 146
3.780331 -1.599051 20.462208 239 190 168
4.141289 -1.618603 20.414759 242 197 180
4.289646 -1.625666 20.428038 236 202 191
5.289760 -1.606367 22.770603 171 162 152
3.566683 -1.561765 20.525208 230 181 161
4.093457 -1.591866 20.414036 242 193 176
4.190595 -1.596861 20.411364 237 196 181
4.215171 -1.598062 20.412712 235 197 182
4.363639 -1.605096 20.427948 238 211 205
5.274540 -1.580774 22.688314 173 164 156
3.449898 -1.529295 20.582062 223 174 150
3.664156 -1.542822 20.501442 232 185 164
4.341020 -1.579545 20.431231 235 207 199
4.555152 -1.586852 20.541309 247 232 239
5.250184 -1.529541 22.554272 180 171 166
3.404415 -1.453073 21.266991 206 160 127
3.617360 -1.491009 20.506382 226 180 159
4.267793 -1.527681 20.416588 229 195 184
3.450558 -1.455765 20.559734 219 172 148
3.475299 -1.457134 20.557373 220 173 151
3.735942 -1.474286 20.458370 228 182 162
3.759568 -1.475795 20.450628 229 183 162
3.854613 -1.481628 20.425951 232 184 164
3.878501 -1.483040 20.421204 232 185 165
4.445262 -1.511223 20.452896 234 216 215
3.665104 -1.445416 20.475245 224 179 160
3.807107 -1.454543 20.430161 229 182 163
3.902479 -1.460292 20.409773 231 184 165
4.295283 -1.456222 20.415827 224 196 184
4.670624 -1.468224 20.608488 246 242 251
3.666281 -1.396641 20.467440 221 177 159
4.473639 -1.439606 20.457392 230 216 218
3.388157 -1.350355 20.630890 207 162 138
3.857044 -1.384540 20.412220 224 179 163
3.977876 -1.391458 20.400200 226 180 164
4.699256 -1.420351 20.619242 248 245 253
4.794832 -1.420485 20.734816 251 248 254
3.357715 -1.316553 20.796104 200 158 130
3.388732 -1.325701 20.626204 206 162 139
3.525762 -1.337847 20.516459 215 172 154
4.074700 -1.372820 20.387081 224 181 168
4.396960 -1.388414 20.423048 221 203 200
4.172673 -1.353911 20.383373 220 182 173
4.246463 -1.357635 20.388468 218 185 177
4.296868 -1.359846 20.399275 219 191 183
4.727761 -1.372473 20.629251 247 245 254
3.391879 -1.275738 20.633913 205 162 141
3.931168 -1.316126 20.393286 219 175 163
3.694838 -1.275960 20.454500 213 173 164
3.837492 -1.285540 20.416424 215 174 163
4.249062 -1.309097 20.390848 214 182 178
4.350180 -1.313452 20.414150 217 193 190
4.401351 -1.315496 20.429234 218 199 198
4.611868 -1.322543 20.519430 235 229 237
4.787844 -1.324495 20.676159 249 248 254
4.821006 -1.324134 20.720751 249 247 253
3.768428 -1.256016 20.442671 212 172 163
3.702446 -1.225243 20.494251 208 171 163
4.057022 -1.249786 20.394873 214 175 164
4.724854 -1.276339 20.591099 245 242 251
4.953172 -1.267735 21.002747 219 213 219
3.387745 -1.168369 20.776987 198 159 136
3.659495 -1.196067 20.536016 207 170 162
3.707369 -1.199428 20.522352 206 171 162
3.941618 -1.217026 20.433622 212 173 161
4.378738 -1.241858 20.419823 213 193 192
4.612751 -1.250192 20.506437 232 225 235
4.784882 -1.252431 20.643919 250 247 254
3.403469 -1.149127 20.684851 198 160 138
3.849133 -1.185672 20.466509 207 171 159
4.013387 -1.197592 20.414610 209 172 162
4.060704 -1.200774 20.404303 209 173 163
4.639852 -1.226847 20.515722 235 229 241
4.752195 -1.228762 20.595322 247 244 253
4.833883 -1.230872 20.639952 251 248 254
5.213644 -1.176777 22.026527 190 180 180
4.084851 -1.178241 20.395554 207 172 163
3.600846 -1.113108 20.634739 201 165 153
4.861863 -1.183085 20.647194 243 238 244
3.602959 -1.087936 20.642437 198 164 146
3.831013 -1.109767 20.489042 199 168 150
4.809490 -1.140311 20.494732 239 234 234
3.562039 -1.032483 20.698065 188 156 125
3.657468 -1.040335 20.658730 193 162 135
3.983488 -1.068398 20.504200 202 174 158
3.873316 -1.032295 20.587811 194 168 143
3.815990 -0.996920 20.702585 189 165 135
4.092913 -1.022028 20.560080 207 183 169
4.425424 -1.045236 20.496906 182 168 154
4.449661 -1.046672 20.496283 183 170 155
4.570266 -1.053933 20.491360 197 183 175
4.685399 -1.062566 20.460194 191 181 172
4.994629 -1.035517 21.157850 182 175 152
3.865176 -0.964216 20.864965 212 190 160
4.045451 -0.983763 20.726345 227 207 189
4.171466 -0.990421 20.736031 211 191 178
4.224017 -0.992315 20.753494 200 181 168
4.557948 -0.989004 21.097919 175 162 145
4.592933 -0.996600 21.013178 178 165 148
4.894552 -1.013259 21.025358 174 164 142
4.445712 -0.942250 21.321213 178 163 148
4.137817 -0.921759 20.984591 249 234 218
4.446539 -0.906438 21.471025 195 183 168
4.241256 -0.866144 21.143311 249 235 221
3.938317 -0.821605 21.159101 232 213 184
3.982493 -0.827760 21.110706 234 214 189
4.107812 -0.836260 21.096252 235 218 201
4.304154 -0.839616 21.210157 247 235 221
3.940506 -0.680054 22.720837 219 185 140
3.917421 -0.768034 21.176334 219 196 168
4.058521 -0.782907 21.091879 220 201 182
4.134963 -0.762670 21.085089 218 201 185
4.299037 -0.766960 21.157663 234 220 207
3.810658 -0.642625 21.703861 215 178 136
3.841725 -0.687983 21.161634 210 182 152
4.415607 -0.692336 21.225965 231 220 209
3.747865 -0.626864 21.212883 214 178 137
4.019432 -0.664364 20.962589 200 178 161
3.739425 -0.606801 21.140610 225 190 152
3.824317 -0.623011 21.010893 193 164 136
3.793394 -0.575320 20.954720 221 193 167
4.228526 -0.613348 20.830553 207 193 181
4.383848 -0.595766 20.857346 226 218 210
3.638021 -0.443550 21.746225 188 149 111
4.238753 -0.573452 20.726820 233 223 212
3.619293 -0.450218 21.372084 184 147 115
3.919013 -0.526435 20.748106 226 204 191
4.052529 -0.496612 20.626581 215 200 192
3.608779 -0.402341 21.053772 162 132 111
3.729483 -0.433771 20.807302 172 151 141
3.752325 -0.436937 20.789627 175 154 146
3.864248 -0.453497 20.692116 186 166 160
4.001095 -0.470456 20.607140 196 183 174
4.293394 -0.491583 20.582830 215 210 209
3.624970 -0.386046 20.970394 156 129 114
3.750631 -0.413806 20.768885 164 147 141
3.773082 -0.417188 20.749067 167 149 144
3.928983 -0.440294 20.615339 176 161 156
3.974821 -0.445737 20.589880 179 165 159
4.093988 -0.456254 20.560961 184 175 170
4.417747 -0.474729 20.585983 221 220 226
3.653259 -0.235351 22.256149 173 136 102
3.816625 -0.400553 20.693274 162 147 144
3.838730 -0.404024 20.672689 162 148 145
3.928276 -0.416733 20.602968 165 153 150
3.663355 -0.349379 20.855608 149 127 120
3.612185 -0.301641 21.044363 141 116 98
4.388251 -0.404014 20.538218 194 195 204
4.534370 -0.400071 20.670975 185 184 190
3.972471 -0.351497 20.544607 141 138 139
4.337765 -0.377803 20.522696 174 176 185
4.535481 -0.351516 20.664785 168 168 172
3.817706 -0.279603 20.661034 135 128 130
4.314132 -0.328125 20.514570 155 161 169
4.476320 -0.329581 20.602369 167 170 177
3.670705 -0.222643 20.868361 129 114 101
4.315614 -0.303506 20.516768 150 157 165
3.731943 -0.214444 20.750175 124 115 111
4.343412 -0.279468 20.529760 149 156 164
3.633961 -0.137383 21.161695 149 127 98
4.124275 -0.192250 20.519468 108 116 122
4.376107 -0.204988 20.558071 136 139 146
4.527488 -0.196971 20.719542 144 139 134
3.938112 -0.147306 20.586409 105 104 111
4.407261 -0.178932 20.589878 133 133 138
3.686763 -0.064415 20.938684 141 124 106
3.705882 -0.071293 20.890793 129 115 100
4.007528 -0.131966 20.546780 99 101 109
3.713799 0.007895 20.924662 125 109 94
3.943496 -0.048104 20.592598 108 108 113
4.155323 -0.070955 20.525152 117 125 129
4.307926 -0.077725 20.556944 139 144 148
4.420920 -0.075260 20.642502 125 119 120
3.698460 0.042556 20.992870 125 107 90
4.108932 -0.041860 20.535826 118 123 128
4.133189 -0.043829 20.533566 121 127 132
3.716597 0.058714 20.928549 118 103 88
3.947712 0.002682 20.605938 115 114 120
4.184460 -0.022108 20.539557 138 146 149
4.341325 -0.026155 20.595835 158 160 161
4.161702 0.004624 20.544048 136 142 145
3.755293 0.093095 20.822254 111 100 92
3.704807 0.145308 21.006279 128 107 94
3.929879 0.081328 20.630707 107 106 110
3.952626 0.077887 20.616425 107 107 111
4.002878 0.122383 20.605612 109 111 115
4.298277 0.100382 20.599159 158 160 162
3.726138 0.212354 20.948765 118 100 92
4.099792 0.137388 20.584810 124 128 130
3.743705 0.227435 20.881718 116 101 95
3.940253 0.208857 20.663054 110 113 113
3.987353 0.226776 20.637562 106 110 110
4.057581 0.217892 20.609941 120 124 125
4.429161 0.211369 20.760485 122 118 112
4.011742 0.248338 20.627169 106 110 110
4.106987 0.237922 20.602158 128 132 133
3.898813 0.315068 20.690266 94 90 88
4.060613 0.291532 20.607874 115 118 117
4.340251 0.277595 20.655376 138 137 134
3.921876 0.335290 20.669498 90 87 84
4.184254 0.306097 20.600885 137 140 137
3.854682 0.371788 20.715786 80 68 65
4.184229 0.329758 20.593853 130 133 129
4.125527 -2.560187 22.832350 179 155 112
5.017945 -2.580554 23.250147 169 152 120
4.128281 -2.505136 22.832827 176 149 112
3.862950 -2.462961 22.686441 186 152 116
4.806079 -2.512918 23.122669 174 155 127
4.987858 -2.522854 23.220457 170 153 126
4.167058 -2.448859 22.701181 199 173 142
4.984305 -2.494282 23.193110 177 161 136
4.529028 -2.438115 22.750902 211 190 163
4.689227 -2.447978 22.900581 205 183 158
5.111638 -2.473728 23.282248 172 156 136
3.776052 -2.367652 22.184635 224 186 159
4.017803 -2.378421 22.196495 225 195 169
3.654263 -2.333310 22.053246 212 172 141
3.764773 -2.331843 21.673679 221 180 156
4.216726 -2.353068 21.753883 223 191 169
4.508456 -2.366777 21.806122 220 196 176
3.813659 -2.301579 21.256231 219 178 155
4.070613 -2.313399 21.284008 221 182 161
4.095649 -2.314490 21.282751 221 182 162
4.653767 -2.339889 21.325026 244 229 221
3.727319 -2.271063 21.169168 226 182 160
3.902106 -2.278689 21.155619 227 186 163
3.620051 -2.240164 21.112108 230 185 159
3.661273 -2.215815 21.029720 237 190 166
4.473762 -2.250666 20.844044 247 228 221
3.559466 -2.185792 21.010838 233 186 158
3.941418 -2.202026 20.880836 240 195 169
5.274248 -2.286685 23.365845 160 151 132
4.121345 -2.184477 20.761532 244 196 173
4.238645 -2.189653 20.732944 242 200 179
4.631962 -2.209137 20.900082 254 245 248
5.273745 -2.258619 23.356134 158 150 131
3.556262 -2.134945 20.964806 237 187 160
4.595695 -2.182304 20.827505 253 244 246
3.509751 -2.112364 21.866484 205 161 122
3.596795 -2.111255 20.878075 240 189 164
4.369476 -2.146125 20.632811 247 218 206
4.559918 -2.155685 20.756714 253 243 242
3.467104 -2.081602 21.259769 212 167 129
3.783743 -2.094698 20.779722 248 198 173
3.852945 -2.097830 20.745644 246 198 171
4.178045 -2.112737 20.635849 248 202 176
3.490256 -2.056527 21.013348 231 181 148
3.527310 -2.058024 20.903246 238 187 156
4.103702 -2.084716 20.617701 250 203 175
3.525341 -2.032847 20.877058 239 188 156
3.749858 -2.018736 20.685316 250 199 174
3.980740 -2.029906 20.591139 250 203 174
3.862702 -1.999691 20.607874 251 201 173
4.186760 -2.015604 20.510624 250 207 183
3.611409 -1.962446 20.739693 245 192 165
3.814393 -1.972825 20.602913 252 201 174
3.883651 -1.976301 20.575760 252 202 174
3.906995 -1.977464 20.569057 251 203 175
4.160935 -1.990135 20.492054 251 207 184
4.043555 -1.960051 20.503134 252 206 180
5.298261 -2.008596 23.277857 175 169 156
3.632193 -1.914185 20.690252 249 194 168
4.427763 -1.954811 20.499706 252 231 228
5.235789 -1.978830 23.088701 191 187 181
3.453559 -1.876060 21.278210 216 168 130
3.519479 -1.883233 20.769260 242 188 158
3.540311 -1.884522 20.736679 245 189 161
3.880314 -1.903091 20.527838 253 202 175
3.950404 -1.906725 20.510210 252 205 176
4.136343 -1.916344 20.466194 253 209 184
4.159299 -1.917539 20.459797 253 210 185
4.374472 -1.928277 20.460602 251 223 215
3.519175 -1.858455 20.756874 242 187 157
3.833851 -1.876293 20.534206 253 201 174
3.973198 -1.883672 20.493059 253 206 178
3.995885 -1.884899 20.483469 253 206 180
4.136294 -1.892185 20.458477 253 210 184
4.507908 -1.910176 20.535023 254 243 239
4.595427 -1.913783 20.622562 254 248 249
3.632168 -1.840310 20.662128 250 194 168
3.743018 -1.846854 20.573288 252 199 173
3.996002 -1.860678 20.476419 253 207 180
4.400847 -1.881327 20.461815 252 227 219
3.631889 -1.815748 20.650671 249 193 168
3.742556 -1.822456 20.561132 251 198 172
3.810815 -1.826351 20.526333 252 200 173
3.996080 -1.836477 20.469107 253 205 179
4.019357 -1.837726 20.463804 253 206 180
3.440118 -1.777894 20.901012 226 177 140
3.586670 -1.788458 20.673141 247 191 164
3.697437 -1.795384 20.580112 250 197 170
4.113914 -1.818547 20.446266 254 208 184
4.207843 -1.823519 20.434902 252 209 189
3.697325 -1.770977 20.570330 249 196 170
5.169764 -1.817524 22.568913 198 192 187
3.697525 -1.746574 20.562893 248 195 170
3.880507 -1.757439 20.479876 250 199 175
4.091352 -1.769048 20.440321 253 204 182
3.428056 -1.700539 20.982296 221 171 137
3.497159 -1.708778 20.720436 238 184 155
3.653540 -1.719243 20.591436 246 192 168
3.720227 -1.723621 20.541243 248 195 171
3.974343 -1.738480 20.453356 251 201 177
3.437920 -1.678544 20.840567 227 176 144
3.789619 -1.703465 20.506021 246 195 170
4.068210 -1.719590 20.430655 250 201 180
4.304555 -1.732358 20.414507 245 208 196
4.378082 -1.735993 20.427132 247 219 211
5.296242 -1.734203 23.059114 178 170 164
5.431269 -1.733550 23.466610 164 155 137
4.649043 -1.722670 20.603111 253 245 254
3.520728 -1.636441 20.680897 235 182 157
3.542674 -1.638105 20.658468 236 183 159
4.353713 -1.686876 20.410063 245 213 205
4.430598 -1.690278 20.442223 249 224 220
3.438057 -1.604207 20.810627 224 173 144
3.521393 -1.611821 20.676506 233 181 157
3.543271 -1.613532 20.653605 234 182 159
4.405004 -1.665204 20.425051 246 219 214
5.430849 -1.649829 23.443857 166 157 143
3.860484 -1.610800 20.459438 241 192 168
4.045805 -1.622043 20.410454 243 195 174
4.092813 -1.624731 20.404634 244 196 176
4.187725 -1.629975 20.400305 241 198 181
4.431225 -1.642355 20.432449 246 221 218
3.438847 -1.554667 20.796679 222 171 143
3.544825 -1.564371 20.646767 230 180 158
3.954238 -1.592286 20.432568 241 191 169
3.976960 -1.593758 20.423635 241 192 171
4.140522 -1.603379 20.396458 242 196 178
4.211647 -1.607329 20.393543 238 197 181
4.140953 -1.579393 20.391811 239 194 177
4.188640 -1.582016 20.391491 236 195 179
4.651000 -1.602091 20.581978 251 243 252
4.710497 -1.603619 20.644648 253 247 254
4.787447 -1.603636 20.796530 252 248 253
3.591660 -1.518661 20.608425 226 180 158
3.680562 -1.525603 20.538368 229 184 161
4.023681 -1.548567 20.399549 238 189 170
4.847876 -1.577205 20.978014 249 245 250
3.405567 -1.474484 20.910273 210 164 133
3.795311 -1.509289 20.478737 231 184 163
3.840591 -1.512486 20.456327 232 185 165
4.190019 -1.534043 20.385538 232 192 177
4.434121 -1.546473 20.422256 238 217 213
5.265830 -1.522670 22.714985 194 187 187
4.048461 -1.501899 20.389580 235 187 169
4.384028 -1.520293 20.400555 234 209 204
3.456915 -1.389619 22.033218 200 157 120
3.528597 -1.439268 20.666586 221 175 152
3.796748 -1.460834 20.472055 228 181 162
4.239322 -1.464898 20.374258 225 190 179
4.263239 -1.466224 20.375036 224 192 181
4.714252 -1.482743 20.633244 250 248 254
4.626458 -1.432900 20.533733 243 238 246
4.715341 -1.434493 20.626524 249 247 254
5.095054 -1.411233 21.820942 212 205 212
5.284682 -1.391099 22.643539 182 174 178
3.489436 -1.336258 20.712032 213 169 147
3.798038 -1.364383 20.447418 219 177 160
4.099141 -1.384748 20.370188 225 182 167
4.363735 -1.399348 20.386580 221 200 196
4.414633 -1.401507 20.406361 223 206 205
4.655128 -1.409600 20.553637 245 241 250
4.815695 -1.410423 20.769110 250 247 253
3.405539 -1.301550 20.835882 203 161 135
3.776504 -1.338359 20.458206 217 175 161
3.889668 -1.347094 20.404507 220 177 159
4.171002 -1.365014 20.364651 220 183 171
4.715624 -1.386403 20.615583 248 245 254
4.219368 -1.343852 20.362026 217 183 175
4.600932 -1.360090 20.505171 238 231 240
4.685470 -1.362050 20.575924 246 241 251
3.801203 -1.291669 20.444653 214 174 161
4.318069 -1.324936 20.376638 217 191 187
4.628839 -1.336887 20.521236 240 234 244
5.024886 -1.320137 21.442354 230 224 230
3.583383 -1.246030 20.633156 210 170 158
3.758214 -1.263407 20.475639 212 173 161
4.221513 -1.295889 20.360815 214 181 174
4.495568 -1.308732 20.435001 224 212 214
4.521576 -1.309697 20.447716 226 216 220
4.656970 -1.313622 20.538338 242 236 247
4.774420 -1.315319 20.655060 248 247 254
5.012208 -1.297190 21.372343 232 227 233
3.432577 -1.204154 20.811321 203 162 143
3.829912 -1.220048 20.451420 208 171 158
3.408065 -1.120467 21.467361 190 154 123
3.612916 -1.173250 20.643347 205 167 159
3.811301 -1.193051 20.482758 206 170 158
4.200176 -1.222710 20.354366 207 175 168
4.772446 -1.243703 20.626499 248 245 253
3.725822 -1.159576 20.560324 205 169 159
4.041469 -1.186728 20.400343 207 171 162
4.176386 -1.197561 20.347248 205 173 166
4.421834 -1.210022 20.393982 215 198 196
5.040501 -1.198263 21.365566 218 212 218
3.465412 -1.104867 20.836452 195 158 137
4.063796 -1.164830 20.382271 205 171 162
4.248240 -1.178058 20.343336 204 178 170
4.297417 -1.180520 20.353434 207 183 177
4.803390 -1.195783 20.651022 249 245 253
4.877891 -1.193237 20.787039 248 244 251
3.707452 -1.107918 20.587788 200 168 152
4.202789 -1.150945 20.348862 200 173 164
4.349385 -1.158611 20.373011 208 188 181
4.527093 -1.165926 20.439310 223 212 213
3.623485 -1.072670 20.688208 196 162 145
4.204447 -1.126818 20.351820 198 172 162
4.606402 -1.144616 20.477604 232 223 230
4.159461 -1.099460 20.360846 195 169 156
4.457602 -1.113679 20.435532 209 196 188
4.690436 -1.122191 20.539907 231 224 227
3.782678 -1.039569 20.575274 188 159 132
3.938443 -1.054992 20.475767 199 170 150
4.281147 -1.082395 20.369967 191 172 158
4.899733 -1.091784 20.873262 215 210 201
3.714476 -0.998127 20.788973 182 153 123
3.880324 -1.021571 20.567848 197 172 146
4.170128 -1.048881 20.412315 189 165 151
4.394162 -1.059634 20.467205 188 172 158
4.710267 -1.069647 20.631863 205 196 190
3.893941 -0.992701 20.654160 209 186 159
4.061268 -0.980529 20.624006 242 223 204
4.348227 -0.999890 20.604195 165 150 133
4.730147 -1.008717 20.850996 160 149 132
3.905093 -0.918276 21.062370 229 210 177
3.907638 -0.806042 22.406319 191 160 117
3.936496 -0.857506 21.641544 233 213 178
3.925828 -0.873754 21.380615 239 223 188
4.258066 -0.924456 20.926311 235 221 206
4.595579 -0.892988 21.743645 166 152 132
4.101469 -0.883061 21.023640 244 225 205
4.199116 -0.890023 21.013247 250 236 220
4.339247 -0.892390 21.113279 240 230 215
3.959797 -0.743722 22.575171 205 176 133
3.927227 -0.784951 21.935549 219 193 154
4.258789 -0.865079 21.068892 245 233 218
4.680727 -0.814247 22.221460 173 160 138
4.110775 -0.830399 21.068632 236 221 201
4.612924 -0.790006 22.123846 209 197 179
4.238362 -0.812705 21.081139 231 217 202
4.740176 -0.752535 22.397194 173 160 137
4.352242 -0.764566 21.154959 240 228 214
4.566360 -0.714927 21.671040 219 209 193
3.805289 -0.690683 20.985294 198 169 133
4.074041 -0.686908 20.942322 211 193 174
4.123822 -0.690095 20.944239 211 194 177
4.174056 -0.693060 20.949408 213 198 182
4.219745 -0.673610 20.918808 205 189 176
4.835402 -0.605997 22.296104 169 154 127
3.797715 -0.621405 20.903036 194 164 134
3.893628 -0.629901 20.878227 180 153 128
3.725203 -0.590810 20.910812 230 198 164
4.013742 -0.615792 20.845772 189 166 147
4.538706 -0.623624 21.185772 201 191 177
3.744943 -0.571108 20.862865 236 208 179
3.769034 -0.573233 20.857159 232 206 179
4.157169 -0.603629 20.811216 202 186 172
4.451432 -0.611325 20.960180 216 207 197
4.123863 -0.557992 20.739491 225 210 198
3.716957 -0.498675 20.812059 203 176 156
4.398063 -0.549648 20.770462 244 238 233
4.773843 -0.487909 21.770878 198 185 167
3.738914 -0.477986 20.781792 194 170 155
4.044668 -0.507941 20.685369 223 208 197
4.316648 -0.524507 20.712543 233 226 220
3.761565 -0.456914 20.757412 183 162 150
4.042353 -0.485244 20.662291 209 194 184
4.114207 -0.490976 20.654680 212 199 191
4.237870 -0.498370 20.668844 220 212 204
4.659741 -0.473761 21.266726 211 203 194
3.618099 -0.343975 21.604128 160 126 95
3.652819 -0.414551 20.864494 162 137 123
4.016771 -0.460307 20.646404 194 179 170
4.538017 -0.477810 20.855482 223 218 218
3.899182 -0.425271 20.669062 171 156 150
4.014915 -0.437483 20.626192 180 167 160
3.716663 -0.378562 20.764360 155 137 131
3.827895 -0.394831 20.676481 158 145 142
3.652173 -0.223155 22.070562 162 131 95
3.596619 -0.323842 20.984976 143 118 97
4.083578 -0.397427 20.583231 160 153 151
4.278490 -0.410446 20.592899 175 172 175
4.355307 -0.413359 20.619709 187 188 192
4.491300 -0.414528 20.708538 207 207 214
3.639966 -0.227717 21.741524 155 126 94
3.599070 -0.297841 20.994776 139 115 92
3.696334 -0.325888 20.779625 145 128 123
3.762282 -0.336629 20.718328 148 136 133
4.130660 -0.377911 20.567188 152 150 149
4.302783 -0.388357 20.586950 170 170 175
4.130573 -0.354272 20.559124 144 144 145
4.353632 -0.366741 20.595909 171 174 182
3.990002 -0.317278 20.582586 136 133 135
4.083838 -0.302510 20.554279 131 134 137
3.647360 -0.181907 20.931168 131 112 90
3.855852 -0.227698 20.641384 124 119 121
3.969641 -0.241997 20.585043 121 119 125
3.729679 -0.177961 20.789400 120 108 100
3.970841 -0.217560 20.585094 116 115 121
4.158001 -0.235955 20.542433 118 127 132
3.995199 -0.195669 20.577509 110 111 118
4.207760 -0.215021 20.544659 118 127 133
4.417857 -0.195807 20.640999 140 142 146
4.563893 -0.176281 20.919430 145 140 135
4.020585 -0.149499 20.569109 102 105 112
4.113626 -0.159200 20.544588 105 113 118
4.310320 -0.171350 20.568201 123 131 136
3.819700 -0.096256 20.690422 109 103 98
4.138843 -0.136770 20.543839 103 112 117
4.393915 -0.146556 20.628078 128 129 133
3.740904 -0.049926 20.828003 122 108 94
4.022833 -0.100802 20.568232 98 101 107
4.092214 -0.108470 20.547012 100 107 111
4.115983 -0.110559 20.544470 101 109 113
4.593065 -0.087896 21.062084 139 127 117
4.315233 -0.097654 20.576241 130 136 140
4.047308 -0.055340 20.554199 107 112 118
4.070519 -0.057868 20.547737 109 115 120
4.093694 -0.060394 20.541269 111 118 122
3.827286 0.004424 20.710291 117 111 104
4.166854 -0.041927 20.538427 124 133 136
4.318174 -0.048695 20.579603 147 152 155
3.769459 0.046709 20.819742 115 103 92
4.533437 0.006354 20.975569 112 98 91
4.075119 0.015901 20.554405 120 125 128
3.731895 0.155189 21.275299 124 101 83
3.855761 0.076720 20.712214 111 106 102
4.076037 0.040066 20.552658 119 124 127
4.123008 0.035330 20.543833 127 134 136
4.171227 0.031534 20.543495 136 143 146
4.246012 0.027567 20.558685 153 160 163
3.738035 0.184958 21.312847 126 103 86
3.920469 0.087765 20.642284 108 105 105
4.196903 0.054215 20.545826 143 150 152
4.221746 0.052837 20.550390 149 156 158
3.762745 0.159303 20.918186 116 102 92
3.901102 0.117286 20.669205 107 104 104
3.986302 0.100035 20.584810 107 108 111
3.902142 0.141743 20.668098 110 108 107
3.731026 0.277163 21.427505 118 94 77
3.731789 0.276968 21.226873 111 90 76
3.798565 0.215044 20.789421 113 104 99
3.747579 0.265682 20.955055 110 93 86
3.881184 0.217401 20.667692 108 107 105
4.153446 0.178742 20.538618 134 140 141
3.967639 0.223906 20.582731 105 109 108
4.202719 0.199081 20.537785 138 143 143
4.457234 0.207700 20.757490 112 107 100
3.716851 0.335731 21.084269 86 62 49
3.838076 0.273619 20.692865 106 100 96
4.391239 0.223112 20.648844 128 126 121
3.743048 0.333205 20.893745 79 60 52
3.817291 0.302563 20.711512 98 89 85
3.899906 0.281193 20.602909 99 97 94
3.812039 0.344956 20.656538 78 65 61
4.054554 0.324846 20.477915 115 118 115
3.892721 0.368525 20.520374 76 66 64
3.937840 0.361548 20.497246 77 71 69
4.236300 -2.529426 22.936014 182 151 116
3.831154 -2.477758 22.726416 185 150 113
4.121640 -2.495169 22.879431 183 149 115
4.469756 -2.473732 22.527216 189 165 138
4.818231 -2.499077 22.877573 179 161 136
3.735225 -2.392989 21.740458 215 177 146
5.136740 -2.497519 23.305080 173 157 137
5.169040 -2.499746 23.334150 172 156 134
3.678054 -2.353073 21.281965 229 189 161
3.700093 -2.353513 21.258770 230 190 162
4.296521 -2.381201 21.271912 224 198 175
4.373851 -2.385308 21.294622 215 190 169
5.120055 -2.466682 23.207674 179 164 148
4.459562 -2.362310 21.215038 217 196 177
4.670212 -2.383747 21.718500 218 201 186
3.615216 -2.314906 21.993048 208 168 134
3.589722 -2.304420 21.566656 215 175 142
4.895708 -2.377503 22.123877 231 221 211
3.569993 -2.269928 21.186188 222 180 151
3.697337 -2.272449 21.015928 233 188 164
3.764745 -2.274646 20.968134 234 188 166
3.946841 -2.281323 20.875423 230 188 166
4.155497 -2.289996 20.819321 228 189 168
4.545121 -2.309220 20.863169 246 230 222
3.553139 -2.244919 21.242476 221 179 148
3.630346 -2.245141 21.061052 233 188 163
4.244866 -2.268797 20.771423 231 194 174
4.540866 -2.283990 20.832190 249 233 227
3.606138 -2.218800 21.055067 235 190 164
3.670458 -2.220533 20.978498 239 193 169
3.691163 -2.221000 20.948700 241 193 170
3.824412 -2.225639 20.849878 241 193 173
4.167059 -2.239832 20.724884 240 196 174
4.190609 -2.240925 20.722984 239 197 175
4.334369 -2.247908 20.729128 238 207 191
4.407969 -2.251678 20.743391 245 221 208
4.510623 -2.257376 20.788338 250 231 227
4.590993 -2.262126 20.840019 253 241 239
4.770050 -2.278626 21.292389 241 232 227
4.946479 -2.301282 22.102848 217 207 201
3.505304 -2.191843 21.240053 215 172 137
3.709914 -2.196143 20.895035 243 193 172
3.778074 -2.198822 20.857349 243 194 173
3.800206 -2.199630 20.841274 243 194 173
4.234689 -2.218190 20.693258 239 198 180
4.283159 -2.220622 20.699146 238 200 185
4.307178 -2.221808 20.700884 239 203 188
4.480316 -2.230844 20.743607 249 229 224
4.506594 -2.232350 20.758455 251 233 229
3.619388 -2.167645 20.943619 240 192 167
4.207594 -2.192133 20.664854 242 199 181
4.255637 -2.194520 20.668427 241 201 185
4.327751 -2.198117 20.674671 242 207 194
4.450811 -2.204513 20.702923 250 228 222
4.502562 -2.207406 20.728575 252 234 232
3.573444 -2.140689 20.959629 238 189 163
3.774131 -2.148525 20.809454 245 195 173
3.885954 -2.153132 20.743889 245 198 171
4.373620 -2.175893 20.658878 246 216 206
3.487512 -2.112640 21.056793 226 180 146
3.862127 -2.127341 20.736872 246 199 172
3.548795 -2.089322 20.938540 239 187 160
3.569274 -2.089992 20.905087 241 188 162
4.274498 -2.122071 20.616255 246 207 192
4.637372 -2.142049 20.800014 253 247 251
4.669590 -2.144138 20.846415 253 248 252
5.156759 -2.188458 22.768028 174 165 152
4.039276 -2.086111 20.620646 250 202 179
3.523028 -2.037904 20.907990 238 187 157
3.767711 -2.048877 20.724693 250 200 174
3.969823 -2.058341 20.625978 250 202 176
4.083464 -2.063816 20.590593 251 205 180
4.199944 -2.069610 20.578426 250 206 186
5.150283 -2.133935 22.719706 179 170 160
3.676578 -2.019889 20.758295 248 196 171
3.721726 -2.022031 20.732969 250 199 173
4.294509 -2.050209 20.572042 250 212 198
4.574241 -2.065197 20.691805 254 246 247
3.720832 -1.997323 20.716713 251 199 173
3.989506 -2.010465 20.581202 252 204 177
4.197408 -2.020973 20.547197 251 208 188
4.317468 -2.027201 20.561127 250 216 202
4.699087 -2.048166 20.850433 251 247 250
3.488893 -1.964645 21.874849 209 165 124
3.764534 -1.974874 20.673330 252 201 174
4.465779 -2.010879 20.596672 253 236 234
4.630892 -2.019865 20.730482 254 249 250
4.661344 -2.021564 20.767796 254 250 252
5.128177 -2.051783 22.582951 188 181 173
3.831100 -1.953762 20.624155 253 203 174
4.772246 -2.003468 20.973446 248 245 245
3.762873 -1.925799 20.642508 253 201 174
4.077753 -1.942260 20.513220 254 208 181
4.414413 -1.959953 20.556831 252 227 221
4.439928 -1.961298 20.568716 252 231 227
3.441307 -1.884039 20.985939 223 176 138
3.475917 -1.885983 20.860731 235 185 151
3.563112 -1.890674 20.772400 245 191 162
3.921024 -1.909786 20.566872 254 205 175
4.173635 -1.923190 20.514759 253 211 186
4.658217 -1.948617 20.730555 254 251 252
3.605906 -1.868378 20.715548 248 193 164
3.671986 -1.872016 20.664761 252 196 169
4.388847 -1.910514 20.530039 251 223 215
4.491628 -1.915867 20.581900 254 239 237
4.544364 -1.918600 20.614723 254 246 245
3.626569 -1.845018 20.677605 250 194 166
3.737760 -1.851250 20.606575 253 200 172
4.218710 -1.877503 20.487143 252 211 191
4.571768 -1.895911 20.629700 254 246 247
4.820157 -1.907576 21.072815 232 229 229
3.499898 -1.806111 22.130148 207 161 117
3.986910 -1.840834 20.505028 254 206 178
4.363949 -1.861200 20.506859 250 219 209
3.491858 -1.779561 22.046619 208 162 119
3.692519 -1.799960 20.608782 251 196 169
4.544450 -1.846427 20.594343 254 243 244
5.337138 -1.872388 23.201855 167 157 145
4.103453 -1.775094 20.470383 253 206 183
4.173378 -1.778993 20.466368 253 208 187
4.440686 -1.793216 20.522997 252 229 223
3.849318 -1.736529 20.503651 252 198 173
4.103359 -1.751108 20.461807 253 205 183
4.748223 -1.783434 20.786831 254 249 254
4.834710 -1.786024 20.991247 227 222 224
4.317198 -1.715020 20.462996 248 210 197
3.446859 -1.621343 21.805435 208 161 122
3.422602 -1.630003 21.141308 217 168 133
3.872943 -1.665618 20.476271 250 195 172
4.057388 -1.676563 20.444841 252 201 180
4.128109 -1.680563 20.445774 252 204 184
4.174889 -1.683235 20.444649 251 206 186
4.716862 -1.709757 20.725403 254 248 254
3.420662 -1.601420 21.333422 211 163 127
3.647860 -1.627072 20.567301 241 188 165
3.737777 -1.632951 20.522575 244 191 168
4.493679 -1.676145 20.523085 251 232 230
3.604207 -1.599720 20.592154 238 186 163
3.965301 -1.623174 20.443129 247 195 175
3.851981 -1.592008 20.469242 243 191 170
3.476649 -1.540816 20.715725 227 177 151
4.548177 -1.606845 20.545670 251 235 237
5.187035 -1.608845 22.241127 173 162 150
3.563716 -1.523305 20.623383 231 181 159
5.149081 -1.584832 22.043425 177 165 154
3.628441 -1.504263 20.553888 232 182 161
3.991464 -1.528722 20.426754 239 192 171
4.155297 -1.538518 20.421949 239 194 178
4.346781 -1.549216 20.448088 235 204 195
4.720613 -1.565232 20.705210 253 247 254
4.964720 -1.567239 21.230616 192 182 179
3.719440 -1.486451 20.507521 232 183 162
4.323787 -1.524023 20.442812 232 201 191
5.335479 -1.524252 22.835415 170 158 144
3.500417 -1.444787 20.668480 224 175 151
3.902694 -1.450810 20.439781 231 185 166
4.112898 -1.440052 20.418865 233 187 171
4.376962 -1.454899 20.458759 228 204 198
4.401671 -1.456165 20.466702 230 207 203
4.607731 -1.465489 20.574953 245 238 245
3.677444 -1.386557 20.513283 223 178 161
4.305007 -1.427111 20.440269 224 194 186
4.329309 -1.428423 20.445833 225 197 190
4.452836 -1.434750 20.485319 230 212 212
3.380030 -1.333171 20.849045 205 161 133
3.700753 -1.364127 20.499178 221 177 162
4.555981 -1.415565 20.533436 237 228 233
5.313803 -1.392682 22.692316 176 165 158
3.435354 -1.317321 20.681168 210 166 141
4.430782 -1.361949 20.471186 222 205 204
3.863806 -1.303404 20.446114 218 176 162
4.071538 -1.317552 20.414709 221 179 165
4.531307 -1.343037 20.505196 230 219 225
4.835654 -1.352920 20.756926 249 246 252
5.057970 -1.339071 21.519138 211 202 207
3.437389 -1.244080 20.665741 207 164 144
3.680908 -1.266009 20.491648 215 173 163
4.072907 -1.293585 20.415438 219 178 165
4.531874 -1.319241 20.501417 228 218 223
3.418982 -1.216721 20.705530 205 163 143
3.796818 -1.250382 20.458157 213 174 162
3.843347 -1.253603 20.451244 214 174 161
3.911711 -1.258670 20.432537 215 174 161
3.934564 -1.260328 20.427212 216 175 161
4.664199 -1.300546 20.580631 240 235 246
3.618609 -1.211266 20.545540 211 171 162
3.703371 -1.220064 20.462173 211 172 164
4.195091 -1.252727 20.430040 212 177 171
4.290036 -1.258455 20.438087 212 184 180
4.888251 -1.283217 20.767000 246 239 248
3.485682 -1.174753 20.630899 205 165 149
3.685855 -1.193101 20.500172 209 171 162
4.172764 -1.227329 20.429184 210 175 168
4.077595 -1.197866 20.413319 210 174 165
4.363563 -1.214997 20.443806 212 190 187
3.534726 -1.129537 20.614670 202 164 150
3.713259 -1.145961 20.507202 205 170 157
4.436487 -1.195323 20.453863 214 198 195
4.485495 -1.197885 20.467663 218 206 204
4.511094 -1.198964 20.480623 221 209 210
4.879498 -1.212851 20.703871 247 242 249
4.387604 -1.169125 20.433588 210 191 187
4.848370 -1.188818 20.657965 248 243 248
4.169941 -1.133408 20.380821 202 173 163
4.461127 -1.149357 20.447475 215 201 197
4.844473 -1.165734 20.631874 247 242 246
4.009414 -1.098096 20.396128 202 172 158
3.535247 -0.992244 21.389166 191 156 120
4.056909 -1.077477 20.391111 203 175 162
4.439503 -1.100307 20.442633 205 192 182
4.416578 -1.075109 20.437523 197 184 170
4.851706 -1.093179 20.649410 215 209 201
3.871132 -1.008105 20.556732 200 175 150
4.346941 -1.046792 20.431873 181 164 148
4.397906 -1.048886 20.456837 182 167 151
4.609236 -1.055774 20.593836 194 183 170
3.810013 -0.966471 20.796799 201 175 145
3.964386 -0.991328 20.534327 231 209 187
3.868121 -0.952022 20.685318 218 199 168
4.105423 -0.977568 20.518494 235 217 200
4.226679 -0.984683 20.538671 193 174 159
4.279694 -0.986292 20.574152 183 166 151
4.810740 -0.982846 21.276838 163 152 128
3.871444 -0.917070 20.870182 233 215 183
4.596761 -0.917735 21.718176 165 151 131
4.146813 -0.926386 20.614538 251 238 222
4.441617 -0.909821 21.237354 194 180 163
3.954980 -0.855972 20.751085 237 220 195
4.282166 -0.857965 20.693449 248 240 226
4.078981 -0.815049 20.759062 223 206 188
3.782907 -0.660024 22.012781 214 173 122
3.778629 -0.714599 21.202290 222 190 149
3.901271 -0.747489 20.845459 220 197 171
4.065696 -0.761412 20.812643 218 198 178
4.709505 -0.715590 22.166023 189 177 155
3.750027 -0.689900 21.164268 212 176 133
4.243072 -0.756305 20.714064 234 221 209
4.316873 -0.760581 20.728596 241 232 219
3.816025 -0.687097 20.913580 201 172 139
3.881725 -0.695562 20.860601 214 190 162
3.709779 -0.646402 21.026838 221 183 142
4.404981 -0.712148 20.812080 219 210 196
3.723783 -0.628989 20.936531 219 183 146
4.838480 -0.585276 22.276775 175 160 133
4.361375 -0.646060 20.673401 215 205 194
4.483641 -0.642996 20.831450 210 199 185
3.753894 -0.569513 20.768049 236 208 182
3.908582 -0.588857 20.666166 210 184 163
4.045243 -0.602534 20.620087 198 177 161
4.188113 -0.613001 20.621243 211 197 185
4.466002 -0.625581 20.723650 222 212 201
3.838152 -0.558931 20.668947 225 198 179
4.064746 -0.582494 20.583843 216 198 184
3.686642 -0.364914 22.633688 193 150 101
4.205598 -0.570051 20.567240 239 228 219
4.279647 -0.574023 20.586586 241 232 224
3.579129 -0.455452 21.096352 179 143 108
3.595025 -0.462536 21.024466 182 147 115
3.647916 -0.480055 20.859106 190 158 134
3.789804 -0.507911 20.649132 216 190 176
4.251136 -0.550721 20.549294 240 230 224
4.275702 -0.552073 20.555288 240 231 225
4.473882 -0.562221 20.612995 242 232 226
3.594078 -0.438861 21.006399 172 139 110
3.854986 -0.493147 20.591354 206 183 170
3.988726 -0.508539 20.527760 219 200 186
4.103521 -0.519167 20.504171 225 209 202
3.745055 -0.454972 20.655569 182 157 149
4.053082 -0.470143 20.467453 197 181 174
3.766469 -0.410909 20.617315 166 148 144
4.192011 -0.458622 20.444921 191 183 181
3.594318 -0.342088 20.966494 150 121 100
4.006938 -0.419132 20.458195 167 156 148
3.612684 -0.323918 20.906363 147 121 105
3.788203 -0.366823 20.582323 155 141 139
3.918615 -0.385012 20.492849 155 145 138
4.007094 -0.395653 20.450937 158 149 143
4.721935 -0.375729 21.282639 173 165 158
3.725763 -0.331893 20.643930 149 135 132
3.852232 -0.353246 20.518639 148 139 136
4.096188 -0.382241 20.409636 152 148 148
4.453892 -0.406302 20.450607 194 194 204
3.747802 -0.311387 20.619352 145 133 131
4.165250 -0.365094 20.393570 151 150 154
3.769449 -0.291144 20.592573 141 131 131
4.379636 -0.356264 20.411283 173 177 186
4.455803 -0.358837 20.447287 174 176 184
4.659648 -0.317415 21.053484 164 160 155
4.746773 -0.291788 21.396193 162 155 146
3.610373 -0.210899 21.042267 145 119 93
3.710666 -0.253397 20.682724 135 121 118
3.750479 -0.262550 20.620235 137 125 124
3.921110 -0.289950 20.475428 133 130 128
3.943500 -0.292578 20.466490 133 130 129
4.458314 -0.334392 20.454380 166 168 175
3.657235 -0.211083 20.820908 132 114 99
3.712208 -0.228743 20.684656 131 117 112
3.943843 -0.269020 20.460302 128 126 126
4.143453 -0.292665 20.380325 132 136 142
4.259201 -0.302505 20.373610 147 153 161
3.856643 -0.233444 20.505165 127 121 121
4.407893 -0.285998 20.418337 156 159 166
4.588809 -0.265146 20.774591 154 149 141
3.757008 -0.164083 20.630600 119 107 104
4.077369 -0.215053 20.383467 112 117 124
3.656119 -0.097203 20.961868 156 133 107
3.798579 -0.148744 20.574482 114 106 105
4.191967 -0.202707 20.360199 115 126 132
3.904823 -0.143449 20.474487 109 106 109
4.524971 -0.175036 20.654303 151 142 133
3.927346 -0.122844 20.457756 105 103 107
3.991072 -0.133150 20.409704 102 103 109
3.698732 0.006625 21.262041 161 136 110
4.147980 -0.127921 20.354029 108 118 123
4.454645 -0.136452 20.508717 142 134 130
4.496091 -0.105529 20.603071 142 129 120
3.748365 -0.010042 20.687801 123 108 97
3.698480 0.036879 20.850340 127 107 88
3.768600 0.008617 20.649839 121 108 99
3.808552 -0.001273 20.591139 120 110 105
3.933330 -0.025873 20.464067 114 112 115
4.268865 -0.065805 20.356775 149 155 158
3.716779 0.053871 20.794548 122 103 88
3.852898 0.038930 20.548157 116 109 106
4.245558 -0.017733 20.341782 162 168 171
4.043256 0.051432 20.377476 115 119 122
3.714099 0.213107 21.298727 127 100 81
4.110335 0.066323 20.348635 131 137 139
4.385500 0.055754 20.456856 122 115 112
3.709961 0.233859 21.256523 124 98 80
3.760586 0.163919 20.711552 115 103 96
3.840064 0.165854 20.581371 115 110 108
4.024640 0.126039 20.384796 120 124 125
3.689748 0.288535 21.273443 112 84 65
3.902757 0.176106 20.510429 113 112 112
4.068613 0.142920 20.357376 125 130 132
3.748286 0.246291 20.771120 117 103 96
3.782593 0.230430 20.667763 116 106 102
3.945509 0.191585 20.469540 112 114 114
4.027557 0.174233 20.387444 119 123 124
3.692336 0.314820 21.079918 98 72 57
3.748631 0.270098 20.764133 108 93 87
3.966636 0.233828 20.435572 102 105 104
4.275123 0.191132 20.312513 144 144 141
4.028542 0.244010 20.369400 123 127 127
4.275858 0.237436 20.302122 142 143 139
3.800242 0.362722 20.566456 71 55 51
4.024096 0.332321 20.308134 97 95 94
4.309968 -2.574602 22.937029 185 160 117
4.058881 -2.531979 22.832205 187 157 117
4.876312 -2.582150 23.175661 177 158 118
5.049403 -2.593339 23.263466 176 158 120
4.228641 -2.515089 22.901264 181 153 117
5.109314 -2.569878 23.295671 175 158 125
5.138380 -2.571770 23.310991 175 158 126
4.442432 -2.498198 22.912725 196 172 136
4.759101 -2.518936 23.086292 185 168 133
5.110561 -2.542477 23.294048 174 158 130
4.281549 -2.456566 22.704363 211 187 155
4.992962 -2.506954 23.215727 182 164 138
3.835165 -2.395085 22.283197 226 192 160
4.389512 -2.429888 22.551893 221 196 166
3.859272 -2.351432 21.683344 230 195 169
4.288710 -2.378326 21.892857 222 193 166
4.369188 -2.383286 21.929485 222 194 167
3.633094 -2.302718 21.265615 227 190 160
3.813282 -2.308043 21.150036 233 193 170
3.838366 -2.309430 21.156183 233 193 171
3.986811 -2.317260 21.179441 228 192 171
4.187812 -2.328527 21.233843 222 190 165
4.453969 -2.341816 21.249779 226 202 182
4.559214 -2.348544 21.306768 231 214 198
3.600857 -2.273940 21.192352 228 189 159
4.158317 -2.296691 21.034981 227 192 168
4.182043 -2.297833 21.034557 228 193 169
4.418621 -2.309294 21.033064 233 208 190
4.443396 -2.310693 21.040092 234 212 195
4.124950 -2.268555 20.963974 234 197 173
4.289381 -2.276429 20.956690 236 198 176
5.041678 -2.356399 22.597740 211 201 193
3.839089 -2.229665 20.956118 245 198 176
3.862609 -2.230753 20.953077 246 198 178
3.977878 -2.235754 20.924807 241 201 179
3.836734 -2.204250 20.929085 247 199 177
4.601386 -2.243620 20.980724 254 243 237
4.812150 -2.265980 21.486103 240 233 231
5.177058 -2.320320 23.028013 186 175 163
3.948943 -2.183978 20.870399 247 202 180
3.589558 -2.166134 22.078156 217 175 140
3.689389 -2.146528 20.881304 248 202 176
3.900896 -2.156765 20.857042 250 203 181
4.128654 -2.167148 20.799892 246 202 177
4.058033 -2.139029 20.790508 245 204 177
4.620944 -2.170662 20.937113 254 246 244
4.679396 -2.174898 21.001879 253 248 248
5.217459 -2.242366 23.080385 175 165 150
3.686983 -2.096446 20.841738 251 203 176
3.826770 -2.103228 20.817369 252 205 180
3.964827 -2.109844 20.788679 250 208 183
4.380719 -2.130682 20.753273 251 220 204
4.405178 -2.132074 20.760555 252 225 212
4.482762 -2.136896 20.806431 254 236 229
4.590157 -2.143891 20.887943 254 245 243
4.929868 -2.178123 21.825928 219 213 210
3.534566 -2.065839 20.957647 241 193 162
3.779471 -2.076154 20.809292 252 205 178
4.284576 -2.101082 20.726168 248 209 188
4.705000 -2.127443 20.999378 254 250 251
4.838721 -2.142000 21.462837 236 231 231
3.755183 -2.050183 20.795519 252 205 177
3.984121 -2.061381 20.741047 251 208 182
4.379437 -2.081957 20.729731 252 222 209
3.982338 -2.036691 20.719776 252 209 182
4.353677 -2.056158 20.706516 252 220 205
4.402528 -2.058943 20.721283 253 227 216
4.503074 -2.064882 20.766918 254 240 236
4.883242 -2.095723 21.557114 236 230 231
3.797395 -2.002754 20.736729 253 206 178
4.208568 -2.023785 20.662760 253 213 190
4.400470 -2.034490 20.701372 253 227 217
4.425045 -2.035903 20.709768 253 230 223
4.450326 -2.037402 20.722202 254 234 228
5.190056 -2.103331 22.897951 185 176 169
3.491883 -1.964338 20.959139 241 187 157
3.795488 -1.978013 20.712942 253 206 177
4.396832 -1.985796 20.664385 253 227 218
4.578054 -1.996657 20.775574 254 246 245
3.817030 -1.930209 20.678198 253 208 178
4.321929 -1.957351 20.623186 252 218 205
3.975836 -1.914340 20.629976 254 211 183
4.179297 -1.925288 20.591251 254 214 192
4.226136 -1.927889 20.594666 254 216 197
3.508320 -1.871918 22.127480 214 165 127
4.343732 -1.910436 20.599691 251 220 209
3.543775 -1.842251 20.735001 249 194 166
4.110508 -1.873357 20.578892 254 213 189
4.226306 -1.879833 20.579100 254 216 197
4.391486 -1.889152 20.601818 252 227 218
4.573910 -1.899801 20.722641 254 246 247
3.678530 -1.825178 20.661968 253 203 174
4.132611 -1.850534 20.563427 254 213 190
4.342757 -1.862407 20.577995 251 220 208
4.440467 -1.867989 20.611357 254 234 228
4.546186 -1.874124 20.689022 254 243 244
5.296941 -1.922056 23.129190 181 171 161
3.501999 -1.790910 20.762035 243 188 160
3.722585 -1.803311 20.627539 252 204 174
4.086636 -1.823915 20.557182 254 213 188
4.177967 -1.829093 20.549229 254 215 193
4.518305 -1.848508 20.654167 254 241 240
4.916166 -1.871889 21.537544 235 230 233
5.269528 -1.893249 22.980915 182 173 163
3.745633 -1.780366 20.613531 251 203 174
4.200488 -1.806422 20.537354 253 216 195
4.223822 -1.807756 20.539034 253 216 197
3.589651 -1.747015 20.676664 250 196 169
3.655496 -1.750888 20.635458 251 199 172
3.722023 -1.754784 20.603041 251 202 174
3.837333 -1.761459 20.587156 252 204 176
4.294054 -1.787873 20.537922 250 215 200
3.482167 -1.716092 20.761925 239 185 156
4.741889 -1.788945 20.846479 254 249 255
3.700434 -1.705070 20.597374 250 199 172
3.995465 -1.722631 20.532713 253 208 182
4.650852 -1.760067 20.721731 254 246 254
3.482761 -1.667104 20.743832 238 185 156
3.567477 -1.672631 20.656612 245 193 166
3.634041 -1.676773 20.620789 247 196 170
3.859634 -1.690495 20.550611 251 202 177
4.176404 -1.709483 20.497547 250 210 190
3.545971 -1.646917 20.663784 242 191 164
3.679908 -1.655349 20.599760 247 197 171
3.995714 -1.674720 20.516380 251 205 180
3.657351 -1.629766 20.597296 245 195 170
4.515642 -1.681166 20.586487 254 237 237
3.791837 -1.614208 20.538544 247 196 172
3.728548 -1.585752 20.580469 244 194 170
4.340869 -1.623972 20.487656 244 211 202
4.388916 -1.626728 20.501022 246 216 210
4.621543 -1.639070 20.650644 254 245 250
4.850458 -1.648735 21.008375 249 244 249
3.748896 -1.563221 20.547310 243 192 170
4.019585 -1.580568 20.485229 246 199 178
4.064810 -1.583418 20.478552 245 200 180
4.294971 -1.597464 20.479124 242 206 196
4.489757 -1.608463 20.546986 251 230 230
4.947875 -1.625415 21.382561 239 232 236
3.725075 -1.537783 20.534668 241 190 169
3.816591 -1.543638 20.519119 244 192 172
4.490242 -1.584724 20.542160 250 228 228
4.595824 -1.590073 20.620518 253 241 244
4.939854 -1.600808 21.334188 241 235 239
3.487146 -1.471966 20.688507 228 180 155
3.907418 -1.501740 20.483547 240 193 172
3.930216 -1.503212 20.480604 240 193 173
4.088986 -1.513477 20.459608 239 196 179
4.761902 -1.526321 20.752245 253 248 254
3.406125 -1.415822 20.791176 219 172 144
3.751106 -1.443243 20.513700 233 187 166
3.796360 -1.446326 20.502691 234 188 167
4.251706 -1.476089 20.454199 233 198 185
4.947969 -1.504460 21.226925 228 221 226
4.159316 -1.446653 20.442225 232 194 178
3.428164 -1.368874 20.750027 218 172 145
3.619364 -1.385436 20.562969 226 181 161
3.797223 -1.398527 20.489431 230 185 165
3.908430 -1.406481 20.453451 232 187 169
4.680559 -1.451096 20.663923 250 242 252
3.419911 -1.313636 21.980980 201 159 123
4.114828 -1.396288 20.434685 230 189 175
5.133315 -1.426082 21.901775 201 192 194
3.820795 -1.352384 20.471907 227 181 164
4.279274 -1.382719 20.449959 227 195 187
4.547987 -1.397586 20.549622 238 226 233
3.535209 -1.305827 20.613464 219 176 157
3.980343 -1.339584 20.442484 226 183 168
4.048228 -1.344269 20.433378 227 184 170
4.116545 -1.348866 20.428535 227 186 173
4.257070 -1.357572 20.446047 225 192 183
4.280353 -1.359030 20.448381 225 194 187
4.855007 -1.386018 20.835730 250 245 251
5.114186 -1.376882 21.791328 209 201 204
3.777465 -1.301349 20.476185 222 180 165
4.789935 -1.360680 20.729685 252 249 255
4.819296 -1.361651 20.763159 252 249 255
3.517252 -1.255185 20.638180 216 173 158
4.603478 -1.328814 20.581564 240 229 239
4.924047 -1.339283 20.938869 243 236 244
4.144292 -1.279039 20.433096 219 182 171
3.356991 -1.187470 20.886240 200 159 134
4.906289 -1.293057 20.835522 250 243 250
3.786042 -1.204917 20.498795 214 175 163
4.384591 -1.245832 20.483915 217 197 195
4.761450 -1.264803 20.672300 250 248 254
3.634354 -1.167494 20.583525 211 173 164
3.768636 -1.178449 20.532244 211 174 162
3.871377 -1.188937 20.434095 213 176 162
3.985982 -1.197005 20.426195 214 176 165
3.942027 -1.169863 20.432505 211 175 162
4.538230 -1.205795 20.562384 229 216 221
3.556604 -1.109229 20.696686 204 168 153
3.640679 -1.118315 20.611063 207 172 159
3.900841 -1.142096 20.458509 209 173 159
4.563871 -1.183390 20.570440 230 218 225
4.788536 -1.194869 20.673540 249 245 253
3.421029 -1.064854 20.959824 193 158 129
3.622621 -1.091439 20.643875 204 171 155
4.157571 -1.135597 20.465593 204 176 164
4.637471 -1.163797 20.591139 239 230 241
3.449145 -1.032365 21.190454 192 157 124
3.451618 -1.040366 21.001299 193 158 126
3.607165 -1.063760 20.697853 198 165 144
3.908084 -1.093340 20.489559 203 170 154
3.930706 -1.095092 20.485306 204 170 155
4.252337 -1.117933 20.474697 202 178 167
4.617316 -1.138242 20.598225 233 224 230
4.691746 -1.142102 20.630219 240 233 240
5.067948 -1.142467 21.254499 196 188 180
3.910815 -1.069099 20.498966 200 168 150
3.955685 -1.072713 20.487999 203 171 155
4.114245 -1.084771 20.465904 203 174 161
4.352227 -1.099346 20.515047 204 187 176
4.401965 -1.101863 20.537666 207 192 181
4.859189 -1.128455 20.665033 238 233 231
3.520859 -0.988818 21.149092 188 156 117
3.726448 -1.024005 20.681076 191 161 134
3.939235 -1.045921 20.524744 203 172 154
4.006409 -1.051413 20.507639 210 180 164
4.678483 -1.091764 20.666828 226 218 218
3.649873 -0.979677 20.999249 189 159 124
3.862444 -1.011555 20.631042 194 166 142
4.085495 -1.030599 20.560455 216 192 177
4.247625 -1.042072 20.561083 183 164 150
4.522796 -1.055862 20.686693 195 182 170
4.763604 -1.070220 20.746428 207 199 193
3.896126 -0.986821 20.692410 194 169 143
4.308772 -1.018601 20.642881 175 157 142
4.961720 -1.046250 21.045849 173 166 142
5.067438 -1.034409 21.458033 178 172 146
4.046550 -0.963150 20.901855 240 218 199
3.943866 -0.863796 22.253384 201 174 136
4.241680 -0.904074 21.372696 252 241 226
4.396362 -0.879840 21.570120 236 224 209
4.453701 -0.873503 21.769981 230 220 205
4.230223 -0.816028 21.584858 239 225 206
4.395830 -0.740049 21.367521 242 234 220
4.169586 -0.701756 21.303585 220 203 186
4.249875 -0.714318 21.200451 222 208 193
4.377640 -0.721004 21.249002 238 230 216
4.453038 -0.716494 21.412819 239 232 218
4.527826 -0.703460 21.712156 237 230 216
4.082967 -0.676578 21.201448 213 192 173
4.254004 -0.674067 21.059145 220 207 194
4.080143 -0.639537 21.004816 198 178 161
3.784856 -0.571719 21.300043 232 199 168
3.697037 -0.547984 21.179605 241 203 169
3.840261 -0.572909 20.982552 219 190 165
3.861351 -0.576018 20.961590 215 186 163
3.924913 -0.585009 20.903889 204 178 157
4.036529 -0.597157 20.854843 193 173 156
4.129632 -0.605102 20.845362 196 180 166
3.918312 -0.563807 20.848316 220 197 177
3.692276 -0.515109 20.934742 222 188 162
3.911701 -0.542754 20.792744 237 215 198
4.022464 -0.555125 20.742937 231 214 199
3.687176 -0.375174 22.488621 196 153 109
3.710212 -0.495973 20.877703 213 181 161
4.752063 -0.510063 21.809029 216 203 189
3.636473 -0.392730 21.843084 180 140 102
4.173046 -0.526190 20.639969 233 221 213
4.379067 -0.520368 20.616911 240 233 230
3.922250 -0.455694 20.664467 193 177 164
4.099796 -0.475010 20.600887 210 197 190
3.855791 -0.424429 20.684153 176 160 152
3.965329 -0.437724 20.628893 185 171 160
3.746243 -0.386756 20.738121 165 148 144
3.810384 -0.396103 20.687361 167 153 148
3.746611 -0.362922 20.730635 159 145 143
3.810008 -0.372726 20.674780 160 149 146
4.163236 -0.413150 20.536108 177 172 171
4.209667 -0.416855 20.537416 182 178 178
3.610465 -0.307798 20.962461 147 120 105
3.644282 -0.320048 20.849506 149 127 120
4.591552 -0.407672 20.736956 183 177 176
3.877482 -0.333184 20.632605 149 143 141
4.350361 -0.380636 20.536167 185 190 197
4.500596 -0.387020 20.607601 193 197 205
4.557638 -0.386489 20.669436 182 180 183
3.921655 -0.315060 20.604061 144 141 137
4.351266 -0.356997 20.533567 176 183 190
3.633199 -0.239024 20.918131 140 116 104
4.235913 -0.324253 20.523745 151 157 162
4.281537 -0.328313 20.521080 157 164 170
4.451060 -0.338066 20.571774 175 182 193
3.634657 -0.179807 21.304638 156 126 103
3.729020 -0.239555 20.725187 136 125 125
4.032907 -0.280894 20.549223 134 134 136
4.307275 -0.305794 20.529335 156 164 170
4.451763 -0.314505 20.568096 167 175 184
3.729955 -0.215457 20.721882 132 121 121
4.239116 -0.276300 20.526791 140 149 155
4.427330 -0.289965 20.551865 160 168 177
4.146827 -0.245198 20.518829 127 134 139
4.506704 -0.267984 20.603983 155 158 161
4.599324 -0.263800 20.734863 155 151 142
3.862670 -0.185904 20.636017 121 120 122
3.658925 -0.103363 21.064505 158 135 111
3.716349 -0.136571 20.767044 121 108 99
3.929275 -0.170743 20.600151 115 115 119
4.457956 -0.218824 20.572620 147 149 152
3.663363 -0.057946 21.280241 175 150 120
3.822023 -0.131244 20.662470 116 111 113
3.931255 -0.146291 20.604349 112 111 116
3.996450 -0.155125 20.571173 111 112 117
4.062324 -0.163323 20.545206 111 115 121
4.590279 -0.185370 20.789694 158 150 135
3.890608 -0.115221 20.638210 110 109 113
4.175141 -0.151744 20.517542 110 120 125
3.747394 -0.063377 20.789820 123 110 100
4.268930 -0.135812 20.518747 123 134 138
3.852059 -0.059154 20.678944 116 110 112
3.983692 -0.030624 20.596369 115 115 119
4.277428 -0.038764 20.537361 157 164 168
3.750959 0.075434 20.942854 124 108 94
3.945225 0.025252 20.634365 120 117 119
4.139273 -0.003023 20.531689 135 142 145
4.256164 -0.012592 20.540014 157 165 168
4.305296 -0.015060 20.558128 162 167 170
3.754189 0.101407 20.956539 123 106 93
4.210821 0.015137 20.536783 149 158 160
4.335799 0.010098 20.594254 160 162 164
4.013528 0.064215 20.603134 118 119 121
3.750927 0.228922 21.658255 130 104 82
3.808879 0.129844 20.809874 117 106 101
4.287122 0.059161 20.563089 163 168 170
4.404839 0.064936 20.711897 140 136 135
4.316810 0.083991 20.594448 158 159 161
4.440985 0.116700 20.771009 126 120 117
3.763351 0.226472 20.972692 123 108 99
3.812933 0.203128 20.809135 119 109 106
4.064928 0.155741 20.598406 127 129 129
3.779518 0.241830 20.904037 121 108 102
4.353507 0.159319 20.650755 156 153 153
4.413590 0.163102 20.731081 142 136 135
3.751922 0.285927 21.046862 115 96 86
4.384398 0.208194 20.680212 149 145 143
3.875099 0.283165 20.705690 110 107 104
3.896070 0.302197 20.677761 102 99 96
4.027026 0.281752 20.611214 108 112 109
4.278022 0.254562 20.582083 155 154 152
3.832440 0.337676 20.719082 94 83 81
4.112692 0.336812 20.536654 128 128 126
4.134753 -2.582584 22.866076 194 165 120
4.136449 -2.555670 22.866667 193 165 122
4.416759 -2.575070 23.011044 187 162 124
5.117973 -2.594654 23.333239 177 163 130
4.555837 -2.529205 23.053011 184 163 129
4.666911 -2.536464 23.101303 182 163 126
4.749565 -2.541698 23.133184 181 163 128
4.292884 -2.474209 22.670828 200 170 141
5.076129 -2.506546 23.219086 196 183 162
4.064834 -2.370228 21.613317 230 195 171
4.669331 -2.426677 22.336481 226 207 185
4.992549 -2.468400 23.031921 215 202 185
3.678111 -2.356017 22.449944 211 175 135
4.199736 -2.343256 21.382841 234 201 179
4.508135 -2.368603 21.666225 232 208 187
3.652822 -2.320400 22.227125 217 180 141
3.700496 -2.288089 21.224348 238 199 170
3.820483 -2.288065 21.051575 243 201 178
3.843110 -2.288930 21.044136 243 200 178
4.329303 -2.316748 21.151278 236 204 181
5.035976 -2.400885 22.570896 210 200 189
4.155383 -2.271234 20.781673 240 205 182
3.573564 -2.235597 21.343716 231 192 158
3.681233 -2.226032 20.871675 248 205 178
3.836361 -2.231792 20.806355 249 204 181
3.966824 -2.236439 20.745184 247 204 181
4.220399 -2.249364 20.748804 242 205 183
3.538696 -2.199608 21.046030 235 194 161
3.963989 -2.211269 20.716263 249 204 180
4.259712 -2.225879 20.700941 244 205 186
4.373172 -2.207481 20.691145 246 216 203
4.682933 -2.229516 20.901545 253 248 249
4.862901 -2.259525 21.617329 228 222 219
3.958911 -2.161304 20.662510 252 207 183
4.183630 -2.172228 20.635714 249 209 187
4.276251 -2.177320 20.646034 248 210 193
4.393526 -2.184052 20.669407 250 223 212
3.978898 -2.113307 20.623203 253 211 186
4.802280 -2.172886 21.271673 238 233 234
5.016458 -2.206040 22.152287 208 199 194
3.547451 -2.071976 20.864063 247 199 168
4.590110 -2.124515 20.734865 254 249 249
4.793127 -2.146578 21.215332 241 236 237
4.872767 -2.157808 21.513870 231 223 224
3.650078 -2.050138 20.734943 254 206 180
3.824991 -2.057744 20.653366 254 211 184
4.067373 -2.069263 20.584757 253 216 193
4.135693 -2.072936 20.584801 253 216 197
3.889736 -2.036317 20.612335 254 213 186
3.911425 -2.037309 20.603430 254 214 186
4.043917 -2.043829 20.571270 253 216 193
4.588209 -2.076172 20.708847 254 248 249
4.674410 -2.082921 20.809547 254 251 254
4.711805 -2.086579 20.888681 252 251 253
3.505890 -1.996379 20.875509 247 195 162
3.932942 -2.014128 20.583946 254 214 188
4.434675 -2.041819 20.597418 254 234 227
4.770914 -2.069366 21.074404 247 244 247
4.707908 -2.037696 20.852631 253 251 253
3.470539 -1.946573 20.952530 240 190 155
3.867136 -1.962594 20.585217 254 214 188
3.977903 -1.968328 20.559313 254 216 190
4.178931 -1.979120 20.535896 254 219 200
4.586793 -2.004126 20.677773 254 248 250
3.468462 -1.921330 20.922735 240 190 156
4.224096 -1.957747 20.526844 254 220 203
3.844843 -1.913162 20.570015 254 213 186
4.200908 -1.932532 20.514494 254 220 202
4.223511 -1.933812 20.514647 254 220 203
4.384634 -1.943205 20.535652 254 229 221
4.533415 -1.952703 20.615524 254 245 245
4.701348 -1.964637 20.794859 253 250 254
3.670481 -1.855792 20.624901 253 208 180
4.200466 -1.884826 20.494410 254 220 203
4.384753 -1.895690 20.520020 254 230 221
4.874721 -1.932631 21.332569 238 235 236
5.132401 -1.959229 22.422405 196 188 187
3.670263 -1.831528 20.612371 252 207 180
3.998810 -1.849491 20.499586 254 216 191
4.133441 -1.857199 20.490219 254 219 200
4.315291 -1.867818 20.499464 253 222 209
4.698324 -1.892417 20.756046 253 250 254
3.521200 -1.799515 20.712605 249 200 168
3.541580 -1.800506 20.687916 250 202 169
4.065649 -1.829445 20.482027 254 218 193
3.736051 -1.786844 20.564110 253 209 182
3.999263 -1.801798 20.483858 254 216 189
4.458807 -1.829173 20.534786 254 239 236
4.767735 -1.849567 20.869556 254 249 254
3.582824 -1.754038 20.621664 250 203 172
3.888920 -1.771544 20.498396 253 213 186
3.933183 -1.774120 20.489035 254 214 188
4.021708 -1.779284 20.472828 254 217 189
4.202274 -1.789981 20.470844 254 219 201
4.696041 -1.820569 20.721272 254 249 254
3.648505 -1.733628 20.579571 250 205 176
4.271581 -1.770455 20.473240 253 220 206
3.670467 -1.710817 20.559717 250 204 177
3.562910 -1.680297 20.614183 246 200 170
3.801923 -1.694684 20.500265 251 207 182
4.000863 -1.706712 20.457056 253 212 184
4.342285 -1.727450 20.476524 252 224 212
4.802239 -1.755802 20.901915 248 242 249
3.483579 -1.651233 20.717865 241 192 162
4.068823 -1.687117 20.447884 252 213 187
4.250907 -1.698246 20.458651 251 216 201
4.390107 -1.706748 20.485884 252 227 219
3.419992 -1.622147 21.177181 225 176 141
3.671905 -1.638794 20.538162 248 201 176
3.715645 -1.641520 20.520391 249 202 177
4.047023 -1.662070 20.444082 250 210 184
4.343856 -1.680313 20.469252 250 221 209
4.414641 -1.684637 20.490171 252 228 223
4.840614 -1.710036 20.968683 243 237 243
4.900103 -1.689071 21.150400 238 230 236
3.673471 -1.590892 20.528393 246 199 174
3.982002 -1.610566 20.444944 248 204 182
4.369023 -1.634657 20.469019 248 221 212
4.515109 -1.643485 20.536432 253 239 238
4.049746 -1.591147 20.434278 246 205 183
4.833973 -1.637701 20.912195 251 245 250
5.266644 -1.653938 22.761078 192 181 179
3.567347 -1.535751 20.580923 240 193 169
3.631078 -1.540128 20.535603 244 196 172
3.762456 -1.548839 20.484816 246 198 176
3.806475 -1.551728 20.471874 246 199 177
3.961621 -1.561796 20.441515 246 202 181
5.218925 -1.626350 22.511473 195 186 184
3.719679 -1.522084 20.497461 245 196 175
3.895993 -1.533775 20.449438 245 199 179
4.758538 -1.586369 20.739471 254 249 254
5.024972 -1.595508 21.640509 224 216 218
3.404285 -1.473098 20.963385 224 176 146
4.493518 -1.547838 20.509275 249 234 234
4.518931 -1.549300 20.526407 250 237 238
4.258043 -1.509832 20.433830 240 206 195
4.700419 -1.535968 20.654490 253 247 252
4.031462 -1.471645 20.416586 243 198 182
4.258778 -1.486320 20.429804 238 206 195
4.350860 -1.492143 20.444496 238 212 205
4.495361 -1.500811 20.503870 245 231 233
3.397685 -1.399788 20.867994 221 176 146
3.899820 -1.439002 20.436819 239 193 175
4.351456 -1.468664 20.439789 236 211 204
4.471243 -1.475879 20.485962 242 225 226
4.701048 -1.488741 20.642893 253 247 252
3.615598 -1.394952 20.528284 234 188 168
4.522059 -1.455236 20.512579 245 232 235
4.701181 -1.465154 20.636139 253 247 252
4.757392 -1.467925 20.696550 253 248 254
3.470284 -1.358988 20.658119 228 181 155
4.888216 -1.449402 20.900312 240 235 239
3.770758 -1.358501 20.462471 232 187 170
4.079086 -1.380437 20.396187 236 191 179
4.927463 -1.426628 20.977497 233 226 231
3.415799 -1.304490 20.769423 219 174 146
3.814531 -1.338059 20.438313 230 187 170
3.836557 -1.339660 20.432718 230 187 170
4.329757 -1.373447 20.410830 232 204 199
4.498291 -1.383442 20.481056 240 226 229
4.623502 -1.390407 20.556320 249 241 245
4.701087 -1.394516 20.613325 252 247 252
3.555818 -1.294021 20.559732 224 182 162
3.641092 -1.301045 20.502680 228 185 168
3.663214 -1.302704 20.495543 228 185 168
3.881717 -1.319191 20.420122 229 186 170
4.058879 -1.331828 20.393141 232 188 177
3.773925 -1.287243 20.454531 226 184 168
4.286383 -1.323561 20.402178 227 198 192
4.909938 -1.355717 20.867472 244 238 244
3.731962 -1.260042 20.472387 224 183 168
3.775250 -1.263477 20.453827 224 184 167
4.575934 -1.317199 20.517254 242 236 238
4.702004 -1.324000 20.595888 249 245 250
5.241760 -1.320363 22.288761 204 193 193
3.602863 -1.225652 20.531099 221 181 165
3.797860 -1.241481 20.441774 223 183 167
4.153176 -1.267407 20.393183 224 184 178
4.198229 -1.270515 20.394053 222 187 180
4.652221 -1.297796 20.560682 246 241 245
4.726934 -1.301920 20.602453 249 246 252
3.756024 -1.214221 20.459818 220 182 166
3.975865 -1.231085 20.404537 222 182 171
4.042286 -1.235980 20.395277 223 182 173
5.142441 -1.275614 21.779438 208 197 198
3.933318 -1.204113 20.413784 219 181 168
4.131332 -1.219022 20.379601 219 180 173
3.566961 -1.149475 20.579487 213 177 161
3.648710 -1.157772 20.495306 215 180 163
3.670362 -1.159620 20.484774 215 179 163
3.821371 -1.172352 20.416473 215 179 163
3.845729 -1.173754 20.427376 215 179 163
3.892625 -1.176803 20.436563 215 179 164
4.131248 -1.195684 20.370291 216 179 171
4.176116 -1.198867 20.370159 215 181 174
3.465820 -1.114500 20.695360 208 171 152
3.505661 -1.119149 20.637362 210 173 156
3.547879 -1.123282 20.601326 210 175 158
3.799154 -1.147144 20.410633 212 178 161
3.998442 -1.162425 20.376362 214 179 168
4.336021 -1.186329 20.381912 218 197 192
3.761259 -1.119123 20.456469 210 176 157
4.044016 -1.142233 20.370071 213 178 167
4.065711 -1.143965 20.364719 212 178 167
5.283109 -1.171306 22.209473 185 173 163
3.475055 -1.064663 20.747791 196 163 136
4.066622 -1.120516 20.361551 210 177 165
5.033269 -1.165702 21.087656 202 190 186
4.544553 -1.125761 20.528080 227 217 215
3.564796 -1.024495 20.689754 194 163 130
3.920168 -1.060378 20.420963 202 174 154
4.836596 -1.118987 20.650860 234 228 228
3.610518 -1.004297 20.670160 189 160 123
3.630706 -1.006709 20.645912 188 160 123
3.922106 -1.036614 20.424490 199 173 151
4.372694 -1.069792 20.424543 203 187 173
4.864378 -1.068688 20.777714 201 194 182
4.006415 -0.991736 20.512609 242 227 208
4.027559 -0.993747 20.502003 242 227 208
4.289853 -1.010042 20.581680 183 166 150
3.816814 -0.927683 21.125645 204 178 140
4.536432 -0.989220 20.947464 172 157 136
4.794015 -1.001986 21.102310 169 156 136
3.911363 -0.917867 20.946060 234 217 186
3.920416 -0.843937 21.495632 242 225 188
4.106899 -0.889125 20.831114 248 233 215
3.964069 -0.847896 20.955816 244 227 200
4.179039 -0.869989 20.839750 247 238 223
3.923195 -0.739108 22.599247 213 181 135
3.986913 -0.825839 20.941916 240 225 200
4.028853 -0.830671 20.909727 239 225 204
4.137987 -0.841390 20.863571 242 233 215
4.235205 -0.847455 20.893017 245 236 223
3.862386 -0.759732 21.571098 230 205 166
4.095725 -0.812926 20.880791 229 214 198
4.185061 -0.820958 20.859491 232 221 206
3.855238 -0.661995 22.436073 221 181 133
4.028368 -0.735267 20.867737 228 211 193
4.339882 -0.756368 20.932680 245 236 226
3.751990 -0.677778 21.064867 215 177 139
3.982552 -0.707522 20.862991 233 214 194
4.049638 -0.713876 20.845068 233 217 202
3.783472 -0.662962 20.936247 208 175 142
4.456330 -0.709879 21.057283 223 216 203
3.692512 -0.608320 21.320538 242 201 159
3.697977 -0.617290 21.176378 241 201 162
3.694045 -0.605587 20.952379 241 204 169
4.863772 -0.612573 22.402235 181 165 138
3.726699 -0.591074 20.831894 235 207 178
3.790906 -0.599074 20.787252 222 194 168
3.812632 -0.601570 20.775551 218 189 165
4.197259 -0.636383 20.719669 213 199 189
3.989090 -0.596342 20.702225 204 184 166
4.034298 -0.600419 20.696371 204 185 170
4.056991 -0.602411 20.694290 204 186 172
4.241071 -0.617211 20.698856 221 210 200
4.333418 -0.624352 20.705629 221 213 202
4.117709 -0.563871 20.623941 235 225 213
4.186863 -0.569314 20.628328 238 230 219
3.655133 -0.490825 20.779255 203 174 153
4.449142 -0.562824 20.693312 246 239 233
3.693677 -0.474725 20.705441 197 172 158
4.343191 -0.536752 20.595551 240 235 231
4.613419 -0.533679 20.968483 222 208 198
3.929427 -0.480412 20.561687 210 194 179
3.973950 -0.484772 20.553062 214 199 185
4.493465 -0.520193 20.671961 241 233 230
3.550332 -0.375801 21.237169 177 138 101
3.582928 -0.401426 20.918684 168 134 113
3.711818 -0.431972 20.645336 178 158 151
4.267702 -0.487155 20.532913 223 218 214
3.711877 -0.408518 20.635042 170 153 149
4.288557 -0.466506 20.514181 214 210 209
4.335932 -0.469543 20.527851 218 215 216
3.559831 -0.337113 21.093287 168 132 103
3.654374 -0.373221 20.717789 161 142 135
3.774171 -0.394357 20.572023 164 153 149
4.014368 -0.421032 20.490313 176 168 162
4.059321 -0.425130 20.487001 180 172 168
4.218403 -0.438484 20.490713 197 193 191
4.407479 -0.450775 20.543125 220 220 223
4.704185 -0.414122 21.049292 180 169 154
4.768693 -0.402733 21.272291 175 164 142
3.617783 -0.316944 20.774914 152 129 120
3.860500 -0.358349 20.511528 155 150 145
3.991924 -0.372663 20.473646 157 151 148
4.149552 -0.386864 20.466549 168 165 166
4.217737 -0.392549 20.469408 176 175 178
4.381004 -0.404033 20.503721 203 206 213
4.507396 -0.408763 20.584045 204 204 211
3.582770 -0.236910 21.441757 185 149 113
4.059698 -0.355635 20.462017 154 150 152
4.331812 -0.378660 20.470491 186 190 197
3.905292 -0.316462 20.485176 146 143 142
4.770400 -0.330217 21.257921 171 161 141
3.994335 -0.302329 20.461454 142 140 143
3.908213 -0.268869 20.485678 137 136 137
4.662515 -0.300501 20.908485 167 161 151
3.596971 -0.180193 20.925133 167 138 114
4.042490 -0.259006 20.460758 133 135 139
4.431584 -0.290618 20.496168 164 171 179
3.626194 -0.171247 20.772343 147 123 105
3.934062 -0.200207 20.477209 122 124 127
3.955996 -0.202685 20.471403 122 124 128
3.637707 -0.093982 20.827694 169 146 120
4.388401 -0.194040 20.473196 146 149 153
4.460176 -0.198198 20.499393 152 151 148
4.488656 -0.197703 20.533611 155 153 147
4.552195 -0.194138 20.637297 162 157 144
3.674080 -0.081238 20.735210 151 132 112
4.490946 -0.173751 20.538538 158 153 144
3.653893 -0.036903 20.930334 177 155 126
3.815754 -0.085093 20.571081 117 113 112
4.051507 -0.116647 20.464062 109 115 119
4.096317 -0.098126 20.451691 114 122 125
4.442773 -0.125158 20.503704 154 148 141
4.599561 -0.116370 20.750341 170 156 133
4.324532 -0.094668 20.460241 144 148 152
4.469054 -0.102564 20.517664 161 150 139
3.822855 -0.011593 20.590929 126 118 117
4.188031 -0.059991 20.442528 134 146 148
4.210681 -0.062029 20.443249 140 151 154
3.990931 -0.014461 20.476669 125 127 130
4.212011 -0.038485 20.442749 150 160 163
4.257736 -0.042336 20.447083 159 167 170
3.775998 0.163300 21.815657 153 127 101
4.190655 -0.012904 20.441298 152 162 164
4.236085 -0.016938 20.443670 164 174 176
4.259159 -0.018760 20.447157 167 175 178
4.329793 -0.023489 20.466312 170 172 174
4.401139 -0.027858 20.489742 149 144 139
3.791896 0.071620 20.669632 124 112 108
3.911735 0.047107 20.539360 122 119 122
4.169321 0.012716 20.440077 148 157 159
4.356217 -0.000771 20.481300 162 161 162
3.913351 0.071080 20.540638 118 116 118
3.954388 0.063896 20.508614 119 119 122
4.383783 0.022524 20.502781 145 140 138
3.757260 0.148213 20.908167 131 113 102
4.217784 0.055925 20.443531 162 168 169
3.841732 0.138894 20.663450 122 115 114
3.880533 0.129697 20.611519 121 117 118
4.315099 0.096878 20.470535 160 160 160
4.436814 0.090985 20.525133 120 110 102
3.810403 0.199795 20.750795 125 115 112
4.176566 0.130830 20.441206 156 159 159
3.744936 0.271735 21.126726 127 106 94
3.768605 0.249910 20.948711 126 111 103
3.780030 0.239011 20.859455 125 112 107
3.866490 0.207023 20.644461 125 120 119
4.090260 0.164821 20.458124 140 142 142
4.200662 0.152321 20.442066 159 161 161
3.906550 0.221509 20.592516 121 119 118
3.966717 0.209118 20.533903 121 121 122
4.271768 0.170550 20.455099 161 160 159
4.320865 0.191265 20.471266 156 153 152
3.799178 0.303481 20.796385 111 99 96
4.179296 0.246198 20.414537 157 158 155
3.776656 0.352833 20.781561 84 65 59
3.930418 0.311610 20.559517 97 95 91
4.133671 0.295690 20.393457 155 155 151
5.048352 -2.632422 23.296364 181 170 132
3.860190 -2.522765 22.772554 202 169 126
4.183780 -2.545358 22.916189 193 168 128
4.343949 -2.555928 22.975220 192 164 129
5.023236 -2.603844 23.286400 181 169 135
5.050484 -2.605762 23.298798 181 169 135
3.755431 -2.489129 22.734697 204 171 126
3.836046 -2.494686 22.769215 204 170 128
3.862201 -2.496226 22.775076 203 170 128
4.855697 -2.536326 23.168554 193 178 150
3.810203 -2.438483 22.739141 206 173 131
3.859788 -2.440480 22.730091 208 174 134
4.455795 -2.475361 22.854498 217 187 159
4.784995 -2.499997 23.038385 205 188 162
3.809905 -2.376080 21.951385 222 186 150
4.149573 -2.393272 21.961292 224 194 166
4.197157 -2.395501 21.958725 224 194 167
4.604012 -2.422555 22.113394 219 199 177
4.630038 -2.424431 22.126486 219 200 179
4.789662 -2.436682 22.223343 214 202 185
3.672064 -2.363749 22.411627 218 182 139
4.118970 -2.329673 21.127495 231 201 177
4.143149 -2.331244 21.135859 231 201 176
4.450819 -2.349653 21.206242 232 210 192
3.720510 -2.268249 20.726915 244 208 176
3.743482 -2.269485 20.728817 244 208 178
4.255273 -2.294003 20.699945 237 207 185
4.542486 -2.313798 20.825823 246 237 229
4.569841 -2.316418 20.855112 246 237 230
5.213225 -2.447774 23.185213 190 176 150
4.438605 -2.280809 20.729050 249 232 222
4.689667 -2.305428 21.017689 249 242 238
4.336767 -2.248426 20.640821 249 219 208
3.624304 -2.188381 20.652645 251 209 180
4.107259 -2.210585 20.579105 248 212 191
4.382625 -2.227302 20.642990 252 228 220
4.585826 -2.243732 20.796955 254 247 248
4.670500 -2.251998 20.898113 254 247 247
3.568638 -2.215106 22.103024 216 177 138
4.356366 -2.201121 20.609396 252 225 217
3.547683 -2.181195 21.911583 218 178 140
3.498326 -2.136024 20.715031 240 198 167
4.169718 -2.165136 20.536493 252 216 197
4.475778 -2.185579 20.656712 254 242 241
4.937310 -2.251389 21.821440 214 203 201
3.539072 -2.112295 20.662703 248 204 176
3.710333 -2.118770 20.584970 253 213 186
3.775429 -2.121644 20.567511 253 213 189
4.191610 -2.142437 20.526571 253 218 200
3.601362 -2.089712 20.604311 253 211 185
4.548333 -2.143121 20.678537 254 247 249
3.795055 -2.073872 20.526226 254 215 192
3.970056 -2.082676 20.503815 254 219 196
4.035596 -2.086050 20.497856 254 219 197
4.447033 -2.111389 20.592842 254 240 240
3.860398 -2.053085 20.504110 254 217 195
4.421474 -2.085632 20.563334 254 238 236
4.545750 -2.094989 20.647961 254 247 250
4.688591 -2.108265 20.829136 253 247 253
4.234640 -2.049612 20.485224 254 222 208
4.544771 -2.071050 20.634422 254 247 250
4.720852 -2.087719 20.876026 252 246 253
5.059029 -2.143588 22.172504 197 186 183
4.078279 -1.993045 20.450615 254 222 202
3.488918 -1.972283 21.927988 218 175 132
3.751081 -1.951660 20.478363 254 219 192
3.880461 -1.958277 20.448233 254 219 196
4.123798 -1.972180 20.451021 254 224 205
4.571763 -2.002245 20.638588 254 248 252
4.627208 -2.006970 20.702772 254 249 254
5.186205 -2.087239 22.681217 189 177 172
3.444230 -1.929811 21.318069 226 180 141
4.655365 -1.985651 20.728809 254 249 254
4.998712 -2.030760 21.827847 211 201 203
3.729739 -1.902781 20.464180 254 218 191
3.837872 -1.908521 20.440430 254 218 194
4.124823 -1.925093 20.438986 254 224 207
4.348884 -1.938761 20.471325 253 231 222
4.716803 -1.967525 20.815163 254 252 255
3.496447 -1.867556 20.564978 250 203 173
3.540275 -1.869860 20.552498 253 207 179
3.666749 -1.875854 20.484344 254 215 188
3.687762 -1.876866 20.473791 254 216 189
3.946994 -1.890878 20.418900 254 219 198
4.213485 -1.906785 20.436230 254 224 211
4.545709 -1.929325 20.590923 254 248 251
4.599024 -1.933523 20.644295 254 250 254
3.645948 -1.850931 20.485594 254 213 187
3.775362 -1.857868 20.449656 254 217 191
4.259017 -1.886128 20.438461 254 226 214
4.599370 -1.886349 20.630190 254 249 253
4.170537 -1.833714 20.414175 254 224 210
3.563970 -1.775188 20.513647 253 208 179
3.797114 -1.787795 20.414421 254 216 191
4.260488 -1.815872 20.420961 254 224 213
4.327805 -1.820110 20.432642 254 226 219
5.241727 -1.910146 22.783646 189 177 175
3.904652 -1.770339 20.381702 254 216 194
4.193304 -1.788184 20.401752 254 222 209
4.396127 -1.801078 20.442280 254 235 231
3.755030 -1.738036 20.410509 254 212 188
4.149554 -1.762039 20.392494 254 220 205
4.283869 -1.770532 20.413017 253 221 212
4.421056 -1.779428 20.452337 254 236 235
4.495086 -1.784579 20.502590 254 243 246
5.013700 -1.831128 21.722769 215 205 208
3.390269 -1.695347 20.735683 231 183 148
3.606770 -1.705820 20.461374 252 206 181
3.862755 -1.720767 20.377327 253 214 191
4.105692 -1.735862 20.382763 254 218 202
3.777761 -1.692124 20.392805 252 210 187
3.389524 -1.646608 20.703262 232 184 151
3.461710 -1.649873 20.541842 243 195 166
3.929029 -1.677813 20.357632 254 212 191
3.973173 -1.680596 20.358425 254 214 193
4.017519 -1.683407 20.361042 254 216 196
4.376669 -1.706478 20.421612 253 229 225
3.483083 -1.627162 20.518736 243 196 168
3.995775 -1.658590 20.352884 253 214 193
4.521689 -1.692880 20.497429 254 244 249
3.398860 -1.602266 21.367720 221 173 137
3.800957 -1.622833 20.368484 250 206 184
3.843616 -1.625501 20.357161 251 207 184
4.497732 -1.667922 20.476643 254 241 245
4.683956 -1.680780 20.662792 254 249 253
4.741442 -1.684832 20.736355 254 249 255
3.406624 -1.574849 20.614943 236 186 157
3.527051 -1.582116 20.484249 243 197 171
3.887792 -1.581382 20.337090 250 205 184
3.997478 -1.588498 20.335253 249 209 190
4.197996 -1.601573 20.358969 249 214 201
4.288198 -1.607474 20.378073 249 217 208
4.427199 -1.616619 20.429171 252 232 230
4.524581 -1.623084 20.489183 253 242 247
4.602939 -1.628343 20.562052 254 247 249
3.374679 -1.524753 20.708101 230 180 151
3.677035 -1.544238 20.405693 248 201 178
3.932225 -1.560860 20.329838 249 204 185
4.198816 -1.578327 20.355066 248 212 199
4.428095 -1.593398 20.425980 251 230 229
4.500665 -1.598188 20.468590 253 238 242
3.719450 -1.523421 20.378750 246 200 178
3.804003 -1.529008 20.348366 246 200 180
3.955118 -1.538980 20.326128 248 204 185
4.155140 -1.552160 20.345541 247 210 195
4.502685 -1.551738 20.463591 252 237 241
4.805292 -1.571236 20.803181 254 249 255
5.148718 -1.591746 22.094622 211 201 202
3.742413 -1.477875 20.362539 244 197 178
3.827340 -1.483644 20.336235 244 199 179
4.112852 -1.502758 20.335747 245 207 190
4.202483 -1.508710 20.350691 243 208 195
4.247286 -1.511685 20.358500 243 209 198
4.554842 -1.531810 20.504335 253 242 247
3.743716 -1.454434 20.361259 242 195 178
4.270789 -1.489987 20.360369 242 210 200
4.316447 -1.493006 20.373596 244 214 207
4.529571 -1.506912 20.476429 252 239 243
4.581845 -1.510214 20.525513 253 245 248
4.941831 -1.531655 21.148657 239 231 238
3.535120 -1.416109 20.465092 235 189 170
4.636433 -1.490271 20.578306 254 247 252
4.839905 -1.502507 20.846052 251 246 252
3.456817 -1.386327 20.552181 232 185 163
3.874652 -1.416575 20.327547 240 195 179
4.094025 -1.431596 20.327078 240 202 187
4.411783 -1.452765 20.406612 242 220 220
4.583450 -1.463699 20.518353 252 244 247
4.719850 -1.471942 20.667683 254 248 255
3.558118 -1.370299 20.445223 232 187 171
3.832897 -1.390218 20.333849 236 193 177
4.320350 -1.423510 20.370813 238 210 204
4.413272 -1.429605 20.406780 240 219 219
3.338598 -1.326783 20.893013 214 169 141
3.621793 -1.351377 20.405390 231 187 172
3.986054 -1.377566 20.317623 236 195 179
4.119607 -1.386696 20.332220 235 198 184
3.481413 -1.316457 20.530506 228 181 164
3.500241 -1.318130 20.499487 228 183 166
3.771714 -1.338843 20.349825 232 190 175
3.793026 -1.340404 20.343800 232 191 175
3.900362 -1.348158 20.322521 233 191 176
4.075947 -1.360437 20.323135 234 196 182
4.775983 -1.404968 20.710817 254 249 255
4.834039 -1.408170 20.785721 253 248 254
3.367687 -1.282162 20.715025 218 174 149
3.385244 -1.284003 20.668079 221 176 152
3.666353 -1.307496 20.381866 229 188 172
4.124427 -1.317071 20.334879 231 194 182
4.236522 -1.324752 20.354221 229 197 188
4.327006 -1.330870 20.375574 231 205 202
4.615219 -1.349076 20.533548 248 242 246
4.666519 -1.352107 20.576355 252 246 253
4.693662 -1.353620 20.605391 253 247 254
3.904288 -1.278266 20.319227 229 189 175
4.240612 -1.278359 20.361216 227 196 187
4.518414 -1.296647 20.461733 238 227 229
4.722141 -1.308521 20.625788 252 246 254
4.892824 -1.317281 20.833023 251 246 252
4.931672 -1.318620 20.918655 238 231 238
3.650230 -1.211850 20.383844 223 184 170
3.997336 -1.237935 20.333738 226 188 175
4.196209 -1.252106 20.347115 223 191 182
3.359812 -1.151012 21.192987 206 165 137
3.348640 -1.156266 20.886314 208 166 142
3.431795 -1.167806 20.609959 215 174 159
3.548862 -1.179410 20.455383 219 181 167
3.891685 -1.206459 20.353149 223 186 173
3.935570 -1.209692 20.351685 223 187 173
4.427144 -1.244240 20.419209 230 213 215
4.622208 -1.256096 20.539648 245 238 246
4.831326 -1.267660 20.726660 253 248 255
3.379849 -1.137168 20.740810 210 169 149
3.396523 -1.139547 20.686321 211 171 154
3.743649 -1.171278 20.392801 221 185 172
4.335780 -1.214985 20.384142 224 202 199
4.405720 -1.219530 20.412285 227 210 211
4.498785 -1.225602 20.448587 232 221 225
4.803191 -1.242946 20.686129 253 246 255
3.766232 -1.149544 20.384541 220 184 171
4.159081 -1.179175 20.359871 218 188 178
4.363061 -1.193185 20.408003 222 203 202
4.576872 -1.206644 20.512798 240 232 238
3.419154 -1.069150 21.677431 200 162 128
3.437499 -1.095850 20.619587 209 172 153
3.496707 -1.102059 20.544523 211 174 157
3.618097 -1.113744 20.434319 215 179 166
3.746064 -1.124368 20.388821 218 182 169
3.767336 -1.126121 20.381844 218 182 169
4.160082 -1.155980 20.357018 217 187 177
3.521749 -1.079841 20.551155 208 172 151
4.997883 -1.179563 20.985987 224 215 216
3.586960 -1.061727 20.517931 205 170 147
3.689807 -1.071435 20.445278 209 175 155
3.904335 -1.089146 20.388807 212 179 162
3.991518 -1.095923 20.381611 214 182 168
4.252094 -1.115949 20.368660 212 189 179
4.394410 -1.124840 20.438168 220 203 199
4.417723 -1.126357 20.447290 222 206 204
4.466147 -1.129258 20.475592 227 212 213
4.516073 -1.132058 20.511898 231 219 221
4.540235 -1.133521 20.525454 233 222 225
4.564409 -1.134984 20.539013 236 226 229
4.856170 -1.152574 20.705391 249 243 247
3.657117 -1.043006 20.525270 204 171 145
3.733054 -1.051635 20.423643 206 174 151
4.253897 -1.092723 20.370689 209 187 176
4.065940 -1.053669 20.416794 218 191 177
4.409708 -1.077263 20.508877 208 191 182
4.600171 -1.089170 20.599403 222 210 208
4.028841 -1.026248 20.452204 229 205 188
3.807524 -0.980650 20.604027 200 175 145
3.825276 -0.983103 20.570663 201 176 147
4.391783 -1.016426 20.899416 187 169 155
4.475855 -1.019772 20.997755 189 171 157
4.527572 -1.022513 21.037100 190 175 160
5.045613 -1.054371 21.294794 194 185 161
3.828729 -0.948274 20.906237 211 186 154
5.208887 -1.015907 22.097610 198 189 157
3.875453 -0.903957 20.891640 238 220 189
3.899862 -0.863136 21.381828 239 218 183
3.923226 -0.883365 20.895952 247 232 203
3.981582 -0.890536 20.829094 250 235 211
4.294612 -0.905537 21.091089 242 231 218
3.903220 -0.838005 21.394630 242 221 186
3.888399 -0.847448 21.123423 245 227 193
4.130591 -0.875364 20.905952 249 234 217
4.321377 -0.882780 21.106518 250 242 229
3.966358 -0.771405 22.547213 221 191 148
3.904231 -0.806463 21.559935 233 208 170
3.880121 -0.818373 21.218580 236 212 177
4.171608 -0.856000 20.870131 245 234 220
4.196497 -0.857402 20.884987 246 236 223
4.622645 -0.844080 22.059450 211 199 182
4.640961 -0.821786 22.019035 205 193 174
3.935499 -0.710729 22.666971 224 189 143
3.873936 -0.785447 20.827654 233 209 179
4.227790 -0.816296 20.781990 239 230 218
3.983427 -0.771941 20.790674 230 210 190
4.461658 -0.797502 21.096846 230 221 207
3.921394 -0.741398 20.820539 235 214 191
4.069969 -0.756599 20.757034 221 203 189
4.134602 -0.762721 20.740044 220 204 191
4.156328 -0.764704 20.735970 221 205 194
4.371602 -0.778439 20.823687 244 236 223
3.861438 -0.710048 20.867912 225 200 172
4.071587 -0.732745 20.757772 225 209 196
4.201952 -0.744776 20.732574 231 219 209
3.883403 -0.688480 20.851377 214 186 160
3.802608 -0.654241 20.916243 203 171 138
3.804180 -0.585047 21.787350 239 205 166
4.091937 -0.664799 20.715219 207 190 180
4.515158 -0.687248 20.973825 198 186 169
3.751243 -0.595526 21.023966 234 205 171
3.878578 -0.618997 20.785904 193 166 143
4.025607 -0.635458 20.711557 190 169 155
4.570063 -0.665293 21.022747 189 175 155
3.737273 -0.484423 22.592722 227 181 135
3.741728 -0.545913 21.470394 242 211 176
4.109954 -0.621117 20.668306 204 188 178
4.131964 -0.623103 20.666458 206 191 180
4.412567 -0.642517 20.751198 215 206 196
3.894172 -0.576050 20.716011 230 210 189
4.607146 -0.616705 21.087778 212 197 179
3.679567 -0.518799 20.972275 230 203 174
4.196155 -0.583022 20.632111 231 220 208
4.335241 -0.592921 20.669712 236 228 220
3.688184 -0.401787 22.564207 216 169 125
4.610110 -0.575922 20.963957 220 206 191
4.676919 -0.567444 21.207937 210 195 177
4.781012 -0.550512 21.651608 200 184 163
3.638172 -0.465389 20.986652 198 168 143
3.654208 -0.470095 20.931637 200 173 150
3.763355 -0.492366 20.719896 220 198 181
3.951949 -0.514938 20.619207 239 222 206
4.401436 -0.552343 20.652452 249 244 239
4.501418 -0.557035 20.720312 247 237 229
4.167964 -0.513346 20.567118 239 229 221
4.236089 -0.518661 20.578375 242 236 228
4.259042 -0.520355 20.583742 243 236 229
4.766723 -0.512954 21.433401 194 178 157
3.668432 -0.428224 20.840773 181 160 145
3.724491 -0.439120 20.746378 188 170 158
3.884602 -0.462621 20.598133 203 187 173
3.948494 -0.469684 20.575874 212 195 182
4.144022 -0.488864 20.546507 227 215 208
4.372369 -0.506110 20.594301 236 231 230
3.762959 -0.422419 20.684080 182 166 157
3.782185 -0.425718 20.659393 184 168 158
3.863043 -0.437131 20.593876 189 173 162
4.208750 -0.472177 20.528124 224 214 210
4.253963 -0.475747 20.535311 226 218 214
3.803024 -0.405136 20.636076 177 163 156
3.823434 -0.384763 20.610329 170 158 152
3.650237 -0.330113 20.830622 160 140 131
3.687667 -0.337864 20.766855 161 147 142
3.968689 -0.380080 20.521978 168 158 153
3.688294 -0.314210 20.760139 157 143 140
3.806052 -0.334334 20.625515 162 153 150
4.056822 -0.365401 20.507896 165 158 157
4.121296 -0.372104 20.496096 170 164 165
4.810294 -0.365263 21.495533 180 170 149
3.620227 -0.271613 20.931505 156 128 112
4.512197 -0.354628 20.583649 188 191 197
4.608199 -0.351383 20.750530 179 176 170
4.826706 -0.312363 21.566778 178 169 147
3.771611 -0.256062 20.670204 152 144 145
3.811480 -0.262579 20.632021 151 146 148
4.102499 -0.300142 20.488770 149 148 153
4.344540 -0.322406 20.491161 174 180 187
4.512981 -0.331472 20.579821 181 185 191
4.611732 -0.327191 20.761696 175 172 165
4.721365 -0.311248 21.115093 176 169 152
3.662944 -0.151802 21.601891 182 147 115
3.995541 -0.265483 20.503403 144 142 145
4.392846 -0.302070 20.509357 173 181 187
3.915130 -0.230595 20.551504 141 139 142
3.955504 -0.236569 20.522936 140 139 142
3.997334 -0.241832 20.505423 139 139 142
4.236847 -0.265886 20.484474 150 157 164
3.936974 -0.209923 20.538149 135 135 139
4.518072 -0.261136 20.583557 166 168 168
3.780425 -0.159268 20.690239 135 127 126
3.878834 -0.176623 20.589109 131 131 134
3.898464 -0.180001 20.569998 130 131 134
4.022278 -0.196974 20.503988 129 131 136
4.152005 -0.210732 20.485493 133 139 144
4.305791 -0.225267 20.485922 150 158 164
3.802094 -0.138737 20.672409 128 122 123
3.960501 -0.165618 20.526470 124 126 131
4.307927 -0.201668 20.489836 145 154 160
3.747150 -0.102538 20.756796 133 119 109
3.766206 -0.106587 20.729729 130 118 112
4.310207 -0.178003 20.494602 142 150 155
4.695455 -0.159518 21.168165 176 169 144
4.223485 -0.146385 20.491873 126 139 143
4.312634 -0.154269 20.500219 138 147 151
4.292082 -0.128831 20.499548 133 142 147
4.454208 -0.140108 20.551437 155 153 144
3.811378 -0.041627 20.695574 129 119 116
4.227373 -0.099193 20.497547 131 143 146
3.746423 0.004496 20.874910 146 127 109
4.096773 -0.062781 20.498636 121 130 132
3.744535 0.057502 21.194632 161 135 110
4.413913 -0.066133 20.545732 158 154 148
4.510420 -0.060138 20.719372 169 159 140
4.079298 -0.012851 20.509335 132 138 140
4.143787 -0.020255 20.497919 139 148 151
3.781314 0.177194 21.997622 170 135 103
3.898366 0.039910 20.630667 133 128 130
4.257504 -0.006739 20.511114 168 176 179
4.279724 -0.008803 20.512653 171 178 181
4.371361 -0.015777 20.535770 168 168 167
4.458656 -0.013128 20.658878 157 149 137
3.777976 0.199814 21.959305 162 128 97
3.922884 0.084650 20.624214 125 122 125
4.216587 0.044543 20.511795 161 169 171
4.437467 0.035151 20.646553 144 137 129
4.285894 0.062216 20.523026 172 176 180
4.443276 0.060594 20.671249 137 129 122
4.221171 0.114911 20.512701 172 176 178
4.291039 0.110106 20.536058 177 179 181
4.452345 0.110488 20.706036 136 128 121
4.156309 0.144997 20.511364 156 159 160
4.340585 0.131058 20.560419 169 167 166
4.364420 0.129717 20.571365 162 159 158
3.891547 0.211581 20.666229 131 125 127
4.009807 0.188364 20.557470 132 133 134
3.990437 0.215090 20.566883 130 131 131
4.053764 0.228933 20.534716 137 138 138
4.159047 0.214456 20.500786 154 154 155
3.934086 0.274026 20.618834 117 116 115
3.914481 0.300943 20.627968 114 113 110
3.993856 0.285322 20.559902 110 111 110
4.159988 0.260222 20.488276 158 156 156
4.315156 0.244837 20.496542 169 167 164
3.994068 0.308154 20.551462 105 105 104
4.076180 0.294744 20.507656 142 142 140
4.223635 0.274567 20.464931 169 168 166
4.117630 0.311052 20.480734 157 156 154
4.243616 0.293708 20.444315 176 175 172
4.156931 0.326145 20.441891 150 148 146
4.948189 -2.657013 23.259869 185 172 134
3.979802 -2.533184 22.835499 203 170 133
5.006328 -2.608610 23.293837 183 170 139
5.113783 -2.617048 23.351166 184 170 140
3.849360 -2.496641 22.769379 201 166 124
4.256273 -2.494714 22.855665 204 171 139
4.504931 -2.450158 22.291538 211 183 154
3.767558 -2.339971 21.377764 231 198 166
4.211221 -2.373696 21.599443 227 194 166
4.379121 -2.338871 21.236547 233 204 179
4.503050 -2.349106 21.314734 235 215 195
4.695246 -2.382241 21.773451 237 225 214
4.767396 -2.393543 21.923416 237 226 217
3.626232 -2.328649 22.285086 218 181 141
4.458286 -2.309301 21.046316 242 222 205
4.734736 -2.345394 21.488836 245 236 232
4.821740 -2.361308 21.719595 246 237 231
4.656619 -2.290361 20.936586 252 245 243
3.889558 -2.218379 20.754713 252 216 192
4.525352 -2.253327 20.795340 252 244 241
4.654311 -2.265688 20.915625 253 245 245
3.775131 -2.186732 20.713106 253 217 195
3.945323 -2.193968 20.675907 253 218 196
4.114034 -2.201312 20.642761 253 218 197
4.315021 -2.213853 20.686262 250 219 203
3.683472 -2.156518 20.676895 254 215 191
3.796957 -2.163575 20.700287 254 218 197
3.819250 -2.164849 20.702345 254 218 197
4.220291 -2.182645 20.623806 253 220 203
4.287501 -2.186967 20.640873 252 220 205
4.650718 -2.216804 20.879286 254 247 249
3.752028 -2.136690 20.682598 254 217 196
4.742179 -2.204103 21.016481 250 241 244
4.812888 -2.219062 21.276497 242 231 234
4.491361 -2.153298 20.689716 254 245 243
3.534853 -2.123215 21.822384 226 183 148
3.511728 -2.076198 20.684877 249 205 178
3.816022 -2.091281 20.646091 254 219 198
4.371236 -2.119922 20.603182 253 234 225
4.442044 -2.125393 20.642933 254 242 236
4.620016 -2.141577 20.803293 254 249 249
3.490870 -2.051142 20.683651 249 203 176
3.559080 -2.055336 20.694624 253 211 186
4.441691 -2.101664 20.632147 254 243 237
3.539962 -2.030887 20.706959 253 209 184
3.729586 -2.038714 20.633560 254 219 196
3.957038 -2.048114 20.545832 254 223 200
3.600795 -2.008348 20.649035 254 215 192
3.622074 -2.009310 20.642479 254 216 192
3.708054 -2.013538 20.625452 254 219 195
3.729285 -2.014532 20.619865 254 220 196
4.125134 -2.032813 20.508612 254 225 204
4.781944 -2.090152 21.071674 248 241 248
3.894572 -1.997580 20.542133 254 224 201
4.232179 -2.015329 20.500313 254 227 209
3.708493 -1.965553 20.605505 254 220 195
3.791544 -1.969208 20.572126 254 221 197
3.935392 -1.975547 20.514580 254 225 202
4.038368 -1.980405 20.482964 254 226 203
4.188326 -1.989038 20.483593 254 227 208
4.276406 -1.994676 20.500971 253 228 213
3.581660 -1.935518 20.635637 254 214 190
3.687425 -1.940530 20.600687 254 220 194
3.708908 -1.941657 20.596985 254 220 195
3.976904 -1.953867 20.493086 254 227 202
4.017581 -1.955726 20.477497 254 227 203
4.387949 -1.978674 20.523605 253 240 231
3.504848 -1.909832 20.719416 253 205 179
3.463025 -1.889211 20.916285 245 196 166
3.582879 -1.887630 20.620556 254 213 190
4.233387 -1.921657 20.470461 254 226 211
4.610323 -1.950162 20.683517 254 250 252
5.197186 -2.044540 22.722446 199 187 187
3.466383 -1.876334 21.315010 236 188 155
3.543393 -1.862250 20.646137 253 210 185
3.625057 -1.865635 20.593023 254 216 192
4.232985 -1.898128 20.458776 254 226 211
4.481911 -1.915526 20.550404 254 247 244
4.693443 -1.934547 20.780006 254 251 255
4.846961 -1.953671 21.137205 242 234 243
3.544548 -1.838432 20.642746 253 210 184
3.772372 -1.849286 20.535360 254 220 196
4.060741 -1.864086 20.439354 254 224 205
4.103825 -1.866731 20.441339 254 225 206
4.433809 -1.888375 20.508856 254 243 240
3.648769 -1.819432 20.581886 254 218 191
3.858066 -1.830446 20.514694 254 220 198
4.042133 -1.839928 20.447487 254 224 203
3.474682 -1.789676 20.773422 247 200 169
3.671583 -1.797040 20.576206 254 218 192
3.693284 -1.798321 20.574194 254 218 193
4.838024 -1.880165 21.066410 250 242 252
3.588462 -1.768860 20.602621 254 212 186
4.085831 -1.795801 20.433477 254 222 202
4.213288 -1.803623 20.431051 254 225 209
4.636048 -1.835040 20.666649 254 249 251
3.457930 -1.753187 21.370285 233 184 150
3.475087 -1.741191 20.750544 247 199 168
3.651723 -1.748368 20.568600 254 214 189
4.279213 -1.784687 20.435572 254 225 213
4.344891 -1.789054 20.448488 253 231 222
3.445633 -1.717629 20.865957 241 192 161
4.279861 -1.761511 20.430332 253 224 212
4.610022 -1.786088 20.623644 254 247 248
3.476710 -1.693088 20.737688 247 199 169
3.571500 -1.696683 20.605844 253 207 183
3.738367 -1.706015 20.537483 254 214 191
3.924238 -1.716571 20.470068 254 217 195
3.965216 -1.718909 20.455826 254 219 196
4.151034 -1.729898 20.412251 254 221 204
4.172208 -1.731231 20.411659 254 221 205
4.193451 -1.732578 20.411621 254 221 207
4.215046 -1.733989 20.413845 254 221 208
3.799815 -1.685723 20.497869 254 214 191
3.759574 -1.659857 20.510387 253 212 189
3.885475 -1.667496 20.479273 253 215 192
3.926613 -1.669931 20.465183 253 215 193
4.326357 -1.695149 20.427986 252 224 215
4.908822 -1.745915 21.271917 241 236 241
5.120735 -1.772972 22.128960 211 201 206
3.723935 -1.634703 20.557499 253 210 187
3.760669 -1.636375 20.507030 253 211 187
3.801809 -1.638809 20.489937 252 211 188
4.132515 -1.659064 20.400833 254 219 201
4.370825 -1.675021 20.432173 252 227 221
4.561262 -1.689158 20.554512 254 245 247
4.586384 -1.691107 20.576607 254 246 248
4.971418 -1.728936 21.473034 229 222 229
5.074419 -1.741511 21.885248 215 206 212
3.487273 -1.613408 21.942076 225 180 142
4.262199 -1.644485 20.405708 252 219 207
3.868376 -1.596171 20.478504 250 211 188
4.134534 -1.612816 20.394300 252 217 199
4.285427 -1.622970 20.408928 251 218 209
4.490205 -1.637504 20.494205 253 238 238
4.588346 -1.644878 20.570641 254 246 248
3.806202 -1.568712 20.487940 250 208 186
3.932015 -1.576822 20.459814 251 211 189
4.242579 -1.596905 20.396679 251 217 205
4.396646 -1.607554 20.433096 250 227 222
4.443277 -1.610925 20.458673 250 232 229
4.491269 -1.614461 20.491627 252 237 238
3.434527 -1.523469 20.854422 239 188 161
3.623196 -1.533743 20.578749 250 204 179
3.710493 -1.539571 20.573641 250 205 183
4.074604 -1.562544 20.400145 250 212 193
3.690633 -1.514628 20.577538 250 203 182
3.873056 -1.526268 20.478605 247 207 185
3.976653 -1.533079 20.449577 248 209 187
4.036999 -1.536976 20.423248 249 210 190
4.376638 -1.560000 20.421696 248 223 217
4.493968 -1.568460 20.489639 251 235 235
3.521898 -1.479747 20.626837 244 195 172
3.937257 -1.507160 20.463768 247 205 185
4.078577 -1.516472 20.405819 249 208 191
4.355678 -1.535464 20.413578 247 220 213
3.469427 -1.458299 21.906532 222 178 142
4.545188 -1.525980 20.523174 252 242 242
4.645257 -1.533278 20.609085 254 249 252
3.457713 -1.431515 21.789610 222 177 143
3.793396 -1.450566 20.496012 243 201 182
3.814295 -1.451998 20.490046 244 201 182
4.754534 -1.518110 20.732632 254 249 255
3.487662 -1.406021 20.671188 237 190 169
4.108243 -1.425780 20.419468 242 204 186
4.430364 -1.448522 20.444298 241 222 221
4.574644 -1.458758 20.544077 250 243 245
4.783215 -1.473594 20.755959 253 249 255
3.471837 -1.357099 20.698254 233 188 169
3.613932 -1.367288 20.592161 236 192 176
4.275733 -1.414505 20.395245 238 205 196
4.341415 -1.419165 20.408890 238 212 206
4.386131 -1.422332 20.423603 238 217 214
4.551851 -1.434033 20.526184 247 239 241
3.593899 -1.342133 20.595816 233 191 174
3.748474 -1.353202 20.598867 237 196 178
3.968525 -1.369258 20.466478 239 198 181
3.727595 -1.328058 20.595263 235 194 177
4.198502 -1.362672 20.422255 235 198 186
4.842324 -1.407750 20.818863 253 249 254
3.423421 -1.281190 20.815794 225 181 159
3.684581 -1.301295 20.590698 231 192 174
3.887188 -1.316581 20.479553 235 194 178
4.733467 -1.377138 20.684608 251 248 255
4.920336 -1.389223 20.991735 249 245 250
4.309774 -1.324421 20.435146 233 204 199
4.397540 -1.330736 20.453901 234 214 215
3.563499 -1.244512 20.654758 225 187 172
3.893633 -1.270057 20.502264 231 192 177
4.019369 -1.279536 20.476885 231 195 180
4.040832 -1.281123 20.476637 231 195 180
4.207016 -1.293629 20.446005 231 195 185
4.423338 -1.309405 20.471941 232 215 218
4.493127 -1.314278 20.508579 233 225 228
3.651170 -1.227378 20.635283 225 188 173
3.691107 -1.230631 20.604055 226 189 174
3.798989 -1.238779 20.590464 229 191 176
3.981256 -1.253160 20.499317 228 192 177
4.994919 -1.322894 21.128237 232 223 230
5.378805 -1.336277 22.810419 194 180 178
3.513373 -1.191967 20.762968 222 183 169
3.533309 -1.193665 20.743322 222 185 170
4.212358 -1.247498 20.459764 227 193 184
4.474565 -1.266672 20.505590 232 220 224
4.868986 -1.293089 20.807812 253 250 255
4.946049 -1.297046 20.982759 244 237 243
3.462096 -1.162676 20.882826 219 178 163
4.432144 -1.240453 20.495831 230 214 217
3.523747 -1.143976 20.820690 219 182 167
3.792759 -1.166426 20.668716 223 188 174
4.033947 -1.186570 20.531212 222 190 178
4.346990 -1.210991 20.484062 228 202 202
4.483265 -1.220656 20.537107 230 219 223
4.697310 -1.235215 20.667765 249 245 254
3.814307 -1.144552 20.654444 222 187 173
3.872117 -1.149777 20.599434 221 187 174
4.374074 -1.189525 20.509275 228 204 205
4.653507 -1.208869 20.651100 246 242 250
4.771985 -1.216951 20.719440 250 247 255
4.963658 -1.228411 20.941433 246 237 244
3.821568 -1.120774 20.694653 219 186 170
4.587644 -1.180896 20.629488 238 233 239
4.975428 -1.205048 20.992306 246 238 243
3.491277 -1.064882 21.070768 204 169 144
4.293120 -1.136750 20.514866 220 194 187
4.381029 -1.143288 20.531675 224 203 200
4.472234 -1.149746 20.568035 226 214 215
3.817382 -1.070995 20.799191 212 184 161
4.431089 -1.123333 20.566471 224 206 205
4.525079 -1.129729 20.617842 230 218 220
3.555631 -1.010974 21.575140 203 169 133
3.676165 -1.034031 20.896221 205 173 147
3.780375 -1.043346 20.840868 204 176 150
3.993964 -1.064104 20.643988 215 188 170
4.774004 -1.122279 20.807783 242 236 237
3.762659 -1.017502 20.862391 197 169 140
4.760922 -1.097115 20.842274 236 229 226
4.785531 -1.098695 20.859739 236 230 226
3.795093 -0.987185 21.253618 198 169 137
3.952502 -1.010409 20.784712 205 179 156
4.335631 -1.042255 20.729904 195 176 162
4.713830 -1.062806 21.154936 216 204 195
3.984150 -0.987838 20.838921 223 200 177
4.067143 -0.995293 20.806505 242 223 206
4.597614 -1.021802 21.477018 192 176 159
4.843760 -1.035586 21.726568 196 185 169
5.146337 -1.050182 22.130768 193 185 167
3.914318 -0.951372 21.111656 208 184 153
3.983522 -0.908743 21.102524 247 231 206
4.129914 -0.898776 21.028996 252 240 222
4.678252 -0.877333 22.418501 208 198 178
4.667987 -0.853061 22.348936 220 211 192
3.874222 -0.798017 21.238279 240 213 178
4.046380 -0.795734 21.021349 230 213 194
4.365316 -0.820696 21.080830 250 242 232
4.402153 -0.820731 21.168970 250 242 231
4.647750 -0.809704 22.077827 211 201 182
4.132115 -0.780028 20.991926 226 208 195
3.883582 -0.678436 22.480000 227 186 139
3.978823 -0.742759 20.994373 237 218 198
3.853374 -0.659113 22.238050 228 186 140
3.801322 -0.690438 21.323238 226 192 152
4.684608 -0.740400 21.997282 215 203 184
4.491271 -0.733311 21.138264 233 225 211
4.430452 -0.690459 20.894695 222 213 202
4.008574 -0.631636 20.843355 202 181 164
3.823408 -0.587151 20.932219 227 204 175
4.174013 -0.625867 20.770416 206 192 182
3.677830 -0.538243 21.179939 239 208 174
3.707462 -0.546607 21.059555 244 218 187
3.742305 -0.553372 20.982771 245 224 194
3.840168 -0.566958 20.881399 231 210 184
4.420524 -0.622419 20.810047 223 216 204
3.779546 -0.535811 20.915148 240 222 195
3.900395 -0.551071 20.825945 235 217 196
4.628747 -0.596575 21.241394 223 211 193
3.980420 -0.537723 20.760065 245 234 216
4.232399 -0.563618 20.700096 245 237 226
3.640957 -0.468839 21.033369 203 174 150
3.716757 -0.481399 20.923986 217 196 172
4.387349 -0.553424 20.715382 246 242 233
4.551468 -0.558169 20.914455 244 234 223
3.626219 -0.440527 21.082678 190 161 137
4.225841 -0.519003 20.641033 245 237 228
3.996642 -0.471611 20.690872 221 203 191
4.268384 -0.500115 20.628687 240 235 227
4.407816 -0.509594 20.691668 242 239 235
3.660742 -0.339704 22.074839 189 152 117
4.037256 -0.453367 20.660933 210 195 185
4.224560 -0.473388 20.614258 228 221 214
4.336927 -0.459257 20.635099 224 221 219
4.596062 -0.469087 20.888123 230 222 220
3.831594 -0.382680 20.730795 178 165 156
4.137920 -0.396715 20.582296 183 175 173
4.246377 -0.406640 20.588045 195 192 192
4.056857 -0.364041 20.606659 167 160 158
4.077292 -0.366466 20.598818 169 162 160
4.097674 -0.368892 20.590891 171 164 162
4.336967 -0.390632 20.608015 198 200 203
3.668796 -0.223866 21.878586 182 148 118
3.625066 -0.253074 21.344038 170 139 113
3.699321 -0.290095 20.865303 157 144 139
3.635065 -0.225022 21.410133 171 140 114
3.630941 -0.238285 21.196180 165 136 114
3.640462 -0.245828 21.092403 160 134 117
3.719863 -0.269599 20.839884 156 145 141
4.431387 -0.350772 20.641958 195 202 208
4.505258 -0.354333 20.697622 195 200 208
4.633143 -0.351776 20.930613 189 184 183
4.822226 -0.327372 21.598104 179 171 155
4.409142 -0.326141 20.627939 185 193 199
3.648807 -0.195123 21.131927 164 136 114
4.145440 -0.280211 20.580721 151 151 156
4.318892 -0.296418 20.591087 168 175 180
4.387373 -0.301390 20.616610 176 184 190
4.390283 -0.254984 20.615549 166 174 180
4.436508 -0.258128 20.635887 170 177 183
4.259065 -0.220425 20.589781 146 156 161
4.391721 -0.231789 20.614927 162 170 176
3.704346 -0.113097 20.987232 157 133 113
3.766929 -0.133676 20.788233 136 125 123
3.805621 -0.140456 20.747637 135 128 131
3.788025 -0.113249 20.768845 133 123 123
4.305756 -0.177938 20.594183 144 154 159
4.442298 -0.188070 20.642445 158 162 163
4.565762 -0.184839 20.854792 168 166 154
3.754164 -0.081027 20.834133 134 119 110
4.053629 -0.126834 20.625034 118 123 128
3.739982 -0.013082 21.391520 187 159 127
4.447112 -0.141022 20.652233 156 156 153
3.854162 -0.050922 20.733740 129 123 126
4.015980 -0.074469 20.642574 117 122 125
4.160210 -0.092823 20.595272 121 132 136
4.449567 -0.117465 20.657393 158 155 150
4.508948 -0.116233 20.751211 168 163 149
3.977123 -0.045202 20.663578 123 125 129
4.058260 -0.056579 20.624666 118 125 128
4.078746 -0.059285 20.616951 119 126 130
4.356761 -0.088598 20.606123 147 152 154
4.460372 -0.068230 20.701176 166 162 153
4.557822 -0.063344 20.886875 178 168 145
4.164948 -0.022809 20.595726 141 151 154
4.187334 -0.002013 20.591330 150 159 162
4.294421 -0.013289 20.589661 167 175 178
4.230962 0.016419 20.585649 163 172 175
4.210091 0.041563 20.579926 162 170 172
4.210447 0.064336 20.572620 161 169 171
3.790706 0.168765 20.983784 139 121 113
3.948803 0.126240 20.693190 126 125 128
4.148201 0.094794 20.577246 145 153 153
4.462467 0.068775 20.660336 135 125 116
4.409640 0.091832 20.593567 148 143 138
4.458611 0.089858 20.629757 134 124 114
3.914356 0.181346 20.736029 134 132 132
3.989653 0.165685 20.652992 133 136 138
4.049631 0.156078 20.618267 137 142 143
4.454249 0.110657 20.596336 135 124 115
3.787652 0.282952 21.427792 145 119 103
4.050617 0.179218 20.614531 141 147 147
3.793910 0.278598 21.124498 135 118 107
3.859627 0.240349 20.793560 136 133 129
4.131218 0.189593 20.566935 154 159 158
4.296479 0.168058 20.528452 181 180 181
4.424806 0.154512 20.532339 143 136 129
3.879527 0.259596 20.767090 137 136 132
4.338693 0.185702 20.517000 177 175 174
3.815987 0.306691 20.934895 125 117 108
4.033287 0.251691 20.612528 122 131 129
4.132654 0.235381 20.556446 155 159 158
3.802101 0.337278 20.984776 111 99 90
4.053864 0.271319 20.595146 125 132 130
4.276363 0.238296 20.508200 175 174 173
4.133309 0.280717 20.541096 159 161 159
4.417187 -2.589555 22.990009 200 173 135
4.493102 -2.595191 23.021612 198 172 135
5.086485 -2.643134 23.327734 187 172 138
4.597450 -2.550325 23.060884 197 172 140
3.735469 -2.458611 22.678181 208 173 131
4.649626 -2.527910 23.080652 198 173 144
4.828907 -2.541996 23.167582 193 178 154
3.785725 -2.412714 22.310854 217 183 146
4.213989 -2.437769 22.376839 215 181 151
4.303516 -2.372755 21.632462 229 197 172
4.365888 -2.374550 21.610312 226 197 172
4.632603 -2.396846 21.762913 227 217 201
4.281905 -2.308211 20.956615 238 208 186
4.414886 -2.317041 20.993540 240 222 203
4.950870 -2.412315 22.175783 232 222 216
3.639711 -2.292066 21.667688 239 201 168
3.655504 -2.260341 21.090975 247 208 178
3.797158 -2.262703 21.004868 247 213 189
3.837710 -2.263600 20.984142 247 214 189
3.983116 -2.268798 20.944929 248 213 188
4.452621 -2.293515 20.958958 246 232 219
5.177867 -2.446046 23.007965 195 181 166
3.759081 -2.229662 20.874115 251 217 193
3.943419 -2.235668 20.810600 252 216 193
4.560414 -2.276091 20.967129 252 246 242
3.573317 -2.199712 20.938566 247 206 178
3.591807 -2.199247 20.911959 249 208 180
4.039920 -2.213116 20.735184 253 219 197
4.103647 -2.216571 20.737638 253 219 197
4.598634 -2.253185 20.938845 254 249 248
4.649706 -2.258617 20.990395 254 249 248
3.993993 -2.185519 20.700790 254 219 198
4.357312 -2.206814 20.741621 252 229 216
4.402351 -2.210233 20.761559 253 235 225
4.800878 -2.255856 21.231556 241 232 229
5.249466 -2.384316 23.233212 185 170 157
3.609089 -2.149310 20.851158 253 211 187
4.330384 -2.179864 20.696209 252 227 215
4.419662 -2.186470 20.732403 254 239 230
4.754923 -2.222612 21.090471 249 241 241
5.111344 -2.319843 22.623980 201 188 181
3.570594 -2.124782 20.878052 250 208 184
3.607929 -2.124382 20.829477 253 212 188
3.667068 -2.125346 20.784681 254 215 192
3.552757 -2.154261 22.001907 224 182 147
3.606764 -2.099510 20.807793 253 213 190
4.348243 -2.132800 20.660440 253 233 223
3.500280 -2.087057 21.172867 238 194 164
3.925938 -2.084859 20.626814 254 222 200
3.966248 -2.086484 20.614140 254 222 200
4.132912 -2.095315 20.606676 254 224 205
4.173997 -2.097393 20.602730 254 224 207
4.459744 -2.117592 20.697634 254 246 239
3.764341 -2.054709 20.673946 253 222 198
3.784091 -2.055287 20.662510 253 222 199
4.236547 -2.077352 20.593967 254 226 212
4.007226 -2.041012 20.585829 254 224 202
4.131425 -2.047626 20.577368 254 227 208
4.481610 -2.072167 20.686625 254 248 242
4.686552 -2.093349 20.904602 254 250 251
3.587807 -2.002216 20.778120 254 214 190
4.191655 -2.026932 20.554035 254 229 212
4.298958 -2.034000 20.576555 254 230 220
4.457584 -2.046533 20.658424 254 247 241
3.569102 -1.977872 20.788715 254 213 188
3.943995 -1.990040 20.563343 254 226 202
4.319406 -2.011717 20.565990 254 232 223
4.363647 -2.014985 20.583477 254 237 230
4.433165 -2.020820 20.627766 254 245 240
3.516105 -1.983992 21.607445 238 191 157
3.588946 -1.954191 20.761467 254 215 191
3.943504 -1.966237 20.549356 254 227 202
4.086751 -1.973708 20.528400 254 229 208
3.537744 -1.989999 22.369192 224 181 139
4.275946 -1.961950 20.534332 254 231 218
5.181326 -2.098157 22.672628 201 189 185
4.129871 -1.929702 20.517872 254 232 210
4.454357 -1.952164 20.604366 254 247 244
5.013754 -2.034448 21.914324 222 211 215
3.784021 -1.888272 20.581409 254 224 199
4.025618 -1.900027 20.506927 254 228 207
4.550485 -1.937443 20.673458 254 248 247
3.552375 -1.857281 20.763342 253 212 186
4.211404 -1.887573 20.490185 254 230 214
3.498698 -1.832976 20.843620 249 203 174
3.609545 -1.834612 20.690536 254 217 190
4.066886 -1.855587 20.483889 254 228 207
4.763626 -1.912580 20.916986 254 250 254
4.850128 -1.925721 21.151909 240 233 240
4.475753 -1.860614 20.573795 254 245 244
3.534759 -1.784824 20.756790 252 208 181
3.553230 -1.785187 20.731302 253 210 184
3.726124 -1.791193 20.577181 254 219 194
3.844476 -1.796644 20.515238 254 223 199
3.885351 -1.775425 20.495905 254 223 198
4.148355 -1.790429 20.444881 254 229 210
4.295680 -1.800232 20.463781 254 229 219
4.382839 -1.806581 20.493633 254 236 232
4.837483 -1.851823 21.061350 248 242 248
4.926322 -1.867724 21.412178 238 230 236
3.630093 -1.739951 20.633524 254 214 189
4.232878 -1.772919 20.447649 254 227 213
4.921241 -1.842643 21.377611 240 233 238
3.479561 -1.736240 21.734013 229 184 146
3.536852 -1.689153 20.721313 252 206 179
3.593899 -1.691293 20.660604 253 210 186
3.807534 -1.701182 20.507053 254 218 194
4.109614 -1.718761 20.431601 254 225 205
3.483582 -1.664001 20.804445 248 199 173
4.361494 -1.712712 20.452366 253 233 228
4.625379 -1.735104 20.669024 254 248 249
3.558463 -1.618709 20.682375 251 205 179
3.751500 -1.628161 20.525465 252 213 189
3.989514 -1.641894 20.429434 254 219 197
4.049592 -1.645568 20.414930 254 220 199
4.193510 -1.655022 20.410786 252 221 207
4.502105 -1.678164 20.536465 254 245 246
4.701704 -1.695569 20.731981 254 249 254
4.822518 -1.707896 20.934299 253 249 254
4.299972 -1.639534 20.424192 251 224 215
4.321232 -1.641049 20.428804 251 226 218
4.364256 -1.644173 20.441114 251 230 225
4.675967 -1.670109 20.695566 254 249 253
3.951846 -1.593406 20.434896 252 215 194
4.113010 -1.603696 20.403391 253 217 200
4.757645 -1.654481 20.794186 254 250 254
3.913426 -1.567940 20.446714 251 213 190
4.072848 -1.578001 20.400885 252 216 197
3.487984 -1.520620 20.759836 244 196 171
3.504253 -1.521034 20.715706 245 198 172
3.581942 -1.525263 20.646355 249 203 178
4.053864 -1.553772 20.401751 251 215 194
4.197497 -1.563554 20.396713 249 217 203
4.218376 -1.565020 20.398724 249 218 205
4.344588 -1.573999 20.418327 249 227 219
4.602369 -1.594659 20.604063 254 249 252
4.240622 -1.543722 20.399605 248 217 205
4.481657 -1.561771 20.492521 250 239 239
4.505105 -1.563643 20.509558 251 242 243
3.564868 -1.477070 20.655760 246 200 176
3.877107 -1.496184 20.451992 247 208 185
4.077140 -1.509441 20.398001 248 213 192
3.524802 -1.450801 20.667543 242 196 173
3.682137 -1.460571 20.557119 245 201 181
3.760813 -1.465570 20.511402 246 203 184
3.999080 -1.481259 20.419271 248 208 189
4.555967 -1.522014 20.547859 252 247 247
4.704880 -1.534197 20.690413 253 249 255
3.492619 -1.425692 20.744026 238 191 170
4.001451 -1.458468 20.424351 246 207 187
3.607780 -1.409022 20.616985 241 197 177
3.804385 -1.422009 20.497765 244 201 182
3.844574 -1.424761 20.484066 244 203 182
4.462697 -1.468861 20.465382 245 233 233
3.987134 -1.411564 20.446003 243 204 185
4.006523 -1.412891 20.436623 243 205 186
4.207060 -1.427064 20.397356 240 208 195
4.394972 -1.440805 20.419260 240 223 221
5.236368 -1.517165 22.411657 206 196 198
3.409011 -1.349471 20.917639 227 183 159
4.147826 -1.399925 20.403112 238 204 189
4.291086 -1.410334 20.399889 240 214 204
4.875484 -1.456156 20.905426 252 246 253
5.365176 -1.504951 22.934055 188 177 177
3.574660 -1.336245 20.655622 232 191 173
4.444198 -1.399007 20.449484 237 226 227
4.905665 -1.435425 20.946358 252 246 252
3.405499 -1.302345 21.239079 221 177 149
3.634937 -1.316947 20.610804 231 191 174
3.598858 -1.290859 20.650846 229 189 173
3.716337 -1.299420 20.568539 233 192 177
3.975457 -1.318492 20.464443 236 199 181
4.358151 -1.346890 20.406023 235 216 215
4.868064 -1.385979 20.843550 253 249 255
3.432886 -1.255056 20.877050 226 182 163
3.450287 -1.256323 20.839111 227 184 166
3.897418 -1.289559 20.492075 234 196 179
3.996851 -1.296996 20.457441 234 198 181
4.056893 -1.301493 20.442011 234 198 183
4.137260 -1.307517 20.426296 234 197 184
4.519840 -1.336358 20.504230 240 235 238
4.759706 -1.354597 20.698023 251 248 255
3.547181 -1.239780 20.727621 225 187 173
3.623364 -1.245573 20.648726 227 189 174
3.662149 -1.248520 20.617540 228 189 175
3.681613 -1.249998 20.603140 228 190 175
3.800250 -1.259004 20.538069 232 191 177
4.078648 -1.280122 20.438265 232 196 182
4.281781 -1.295517 20.419407 233 206 199
4.060248 -1.255707 20.443142 231 195 182
4.080428 -1.257254 20.439486 231 194 182
4.041965 -1.231262 20.448965 228 194 181
4.525001 -1.268255 20.506721 239 234 238
4.975101 -1.301297 21.040560 232 222 229
4.146046 -1.216322 20.441469 227 193 182
4.457103 -1.240358 20.460281 231 223 227
4.962219 -1.277321 20.968395 236 227 234
3.501011 -1.140764 20.827862 219 183 167
3.656943 -1.153727 20.690479 221 186 173
4.865218 -1.247607 20.781029 253 247 255
3.621889 -1.127025 20.739393 220 185 170
3.679700 -1.131940 20.687571 220 186 172
3.738347 -1.136850 20.645935 220 187 172
3.777767 -1.140118 20.622442 221 187 172
3.665180 -1.106870 20.727718 218 184 168
3.821503 -1.120177 20.619265 220 187 171
4.238970 -1.154490 20.475416 221 193 186
4.424327 -1.169161 20.478947 227 215 217
4.446788 -1.170846 20.490423 229 218 221
4.748420 -1.193112 20.687883 251 246 254
3.807441 -1.095262 20.658726 218 186 167
3.943444 -1.106955 20.573786 216 187 170
4.058116 -1.116822 20.501375 218 188 175
4.364663 -1.141524 20.479836 226 206 205
3.455125 -1.036210 21.310427 201 166 132
3.947004 -1.083823 20.586830 213 186 167
4.182457 -1.103854 20.489416 217 188 178
4.326015 -1.115462 20.484579 223 201 196
4.568488 -1.133904 20.581537 240 230 235
4.069593 -1.070876 20.554287 221 194 179
4.814963 -1.128297 20.796539 244 237 240
4.912112 -1.135200 20.874832 241 235 237
3.728987 -1.013841 20.992355 202 172 144
4.575574 -1.086807 20.714987 225 212 209
4.695677 -1.095336 20.807848 232 226 223
5.271422 -1.122712 22.232573 203 196 180
3.779287 -0.991027 21.189211 199 170 139
3.852798 -0.998633 21.086258 197 170 139
4.962573 -1.087948 21.216883 219 213 206
4.986079 -1.089678 21.230379 217 211 203
5.075880 -1.093440 21.469826 212 205 191
4.182473 -1.006018 20.837906 214 193 177
5.157505 -1.066271 22.082813 202 194 177
4.046963 -0.910645 22.764702 212 185 149
4.097152 -0.923336 21.079617 253 239 220
4.199673 -0.929879 21.183434 250 240 221
4.027093 -0.881499 21.626963 252 241 213
4.242283 -0.906892 21.304899 253 246 228
4.375806 -0.917784 21.327131 226 217 203
4.421826 -0.918509 21.473093 219 209 194
4.010949 -0.831968 22.636894 224 196 157
4.032120 -0.867177 21.200914 251 237 215
4.154192 -0.878886 21.147858 251 242 224
3.963860 -0.814154 21.159174 244 226 202
4.349319 -0.848230 21.138277 251 247 236
3.958914 -0.790886 21.113968 240 221 198
3.978505 -0.793002 21.099304 238 220 199
4.059312 -0.801141 21.060467 234 219 203
3.832171 -0.721807 21.440472 239 214 175
3.950570 -0.744510 21.034298 238 220 199
4.069636 -0.710342 20.944181 235 223 210
4.130448 -0.716514 20.922737 234 223 212
4.024850 -0.683359 20.920851 220 204 189
4.319135 -0.710760 20.898727 237 230 223
3.855235 -0.643925 20.928076 191 166 138
3.874612 -0.646247 20.912390 192 167 142
4.438273 -0.695581 20.969906 222 214 204
4.460133 -0.674217 20.965218 212 203 191
3.849952 -0.598073 20.867800 216 194 168
4.036918 -0.616878 20.827328 200 181 168
4.078201 -0.621008 20.818979 201 184 172
4.225115 -0.634881 20.810863 214 205 195
4.553815 -0.653097 21.128956 200 190 172
4.137235 -0.604498 20.779507 202 190 179
4.329302 -0.621711 20.795523 224 217 208
4.575287 -0.631688 21.121687 205 195 176
3.866773 -0.554413 20.812008 235 218 195
3.989376 -0.567460 20.773273 223 210 193
4.218157 -0.589870 20.748354 227 219 208
3.661643 -0.501502 21.047501 224 196 169
4.109115 -0.557652 20.714684 239 229 217
4.463188 -0.586277 20.825914 244 237 226
4.516850 -0.588479 20.893414 242 234 221
4.547252 -0.589092 20.946684 239 232 217
3.884218 -0.510909 20.761742 242 228 209
4.025060 -0.526619 20.707243 245 233 218
4.408494 -0.561414 20.741999 247 243 234
3.685842 -0.391516 22.474274 211 169 127
4.083946 -0.510551 20.668039 239 227 217
4.124102 -0.514917 20.656006 239 228 218
4.571175 -0.544518 20.945505 242 236 223
3.650989 -0.384661 21.987411 197 158 121
4.334704 -0.511756 20.656887 245 241 235
3.650983 -0.350956 22.161915 202 162 122
3.643610 -0.404287 21.026768 183 159 141
3.822608 -0.434922 20.745993 199 182 169
4.310658 -0.487614 20.628159 236 233 226
4.556837 -0.500892 20.848087 243 238 231
3.663982 -0.312662 22.446257 211 169 127
3.959498 -0.429246 20.650970 198 183 173
4.712312 -0.473877 21.231800 207 200 187
3.663395 -0.287577 22.426691 210 169 127
3.674817 -0.365226 20.905617 169 155 145
3.822457 -0.388886 20.721935 179 166 158
4.080068 -0.420065 20.602243 194 186 179
4.222870 -0.435075 20.581083 211 208 203
4.375725 -0.447722 20.626385 224 224 223
4.578472 -0.457016 20.835175 231 228 225
4.693867 -0.453792 21.123196 204 198 187
3.765481 -0.357569 20.763220 171 159 156
3.881471 -0.373490 20.675636 176 163 156
4.100956 -0.399396 20.591608 185 179 175
3.881972 -0.350459 20.667940 169 159 153
4.552870 -0.410263 20.790640 223 225 227
3.728323 -0.305460 20.782713 162 153 153
4.378390 -0.379261 20.614201 203 208 210
4.553772 -0.387313 20.786798 211 215 218
3.923195 -0.309323 20.637402 160 154 151
4.269562 -0.347515 20.573761 178 183 185
4.312758 -0.351257 20.584145 183 189 191
3.789586 -0.266891 20.735020 157 152 154
3.886054 -0.280732 20.662579 157 154 152
3.905355 -0.283433 20.649284 157 153 151
3.944194 -0.288707 20.625364 155 151 150
4.502929 -0.339725 20.716448 193 200 206
4.583055 -0.342080 20.816406 187 192 194
4.066195 -0.279958 20.586126 150 150 153
4.718071 -0.309981 21.201317 177 175 162
4.506596 -0.293572 20.719145 181 188 193
4.365899 -0.262311 20.615620 166 175 181
4.411319 -0.265533 20.638987 172 181 185
4.593468 -0.271449 20.847250 173 177 171
3.834688 -0.178894 20.704884 141 139 141
3.951409 -0.195568 20.630436 139 139 143
4.011868 -0.202982 20.611439 137 139 143
4.235850 -0.228463 20.572817 149 158 163
4.413750 -0.242347 20.643801 168 177 181
4.437125 -0.243792 20.659204 169 176 181
3.696000 -0.125928 20.940315 152 128 111
4.013656 -0.179757 20.612608 133 136 141
3.688501 -0.094931 21.036108 171 146 119
4.261808 -0.184081 20.584848 143 154 158
4.419653 -0.195663 20.659386 160 166 168
3.683630 -0.062493 21.153622 192 164 130
3.841209 -0.108110 20.716343 130 124 126
4.523002 -0.176215 20.766256 164 163 154
3.722972 -0.056768 20.941639 162 141 119
3.881439 -0.090694 20.687958 127 123 127
3.900751 -0.093649 20.674408 125 123 128
4.098679 -0.120367 20.588055 121 127 133
4.244665 -0.135783 20.587534 133 145 149
4.502028 -0.151458 20.755960 162 160 151
3.742440 -0.036898 20.912378 153 134 116
4.183241 -0.106341 20.584129 125 137 140
4.405486 -0.123972 20.669519 149 152 153
4.272082 -0.068406 20.598652 144 155 158
3.784929 0.027129 20.869736 145 130 119
3.799965 0.022048 20.822550 143 130 123
4.251653 -0.043578 20.591208 150 163 164
4.253253 -0.020573 20.591246 159 171 172
3.789364 0.074933 20.877953 142 126 115
3.986820 0.033669 20.618155 134 136 139
4.025952 0.027905 20.598413 134 138 140
4.325387 -0.001544 20.640013 173 179 182
3.806671 0.093574 20.835262 137 123 115
4.106856 0.040083 20.568893 148 156 157
4.148229 0.035353 20.566320 155 164 165
4.430320 0.019232 20.757132 171 169 163
3.765197 0.160030 21.319178 162 136 112
3.769106 0.136249 21.022713 148 127 111
3.776834 0.127332 20.920307 141 122 111
4.434627 0.043279 20.772646 164 161 155
4.468546 0.045421 20.847260 159 154 145
3.952837 0.109391 20.641125 127 127 130
4.474990 0.070314 20.874800 151 144 135
3.828792 0.159923 20.804373 130 121 116
4.353734 0.088687 20.647057 172 173 172
3.769744 0.274759 21.824617 151 120 90
3.973804 0.152021 20.618418 130 132 134
4.152873 0.126773 20.555471 155 163 163
3.771714 0.243212 21.153845 146 125 108
4.483218 0.141323 20.894125 142 136 127
3.813560 0.256400 20.802565 135 128 120
4.033864 0.210839 20.566410 134 141 141
3.742174 0.325591 21.225208 131 104 83
3.939254 0.250285 20.627056 127 130 128
4.380168 0.200511 20.633865 172 171 168
3.770818 0.320961 20.938492 123 106 91
3.884633 0.284530 20.677801 131 129 125
3.902065 0.280172 20.651516 129 128 125
4.217893 0.232361 20.522734 167 168 168
4.404172 0.221806 20.643688 162 159 154
4.217434 0.254403 20.510323 167 168 166
3.865550 0.333148 20.670755 120 115 109
3.793539 0.372966 20.754967 94 78 69
3.898870 0.368229 20.585768 102 97 91
4.034320 0.344895 20.507301 106 110 106
4.478295 -2.603609 23.066662 199 173 137
4.158786 -2.552314 22.920904 201 170 134
5.045353 -2.621481 23.308344 190 175 149
4.227139 -2.501572 22.889040 209 180 149
4.325689 -2.509365 22.933496 208 180 150
4.424429 -2.517259 22.979324 211 181 150
3.760809 -2.438864 22.679348 220 188 152
3.802550 -2.438449 22.642290 223 191 156
4.008979 -2.448058 22.634382 227 196 166
5.171597 -2.552736 23.349928 216 204 193
4.221626 -2.425433 22.518770 235 206 180
4.928179 -2.483368 22.868511 235 227 221
3.681542 -2.329701 21.842960 237 203 172
3.833862 -2.325501 21.657055 244 212 184
4.238872 -2.351990 21.752474 242 210 187
4.352234 -2.360020 21.788809 242 209 189
4.397146 -2.363063 21.801048 241 210 190
3.727564 -2.255690 21.018759 250 217 191
3.826586 -2.257752 20.970978 250 217 194
3.924140 -2.259590 20.920815 249 217 194
4.048230 -2.265646 20.916475 249 217 194
4.256496 -2.277123 20.930187 248 215 197
4.277266 -2.278289 20.931883 247 215 197
3.593851 -2.221382 20.958208 246 212 184
3.641968 -2.216610 20.839638 250 216 188
4.262185 -2.240526 20.707262 249 218 202
4.521908 -2.260356 20.812201 252 242 244
3.993994 -2.201525 20.673233 253 219 198
3.548767 -2.168833 20.911175 245 210 181
3.775896 -2.169763 20.721869 254 220 198
3.814394 -2.170556 20.700638 254 220 199
3.889656 -2.147812 20.638655 254 220 199
3.909215 -2.148480 20.632038 254 220 200
3.928733 -2.149144 20.625401 254 220 200
4.442708 -2.179549 20.676073 254 240 239
4.465878 -2.181826 20.694193 254 242 243
5.093968 -2.320125 22.524042 210 196 190
3.532219 -2.121156 20.921335 246 209 180
4.395592 -2.151376 20.625561 253 237 232
4.912100 -2.237926 21.673899 233 217 219
3.534869 -2.146643 21.820347 225 186 149
3.944448 -2.100939 20.571260 254 223 203
4.416302 -2.129469 20.620434 254 240 237
4.439209 -2.131648 20.637379 254 241 241
4.462155 -2.133837 20.654459 254 243 245
4.807802 -2.183850 21.224199 246 234 238
3.546383 -2.070087 20.837706 250 214 187
3.904408 -2.075431 20.565388 254 223 203
4.044292 -2.082281 20.548462 254 226 205
4.123597 -2.086156 20.538702 254 226 208
4.531874 -2.117414 20.700956 254 247 252
4.583695 -2.123799 20.766979 254 247 253
3.657345 -2.045939 20.707005 254 221 195
3.731961 -2.046817 20.643332 254 223 201
3.982647 -2.055115 20.532516 254 225 206
4.082999 -2.060436 20.526695 254 228 206
4.505764 -2.090901 20.657227 254 246 251
3.482461 -2.026551 20.981201 243 202 170
3.512882 -2.023238 20.881580 250 210 182
3.657093 -2.021843 20.692362 254 221 195
3.961887 -2.030330 20.518589 254 225 206
3.981799 -2.031328 20.516006 254 225 206
4.606283 -2.079230 20.763458 254 247 254
4.713183 -2.092673 20.909521 254 249 255
3.482014 -2.001828 20.963322 245 203 171
3.675675 -1.998128 20.662777 254 221 196
3.731317 -1.998922 20.614141 254 223 201
3.806434 -2.000641 20.561630 254 224 202
4.749531 -2.075646 20.987429 252 246 252
3.481001 -2.002738 21.480305 230 189 151
4.221274 -1.997783 20.481581 254 230 217
4.281606 -2.001416 20.484457 254 231 220
4.324220 -2.004675 20.500954 254 233 227
4.655003 -2.037867 20.793808 254 249 254
4.784432 -2.057969 21.056917 252 246 251
3.730414 -1.951077 20.583162 254 224 200
4.100830 -1.967511 20.470232 254 231 209
4.281441 -1.978252 20.473743 254 231 220
4.433322 -1.990600 20.547880 254 244 241
4.456159 -1.992728 20.564877 254 247 244
3.470270 -1.956105 21.546040 230 188 149
3.881547 -1.932251 20.480698 254 227 203
5.231120 -2.127839 23.037958 220 203 203
4.221371 -1.928431 20.452349 254 230 217
3.618525 -1.877291 20.639326 254 219 193
3.768147 -1.881345 20.522099 254 226 201
3.960323 -1.889569 20.442383 254 227 206
3.711950 -1.832433 20.537848 254 223 197
4.263299 -1.862373 20.435408 254 230 219
4.677492 -1.900690 20.754829 254 250 254
4.734638 -1.907910 20.847336 254 249 254
3.524614 -1.866307 22.316740 226 183 141
3.769733 -1.811388 20.497614 254 224 200
3.922947 -1.818330 20.429934 254 227 205
4.390216 -1.849088 20.471991 254 241 235
3.452097 -1.784893 20.940897 242 197 163
4.002890 -1.799930 20.413412 254 227 205
4.480779 -1.834283 20.527563 254 247 246
3.452054 -1.760563 20.926167 242 198 164
3.733230 -1.763364 20.506292 254 221 197
4.023594 -1.778248 20.406454 254 227 205
4.043653 -1.779514 20.406176 254 227 205
4.349329 -1.800380 20.445669 254 235 228
4.024121 -1.755304 20.399214 254 226 204
4.413767 -1.782634 20.465551 254 241 236
4.759376 -1.817732 20.838213 254 249 255
3.567177 -1.710775 20.634739 252 213 187
3.677706 -1.714384 20.527689 253 217 191
3.810099 -1.720280 20.446714 253 221 197
4.308523 -1.751718 20.419674 254 230 223
4.371676 -1.756543 20.441563 254 236 229
4.601878 -1.777525 20.623310 254 249 254
3.433155 -1.693007 21.083555 237 192 157
3.868675 -1.700286 20.418144 253 221 197
4.045274 -1.710794 20.384920 254 225 203
4.165328 -1.718674 20.385378 254 227 210
4.267649 -1.725935 20.402838 254 228 218
3.483701 -1.663055 20.780060 246 202 174
3.698229 -1.668741 20.502230 253 215 190
4.105971 -1.691921 20.378437 254 225 205
4.207108 -1.698883 20.387337 253 225 211
4.483956 -1.720633 20.499664 254 245 244
4.791443 -1.752492 20.876085 253 247 253
3.453356 -1.639954 20.865343 243 198 168
3.551729 -1.639855 20.637587 250 208 184
4.047303 -1.665312 20.376827 253 222 200
4.208441 -1.676326 20.385475 253 224 210
4.290493 -1.682269 20.401320 253 227 218
4.680427 -1.717061 20.700357 254 250 255
4.028369 -1.641263 20.373493 252 219 198
4.148613 -1.649407 20.374893 253 221 205
4.760731 -1.702608 20.802145 254 249 255
4.867757 -1.716676 21.047430 253 242 250
3.988835 -1.615711 20.366989 252 217 196
4.189557 -1.629493 20.371693 252 220 207
4.210148 -1.631008 20.375994 252 221 208
4.630726 -1.666337 20.628246 254 249 254
4.707913 -1.674134 20.723875 254 250 255
4.826867 -1.687738 20.930933 253 245 252
4.863395 -1.692500 21.016460 253 243 251
3.572124 -1.570130 20.594082 249 206 185
3.700382 -1.575774 20.468952 250 213 189
4.089247 -1.599664 20.357672 253 219 198
4.231273 -1.609823 20.373758 251 220 209
4.859027 -1.668398 20.985489 253 244 252
3.555375 -1.546146 20.612919 247 204 183
3.816607 -1.559409 20.410784 249 213 189
3.970833 -1.568862 20.359209 251 215 193
3.574263 -1.523510 20.584373 247 204 183
3.740491 -1.531826 20.438087 248 212 188
3.836765 -1.537654 20.398050 248 212 189
3.952521 -1.544895 20.360287 250 213 192
4.091249 -1.554355 20.349611 251 216 196
3.438253 -1.495899 20.830971 238 193 165
4.173290 -1.537611 20.353825 249 216 199
4.536058 -1.566464 20.506653 253 244 248
4.734411 -1.585105 20.724806 254 251 255
3.413306 -1.476782 21.148504 229 185 153
3.558895 -1.476213 20.600605 244 200 180
3.780666 -1.488188 20.409451 246 209 186
3.915842 -1.496876 20.362518 248 211 188
4.360933 -1.529302 20.399412 249 226 221
3.524220 -1.451226 20.643557 243 196 176
3.650702 -1.457569 20.496346 243 204 182
4.382572 -1.508365 20.401026 247 227 223
3.614596 -1.432316 20.523212 242 200 181
3.937547 -1.452736 20.350761 246 208 187
4.055979 -1.461093 20.337780 247 212 190
4.278646 -1.477638 20.361473 245 216 206
4.320110 -1.480838 20.372791 245 220 212
4.383536 -1.485857 20.397211 245 226 221
3.440519 -1.400730 20.792576 233 188 164
3.634608 -1.410331 20.505302 240 199 180
3.821920 -1.421998 20.378424 243 205 183
3.938658 -1.430032 20.347178 244 206 185
4.300470 -1.456746 20.363937 244 216 208
4.321454 -1.458395 20.371113 244 218 211
4.707749 -1.491144 20.653839 253 252 254
4.428506 -1.444348 20.410378 243 229 226
3.473678 -1.354558 20.689354 233 188 171
3.582562 -1.360893 20.556864 238 195 178
3.656214 -1.365443 20.487236 238 196 180
4.180496 -1.402442 20.337847 240 207 192
4.811557 -1.455075 20.767008 254 250 255
4.838027 -1.457503 20.801647 254 250 255
4.870201 -1.460739 20.865055 250 245 250
3.750028 -1.348471 20.410685 239 199 183
3.493606 -1.308721 20.652660 232 188 172
3.906678 -1.336833 20.358721 238 200 183
4.004087 -1.343974 20.337526 237 202 183
4.809259 -1.409127 20.738325 254 249 255
3.408682 -1.281967 20.990297 224 180 160
3.642093 -1.295189 20.498205 235 195 179
3.698347 -1.299097 20.457098 236 196 181
4.185642 -1.335160 20.339252 235 202 192
4.247013 -1.339945 20.350492 235 205 198
4.499478 -1.360038 20.440928 244 234 238
4.782473 -1.383965 20.693190 254 249 255
3.624601 -1.270815 20.509489 233 193 177
3.737489 -1.278872 20.431362 236 196 182
3.794788 -1.283053 20.403181 236 197 182
4.372919 -1.327352 20.383911 236 217 217
4.635468 -1.348712 20.531155 251 248 253
4.833572 -1.365651 20.745331 254 249 255
3.683757 -1.252033 20.476246 233 194 180
3.702775 -1.253432 20.464859 234 194 180
4.522973 -1.316878 20.444273 243 235 240
4.707749 -1.332194 20.593746 252 249 255
3.449181 -1.212087 20.750322 224 183 169
3.609883 -1.223474 20.529289 229 191 177
4.111978 -1.261741 20.345619 231 197 186
4.397043 -1.284258 20.390539 234 218 221
4.460644 -1.289366 20.416344 237 226 231
4.779603 -1.315549 20.653070 253 249 255
3.803093 -1.215102 20.426195 229 192 178
3.979671 -1.228855 20.386391 230 194 183
4.482614 -1.268615 20.420219 237 229 234
4.684175 -1.285033 20.555689 250 248 254
4.778559 -1.292801 20.639273 253 249 255
4.856982 -1.299378 20.739492 253 248 254
4.884802 -1.301734 20.780880 253 247 254
3.984477 -1.206529 20.406925 228 193 182
4.060435 -1.212485 20.378065 228 195 183
4.155444 -1.219950 20.347610 228 196 188
4.804756 -1.272355 20.664843 253 249 255
3.434968 -1.141422 21.687109 208 173 146
3.619642 -1.154740 20.564636 222 190 177
3.696613 -1.160845 20.520981 224 190 178
3.830885 -1.171507 20.454285 226 190 177
3.850609 -1.173080 20.449684 226 190 176
4.158065 -1.197567 20.353613 226 195 187
4.886462 -1.256423 20.772717 253 247 254
3.441870 -1.117134 21.731052 206 172 143
4.320969 -1.188101 20.369192 227 204 209
4.427408 -1.196688 20.414034 230 218 224
4.956631 -1.239374 20.918798 238 230 237
3.428997 -1.091874 21.226450 203 171 141
3.877680 -1.129385 20.472570 223 190 174
4.710617 -1.197002 20.557549 249 247 254
3.610636 -1.084168 20.615534 213 187 167
3.822700 -1.101846 20.504423 220 189 173
4.265490 -1.138487 20.372751 222 196 196
4.452309 -1.153656 20.425016 229 218 223
4.735966 -1.176487 20.579237 251 247 254
5.002251 -1.197093 21.030741 232 223 227
5.166155 -1.208611 21.741072 215 205 204
3.481268 -1.046809 21.451777 201 171 136
3.945803 -1.089013 20.497532 216 186 169
3.965208 -1.090640 20.491478 218 187 171
4.152161 -1.106450 20.399433 218 188 180
4.209581 -1.111251 20.384853 217 190 184
4.518254 -1.136461 20.454601 235 228 228
4.650208 -1.147048 20.531546 246 243 246
4.718752 -1.152501 20.583036 248 245 250
4.908913 -1.167517 20.754065 249 243 247
3.521900 -1.028732 20.882814 203 175 140
3.951489 -1.066403 20.524197 210 181 163
4.008783 -1.071299 20.500221 217 187 173
4.523614 -1.114276 20.475101 236 228 225
3.533782 -1.003130 21.312241 205 176 136
4.404676 -1.081840 20.462561 220 204 200
3.922625 -1.016438 20.720564 199 174 151
4.592011 -1.073833 20.615393 214 206 193
4.738768 -1.085029 20.765152 217 212 204
4.860041 -1.094350 20.880394 220 214 207
5.119126 -1.110653 21.576134 213 204 190
3.887926 -0.987198 21.044271 197 173 142
4.450768 -1.039329 20.592842 190 175 160
4.786417 -1.065005 20.901876 197 189 177
4.776834 -1.034968 21.487455 190 180 158
4.097532 -0.958157 21.021048 253 239 220
4.277548 -0.922084 21.344015 243 233 219
4.152205 -0.887191 21.341299 252 240 224
4.694563 -0.890804 22.531321 215 202 187
3.971060 -0.813676 21.843834 238 212 182
3.986726 -0.821562 21.497036 242 221 197
4.332071 -0.830825 21.378040 249 241 232
4.320554 -0.807619 21.297121 243 234 226
4.141442 -0.769296 21.215830 228 212 199
4.568559 -0.796040 21.758354 234 222 213
4.686571 -0.797007 22.191162 211 198 184
3.935456 -0.687232 22.851139 227 191 146
3.948078 -0.690311 22.771399 228 194 151
4.059526 -0.737851 21.220301 232 215 198
3.975914 -0.706354 21.215975 231 211 191
4.076279 -0.716567 21.180176 231 217 201
4.556925 -0.751774 21.548939 233 226 217
4.131070 -0.699610 21.115715 236 224 214
4.432117 -0.726078 21.176893 247 242 241
4.460743 -0.727510 21.223356 246 242 239
4.582613 -0.729739 21.565928 233 226 215
4.206101 -0.684774 21.052040 227 217 208
4.265380 -0.690841 21.034340 231 223 217
4.241961 -0.665950 21.006927 217 206 198
4.498154 -0.685071 21.181183 212 203 197
3.896494 -0.608003 21.058434 198 176 151
3.917156 -0.610065 21.055399 196 175 151
4.135375 -0.633259 20.976912 201 186 173
4.316099 -0.651398 20.946779 221 211 207
3.808602 -0.572060 21.175993 237 215 188
4.128725 -0.610839 20.923645 208 195 181
3.788354 -0.524725 21.817667 244 215 188
3.905082 -0.565010 20.948212 238 222 200
3.900692 -0.542446 20.906082 242 226 206
3.920025 -0.544698 20.895317 240 224 205
4.239032 -0.578263 20.821169 234 227 218
4.512189 -0.598974 20.988991 237 228 217
3.931494 -0.502035 20.808308 240 225 209
4.187397 -0.530001 20.733896 248 243 230
3.736796 -0.455839 20.898983 206 186 172
4.124458 -0.501455 20.712547 238 230 217
3.734660 -0.433112 20.870701 193 176 165
4.004818 -0.465948 20.723234 219 206 193
4.141556 -0.481260 20.681255 229 221 210
4.284644 -0.495263 20.687759 241 235 230
4.350227 -0.500615 20.717356 243 239 233
4.536224 -0.513497 20.858648 248 242 235
4.178671 -0.463223 20.648851 220 213 206
3.679976 -0.378711 20.909451 173 158 151
3.866168 -0.404716 20.740704 187 174 165
3.962275 -0.416515 20.691639 190 176 167
4.237171 -0.447106 20.625145 215 211 209
4.480845 -0.466165 20.754816 242 241 241
4.529706 -0.469013 20.803616 243 240 240
4.652265 -0.471514 21.034685 218 214 209
3.902871 -0.387024 20.696745 178 166 159
4.479471 -0.443794 20.737667 239 240 243
3.884418 -0.361698 20.700304 174 164 159
3.922120 -0.366661 20.675882 173 163 158
3.980316 -0.373667 20.652597 173 164 159
4.038035 -0.380658 20.628557 177 170 166
4.075784 -0.385397 20.609158 179 173 171
3.698272 -0.312276 20.849709 161 152 149
3.791837 -0.302884 20.755260 164 158 158
3.866869 -0.313373 20.698595 166 160 157
4.096454 -0.342348 20.590080 166 164 167
4.135568 -0.346830 20.581036 168 167 171
4.256151 -0.359454 20.578014 180 182 188
4.483063 -0.353145 20.720453 201 210 219
3.813299 -0.259270 20.735556 158 153 156
3.850478 -0.264713 20.705038 158 154 155
3.963594 -0.280214 20.633072 157 154 154
4.280699 -0.315884 20.584757 171 177 185
4.437576 -0.327465 20.680387 188 198 207
4.461139 -0.328918 20.700418 189 199 209
4.508952 -0.331716 20.743979 189 201 210
4.696108 -0.332860 21.107836 181 181 175
3.691757 -0.152697 22.086920 206 168 133
3.653794 -0.208387 20.940641 154 134 123
4.261192 -0.291264 20.578390 163 170 178
4.593862 -0.311051 20.871691 181 188 191
3.642232 -0.180135 21.001602 165 138 120
3.816828 -0.212809 20.736433 151 146 149
3.929470 -0.228989 20.657110 149 148 148
4.083476 -0.248676 20.594217 147 151 155
4.242154 -0.266532 20.574886 155 164 172
4.327889 -0.273922 20.606710 167 176 186
4.465995 -0.283095 20.709120 179 188 197
3.761821 -0.181251 20.778376 145 137 139
4.244246 -0.243703 20.577494 151 161 169
4.609402 -0.262874 20.938721 174 178 176
4.687099 -0.260049 21.141695 174 174 164
3.709200 -0.148579 20.841476 147 130 123
4.377638 -0.231402 20.643473 165 174 183
4.624159 -0.237265 21.010540 172 175 169
4.787494 -0.223720 21.564539 180 176 157
3.695141 -0.121191 20.880905 155 133 120
4.691566 -0.207040 21.258684 175 173 159
3.748469 -0.108290 20.796158 140 124 121
3.805959 -0.116734 20.758661 136 127 128
3.920448 -0.133214 20.689707 134 132 135
4.072198 -0.154410 20.609352 131 134 139
4.210990 -0.170614 20.590000 138 147 154
4.723378 -0.177303 21.422873 179 174 156
3.846885 -0.098783 20.741722 132 126 128
3.903729 -0.107201 20.704927 131 128 131
3.922584 -0.109994 20.692709 131 128 131
3.737782 -0.056986 20.846300 154 133 122
4.019704 -0.100368 20.644136 125 124 129
4.465254 -0.142050 20.762205 158 158 156
3.716500 -0.022120 20.988310 181 155 132
4.240057 -0.103472 20.613626 136 146 151
4.421397 -0.116070 20.732067 153 156 156
3.948982 -0.042789 20.697428 131 129 134
4.141160 -0.069265 20.617474 127 133 139
4.285191 -0.084307 20.632452 142 151 155
4.376093 -0.090507 20.693285 148 153 154
3.970026 -0.022412 20.689138 133 131 136
4.143797 -0.046123 20.623507 133 139 145
4.267241 -0.059115 20.635754 148 157 161
4.332268 -0.064613 20.662766 152 159 162
3.934119 0.006495 20.713467 140 138 141
3.863403 0.042703 20.785582 145 138 137
3.899289 0.035984 20.746481 144 141 142
4.030878 0.015369 20.662134 142 141 146
3.809950 0.075885 20.838282 144 129 124
3.920016 0.056204 20.734999 140 138 141
4.212780 0.016539 20.642910 161 170 174
4.295266 0.007852 20.652800 177 183 187
4.454009 0.004984 20.871243 177 172 168
4.544807 0.014443 21.156006 180 170 157
3.924579 0.102944 20.742931 132 132 135
4.055266 0.081578 20.654905 137 138 141
4.399419 0.072758 20.760929 172 169 170
4.462098 0.074905 20.888729 161 153 151
4.058869 0.127588 20.656467 130 134 136
3.815602 0.238158 21.431309 152 131 114
3.880707 0.185118 20.834564 135 133 132
3.809545 0.246635 21.217245 145 128 115
3.986251 0.185493 20.695942 135 142 142
4.004825 0.182299 20.682869 136 143 143
4.043188 0.176455 20.665598 139 146 145
4.160503 0.160216 20.633835 155 164 165
4.201524 0.155618 20.636677 165 174 175
4.141657 0.185406 20.632549 154 163 163
3.899743 0.249578 20.786942 134 140 139
3.837620 0.291672 20.924870 137 128 123
4.026487 0.247330 20.657354 128 139 135
4.161414 0.227235 20.608383 156 166 163
4.325328 0.208858 20.622936 181 180 181
4.396683 0.205583 20.687258 170 165 165
3.825657 0.321113 20.977287 128 115 108
3.917031 0.312900 20.728544 120 127 125
3.970378 0.301632 20.671120 106 117 112
4.121006 0.276509 20.588499 152 163 157
4.303085 0.254730 20.590689 184 184 184
4.369755 0.249863 20.628407 181 178 178
4.101040 0.301247 20.580072 141 152 145
3.933486 0.353148 20.677216 101 105 102
3.951165 0.349295 20.657661 97 103 98
4.177175 0.311503 20.539719 153 163 158
4.379454 -2.548872 22.940197 207 177 146
4.993546 -2.598644 23.214676 198 186 164
4.330323 -2.517666 22.894232 216 185 157
4.992612 -2.572020 23.198641 210 199 183
3.799473 -2.418245 22.228273 223 196 163
4.916385 -2.511605 22.764046 221 212 201
3.996670 -2.360475 21.624966 236 209 180
4.672546 -2.410032 21.850588 231 219 211
5.025531 -2.476789 22.546598 222 213 206
3.761182 -2.268361 20.814417 244 215 186
3.870928 -2.278326 20.878315 245 216 189
4.520326 -2.317786 20.975338 245 233 229
4.543266 -2.320297 20.994869 245 235 231
4.566226 -2.322810 21.014412 245 237 233
4.665667 -2.336078 21.133402 247 242 241
4.985761 -2.402453 22.204742 220 209 208
3.549093 -2.248801 21.377890 232 197 163
4.276604 -2.238976 20.666988 250 222 206
3.904322 -2.196307 20.658028 252 221 197
4.347456 -2.216928 20.618193 251 231 220
3.578882 -2.250379 22.125591 222 186 148
3.540585 -2.162013 20.780016 247 213 184
3.804477 -2.167200 20.642488 253 221 198
3.521199 -2.179920 21.450853 229 193 157
3.744478 -2.140256 20.628799 253 223 199
4.280297 -2.163615 20.542059 253 228 216
3.540554 -2.113815 20.751352 249 215 186
3.616963 -2.115677 20.714020 253 220 195
3.931628 -2.122092 20.539890 254 224 200
4.419735 -2.150049 20.562361 254 242 240
4.574864 -2.165913 20.682894 254 248 253
3.689123 -2.091951 20.637281 253 224 199
4.102145 -2.106128 20.494703 254 226 206
4.297859 -2.117939 20.511705 254 231 220
4.337387 -2.120539 20.518686 253 234 226
3.671163 -2.068163 20.639772 254 223 199
3.764138 -2.070335 20.588604 254 225 202
3.800562 -2.070973 20.564957 254 225 202
3.818643 -2.071261 20.552723 254 225 203
3.855012 -2.071993 20.530704 254 225 203
3.891688 -2.072939 20.512039 254 225 203
3.892214 -2.049856 20.503738 254 225 203
3.500543 -2.064110 21.556023 230 189 154
4.042980 -2.033137 20.455624 254 228 205
3.481500 -2.029098 21.380716 232 191 156
3.856537 -2.002612 20.505016 254 227 202
3.986736 -2.007563 20.458162 254 228 204
4.082498 -2.012609 20.449242 254 230 208
3.463179 -1.994900 21.211737 234 192 158
4.573929 -2.028160 20.621220 254 248 252
3.765671 -1.953580 20.536585 254 228 201
4.278835 -1.979478 20.451374 254 232 220
4.298554 -1.980827 20.454845 254 232 222
4.701103 -2.021949 20.785124 254 250 255
4.858198 -2.058776 21.310650 244 236 240
5.033832 -2.111928 22.126810 226 213 216
3.482675 -1.973555 21.704693 229 187 149
3.951800 -1.937573 20.450731 254 229 204
4.162498 -1.949332 20.434093 254 232 213
3.530635 -1.902280 20.706261 253 214 188
3.549167 -1.902702 20.692198 253 217 190
3.767280 -1.907479 20.522989 254 228 200
3.896741 -1.912351 20.463457 254 229 204
3.990064 -1.916559 20.434540 254 231 204
3.512896 -1.878366 20.712765 252 211 185
3.860615 -1.888023 20.472994 254 229 203
3.916047 -1.890292 20.449821 254 229 205
3.953355 -1.892003 20.438019 254 229 205
4.301371 -1.913451 20.441145 254 233 222
4.321228 -1.914882 20.445612 254 234 225
4.402632 -1.921315 20.475561 254 243 238
4.507568 -1.930451 20.531561 254 249 248
3.496117 -1.912812 21.956457 228 186 147
3.568017 -1.855804 20.653263 254 218 192
3.694759 -1.858703 20.548452 254 226 200
3.768896 -1.861452 20.509478 254 227 200
4.145848 -1.880474 20.418324 254 232 213
4.242589 -1.886663 20.422644 254 232 218
4.487256 -1.906137 20.514595 254 249 247
3.433466 -1.834358 20.871838 241 196 164
3.677346 -1.835050 20.554243 254 224 199
4.049940 -1.851812 20.411583 254 230 208
4.652295 -1.901861 20.681501 254 250 255
3.788962 -1.816241 20.486578 254 226 200
3.881820 -1.820392 20.447981 254 228 205
3.900440 -1.821276 20.441391 254 228 205
3.919022 -1.822157 20.434788 254 229 205
4.128346 -1.834192 20.407896 254 232 213
4.186183 -1.837884 20.408691 254 232 215
4.225054 -1.840478 20.411774 254 231 217
3.552806 -1.785560 20.650723 254 216 191
3.716406 -1.790467 20.522434 254 225 199
4.187428 -1.815520 20.405813 254 232 215
4.406713 -1.831867 20.459833 254 242 236
4.470912 -1.837735 20.500689 254 249 247
4.287478 -1.800318 20.421377 253 230 221
4.538619 -1.821977 20.551220 254 248 253
3.828712 -1.749360 20.452026 254 224 200
3.773932 -1.723855 20.470518 253 222 197
4.055490 -1.739327 20.391947 254 229 206
3.416688 -1.710642 21.345955 231 187 148
3.431964 -1.689742 20.769115 244 199 168
3.501293 -1.690522 20.668123 249 207 181
3.572326 -1.692286 20.590046 252 214 189
4.826684 -1.789289 20.944519 249 241 247
4.589513 -1.737547 20.584936 254 248 253
4.825123 -1.765961 20.927420 250 242 248
5.034593 -1.812387 21.808790 229 218 218
3.415832 -1.642266 20.775827 242 197 165
4.135854 -1.677178 20.379782 253 228 208
4.253272 -1.685671 20.394339 251 226 214
4.545287 -1.710699 20.540949 254 247 252
3.433925 -1.618975 20.740564 244 199 170
3.777993 -1.632677 20.449699 251 219 194
4.175662 -1.657516 20.377798 251 226 209
4.294660 -1.666548 20.403200 252 227 218
3.470991 -1.596758 20.694412 247 201 177
3.686170 -1.604952 20.489368 250 214 191
3.985188 -1.622180 20.382713 250 221 197
4.417343 -1.654091 20.442650 251 237 231
4.615967 -1.672940 20.597895 253 249 254
4.217286 -1.615809 20.377079 250 223 208
3.988109 -1.577410 20.379229 248 218 195
4.160299 -1.589288 20.369713 249 222 203
4.179716 -1.590703 20.371147 249 223 205
4.319203 -1.601587 20.405298 250 224 218
4.857584 -1.656097 20.951897 252 245 253
3.547416 -1.530297 20.613405 246 205 184
4.046560 -1.558891 20.370356 248 217 196
4.028970 -1.535247 20.370520 247 215 193
4.124333 -1.541926 20.363682 248 219 198
4.182547 -1.546222 20.367514 247 219 202
4.792180 -1.601810 20.792416 254 250 254
3.387485 -1.481504 20.953291 231 188 156
3.550428 -1.484326 20.609116 245 204 182
3.676789 -1.490705 20.502119 245 210 186
3.935446 -1.506364 20.382322 246 211 190
4.049344 -1.514218 20.366144 247 215 193
4.068280 -1.515532 20.363771 246 216 194
4.183869 -1.523968 20.365135 246 217 201
3.424145 -1.454912 20.724903 236 194 168
3.642371 -1.466066 20.529968 243 207 184
3.899030 -1.481358 20.388006 246 211 189
3.974951 -1.486602 20.374949 245 212 190
4.107881 -1.495971 20.359631 245 216 195
4.510536 -1.528576 20.482870 250 242 241
3.590266 -1.440468 20.577803 241 203 183
3.845093 -1.455343 20.408670 245 209 186
4.306193 -1.489053 20.390673 246 219 209
4.448442 -1.500838 20.443834 247 235 230
4.577910 -1.512500 20.531919 252 248 249
3.379112 -1.415471 21.194817 222 182 149
3.382209 -1.412250 21.039890 224 184 153
4.449917 -1.478706 20.442549 245 234 229
4.648673 -1.497031 20.598602 253 250 252
3.368303 -1.388432 21.085018 222 182 149
3.429374 -1.385454 20.723473 231 190 169
3.612288 -1.395928 20.565393 237 201 183
3.701701 -1.401029 20.487236 239 204 184
4.036548 -1.423684 20.363865 243 209 191
4.308886 -1.444687 20.386438 243 218 207
4.558554 -1.466116 20.510857 250 245 247
4.626283 -1.472476 20.570705 253 250 252
4.672923 -1.476985 20.618046 253 251 253
4.822322 -1.492185 20.805874 254 252 255
3.390579 -1.373466 21.447605 220 180 146
3.668192 -1.376364 20.520889 236 201 182
3.924149 -1.393046 20.379169 239 206 185
4.210668 -1.414454 20.359652 240 209 197
4.230130 -1.415975 20.361729 240 210 198
4.249897 -1.417558 20.365742 240 211 199
4.310067 -1.422480 20.383356 241 217 206
5.212444 -1.528517 22.286119 208 197 196
3.381372 -1.336780 20.808218 225 185 160
4.454751 -1.412408 20.441017 241 231 228
3.452300 -1.316997 20.699310 229 189 171
4.292477 -1.376456 20.371843 238 212 202
4.414595 -1.386707 20.418652 240 225 221
4.771375 -1.419312 20.711353 253 252 255
4.796768 -1.421852 20.745037 254 253 255
4.994884 -1.446130 21.269905 234 225 229
3.367146 -1.294897 21.193995 218 180 147
3.511055 -1.297823 20.665514 231 191 175
3.725616 -1.311436 20.465710 235 200 183
4.254130 -1.351050 20.360424 235 207 199
4.845110 -1.403959 20.790361 254 253 255
3.872640 -1.299039 20.379929 234 200 183
4.502483 -1.349912 20.467630 243 235 235
4.631839 -1.361356 20.554773 250 247 251
3.605515 -1.257987 20.585859 229 195 179
3.969032 -1.283925 20.361513 233 198 185
4.399641 -1.318799 20.412426 236 220 218
3.355447 -1.218238 20.863010 217 179 155
4.028516 -1.266219 20.359049 230 199 188
4.656971 -1.319057 20.570059 250 248 253
3.644384 -1.214778 20.549383 227 194 181
3.679959 -1.217309 20.516640 228 195 182
3.879103 -1.232055 20.388477 230 196 182
4.069995 -1.247244 20.366144 229 199 188
4.572187 -1.289335 20.510956 242 241 243
4.954817 -1.325621 21.023512 245 237 245
3.391615 -1.181857 21.703514 208 174 141
3.378511 -1.172979 20.851770 216 179 160
3.520734 -1.182911 20.671343 222 189 175
4.345519 -1.247614 20.399561 231 213 211
3.848664 -1.184753 20.424570 225 192 177
4.246618 -1.217002 20.368382 225 199 197
4.286083 -1.220304 20.376091 226 203 202
4.306034 -1.221985 20.381350 227 205 205
5.072583 -1.292989 21.403841 214 203 212
3.414034 -1.135594 21.868061 205 172 138
3.595446 -1.142283 20.594919 219 191 177
3.614208 -1.143769 20.584497 220 191 178
3.834955 -1.161195 20.453672 223 192 176
4.039580 -1.177699 20.385851 224 194 183
4.537376 -1.219671 20.499485 236 235 237
4.579736 -1.223342 20.524282 240 240 243
4.706038 -1.234260 20.594160 250 248 254
3.544164 -1.115299 20.653681 217 188 174
3.579885 -1.118088 20.616688 216 189 175
3.727677 -1.129937 20.522676 220 192 178
3.947381 -1.147676 20.406996 224 192 178
4.582794 -1.201385 20.531666 239 240 243
4.824269 -1.222483 20.710123 252 249 254
3.584226 -1.095481 20.636463 211 185 167
3.860347 -1.118067 20.468971 220 191 174
4.176464 -1.144313 20.376305 220 191 185
4.233175 -1.149068 20.371632 220 194 192
4.312491 -1.155813 20.389206 224 203 204
4.374651 -1.161161 20.418592 226 210 213
4.585373 -1.179361 20.536440 238 239 241
5.395272 -1.256337 22.779379 191 181 178
3.805949 -1.090837 20.490002 217 193 173
3.991230 -1.106367 20.416357 222 193 177
4.105366 -1.116015 20.402361 220 192 179
4.295534 -1.132123 20.391563 222 201 199
4.830838 -1.178420 20.726343 251 249 254
4.854034 -1.180446 20.748507 252 249 254
3.470729 -1.040800 21.541826 199 171 135
3.727202 -1.038577 20.612946 202 181 152
4.112285 -1.071776 20.424164 212 186 172
4.639270 -1.117204 20.595615 239 240 236
4.706921 -1.123035 20.653608 240 242 242
4.751090 -1.126842 20.686949 242 244 244
4.773841 -1.128803 20.706997 243 245 245
3.804147 -1.022354 20.579836 195 174 146
3.821616 -1.023894 20.562986 195 174 147
3.928805 -1.033309 20.486141 202 179 156
4.097355 -1.048012 20.441137 213 188 172
4.392281 -1.073584 20.480770 219 202 196
4.500672 -1.082903 20.555029 230 218 212
4.522420 -1.084773 20.570129 232 223 215
4.544144 -1.086641 20.585052 234 227 218
4.669585 -1.097457 20.647436 239 239 233
5.014203 -1.126737 21.147364 234 229 223
4.472023 -1.057925 20.598902 212 197 187
4.374791 -1.026982 20.581257 193 177 161
4.419544 -1.030787 20.617788 194 178 162
4.691180 -1.053851 20.846970 195 193 175
5.214800 -1.094980 22.132324 198 192 171
4.325974 -0.999334 20.739143 188 172 155
4.105046 -0.956289 20.820127 253 239 221
4.313924 -0.973753 21.010241 196 179 162
4.505405 -0.988105 21.436811 186 172 153
4.046660 -0.913278 22.692533 217 197 156
4.084126 -0.929517 21.061945 253 241 223
3.984519 -0.889218 21.924129 234 220 184
3.965477 -0.890097 21.640293 239 226 193
4.476081 -0.935782 21.722178 207 196 178
3.997907 -0.860179 22.471701 222 201 158
4.197629 -0.893991 20.995687 252 245 231
4.081292 -0.859956 21.008234 250 240 224
4.247121 -0.874831 21.044634 252 248 235
4.426161 -0.885698 21.523327 248 243 229
3.901952 -0.816200 21.300100 240 222 190
4.165207 -0.844347 21.020741 245 235 221
4.694245 -0.874304 22.484919 225 214 199
4.128037 -0.817555 21.027864 236 222 209
3.882959 -0.769423 21.140106 236 215 186
4.089264 -0.790695 21.025280 232 216 202
4.251612 -0.805787 21.039379 242 232 223
4.295457 -0.809535 21.064028 248 239 231
3.861426 -0.733879 21.722195 235 210 170
4.050442 -0.763778 21.022888 235 218 202
4.232090 -0.780900 21.030901 234 223 213
4.369341 -0.792096 21.138918 252 242 236
4.483564 -0.797460 21.460352 249 240 232
3.834674 -0.707983 21.667591 232 204 163
3.950317 -0.731017 21.016745 244 229 207
3.908230 -0.704062 20.993641 233 214 190
4.211423 -0.733073 21.004139 233 221 211
3.886022 -0.679098 20.967653 219 196 170
3.967190 -0.686937 20.969442 224 205 184
4.357889 -0.723405 21.038338 248 241 237
3.903243 -0.658192 20.934105 210 187 163
4.354430 -0.700655 21.007030 242 236 231
4.495121 -0.708945 21.251518 237 229 222
4.765344 -0.711191 22.333584 207 195 176
3.772948 -0.620364 21.007032 225 198 165
3.807211 -0.624859 20.959526 214 187 157
4.123404 -0.656957 20.917873 212 198 184
4.165071 -0.660781 20.929548 214 202 190
4.350199 -0.678014 20.971138 232 224 219
4.570341 -0.688483 21.444595 211 200 189
3.766577 -0.597754 20.947302 233 208 178
4.141780 -0.636191 20.896706 199 184 171
4.307995 -0.651475 20.944183 217 206 200
4.157056 -0.615699 20.856390 207 194 181
4.492582 -0.642996 21.091368 212 202 194
4.577999 -0.644630 21.353525 206 193 181
4.713281 -0.644007 21.890980 203 190 170
3.812972 -0.559211 20.817085 241 224 199
3.947297 -0.551184 20.762119 238 225 207
4.005292 -0.557385 20.750448 232 219 203
4.210502 -0.576764 20.797863 228 219 208
4.253388 -0.580472 20.819597 233 224 215
3.615400 -0.482601 21.151470 209 179 151
3.678565 -0.498261 20.845934 223 201 181
4.330716 -0.565963 20.802256 245 240 232
3.785630 -0.489639 20.727388 228 207 188
3.608936 -0.431612 21.235863 189 160 134
3.765858 -0.464837 20.717016 213 193 177
3.841767 -0.473670 20.686483 224 206 189
3.978190 -0.488379 20.667059 234 221 207
4.057065 -0.496548 20.666058 237 230 214
4.157177 -0.506493 20.677656 242 236 223
4.277670 -0.518275 20.697330 247 242 234
3.625225 -0.422076 20.865028 183 164 149
4.402003 -0.507249 20.732555 243 242 235
4.699885 -0.518475 21.309402 223 214 198
3.694385 -0.409679 20.758701 181 167 157
3.899363 -0.435068 20.646828 202 186 173
3.956940 -0.441545 20.633854 204 191 178
4.355197 -0.481690 20.675392 236 237 229
3.712309 -0.389465 20.728451 177 166 158
3.879814 -0.410448 20.636980 190 177 166
4.193089 -0.443833 20.625187 212 208 201
4.575981 -0.476869 20.821922 236 233 230
4.252122 -0.427639 20.618458 205 204 201
4.749510 -0.452968 21.335659 199 194 181
4.153427 -0.395217 20.599577 182 181 178
4.231836 -0.403447 20.602705 193 193 192
4.667816 -0.434691 20.988468 201 199 192
4.730083 -0.432169 21.220776 195 191 180
3.752332 -0.325939 20.687435 166 161 158
3.957084 -0.351948 20.587839 168 161 156
3.995183 -0.356388 20.579100 169 164 159
4.373067 -0.394985 20.626225 204 212 214
4.415298 -0.398648 20.647444 216 223 227
3.619215 -0.279847 20.893044 161 140 129
3.679478 -0.293125 20.731859 158 150 147
3.995553 -0.334033 20.570011 163 160 157
4.230712 -0.359206 20.574738 175 179 182
4.290940 -0.365170 20.587448 183 189 193
4.520601 -0.385665 20.689350 211 218 225
3.845268 -0.293121 20.612173 161 159 159
3.939713 -0.304760 20.580221 161 157 156
3.997144 -0.311483 20.568974 160 157 157
4.114601 -0.324272 20.568144 162 164 165
4.211895 -0.334852 20.567757 167 173 175
4.481195 -0.359477 20.674179 207 216 224
4.656829 -0.368746 20.900200 185 185 180
3.608420 -0.229651 20.940489 164 137 118
4.057832 -0.295334 20.569269 157 160 161
4.233221 -0.314512 20.568911 164 171 176
4.354651 -0.326343 20.601042 178 191 197
4.441497 -0.311181 20.647594 185 196 205
4.581692 -0.298005 20.776783 176 185 186
3.706250 -0.118770 21.993610 203 168 132
3.909103 -0.209433 20.593178 145 146 150
4.199810 -0.242902 20.570204 146 158 162
4.279994 -0.251060 20.585951 154 168 174
4.561016 -0.273907 20.759279 174 183 185
3.783402 -0.168305 20.677052 143 138 141
3.717580 -0.132990 20.771477 143 128 121
4.244129 -0.201988 20.582502 144 158 163
4.365958 -0.213963 20.616615 161 173 180
4.544550 -0.226961 20.755529 170 175 174
3.788306 -0.122227 20.686726 136 129 130
4.146574 -0.168969 20.569889 135 145 149
4.668533 -0.199759 21.109409 176 175 157
3.843360 -0.107985 20.639273 131 129 132
4.051727 -0.135066 20.577538 128 132 135
4.483225 -0.176777 20.716383 162 165 164
4.532479 -0.179155 20.776464 168 168 161
4.643811 -0.175962 21.071291 178 176 157
3.811242 -0.078965 20.682030 130 123 124
4.272666 -0.136065 20.606266 138 150 155
4.375151 -0.145957 20.639977 147 157 159
4.736333 -0.142039 21.461367 187 181 155
4.468793 -0.129373 20.724350 160 160 154
4.556930 -0.129959 20.893896 174 168 153
4.652219 -0.123284 21.206528 184 176 154
3.816758 -0.032686 20.695950 137 129 128
4.473631 -0.106246 20.742016 164 161 153
4.041229 -0.041994 20.591427 126 127 131
4.222939 -0.039048 20.616114 146 157 161
3.858305 0.030000 20.669470 143 139 139
4.348750 -0.028418 20.661251 167 175 175
4.508880 -0.031790 20.912729 187 179 163
3.733770 0.093316 21.073776 171 148 124
4.127329 0.017118 20.606863 147 154 157
4.207955 0.008521 20.622358 159 169 172
4.377423 0.015701 20.695368 177 180 178
3.754272 0.126438 20.895962 156 138 123
3.797446 0.112878 20.768564 138 126 120
3.830696 0.105633 20.719109 135 127 124
4.337208 0.042016 20.676851 184 190 192
3.745512 0.165936 21.120441 165 143 121
3.766906 0.143671 20.826889 145 130 119
3.867335 0.121892 20.683002 133 131 131
4.037352 0.097521 20.625816 134 137 140
3.746133 0.188944 21.111509 160 138 116
3.965132 0.131431 20.659359 127 131 135
4.117257 0.110456 20.622852 139 148 149
4.321280 0.089371 20.676960 177 184 185
3.746053 0.222405 21.251705 159 135 109
3.853150 0.170792 20.698736 135 132 131
4.346103 0.110565 20.698587 173 178 178
4.450257 0.108528 20.851946 153 149 142
4.516069 0.111152 21.004971 148 138 127
3.854275 0.193402 20.694216 136 135 133
3.738891 0.265179 21.170780 151 128 103
4.082603 0.182803 20.618713 146 154 153
3.725539 0.293684 21.212561 144 119 90
3.794051 0.255687 20.812065 139 129 121
3.893333 0.232434 20.663719 135 141 140
3.951221 0.224368 20.651821 132 141 140
4.284388 0.182656 20.647264 177 183 184
4.451785 0.175361 20.830544 151 147 141
3.730642 0.307097 21.081972 136 112 88
3.971372 0.244079 20.642242 128 139 136
4.123701 0.222519 20.608370 150 161 157
4.104126 0.246912 20.597401 145 156 151
4.009992 0.282776 20.612974 115 126 121
3.807369 0.361305 20.699694 108 94 87
3.913915 0.362326 20.596359 101 102 100
3.950028 0.377676 20.561344 90 92 88
3.830101 -2.495298 22.435553 206 178 143
4.236736 -2.529352 22.620840 205 175 143
3.780827 -2.437386 22.040745 215 188 154
3.980159 -2.453931 22.129341 215 190 157
4.271988 -2.491009 22.424314 215 187 157
4.375673 -2.506507 22.558990 214 188 157
4.094873 -2.418556 21.911091 227 196 168
4.474007 -2.473512 22.385908 223 200 171
3.660726 -2.409796 22.400923 217 185 146
3.661460 -2.384251 22.060812 224 193 157
3.747225 -2.330473 21.288967 232 204 174
4.358490 -2.397925 21.780556 233 207 180
4.488167 -2.400363 21.727020 230 208 193
4.628456 -2.417230 21.858269 233 220 213
4.828422 -2.437143 21.990463 233 227 221
3.825118 -2.298218 21.115997 242 213 185
3.904338 -2.302441 21.118929 243 214 187
4.338248 -2.327622 21.162714 241 215 197
4.659658 -2.358849 21.365244 244 240 238
4.678036 -2.359512 21.361635 244 240 238
4.807079 -2.379757 21.547209 242 235 232
3.662356 -2.252460 20.919415 246 215 189
3.841381 -2.262963 20.937609 248 218 192
3.897744 -2.264797 20.923069 248 218 192
4.008629 -2.267914 20.887690 248 219 194
4.046244 -2.269434 20.882063 250 220 194
4.546700 -2.298737 20.932125 250 244 247
4.810254 -2.349997 21.451696 243 235 235
4.884519 -2.375334 21.748053 238 227 228
5.008817 -2.422401 22.308212 221 210 206
3.558720 -2.231606 21.024961 242 208 177
4.129013 -2.244324 20.787601 251 222 198
4.435323 -2.262451 20.818424 252 238 239
4.747734 -2.276025 21.095594 249 241 244
5.105022 -2.406805 22.693190 207 195 190
3.601619 -2.176427 20.864265 251 217 191
3.678293 -2.179465 20.848871 251 221 196
3.717488 -2.181565 20.848957 252 222 198
3.757047 -2.183916 20.852411 252 222 198
3.849635 -2.186568 20.819042 253 222 198
3.956494 -2.188114 20.758522 253 224 199
4.029435 -2.190401 20.735121 253 225 200
4.323793 -2.203016 20.689882 252 229 222
4.442564 -2.212254 20.731932 254 243 246
3.601392 -2.152344 20.848013 251 218 192
3.717129 -2.157566 20.832546 252 223 199
3.990074 -2.164404 20.714920 253 226 200
4.540234 -2.196624 20.750978 254 249 253
3.953026 -2.139567 20.710411 254 224 201
4.134576 -2.145969 20.656693 254 227 205
3.715345 -2.109120 20.791882 252 225 201
3.862362 -2.113539 20.734116 254 225 202
4.024186 -2.118027 20.664743 254 227 202
4.320514 -2.132779 20.638340 254 232 224
4.398005 -2.138334 20.657564 254 241 238
4.556554 -2.151151 20.719288 254 248 253
4.726507 -2.175115 20.942907 253 245 250
3.584071 -2.080910 20.823065 251 219 193
3.677465 -2.083860 20.786818 252 225 200
3.968234 -2.092147 20.659878 254 227 203
4.150487 -2.099597 20.615753 254 229 208
4.282194 -2.107342 20.620987 254 232 219
4.554913 -2.127737 20.700258 254 247 254
4.576278 -2.129993 20.716812 254 247 254
3.508340 -2.064424 20.995800 244 209 178
3.621966 -2.058537 20.797523 253 221 196
3.696065 -2.060799 20.766075 253 226 201
3.714202 -2.061210 20.756083 253 227 202
4.454721 -2.096452 20.644382 254 247 247
4.494381 -2.099709 20.660355 254 248 250
3.732824 -2.038322 20.736452 253 228 202
4.643118 -2.092402 20.761772 254 249 255
4.719908 -2.103979 20.878767 254 247 253
3.661179 -2.013389 20.769566 254 224 198
3.859268 -2.018502 20.661501 254 228 203
4.057581 -2.025734 20.588667 254 231 207
4.338078 -2.042211 20.590151 254 234 227
4.535015 -2.058017 20.662077 254 249 251
4.621011 -2.067196 20.731579 254 249 254
3.495198 -1.994564 21.005730 246 207 177
3.966769 -1.998810 20.601545 254 230 206
4.455801 -2.028818 20.620111 254 248 244
4.535622 -2.035612 20.655567 254 249 251
4.576581 -2.039419 20.679245 254 249 254
3.786918 -1.969451 20.667898 254 231 203
3.895310 -1.973252 20.620930 254 229 204
3.984472 -1.976314 20.581161 254 230 206
4.691593 -2.030968 20.796696 254 249 254
3.499001 -1.957553 21.171227 242 202 171
4.227571 -1.967694 20.563442 254 232 218
4.302474 -1.972432 20.567032 254 233 222
3.663124 -1.919960 20.728458 254 225 198
3.770734 -1.923026 20.663868 253 231 203
4.078162 -1.935845 20.553650 254 232 208
4.170279 -1.940964 20.544029 254 234 215
4.265711 -1.947597 20.558384 254 232 218
3.572875 -1.893970 20.773087 253 219 192
4.359959 -1.931284 20.557829 254 238 230
4.667322 -1.959841 20.735935 254 250 254
4.747285 -1.971937 20.869740 254 250 255
3.664332 -1.873509 20.709768 253 224 197
3.789497 -1.877416 20.634041 253 230 204
3.861189 -1.880082 20.598879 254 229 206
3.896567 -1.881306 20.579779 254 229 206
3.950886 -1.883770 20.561663 254 232 207
4.601396 -1.930011 20.666285 254 249 254
4.173086 -1.873803 20.528160 254 233 217
4.458869 -1.894408 20.576986 254 248 248
4.693070 -1.918401 20.756971 254 250 255
3.807896 -1.831891 20.602350 254 228 204
3.970894 -1.839495 20.544724 254 231 206
4.174042 -1.851451 20.523010 254 232 217
5.091267 -1.971595 22.241171 226 212 214
4.028368 -1.797766 20.526772 254 230 207
4.101660 -1.802031 20.515236 254 232 213
3.508584 -1.753526 20.800339 249 208 182
3.614039 -1.756037 20.702160 253 219 194
3.668185 -1.758138 20.669537 253 222 197
3.937599 -1.770043 20.539036 254 228 205
4.158005 -1.783141 20.505890 253 231 215
4.233717 -1.788527 20.513950 254 229 220
3.466733 -1.748394 21.266449 239 196 163
3.542092 -1.730018 20.738041 253 213 189
3.902274 -1.745572 20.544548 254 227 203
4.121893 -1.758413 20.502287 253 230 212
4.234681 -1.766267 20.508982 254 228 220
4.546186 -1.791439 20.605986 254 249 253
3.525169 -1.772430 22.281715 229 187 148
3.479082 -1.707786 20.852455 247 203 176
3.687804 -1.712935 20.643715 253 219 195
4.178825 -1.739886 20.497366 251 228 213
4.368999 -1.754070 20.527727 252 235 228
4.652034 -1.779602 20.675613 254 249 255
4.699101 -1.785232 20.732363 254 249 255
3.511385 -1.683799 20.777868 249 206 183
3.868135 -1.698549 20.546474 253 222 200
4.369949 -1.731906 20.522938 252 234 229
3.850789 -1.674907 20.545742 253 220 198
3.868977 -1.675923 20.539782 253 221 199
3.887089 -1.676923 20.533535 253 222 199
3.451097 -1.638590 20.903887 244 199 171
4.843365 -1.738920 20.982088 250 242 249
3.852961 -1.629823 20.535656 253 219 195
3.944003 -1.635252 20.509348 251 220 198
4.054317 -1.642371 20.491753 252 223 201
4.202148 -1.652459 20.482647 250 224 211
4.935961 -1.733742 21.260984 234 220 226
3.503308 -1.636346 22.007280 231 190 154
3.484051 -1.591392 20.816629 246 201 179
3.622106 -1.595686 20.665043 250 210 190
3.945138 -1.612852 20.504873 250 218 196
3.981663 -1.615157 20.496704 250 219 197
4.073745 -1.621282 20.484671 251 222 201
4.146994 -1.626169 20.475523 250 223 207
3.478074 -1.601719 21.773752 231 189 155
3.453095 -1.568135 20.873697 242 198 172
3.605887 -1.572158 20.676085 249 209 190
4.704513 -1.652275 20.704605 253 249 255
3.486556 -1.545144 20.806595 244 200 179
4.002324 -1.571713 20.485088 250 217 195
4.039560 -1.574345 20.482872 250 218 197
4.224172 -1.587376 20.471283 250 220 210
4.869411 -1.651775 20.984842 248 238 247
3.454943 -1.521470 20.857922 241 197 173
3.840036 -1.538947 20.527885 249 213 189
4.729048 -1.610503 20.719379 253 249 255
3.627554 -1.504621 20.650402 246 208 188
3.752873 -1.511562 20.575611 247 212 188
4.005177 -1.527272 20.480255 248 215 193
4.245252 -1.544605 20.465305 248 218 209
4.456336 -1.561856 20.516113 250 238 235
4.618717 -1.576743 20.606606 253 249 254
4.730402 -1.588503 20.717201 253 249 255
5.254271 -1.688054 22.647512 211 198 198
3.806982 -1.491942 20.538353 245 210 186
3.842901 -1.494156 20.522596 246 211 187
3.970239 -1.502596 20.486353 246 213 191
4.098452 -1.511581 20.465981 245 216 196
5.058048 -1.621703 21.735140 234 224 228
3.576792 -1.456225 20.681936 242 203 185
3.826318 -1.470620 20.527273 244 209 186
3.879994 -1.473993 20.503572 245 210 188
4.439361 -1.516274 20.503611 248 235 231
4.620914 -1.532762 20.599390 253 249 254
4.732754 -1.544436 20.710951 253 250 255
4.895691 -1.564777 20.988932 251 243 250
4.539464 -1.503025 20.542761 251 247 248
4.807239 -1.530712 20.805840 254 250 255
4.833693 -1.533909 20.848557 253 249 254
3.687976 -1.417311 20.611725 239 204 185
3.974063 -1.435775 20.475954 242 210 189
4.325945 -1.462566 20.464149 244 221 211
4.561199 -1.483004 20.552393 251 247 249
4.758148 -1.502849 20.730267 253 251 255
4.889535 -1.518456 20.939009 251 245 252
3.436425 -1.405385 21.822659 219 181 146
3.794865 -1.401091 20.536512 238 205 186
4.195812 -1.430057 20.448469 241 212 197
4.327222 -1.440591 20.461252 242 219 209
4.346181 -1.442149 20.464600 242 221 212
4.992562 -1.514851 21.362827 236 229 234
3.405253 -1.363216 21.176081 223 185 158
3.618653 -1.367405 20.646749 234 198 184
5.168161 -1.522308 22.053049 205 196 197
3.501024 -1.338506 20.787649 232 194 178
3.960483 -1.367872 20.475134 237 206 188
4.273768 -1.392132 20.451031 239 212 202
4.647879 -1.425071 20.599209 252 249 254
4.944485 -1.459757 21.098944 239 233 238
3.640484 -1.323444 20.636797 233 198 184
3.749296 -1.331005 20.583271 234 200 186
4.546509 -1.393624 20.533010 247 242 244
4.880680 -1.427168 20.857170 253 248 254
5.064640 -1.455682 21.511076 214 205 208
3.520749 -1.293465 20.757412 230 194 179
3.554595 -1.295324 20.713612 231 196 181
3.678648 -1.303428 20.618147 233 198 184
4.467971 -1.364544 20.492123 241 231 229
3.395187 -1.268482 21.198963 220 180 156
3.717325 -1.283649 20.604576 232 198 185
4.167104 -1.317270 20.445478 233 203 192
3.665413 -1.257316 20.636705 230 198 185
3.913525 -1.275173 20.492136 232 201 187
4.058817 -1.286483 20.456926 233 200 188
4.077263 -1.287968 20.455250 233 200 189
4.205119 -1.298195 20.440170 232 203 195
4.693139 -1.341148 20.609406 252 249 254
3.617472 -1.231688 20.702305 226 196 182
3.650322 -1.233659 20.655519 228 196 184
3.951715 -1.255834 20.482510 231 200 187
4.079038 -1.265933 20.455168 231 199 189
4.261839 -1.280769 20.437025 230 204 199
4.591936 -1.309790 20.543900 246 244 247
4.612461 -1.311692 20.556677 248 245 250
3.394315 -1.196686 21.141878 216 179 158
3.568064 -1.205597 20.761091 224 193 181
3.668447 -1.212078 20.631899 226 195 185
4.737706 -1.301363 20.634779 251 249 255
3.553969 -1.181863 20.790625 222 192 180
3.627149 -1.187453 20.748083 223 194 182
3.939027 -1.210384 20.499987 230 199 185
4.492061 -1.256609 20.475470 235 230 233
4.874666 -1.292789 20.772146 253 249 255
3.940710 -1.188175 20.499182 229 198 184
4.285193 -1.216638 20.434650 227 203 202
3.663054 -1.144189 20.695917 220 193 182
4.761692 -1.237618 20.637966 250 249 255
3.702665 -1.124730 20.687330 219 192 178
4.499795 -1.191658 20.489223 233 229 231
4.308448 -1.152599 20.431908 224 203 204
4.504504 -1.170272 20.505714 233 227 229
3.525088 -1.065523 20.960810 201 177 153
4.044425 -1.107999 20.513683 220 192 178
4.613005 -1.158438 20.591585 242 240 242
4.632652 -1.160216 20.599365 243 243 245
4.834627 -1.178691 20.707386 252 249 254
3.517649 -1.045938 21.725229 202 175 143
3.692187 -1.056491 20.859148 206 183 158
3.708855 -1.057841 20.837046 206 184 159
4.136550 -1.093734 20.492136 213 187 175
4.210458 -1.100252 20.488394 213 189 181
4.262193 -1.104697 20.464893 216 195 190
4.394672 -1.116535 20.485569 224 208 208
4.534430 -1.129270 20.551107 236 230 227
3.736012 -1.037493 20.879215 199 177 148
3.923802 -1.053452 20.697773 199 177 155
4.756304 -1.127536 20.658600 247 248 249
4.171361 -1.052699 20.570438 204 182 168
4.261226 -1.060714 20.549358 205 186 175
4.278507 -1.062244 20.541544 206 189 178
4.873588 -1.116501 20.787231 238 237 232
3.972343 -1.012916 20.871916 203 184 160
4.261640 -1.038748 20.654034 195 178 164
4.866828 -1.093918 20.836729 216 214 203
5.156176 -1.121739 21.737890 205 198 182
4.041473 -0.997039 22.167137 198 181 149
4.057927 -0.997878 20.789595 252 235 217
4.228383 -1.013447 20.785063 192 175 157
4.577369 -1.045308 20.750095 189 181 161
4.789358 -1.064698 20.804125 191 190 174
4.107847 -0.979773 20.853453 254 240 222
4.218732 -0.989903 20.950209 211 195 178
4.403413 -1.006655 21.258343 186 174 156
4.519298 -1.017139 21.486893 187 173 155
4.951116 -1.056686 21.742279 185 182 162
4.015090 -0.899893 21.502764 242 231 205
4.020751 -0.902143 21.136421 249 239 217
4.184066 -0.917886 21.060234 253 245 231
4.412742 -0.937300 21.514791 213 204 186
4.007328 -0.877562 21.165642 251 243 220
4.020502 -0.879073 21.122160 252 243 222
4.168578 -0.870565 21.061033 250 242 228
4.036698 -0.834807 21.074770 242 231 214
4.518316 -0.875345 21.760672 239 232 219
3.932138 -0.761236 22.622412 226 197 152
4.173006 -0.802276 21.053942 234 224 212
3.910502 -0.738147 22.287357 237 214 171
3.906418 -0.751002 21.221649 246 230 204
4.623723 -0.812015 21.997738 223 212 200
3.902023 -0.727838 21.177380 241 224 199
3.933727 -0.731730 21.123077 241 225 205
3.913990 -0.684355 22.601496 225 194 150
4.426770 -0.757233 21.162247 249 244 238
4.558624 -0.763889 21.596416 237 228 218
4.645287 -0.766706 21.985424 229 219 206
3.809245 -0.669222 21.343428 214 184 145
4.075768 -0.678894 20.990311 224 212 201
4.446047 -0.713772 21.141562 239 232 226
3.998580 -0.648276 20.980558 201 182 170
4.190599 -0.668019 20.973274 216 204 193
4.292061 -0.677709 21.008724 226 217 211
3.959090 -0.621584 20.963963 196 176 162
3.882593 -0.590735 20.961777 219 199 179
4.069713 -0.611131 20.914263 202 189 177
4.483359 -0.649862 21.104940 215 207 199
4.552570 -0.653172 21.284424 208 196 186
4.222960 -0.604559 20.901768 215 206 195
3.697223 -0.504997 21.801521 223 193 160
3.700358 -0.523586 21.043083 238 217 191
3.877876 -0.545603 20.902641 241 225 207
4.065554 -0.566261 20.862923 221 212 198
4.468612 -0.605317 20.998190 228 221 213
4.553382 -0.610343 21.159021 224 214 201
3.968873 -0.533637 20.848406 241 230 216
4.178358 -0.556035 20.838318 238 231 219
4.486040 -0.584978 20.979345 241 235 226
3.796330 -0.492369 20.851444 233 213 196
3.929007 -0.507122 20.827656 244 232 218
3.622131 -0.437485 21.325939 190 162 137
3.647779 -0.447817 21.054674 196 175 157
3.890170 -0.480510 20.814116 229 216 200
4.311196 -0.525544 20.816652 248 242 237
3.701954 -0.389504 22.450439 199 163 127
3.632276 -0.422232 21.074701 184 163 147
3.672948 -0.430883 20.928885 188 171 160
3.925389 -0.462533 20.777666 219 204 191
3.962922 -0.466778 20.770918 222 209 196
3.628465 -0.385233 21.507437 181 151 126
3.623026 -0.395740 21.144123 177 154 137
4.388226 -0.489156 20.805637 239 238 233
3.659680 -0.382460 20.950083 173 159 151
3.757920 -0.397898 20.802414 182 170 164
3.812301 -0.404769 20.773262 187 174 166
3.980745 -0.424333 20.736990 197 187 176
4.018821 -0.428542 20.735479 200 192 181
4.598579 -0.485764 20.928249 240 236 228
3.627096 -0.338598 21.465809 177 146 124
3.722291 -0.370655 20.814360 172 163 159
3.740639 -0.372971 20.805372 174 165 161
3.758734 -0.375310 20.794855 175 166 162
3.776314 -0.377705 20.780939 177 167 162
4.150464 -0.421102 20.713388 198 191 187
4.464564 -0.453005 20.793367 237 238 237
4.188241 -0.403154 20.701719 193 189 189
4.484935 -0.432865 20.792948 235 239 241
4.506593 -0.434669 20.810177 236 240 241
3.664193 -0.313691 20.941628 161 149 145
3.730281 -0.237259 22.580446 202 162 130
3.710198 -0.299850 20.828732 162 155 154
3.923763 -0.328886 20.691439 166 162 159
3.978483 -0.335705 20.673016 164 161 159
4.035165 -0.342191 20.669542 168 166 163
4.168633 -0.356975 20.674572 172 173 177
4.226905 -0.363114 20.685295 179 180 186
4.304326 -0.371281 20.699253 188 194 201
3.656139 -0.264065 21.003077 157 140 130
4.017202 -0.317786 20.664682 162 161 160
4.265284 -0.345236 20.679127 177 183 191
4.597908 -0.375296 20.874544 200 207 210
4.688756 -0.378197 21.066492 189 190 183
4.766804 -0.378589 21.286207 183 179 164
3.888749 -0.279628 20.689785 159 159 160
4.226774 -0.319114 20.662319 165 171 180
4.532979 -0.347911 20.813494 198 208 217
3.717488 -0.231147 20.841469 153 145 144
3.852043 -0.252738 20.689648 155 155 158
3.665387 -0.194150 21.030661 156 134 119
3.963833 -0.244373 20.654066 151 151 156
4.132553 -0.264391 20.639631 150 156 163
3.669883 -0.170497 21.050636 160 136 119
3.706042 -0.182327 20.874861 148 135 129
3.873117 -0.210283 20.676746 148 148 153
4.038948 -0.231298 20.634928 146 149 154
4.173358 -0.246303 20.647646 148 156 164
4.251098 -0.254626 20.663179 153 164 176
4.563918 -0.282604 20.852474 178 190 193
3.675700 -0.146500 21.080671 167 143 123
4.234436 -0.230189 20.665119 148 159 170
4.618029 -0.262728 20.936193 172 179 175
3.857837 -0.162993 20.678919 142 141 146
4.217672 -0.205732 20.666569 144 156 165
4.296437 -0.213939 20.688784 153 165 178
4.180348 -0.179320 20.657484 138 149 157
4.220081 -0.183398 20.670305 141 153 162
4.279285 -0.189560 20.687593 147 159 170
4.440403 -0.205351 20.755272 164 175 181
3.937309 -0.127334 20.671797 134 133 141
4.028696 -0.139493 20.644722 134 133 141
4.122135 -0.150999 20.636063 134 140 147
4.262137 -0.165151 20.686539 142 154 163
4.301885 -0.169216 20.699898 146 158 169
4.342082 -0.173193 20.716148 152 164 175
3.812416 -0.086938 20.728552 132 124 127
4.030773 -0.117102 20.646441 130 129 137
4.067519 -0.121890 20.638388 130 130 137
3.737219 -0.047463 20.877338 156 137 124
4.014522 -0.092270 20.652781 127 126 134
4.287485 -0.122394 20.704493 139 151 160
4.307687 -0.124378 20.713116 141 152 162
4.449111 -0.138216 20.774416 155 161 163
3.755025 -0.027967 20.850306 153 136 125
3.817712 -0.041335 20.740036 136 127 128
4.091272 -0.079322 20.645967 122 123 132
4.230496 -0.093825 20.689989 130 142 150
4.270227 -0.097949 20.702839 134 146 154
3.837948 -0.021334 20.733105 139 131 133
3.910114 -0.031977 20.698286 134 130 137
3.928094 -0.034616 20.689865 132 129 137
3.806179 0.007393 20.769945 145 134 131
3.912331 -0.009387 20.700943 139 136 142
3.966027 -0.017390 20.674833 134 132 140
4.359967 -0.060358 20.768814 150 160 165
4.539307 -0.072938 20.938164 181 176 158
3.808404 0.030157 20.772657 148 136 133
3.759154 0.070542 20.970196 159 139 125
3.780315 0.060282 20.837837 149 134 126
4.081977 0.012796 20.661528 139 143 147
4.220290 -0.002163 20.698687 153 164 170
4.280701 -0.008253 20.722595 164 175 182
3.779383 0.153207 21.224283 166 146 129
4.011092 0.089269 20.659925 133 137 139
3.820202 0.144274 20.790958 135 126 123
3.903913 0.127945 20.699804 127 128 130
4.229397 0.087414 20.710257 162 175 179
3.792280 0.232176 21.747507 166 141 114
3.888713 0.175537 20.702505 135 136 136
4.474524 0.114455 20.914547 156 151 144
3.871709 0.200683 20.705570 137 138 136
3.755710 0.287656 21.427704 148 124 98
3.961199 0.207980 20.648457 133 141 141
3.979239 0.205162 20.641356 133 141 142
4.191345 0.179216 20.663471 160 172 173
4.272015 0.171021 20.696430 172 181 185
4.356893 0.185766 20.744253 170 176 178
3.719305 0.329309 21.276411 138 109 80
3.822729 0.277157 20.730291 137 133 131
4.073899 0.236128 20.614893 138 150 147
4.230556 0.218168 20.650841 166 177 177
3.823893 0.299502 20.725496 135 130 128
3.765890 0.339555 20.855654 118 101 91
4.228164 0.260687 20.614109 162 174 172
4.351210 0.249141 20.678684 172 177 178
4.127940 0.292669 20.563780 140 154 148
3.835145 0.359252 20.629786 114 104 101
4.071393 0.321767 20.552223 119 132 125
4.145288 0.311211 20.543358 145 159 153
4.164108 0.308722 20.543724 151 166 161
4.222770 0.302043 20.559095 170 185 181
4.091212 -2.543126 22.660746 205 181 150
4.133557 -2.546399 22.675619 204 180 149
4.285914 -2.560608 22.757952 203 180 148
3.824950 -2.489859 22.468279 209 183 153
4.305738 -2.535989 22.743153 206 183 154
3.720237 -2.430575 22.104406 218 190 157
4.092113 -2.458125 22.217518 216 192 165
3.665228 -2.392820 21.967432 225 196 163
3.721165 -2.356533 21.482729 229 202 176
3.866769 -2.370414 21.564713 230 203 178
4.295652 -2.398210 21.643791 229 203 178
4.568367 -2.417792 21.717743 227 214 204
4.715076 -2.433271 21.818853 231 224 216
3.625000 -2.339974 21.627640 235 205 173
3.630781 -2.283875 20.917164 240 213 188
3.768743 -2.295080 20.970200 241 214 190
3.954057 -2.304485 20.970304 241 214 190
4.391009 -2.327400 20.979868 239 221 211
4.412541 -2.330218 21.001608 240 224 215
4.449402 -2.332624 21.008371 241 229 223
4.551152 -2.343606 21.081730 244 238 234
4.101833 -2.280143 20.847616 245 218 194
5.113648 -2.489059 22.855377 207 194 182
3.767820 -2.236920 20.799768 249 222 198
3.909638 -2.241616 20.764488 249 222 198
3.927547 -2.242383 20.762299 249 222 198
4.264517 -2.257625 20.731606 248 224 208
4.355017 -2.263261 20.743425 250 232 226
4.474080 -2.275467 20.821323 251 245 246
4.858331 -2.360872 21.671370 241 230 227
4.092954 -2.220515 20.649776 252 224 201
4.286171 -2.207266 20.625889 252 230 219
4.610513 -2.243428 20.877737 254 249 252
4.453336 -2.197945 20.670341 254 248 251
4.606606 -2.219136 20.845922 254 249 252
3.549634 -2.134178 20.779144 251 218 193
4.050459 -2.146863 20.570229 254 226 205
4.246181 -2.158014 20.574806 253 230 216
3.824898 -2.115665 20.616213 254 226 204
3.877030 -2.117455 20.600164 254 226 204
4.140531 -2.129797 20.565748 253 228 210
4.245840 -2.135410 20.561638 253 231 217
3.858944 -2.093572 20.587418 254 227 204
4.599979 -2.148955 20.778952 254 249 254
5.154606 -2.327334 22.897680 211 200 194
3.526297 -2.135292 21.804667 231 194 159
3.945083 -2.073822 20.547171 254 227 206
4.372203 -2.099455 20.562401 254 242 239
5.151104 -2.301263 22.868519 214 204 200
3.510752 -2.100729 21.656509 235 196 163
3.549945 -2.040555 20.721504 253 222 196
4.225822 -2.066094 20.513447 253 232 218
4.333408 -2.073392 20.528721 254 238 233
4.390361 -2.078547 20.556137 254 244 241
4.575624 -2.100311 20.720112 254 249 254
4.597694 -2.103344 20.746241 254 249 254
4.642936 -2.109852 20.804132 254 249 254
4.748338 -2.128969 20.998243 253 247 252
3.653658 -2.019516 20.648417 254 228 202
4.641490 -2.086949 20.786285 254 250 255
3.532540 -1.993458 20.701372 253 220 194
3.670632 -1.996717 20.623446 254 229 202
4.447932 -2.039614 20.566704 254 248 248
3.585078 -1.971720 20.660889 253 224 198
3.876319 -1.980412 20.518570 254 230 207
3.962754 -1.984243 20.496181 254 232 209
4.068235 -1.990076 20.487225 254 235 212
4.264610 -2.002979 20.503002 254 233 223
4.390939 -2.012217 20.528019 254 244 242
3.910619 -1.959157 20.494581 254 231 207
3.962927 -1.961782 20.485088 254 232 209
4.140189 -1.972555 20.483252 254 235 216
4.157844 -1.973648 20.483398 254 235 217
4.193055 -1.975815 20.483479 254 234 218
4.337013 -1.986131 20.507368 254 239 234
3.468421 -1.924830 20.742336 251 212 185
3.517743 -1.924540 20.686878 253 219 193
3.688210 -1.928417 20.575796 254 231 203
3.807382 -1.932192 20.515734 254 230 205
5.100183 -2.128838 22.437033 219 209 207
3.655546 -1.905221 20.591991 254 229 202
4.337554 -1.942060 20.489279 254 239 234
4.450280 -1.952099 20.538971 254 248 247
4.550305 -1.962920 20.615335 254 250 253
3.605304 -1.881266 20.616016 253 226 198
4.528454 -1.937970 20.579718 254 250 253
4.572164 -1.943719 20.630831 254 251 254
4.593716 -1.946466 20.654510 254 251 254
4.798589 -1.985668 21.105402 252 246 249
4.469709 -1.909931 20.530611 254 249 250
3.521001 -1.833352 20.652493 253 218 193
3.573979 -1.835608 20.630857 253 221 196
4.178934 -1.864970 20.448774 254 233 220
4.214026 -1.867266 20.448885 253 232 221
3.659172 -1.815290 20.563059 254 227 201
4.020446 -1.832448 20.439735 254 232 211
4.233226 -1.846951 20.448214 253 232 222
4.396747 -1.859937 20.488663 254 246 243
4.433654 -1.863083 20.501760 254 249 248
4.734453 -1.900542 20.826456 254 250 254
4.909584 -1.947414 21.477703 249 240 243
3.443117 -1.822921 21.397058 237 195 161
3.557939 -1.789480 20.620928 254 220 196
3.660020 -1.792826 20.555410 254 226 200
3.710371 -1.794417 20.521984 254 226 203
3.438298 -1.762909 20.693964 249 205 179
3.559196 -1.767044 20.616030 254 219 196
3.593158 -1.768117 20.592426 254 221 197
3.677758 -1.770973 20.537176 254 225 200
4.164656 -1.798596 20.435465 253 232 219
4.708452 -1.852117 20.760328 254 250 255
4.006074 -1.765719 20.426071 254 230 210
4.183096 -1.777996 20.429771 253 232 219
4.579663 -1.814311 20.612747 253 251 255
4.619376 -1.818476 20.641535 253 251 255
4.731556 -1.833226 20.782045 254 250 255
5.014710 -1.909303 21.906755 236 228 231
5.251394 -1.978033 22.948734 210 199 194
4.310759 -1.766327 20.451466 252 234 229
4.663338 -1.802094 20.683550 254 251 255
3.801662 -1.710304 20.472546 254 225 202
4.061296 -1.725722 20.415958 254 229 211
4.329881 -1.746160 20.451078 252 236 231
4.403269 -1.752407 20.474485 253 243 241
4.600629 -1.772853 20.613539 253 251 255
3.768784 -1.686566 20.482944 253 223 200
4.186490 -1.712988 20.417255 251 228 218
4.478517 -1.737431 20.499271 253 249 250
4.498259 -1.739484 20.513380 253 249 252
3.387894 -1.652974 20.824949 240 196 166
3.872270 -1.669927 20.437117 252 225 202
4.134713 -1.687489 20.411423 251 227 213
3.548859 -1.631621 20.591764 251 212 191
4.260893 -1.675513 20.422684 252 229 222
4.407164 -1.687972 20.465918 252 242 239
4.013941 -1.635306 20.406061 252 222 203
4.521509 -1.677065 20.517061 253 249 254
4.522799 -1.655630 20.514278 252 249 254
3.390441 -1.573964 21.109289 234 193 160
3.437985 -1.561193 20.705317 246 200 178
3.571092 -1.565915 20.576891 249 210 190
4.357316 -1.619184 20.446970 249 232 229
3.392238 -1.538204 20.780382 239 195 167
3.640552 -1.547101 20.530487 248 213 191
4.159917 -1.581155 20.402710 249 222 209
4.177650 -1.582537 20.403963 249 222 210
4.321975 -1.594514 20.432726 249 227 224
4.506355 -1.610953 20.498568 252 248 249
4.525731 -1.612884 20.510689 252 249 251
4.628137 -1.624131 20.601358 252 251 254
4.649523 -1.626633 20.624216 253 251 255
5.360922 -1.781800 23.223745 196 184 175
3.460845 -1.518043 20.707600 245 201 181
3.575094 -1.521848 20.578842 247 210 189
3.968779 -1.545417 20.411518 247 217 198
4.020686 -1.549022 20.402601 248 217 199
4.470102 -1.586027 20.478361 250 245 243
4.872518 -1.638803 21.065094 251 244 251
3.462427 -1.495595 20.704994 244 200 181
3.746382 -1.509010 20.476242 244 215 190
3.987954 -1.525073 20.408697 247 216 198
4.380974 -1.556829 20.452478 248 232 229
4.399436 -1.558489 20.459129 248 234 231
4.570400 -1.574854 20.547880 252 251 252
4.696473 -1.589099 20.672829 254 252 255
4.717582 -1.591488 20.693869 254 252 255
4.738710 -1.593880 20.714920 254 251 255
5.204214 -1.694742 22.495224 219 207 207
3.363046 -1.474833 20.971354 231 190 157
3.646379 -1.481274 20.532249 245 210 189
3.662481 -1.481933 20.515602 244 211 189
3.747992 -1.487108 20.474512 243 214 189
4.059371 -1.508620 20.400463 246 215 199
4.182882 -1.518275 20.402838 246 218 206
4.419827 -1.538890 20.466631 249 236 234
3.379851 -1.463428 21.269699 228 189 154
3.464371 -1.450283 20.689795 242 197 180
3.496286 -1.451261 20.645184 244 201 183
4.255484 -1.502605 20.408384 247 221 213
4.613899 -1.536446 20.578390 252 252 254
4.633893 -1.538534 20.593767 252 252 254
4.851555 -1.566933 20.927334 252 248 254
3.598806 -1.434242 20.561514 241 204 186
3.923365 -1.455134 20.416574 244 212 194
4.257238 -1.481240 20.408113 246 220 212
4.330517 -1.487754 20.430155 246 224 220
4.441705 -1.497929 20.472452 248 237 237
3.371175 -1.412754 21.159460 227 187 154
3.420456 -1.404149 20.762123 234 193 172
3.942867 -1.434893 20.415430 243 211 194
4.258992 -1.459877 20.407843 245 219 212
4.350482 -1.468033 20.434961 245 225 222
4.424427 -1.474792 20.462183 247 234 234
3.754334 -1.399518 20.466904 239 207 189
3.874038 -1.407778 20.421240 241 210 193
3.944647 -1.413281 20.415113 242 210 194
4.066432 -1.422609 20.399197 242 210 197
3.807078 -1.381157 20.443024 239 206 191
3.363640 -1.339516 21.042578 222 184 152
3.469663 -1.337472 20.655560 233 194 178
3.948677 -1.370187 20.417641 240 206 192
4.001190 -1.374338 20.411892 239 206 192
4.579688 -1.425110 20.530136 251 249 254
3.381266 -1.312808 20.847101 225 186 161
3.573779 -1.321705 20.581034 234 198 184
3.794244 -1.336601 20.453859 237 203 190
4.320014 -1.379205 20.417664 238 219 218
4.722762 -1.418607 20.645203 251 253 255
5.282271 -1.519954 22.719461 222 213 222
3.660987 -1.305462 20.529949 234 200 186
4.357726 -1.361073 20.424866 237 222 222
3.832438 -1.295726 20.442860 235 201 191
4.359115 -1.339684 20.422504 235 221 221
4.743934 -1.377563 20.647793 251 252 255
3.375628 -1.245630 20.912897 221 182 159
3.614247 -1.258046 20.565086 231 198 185
3.698955 -1.264067 20.512606 232 199 185
3.801154 -1.271657 20.463629 233 200 189
4.078012 -1.293870 20.403643 232 202 191
4.433927 -1.325115 20.444826 237 229 232
4.784863 -1.360206 20.673908 252 252 255
3.378451 -1.223216 20.920584 220 182 159
3.549660 -1.231550 20.623484 228 195 181
3.601690 -1.212886 20.581484 228 196 184
3.635278 -1.215295 20.556597 228 197 185
3.872908 -1.233458 20.435926 231 199 191
3.941949 -1.239094 20.418615 231 199 188
4.186015 -1.259808 20.396624 227 204 196
4.361447 -1.275180 20.404724 232 219 221
3.428246 -1.180108 20.825663 222 186 171
3.619221 -1.191782 20.560188 226 195 184
3.687405 -1.197003 20.521032 226 195 184
4.066236 -1.227966 20.406487 227 200 190
4.456330 -1.262788 20.443666 234 230 235
4.744086 -1.291122 20.610905 250 250 255
4.828167 -1.300046 20.693802 253 251 255
3.391546 -1.172231 21.845854 209 174 140
3.689111 -1.175039 20.519882 224 194 183
3.860884 -1.188987 20.451593 229 197 190
4.136841 -1.212345 20.395660 225 200 191
4.362425 -1.232139 20.389540 229 218 222
4.570744 -1.252414 20.496771 244 243 249
4.744444 -1.269624 20.603397 250 250 255
5.324485 -1.357411 22.674068 207 196 203
3.608783 -1.146994 20.592766 222 193 182
3.710359 -1.154973 20.528135 223 195 181
4.401345 -1.214437 20.404558 230 222 227
3.423901 -1.112813 20.900417 215 184 166
3.486222 -1.116715 20.788780 218 188 174
3.679674 -1.130583 20.558117 220 193 181
3.854393 -1.145477 20.506056 226 195 186
4.227444 -1.177234 20.392004 221 202 199
4.262099 -1.180325 20.390680 222 206 204
3.684133 -1.109103 20.577438 218 192 178
4.246284 -1.157382 20.389538 221 203 200
3.463588 -1.087713 22.233475 202 173 134
3.461416 -1.085002 22.034513 201 174 136
3.706041 -1.089086 20.590006 215 192 174
3.957736 -1.110307 20.450861 221 193 182
4.503681 -1.160344 20.466198 236 233 238
4.655087 -1.175153 20.544268 249 248 254
4.776084 -1.187442 20.642637 252 252 255
5.025720 -1.217502 21.218037 235 226 231
3.479860 -1.052570 21.160200 197 171 143
3.528043 -1.054369 20.928272 200 176 151
3.577162 -1.058207 20.868135 205 181 155
3.647185 -1.062599 20.687428 210 187 164
3.847340 -1.079399 20.544334 217 191 175
4.197943 -1.109948 20.392317 216 197 190
4.217899 -1.090291 20.396391 212 194 186
4.341323 -1.101843 20.405802 220 206 205
4.397038 -1.107238 20.427809 224 213 214
4.550986 -1.122444 20.518280 239 236 237
4.744563 -1.141622 20.637787 250 250 251
4.963649 -1.165348 20.972895 249 244 246
4.961110 -1.123486 21.207087 235 234 226
3.931253 -1.003521 21.208595 196 178 150
4.010180 -1.007305 20.619444 235 215 198
4.276523 -1.031932 20.506824 194 180 166
4.497230 -1.053977 20.672625 203 194 179
4.871118 -1.093373 21.277910 210 209 200
4.027687 -0.994725 22.147617 199 182 149
4.053867 -0.989700 20.658064 252 236 218
4.494729 -1.032434 20.747721 186 175 155
4.516713 -1.034671 20.773075 186 176 155
4.013315 -0.964529 20.857080 245 230 209
4.201564 -0.982461 20.786798 209 195 178
4.240402 -0.986286 20.805365 194 180 161
4.352771 -0.998089 21.053034 185 172 154
4.059398 -0.926891 22.762209 218 200 158
4.132092 -0.931658 20.895235 253 245 228
4.314878 -0.949908 21.130798 200 190 171
3.974640 -0.893824 21.055408 246 236 212
4.001366 -0.896468 20.985703 250 240 220
4.153094 -0.911485 20.901617 253 246 230
4.172659 -0.913422 20.910795 251 244 229
3.986314 -0.872486 20.995871 252 243 222
4.196171 -0.893497 20.933195 253 247 233
3.997673 -0.846809 22.712103 222 198 154
3.972431 -0.848549 21.014303 248 238 217
4.385469 -0.889333 21.304756 238 233 217
3.956595 -0.819752 22.247007 228 206 166
4.523829 -0.878921 21.792398 239 232 218
3.890536 -0.794877 21.064186 234 215 188
4.378306 -0.844329 21.128433 252 248 236
4.298343 -0.814801 20.960438 249 243 234
4.318678 -0.816802 20.974596 251 245 236
4.006816 -0.762493 20.946154 233 218 203
4.007263 -0.740199 20.936483 233 219 205
4.023699 -0.742028 20.923645 233 218 205
4.458443 -0.784522 21.248735 246 239 231
3.855246 -0.700915 21.024403 226 204 178
3.870674 -0.702768 21.001574 228 207 183
3.920967 -0.708436 20.963776 233 216 198
3.938340 -0.710341 20.956041 234 218 201
4.164895 -0.734907 20.881821 235 226 216
4.615568 -0.772638 21.836653 230 221 207
4.110148 -0.707045 20.867575 241 233 222
4.182207 -0.692657 20.853338 228 220 210
3.876753 -0.615140 20.860157 196 174 154
4.138689 -0.622725 20.770567 203 193 183
4.231857 -0.632534 20.791498 218 210 203
3.922789 -0.576910 20.770960 218 204 189
3.741523 -0.497128 22.747805 226 191 147
4.113945 -0.577026 20.703615 220 211 200
4.243798 -0.590839 20.731937 232 225 217
3.828567 -0.522752 20.726568 244 226 209
3.846053 -0.524821 20.720484 244 228 211
3.951231 -0.537127 20.690716 240 231 217
4.146919 -0.559253 20.673359 236 232 220
4.201857 -0.565197 20.681738 239 233 225
4.294617 -0.575048 20.705027 244 239 232
3.709547 -0.453518 22.290361 206 176 138
3.674845 -0.481506 20.806540 213 196 177
4.035436 -0.525552 20.636946 247 241 227
4.107708 -0.533586 20.639912 247 242 228
4.456068 -0.568935 20.811367 246 240 235
3.640756 -0.437896 21.564367 194 167 135
3.689379 -0.461643 20.761547 203 189 174
3.824147 -0.478961 20.668596 224 208 193
3.997438 -0.499807 20.611628 238 231 217
4.473482 -0.549240 20.799423 249 244 237
3.614842 -0.416773 21.342266 185 159 130
4.084721 -0.488363 20.583511 234 226 214
4.536597 -0.533349 20.847557 251 244 237
4.598881 -0.536769 20.999731 245 235 225
4.734569 -0.541204 21.456888 219 208 191
4.806814 -0.542248 21.755148 209 198 179
3.994073 -0.456540 20.564745 217 209 196
4.319396 -0.492914 20.597486 242 241 234
3.657561 -0.390655 20.759308 173 164 156
3.907975 -0.424250 20.579739 193 184 173
3.925517 -0.426367 20.576038 194 185 175
4.357096 -0.475369 20.601793 236 236 234
4.396599 -0.479229 20.627684 239 239 238
4.597921 -0.495838 20.875143 238 232 226
3.663260 -0.329862 22.160526 201 167 132
3.907404 -0.402578 20.563150 180 173 165
3.942064 -0.406868 20.553320 183 176 167
4.010369 -0.415446 20.529505 191 186 176
4.315350 -0.450177 20.551617 225 227 224
3.665145 -0.305862 22.159231 202 167 133
3.788969 -0.365290 20.612068 174 168 164
4.296709 -0.426786 20.534275 215 217 217
4.334514 -0.430726 20.550478 218 222 223
3.667031 -0.281865 22.157934 203 167 135
3.872564 -0.354879 20.546928 170 168 163
4.242820 -0.399286 20.516411 197 199 200
4.260523 -0.401345 20.517056 200 203 205
3.619640 -0.293654 20.840248 163 145 138
3.646834 -0.299348 20.761801 160 149 147
3.941081 -0.342108 20.509333 164 163 161
3.994076 -0.348548 20.503782 166 166 165
3.776845 -0.297096 20.616199 162 163 163
4.102320 -0.339642 20.499882 165 168 170
4.279012 -0.360636 20.500723 186 193 201
4.316038 -0.364653 20.512506 190 199 206
3.961439 -0.300918 20.500710 156 158 161
4.718924 -0.371394 21.093229 181 185 175
3.614867 -0.222911 20.904724 166 142 128
3.843488 -0.263187 20.545309 156 159 162
3.928257 -0.274763 20.506889 154 158 161
4.281333 -0.317809 20.492893 173 183 194
3.670970 -0.212809 20.746254 150 140 137
4.246825 -0.292210 20.485561 163 173 183
3.734637 -0.201553 20.655323 149 147 147
4.194634 -0.264418 20.478172 152 162 170
4.212800 -0.266507 20.481541 154 164 173
3.639381 -0.157778 20.904350 168 144 127
4.604720 -0.279978 20.811636 168 183 180
3.698423 -0.106113 21.800274 206 174 143
3.819355 -0.170479 20.579109 140 143 149
4.093657 -0.208067 20.488049 140 149 154
3.989373 -0.173022 20.493954 136 141 149
4.131027 -0.190871 20.488396 139 148 154
4.532939 -0.232730 20.683054 167 180 176
4.762359 -0.228613 21.465311 175 181 162
3.807791 -0.123819 20.600040 132 134 138
3.855962 -0.131795 20.554749 134 136 141
3.991204 -0.151334 20.493921 133 137 145
4.333195 -0.192645 20.528435 155 169 177
4.736962 -0.205069 21.414444 175 182 163
3.688711 -0.078029 20.794378 171 152 130
3.891225 -0.114996 20.535284 132 134 140
3.959268 -0.124777 20.507868 130 134 142
4.134908 -0.147687 20.489883 133 142 148
4.207386 -0.156329 20.500807 138 150 157
4.299545 -0.166812 20.526115 148 161 169
3.797172 -0.076806 20.628090 130 127 129
4.012729 -0.110232 20.493679 126 129 138
4.192114 -0.132473 20.504290 134 145 151
4.283886 -0.143079 20.526676 143 155 163
4.460908 -0.160352 20.639795 156 166 163
3.947393 -0.078574 20.524141 124 126 135
4.068369 -0.095334 20.495455 123 126 134
4.140389 -0.104233 20.501446 125 134 140
4.286684 -0.121419 20.532598 140 152 159
3.743747 -0.019740 20.747274 151 138 124
4.234652 -0.093299 20.526417 137 148 154
4.271376 -0.097575 20.535425 141 153 158
3.776771 0.037698 21.542980 189 167 136
3.732836 0.019950 21.068413 180 160 133
3.747484 0.002887 20.760874 153 138 125
4.389384 -0.087866 20.599625 151 159 158
3.871423 0.000353 20.584883 141 139 142
3.887614 -0.002432 20.571356 139 139 143
3.955212 -0.012813 20.539545 134 135 142
4.039433 -0.025565 20.503506 130 134 141
4.258627 -0.052014 20.542900 148 160 165
3.875891 0.044323 20.590122 144 142 145
3.910573 0.060601 20.566475 141 142 147
4.173055 0.023760 20.526508 157 169 174
4.361166 0.002772 20.597383 180 187 188
3.773349 0.110908 20.745876 145 134 125
4.120275 0.052132 20.517954 150 160 164
3.749011 0.148952 20.963049 166 148 132
3.754118 0.142557 20.862722 157 142 128
3.775754 0.133228 20.749666 143 133 125
3.851640 0.116619 20.636047 133 131 130
3.949729 0.099288 20.561853 131 137 140
4.104271 0.076123 20.517668 148 157 160
3.754066 0.164320 20.848389 153 138 126
3.838474 0.141942 20.658838 135 134 131
4.272031 0.077809 20.558004 173 187 190
3.823808 0.166941 20.671410 138 136 133
3.752311 0.268533 21.816702 154 124 92
3.869503 0.178360 20.594576 136 139 140
3.720720 0.293695 21.393257 149 121 93
3.793920 0.238490 20.679968 140 135 132
3.885099 0.217805 20.551186 136 143 143
4.004569 0.198549 20.506432 139 150 148
4.182939 0.174165 20.508585 164 179 180
3.806787 0.255656 20.627422 139 138 137
3.987434 0.222424 20.499483 135 147 144
3.805217 0.276525 20.602936 140 138 138
3.987051 0.243469 20.484755 130 144 139
4.054872 0.232485 20.461113 139 151 147
4.072776 0.230044 20.461845 141 154 150
4.127403 0.223027 20.470615 150 166 162
4.378198 0.196775 20.601450 166 170 168
4.403273 0.196184 20.645430 161 163 160
3.760014 0.308913 20.660080 132 120 117
4.108141 0.246109 20.449316 145 160 155
3.718141 0.343000 20.745760 116 93 81
3.772545 0.325684 20.604322 125 114 112
3.787046 0.321781 20.577044 128 120 119
4.018656 0.279410 20.433443 120 135 128
4.143331 0.262100 20.436588 155 171 167
4.235034 0.250735 20.458878 172 185 183
3.882353 0.322982 20.468628 122 129 125
3.984330 0.305899 20.430283 104 119 111
4.050931 0.294395 20.400248 124 139 131
4.251162 0.268810 20.439209 181 194 191
4.173593 0.297536 20.383001 154 173 167
3.892552 0.359883 20.390133 95 98 93
4.186545 -2.568460 22.754820 202 179 146
4.504752 -2.595074 22.883921 195 177 147
4.329263 -2.521582 22.680874 211 190 153
3.680088 -2.322421 21.270515 236 209 179
3.789920 -2.329786 21.291862 236 210 186
3.948851 -2.294224 21.034214 245 217 194
4.325387 -2.322937 21.146328 236 219 201
4.690664 -2.412411 21.994421 242 238 232
3.948566 -2.261358 20.899918 248 219 198
3.965731 -2.262268 20.900064 248 219 198
4.174623 -2.275750 20.931305 240 220 196
4.349357 -2.288293 20.972849 241 225 210
3.479552 -2.215104 20.903633 233 201 168
3.748043 -2.221657 20.808472 253 224 202
4.360465 -2.247760 20.729315 246 232 221
4.447612 -2.254827 20.759489 251 245 240
3.810202 -2.198224 20.744860 252 222 202
3.908536 -2.201157 20.715153 252 222 202
4.069628 -2.205715 20.663391 247 225 195
4.318509 -2.219157 20.663738 247 230 217
3.837807 -2.173362 20.683880 253 223 203
3.886093 -2.174460 20.664200 253 223 203
3.935739 -2.176524 20.655876 253 223 203
4.187163 -2.160290 20.541706 247 226 212
4.271637 -2.166102 20.556210 249 230 218
4.339733 -2.171150 20.572609 250 234 223
4.053246 -2.130051 20.519905 251 228 201
3.555289 -2.095765 20.724543 251 218 193
3.571222 -2.095770 20.712421 252 220 195
3.781563 -2.099913 20.607029 254 226 206
4.049676 -2.106079 20.484501 252 228 203
4.282639 -2.120667 20.501465 250 232 221
4.370543 -2.128614 20.540510 250 238 232
3.764863 -2.076679 20.595951 254 227 206
4.111720 -2.085788 20.446352 252 230 211
4.281009 -2.098119 20.480497 251 232 221
3.983623 -2.058453 20.462734 254 230 207
4.110069 -2.063092 20.424061 253 231 212
4.227040 -2.071015 20.438475 251 232 219
4.401907 -2.086684 20.512896 252 244 239
3.496480 -2.030081 20.769117 251 217 187
3.505134 -2.064737 21.570530 234 197 160
3.482851 -2.008537 20.785841 250 216 185
3.778084 -2.008313 20.527309 254 229 206
3.809091 -2.008736 20.506550 254 230 206
3.824558 -2.008957 20.496336 254 230 206
3.511578 -1.983683 20.717537 253 218 190
4.122349 -1.996741 20.362764 253 232 215
4.273587 -2.007977 20.391436 252 233 223
4.414715 -2.021450 20.461691 253 246 241
3.460407 -1.968322 20.860367 246 209 176
3.527770 -1.961102 20.691330 254 219 192
3.632434 -1.958758 20.560247 254 228 204
3.885654 -1.965501 20.427113 254 232 207
3.901312 -1.965978 20.419767 254 232 208
3.964125 -1.968133 20.393902 254 232 210
4.057240 -1.971242 20.354286 254 233 210
4.089236 -1.972863 20.348854 254 233 212
4.105593 -1.973866 20.348663 254 233 214
4.187363 -1.979005 20.349585 253 232 219
3.855034 -1.942892 20.434296 254 230 206
4.395291 -1.976014 20.421196 253 244 239
4.490438 -1.987628 20.506161 254 249 249
3.714428 -1.917285 20.504269 254 231 206
3.901573 -1.922174 20.396006 254 232 208
4.105528 -1.930548 20.324873 254 233 214
4.431218 -1.958307 20.432566 254 247 244
4.489839 -1.965935 20.492418 254 249 248
3.682479 -1.893964 20.506449 254 230 205
4.057777 -1.906427 20.322020 254 234 211
4.412602 -1.934771 20.407282 253 246 242
3.513829 -1.955968 22.016132 231 193 153
3.486603 -1.873151 20.720949 251 214 184
3.636595 -1.871243 20.533722 254 228 202
3.747312 -1.874386 20.468281 254 231 206
4.324412 -1.904774 20.350965 252 236 228
4.450597 -1.918020 20.430826 254 248 246
4.488876 -1.922743 20.466312 254 249 249
3.432837 -1.864566 20.995256 237 198 162
4.221776 -1.874467 20.305342 253 234 221
4.342747 -1.885426 20.353439 252 238 230
4.488707 -1.901321 20.455048 254 249 250
4.028518 -1.841016 20.309401 254 233 210
4.308216 -1.860926 20.328785 251 236 226
3.460882 -1.852261 21.509111 233 194 155
4.188522 -1.829090 20.277632 252 232 219
4.325811 -1.841305 20.326912 251 236 228
4.343641 -1.843125 20.337269 251 238 230
3.888666 -1.791658 20.345201 254 229 206
4.092839 -1.801800 20.277985 254 232 212
4.309111 -1.818637 20.312466 251 235 226
3.428147 -1.786531 21.194454 234 195 158
3.628061 -1.762735 20.526857 253 223 200
4.241423 -1.791534 20.282125 251 232 220
4.275529 -1.794536 20.293320 250 233 222
3.552744 -1.739848 20.597811 253 218 194
4.143615 -1.763112 20.266935 253 231 215
3.508547 -1.717683 20.646679 252 214 189
3.690682 -1.720257 20.454475 252 224 201
3.721833 -1.721338 20.433472 252 225 203
3.988986 -1.712255 20.301256 253 227 207
4.004679 -1.713114 20.296133 254 228 208
4.178282 -1.723590 20.257999 251 230 216
4.244713 -1.728946 20.268930 251 230 219
4.384078 -1.742351 20.332954 250 239 236
4.492051 -1.753766 20.402069 253 249 252
3.539714 -1.673325 20.586449 253 216 194
3.586076 -1.674436 20.542578 252 218 196
3.707892 -1.677393 20.428001 251 223 201
3.880238 -1.685277 20.337685 251 225 203
3.958457 -1.689306 20.305449 252 226 206
3.441075 -1.653454 20.766296 244 204 176
3.771055 -1.658371 20.381567 250 224 202
3.927975 -1.666346 20.310595 250 224 204
4.006530 -1.670789 20.284044 251 225 205
3.449450 -1.672489 21.588598 231 193 158
3.647875 -1.631853 20.460424 249 219 197
3.725007 -1.634697 20.401461 249 223 200
4.439461 -1.685049 20.344358 249 243 245
3.455868 -1.607944 20.710199 245 204 180
3.741839 -1.613987 20.387127 248 222 200
3.899695 -1.622585 20.318697 248 222 201
4.183588 -1.640442 20.245642 249 225 212
3.498281 -1.584658 20.611176 250 208 189
3.619780 -1.587696 20.478249 248 214 194
3.743008 -1.592573 20.381945 247 221 199
3.854427 -1.599009 20.338287 248 221 200
4.169301 -1.618653 20.246105 248 224 210
4.391377 -1.639110 20.322617 246 236 236
3.529842 -1.563456 20.569555 249 210 190
3.575963 -1.564918 20.523691 247 213 192
3.666708 -1.567676 20.430880 246 216 195
3.871438 -1.578723 20.327635 247 219 198
4.427540 -1.621864 20.336344 246 239 239
3.841198 -1.555680 20.336500 246 218 197
3.460244 -1.519502 20.682074 244 200 181
3.474434 -1.519429 20.654446 245 202 183
3.578834 -1.521684 20.516214 245 210 191
3.684842 -1.525481 20.410927 244 215 194
3.826758 -1.533550 20.339436 245 216 195
3.858409 -1.535502 20.327055 245 216 195
4.077724 -1.549373 20.249168 245 220 200
4.093564 -1.550488 20.246174 244 220 200
4.431831 -1.581083 20.340134 245 236 236
3.445388 -1.541899 21.770226 227 190 153
3.686531 -1.504207 20.409410 244 214 193
3.702249 -1.505063 20.400061 244 214 193
3.780531 -1.509403 20.355255 246 216 195
3.875793 -1.515450 20.319094 245 215 194
4.032392 -1.525463 20.261389 244 217 196
4.469920 -1.564498 20.364973 246 239 241
3.520992 -1.476351 20.576097 245 206 187
4.472402 -1.544205 20.368755 246 238 240
3.553341 -1.455950 20.542147 243 207 188
3.941910 -1.477578 20.291906 242 213 192
4.020058 -1.482804 20.263861 242 213 192
3.769542 -1.444953 20.356695 243 211 191
3.848205 -1.449999 20.320253 243 212 191
3.864124 -1.451100 20.314960 243 212 191
4.099997 -1.467554 20.240408 240 216 195
3.913354 -1.433444 20.297714 242 211 190
4.022922 -1.441050 20.258486 239 210 190
4.069603 -1.444331 20.242870 239 214 194
4.085623 -1.445585 20.240969 239 215 194
3.442965 -1.427502 21.822790 223 187 152
3.850701 -1.407684 20.311661 240 209 190
4.443837 -1.458418 20.346527 241 232 235
3.649230 -1.373594 20.427507 237 204 188
3.773470 -1.381207 20.344486 239 208 189
3.900255 -1.390229 20.296215 238 208 190
3.963171 -1.394768 20.274040 239 208 190
3.993983 -1.396879 20.259943 238 208 190
3.544323 -1.346722 20.531868 235 199 185
3.605409 -1.349880 20.470383 236 201 186
3.681328 -1.353958 20.398607 237 204 188
3.853381 -1.365470 20.304371 237 207 190
3.949301 -1.372800 20.279301 238 207 189
4.171020 -1.390113 20.232521 234 210 197
4.236197 -1.395774 20.236012 234 213 204
4.322856 -1.404390 20.273478 236 218 215
3.401781 -1.335753 21.248642 222 186 158
3.606917 -1.328412 20.467310 235 200 187
3.682895 -1.332666 20.396185 237 203 188
4.124028 -1.365302 20.231544 232 209 193
3.608424 -1.306951 20.464231 234 200 187
3.777620 -1.317621 20.333908 238 203 191
4.274525 -1.358169 20.250994 232 212 207
4.466545 -1.377672 20.343721 240 233 234
3.438598 -1.311724 21.858719 216 181 150
3.416742 -1.276477 20.728678 226 190 172
3.564326 -1.282885 20.507906 232 198 186
4.208449 -1.331086 20.230162 229 208 199
3.734937 -1.272293 20.363443 234 199 189
3.796975 -1.276702 20.325460 234 200 191
4.064784 -1.297788 20.234182 231 203 191
4.312107 -1.320426 20.261801 230 213 210
4.346510 -1.323855 20.275570 232 217 214
4.452443 -1.334857 20.333569 235 228 229
3.419002 -1.232346 20.714821 224 189 173
3.536516 -1.237860 20.531153 229 197 185
4.400954 -1.308781 20.302521 232 222 221
4.418806 -1.310666 20.313339 233 223 224
3.709372 -1.228300 20.396397 231 197 187
3.802484 -1.235171 20.337856 232 198 190
3.881171 -1.241378 20.303911 230 198 190
3.959406 -1.247609 20.272511 230 198 187
3.974844 -1.248818 20.265497 230 198 187
4.229873 -1.270835 20.229086 224 205 199
4.529145 -1.301837 20.386396 240 236 241
3.523002 -1.193346 20.531036 225 195 183
3.727727 -1.208544 20.392813 230 197 187
3.821119 -1.215674 20.337763 231 198 190
3.961749 -1.226924 20.275763 230 198 187
4.039850 -1.233353 20.248692 226 200 189
4.070753 -1.235875 20.237074 227 200 190
4.283653 -1.255561 20.251156 224 207 205
4.438911 -1.271268 20.316339 232 224 227
3.409351 -1.165994 20.733162 220 187 171
3.465745 -1.168431 20.616209 221 191 179
3.650710 -1.181231 20.438396 228 195 187
3.776412 -1.191035 20.364826 228 195 187
3.901921 -1.201177 20.306541 229 197 189
4.041304 -1.212543 20.246181 225 199 189
4.167811 -1.223584 20.222389 221 202 192
4.302250 -1.236678 20.255404 223 209 207
4.495358 -1.256708 20.355099 235 231 236
3.594304 -1.156321 20.517284 224 193 184
3.809822 -1.172548 20.349888 227 194 186
3.626910 -1.137181 20.488680 223 193 184
3.921459 -1.160744 20.301163 227 196 187
4.155006 -1.180855 20.220760 219 200 191
4.425855 -1.207822 20.301792 229 224 228
4.535055 -1.219625 20.378973 239 238 244
3.519844 -1.107432 20.582895 217 192 177
3.816966 -1.131283 20.373699 224 193 183
4.032491 -1.149321 20.259405 223 196 186
4.428406 -1.187507 20.306017 228 223 227
3.418257 -1.093310 21.517859 198 172 140
3.494190 -1.084353 20.641882 214 189 171
3.537030 -1.087018 20.565865 215 193 176
3.553020 -1.088337 20.555027 216 193 177
4.274437 -1.150984 20.237778 217 204 202
3.486870 -1.062984 20.709137 208 185 162
3.542142 -1.066243 20.591022 210 188 167
3.654904 -1.075942 20.527088 215 190 174
4.039505 -1.108537 20.280880 219 193 183
4.087102 -1.112923 20.270866 217 196 185
3.476901 -1.066028 22.329346 203 179 138
3.458316 -1.046112 21.196812 200 177 145
3.460328 -1.041750 20.912046 201 179 149
4.026558 -1.086520 20.291515 216 190 178
4.121263 -1.095304 20.268757 214 195 184
4.343646 -1.116427 20.246254 221 211 210
4.540823 -1.137468 20.370796 239 238 240
3.476869 -1.025180 21.183426 199 178 142
3.561573 -1.026496 20.713875 196 176 145
4.217834 -1.083613 20.252258 211 197 188
4.280357 -1.089531 20.240526 214 202 198
4.524889 -1.115126 20.360451 237 235 234
3.581574 -1.018320 21.579489 202 181 141
3.718405 -1.021612 20.830042 201 180 152
3.758473 -1.022648 20.615866 201 180 154
3.773464 -1.003718 20.710880 199 179 150
3.886980 -1.012955 20.547775 201 180 157
3.805241 -0.990449 21.184189 199 181 144
3.898306 -0.994719 20.730875 199 180 154
4.298274 -1.034415 20.707537 188 174 158
4.588896 -1.064213 20.776615 208 200 187
3.948032 -0.977886 20.708054 220 202 179
4.205499 -1.006211 20.950714 208 190 171
4.707291 -1.062383 21.521832 193 183 165
4.736038 -1.065005 21.494099 195 186 169
4.041646 -0.955385 22.195917 214 200 167
4.050288 -0.934908 22.509199 227 213 176
4.024889 -0.905660 21.918489 243 231 201
4.028026 -0.901277 20.966389 253 242 225
4.076099 -0.906168 20.944258 253 242 226
4.249627 -0.925390 21.181311 244 234 217
4.015269 -0.884336 22.635508 228 208 165
3.949100 -0.849979 21.232189 250 240 214
4.339299 -0.891352 21.289627 247 242 226
3.935875 -0.826233 21.125937 246 233 209
4.542727 -0.891941 21.988455 235 227 214
4.397006 -0.853636 21.305395 249 242 233
3.870079 -0.774633 21.383389 238 215 183
3.904372 -0.754365 22.018293 238 218 180
3.882057 -0.752661 21.718927 240 220 184
4.252308 -0.773433 20.901344 241 231 226
3.831075 -0.703258 21.315369 235 216 182
3.877207 -0.709840 21.012594 240 222 200
4.615758 -0.787465 21.844564 214 202 188
4.130596 -0.717037 20.854530 237 226 216
4.199499 -0.724662 20.863098 239 230 222
4.267776 -0.732231 20.869587 246 239 236
3.936323 -0.673187 20.913708 219 201 186
4.215474 -0.705024 20.845758 243 237 230
4.458502 -0.730449 21.098490 245 236 229
3.801999 -0.630368 21.588634 228 202 165
3.934295 -0.651352 20.886337 206 187 173
4.012886 -0.660656 20.837799 214 200 189
4.210615 -0.661947 20.791510 216 207 201
4.350194 -0.677482 20.828606 225 219 217
3.992931 -0.615491 20.792557 193 178 167
3.720279 -0.546921 22.048782 235 202 163
3.831453 -0.574462 20.851051 226 209 187
4.153858 -0.613243 20.726809 207 198 189
4.275760 -0.626950 20.757786 225 217 213
4.311304 -0.630886 20.771734 226 219 214
4.610594 -0.655966 21.546535 201 187 173
3.674309 -0.523281 21.668440 230 200 163
3.664829 -0.527047 21.307638 238 210 177
3.674300 -0.530906 21.103420 243 219 188
4.052226 -0.580199 20.710161 208 196 185
4.150891 -0.591875 20.695913 210 200 191
4.662132 -0.637369 21.733492 203 188 171
3.986391 -0.550981 20.709955 228 217 205
4.377094 -0.596236 20.746565 232 226 220
3.672226 -0.488958 20.921696 219 199 177
3.777219 -0.503407 20.792845 237 222 203
4.440093 -0.581294 20.815092 240 234 227
3.806013 -0.485949 20.737127 233 216 200
4.193955 -0.534133 20.616550 248 244 234
4.337931 -0.550026 20.687485 249 246 239
3.682950 -0.447576 20.840078 199 183 168
4.043411 -0.495094 20.602520 237 229 217
4.281494 -0.523003 20.634359 247 245 237
4.690772 -0.554924 21.560598 230 220 203
3.749039 -0.434386 20.798141 194 182 170
3.764307 -0.436528 20.782799 196 183 171
3.837857 -0.447183 20.691618 208 193 181
4.192208 -0.492035 20.582270 240 233 226
4.227510 -0.496022 20.595884 242 237 229
4.316783 -0.505971 20.637058 245 244 236
4.409418 -0.515917 20.699003 248 245 241
4.701414 -0.535084 21.514263 230 220 204
3.684757 -0.367807 22.565292 214 179 138
3.734378 -0.410611 20.803976 185 175 165
3.837663 -0.425802 20.676670 197 185 174
3.946857 -0.440494 20.607582 208 198 185
3.704278 -0.384572 20.825043 175 168 161
4.279502 -0.460080 20.588266 227 227 221
3.853595 -0.385275 20.641436 178 172 163
3.885090 -0.368343 20.610106 173 170 162
4.043472 -0.389645 20.541243 181 179 175
4.173145 -0.406225 20.519896 194 195 193
3.663536 -0.312477 20.870184 162 154 153
3.808903 -0.335982 20.661493 170 167 164
4.139547 -0.381233 20.504971 181 182 182
4.156032 -0.383298 20.504562 182 185 185
4.312269 -0.401494 20.554087 201 208 212
3.607930 -0.280719 20.971397 168 144 130
3.635027 -0.285868 20.906708 163 147 140
3.721148 -0.300560 20.762993 163 161 162
3.856586 -0.321359 20.622244 166 166 163
4.107048 -0.356163 20.497259 170 172 174
4.847555 -0.414115 21.789940 183 176 162
3.887739 -0.304653 20.588936 162 163 162
4.029332 -0.324450 20.521214 162 165 168
4.242921 -0.351765 20.509165 179 187 191
3.597848 -0.229954 21.142439 181 152 128
3.673755 -0.246656 20.903404 158 149 147
3.770646 -0.264490 20.716417 159 162 163
3.784983 -0.266935 20.695322 159 162 163
4.157918 -0.320657 20.481297 162 169 173
4.174992 -0.322722 20.484859 164 172 177
4.313587 -0.339048 20.528654 180 195 202
4.331310 -0.341060 20.536818 183 199 206
4.349517 -0.343048 20.547895 186 204 210
3.686255 -0.188523 22.128244 206 171 138
3.801265 -0.247913 20.674849 155 158 161
3.846269 -0.255066 20.629444 154 158 161
4.176267 -0.301845 20.481207 159 169 174
4.387562 -0.326186 20.568800 185 206 211
4.446650 -0.331926 20.628031 187 210 217
3.906838 -0.243338 20.564463 149 154 159
4.408483 -0.307280 20.584969 177 200 206
4.601617 -0.323709 20.848997 174 184 186
3.805561 -0.204962 20.678137 147 151 155
4.030947 -0.240664 20.482571 146 154 161
4.145676 -0.255849 20.473047 148 159 165
4.469528 -0.292122 20.644646 174 196 203
3.655002 -0.134214 21.532141 205 175 140
3.678200 -0.133459 20.997128 156 137 119
3.691447 -0.136398 20.963469 152 136 122
3.975501 -0.188997 20.534050 139 145 152
4.051451 -0.200782 20.483141 140 147 154
4.133427 -0.211775 20.476570 142 153 159
3.771778 -0.132129 20.766336 137 136 138
4.037890 -0.177430 20.491198 137 143 150
3.859131 -0.126736 20.639334 134 136 143
3.979410 -0.146702 20.534966 133 139 146
4.071198 -0.161035 20.479002 135 141 148
4.549339 -0.213166 20.778351 164 175 173
3.695704 -0.065692 21.085625 184 164 135
3.833331 -0.099855 20.685341 131 131 137
4.208796 -0.157363 20.500002 138 153 158
3.731380 -0.054095 20.940071 156 142 123
4.002145 -0.085520 20.536865 124 128 136
4.094968 -0.100093 20.488913 124 131 138
4.557222 -0.146144 20.884096 167 172 162
3.748336 0.003490 21.304459 185 166 136
3.843629 -0.034766 20.717545 133 131 136
3.914400 -0.048801 20.615486 127 130 138
4.131059 -0.083478 20.495541 127 136 141
4.200410 -0.092061 20.515608 132 145 151
3.759062 0.009817 20.971655 155 141 126
3.819652 -0.007042 20.778526 139 136 138
3.962535 -0.035220 20.584438 127 130 138
3.977971 -0.037763 20.574793 126 129 137
4.023416 -0.045456 20.541710 125 129 136
4.168369 -0.066715 20.510239 131 142 148
4.347309 -0.087390 20.597073 143 155 158
3.950645 -0.011144 20.605532 130 134 141
4.072117 -0.031788 20.519945 129 133 140
4.087919 -0.034220 20.514387 129 134 141
4.206570 -0.049835 20.530693 138 150 156
4.278852 -0.058033 20.569510 145 158 164
4.333461 -0.064115 20.601290 147 158 161
3.869300 0.027793 20.736828 142 141 144
4.014659 -0.000179 20.569805 134 138 144
4.091122 -0.012975 20.522940 137 142 148
4.123563 -0.017721 20.517685 139 146 152
4.282382 -0.036851 20.579630 156 168 173
4.468399 -0.052174 20.803640 176 176 163
4.579762 -0.051042 21.158108 188 185 161
3.783601 0.073162 20.979879 153 140 128
3.900936 0.043601 20.705080 142 144 148
4.177971 -0.003201 20.535299 151 162 167
4.267552 -0.013634 20.578327 165 177 182
4.453393 -0.028859 20.801331 181 180 167
4.035846 0.039891 20.573898 143 149 153
4.532456 -0.006054 21.056358 194 187 164
3.797018 0.138981 21.444967 173 154 134
3.837722 0.185156 22.011057 181 161 136
3.842402 0.124889 20.858286 134 131 129
3.896078 0.111687 20.750370 132 134 136
4.041383 0.082528 20.585487 142 150 152
4.377858 0.041294 20.712097 183 188 186
3.795450 0.168370 21.138773 155 139 127
3.898585 0.133294 20.754459 132 135 137
4.358520 0.063875 20.684071 180 186 186
3.928892 0.148508 20.714092 129 137 138
4.123950 0.111839 20.554476 146 155 158
4.484883 0.080322 20.929836 176 167 150
3.813346 0.201807 20.983433 142 133 126
3.916541 0.173053 20.733572 131 139 140
4.142730 0.130542 20.556164 150 160 163
4.245729 0.137491 20.566858 173 186 188
4.263553 0.135359 20.574938 174 186 188
4.380800 0.124573 20.685308 161 164 162
3.781555 0.273283 21.373993 151 134 117
3.802487 0.248783 21.003534 143 132 125
3.838345 0.236629 20.884073 138 137 136
3.945569 0.208709 20.672419 134 147 145
4.128015 0.174645 20.544552 156 167 168
4.465444 0.139216 20.784452 151 142 128
3.766979 0.298677 21.384598 146 127 108
3.781412 0.287093 21.224512 145 129 115
3.989300 0.220304 20.611523 132 148 144
4.194089 0.185449 20.531040 166 180 181
4.354743 0.166281 20.606228 160 165 164
3.767349 0.312416 21.237816 140 121 106
3.759197 0.331434 21.162043 133 113 98
3.974581 0.264853 20.600698 121 139 133
4.347517 0.205768 20.541327 165 168 167
4.365183 0.203623 20.549128 160 163 159
4.063611 0.267417 20.510807 133 148 142
4.110349 0.259137 20.490202 148 162 158
4.374878 0.220175 20.499336 157 158 153
3.771454 0.353315 20.833330 119 104 96
3.808351 0.340763 20.723932 128 120 118
3.833174 0.353480 20.642115 122 117 115
3.937575 0.331075 20.540575 103 114 109
3.952426 0.327939 20.526928 99 113 107
4.043659 0.310118 20.465136 113 128 122
4.037261 0.349219 20.399109 94 107 101
3.512182 -2.265319 21.308104 236 205 173
3.524447 -2.239402 20.996408 243 212 186
3.548957 -2.234926 20.928505 248 220 197
3.456988 -2.075493 20.865715 247 214 184
3.514957 -2.064015 20.671692 253 224 201
3.546178 -2.020847 20.631369 254 229 207
3.451312 -2.003982 20.767723 250 218 186
3.485126 -1.996978 20.643686 253 223 196
3.445140 -1.997407 20.975668 245 213 177
3.485584 -1.975064 20.631155 252 223 197
3.488123 -1.910227 20.603182 251 224 197
3.430350 -1.916459 21.063339 234 207 166
3.451505 -1.847942 20.652578 248 220 186
3.479657 -1.845424 21.973213 228 200 157
3.511254 -1.761507 20.547617 253 227 202
3.449585 -1.794987 21.541290 230 202 159
3.512482 -1.740311 20.541578 253 227 202
3.414398 -1.734695 20.929586 235 207 166
3.544057 -1.720576 20.521898 253 230 207
3.430885 -1.737972 21.342754 230 202 161
3.444785 -1.697625 20.615622 246 217 182
3.457410 -1.696881 20.585972 248 219 186
3.421645 -1.656170 20.660765 242 210 177
3.447429 -1.655070 20.604477 248 215 185
3.450692 -1.612886 20.598495 250 215 188
3.412222 -1.570324 20.651310 243 208 178
3.385599 -1.555567 20.827177 233 202 167
3.390670 -1.551215 20.729279 236 204 171
3.483631 -1.550230 20.554516 250 216 191
3.528212 -1.552401 20.525064 250 219 196
3.402907 -1.528452 20.676786 240 206 175
3.456587 -1.528312 20.581388 248 211 187
3.502805 -1.509507 20.547237 248 215 191
3.561773 -1.512476 20.506138 247 218 197
3.382078 -1.487369 20.744694 234 202 170
3.421463 -1.509490 21.658283 227 196 160
3.408939 -1.443425 20.659925 239 204 177
3.366287 -1.426093 20.841169 229 197 167
3.497047 -1.425959 20.566809 244 209 188
3.376242 -1.402514 20.766705 230 198 169
3.471364 -1.382543 20.588377 242 205 184
3.486020 -1.383348 20.576048 242 205 185
3.545305 -1.386963 20.535328 241 209 189
3.563926 -1.346390 20.524759 239 208 189
3.461431 -1.318559 20.590704 237 202 183
3.475779 -1.319322 20.575651 237 202 184
3.565417 -1.325489 20.520977 238 206 188
3.407786 -1.295301 20.669647 232 197 180
3.354053 -1.291705 21.348984 220 187 160
3.508159 -1.279186 20.544436 235 201 185
3.495521 -1.257413 20.556444 234 200 185
3.556870 -1.240972 20.517479 234 203 186
3.364455 -1.209968 20.792870 225 191 176
3.492774 -1.174308 20.600727 230 198 189
3.469806 -1.131013 20.645462 224 195 186
3.350653 -1.114088 21.321835 211 184 150
3.357781 -1.086949 21.065144 207 181 152
3.553232 -1.075391 20.617563 219 198 182
3.613187 -1.080738 20.584137 222 200 186
3.496800 -1.052296 20.801434 208 186 165
3.470475 -1.039685 21.402380 205 182 150
3.512398 -1.034695 20.912840 203 182 155
3.510641 -1.027588 21.727707 207 185 147
3.513215 -1.025635 21.603102 206 184 147
3.603369 -1.021371 20.838715 194 176 146
3.670409 -1.020048 21.616768 198 180 145
3.714149 -1.023715 21.562002 198 180 147
3.909053 -0.760849 22.588438 230 215 167
3.803368 -0.635460 21.961594 229 202 162
3.646026 -0.511731 21.179831 236 210 181
3.639666 -0.481994 21.787615 221 190 153
3.625240 -0.483216 21.532299 219 189 155
3.685861 -0.499104 20.838499 232 213 192
3.698055 -0.458990 20.778215 210 193 179
3.604437 -0.402442 20.901621 183 165 149
3.570784 -0.367422 21.417637 201 169 140
3.608514 -0.297672 21.816862 204 173 140
3.586150 -0.313219 20.952543 173 152 137
3.568918 -0.283863 21.197519 190 162 136
3.646555 -0.303898 20.771244 163 156 155
3.613509 -0.275666 20.877848 164 150 140
3.596901 -0.228088 20.973619 171 151 132
3.633587 -0.214702 20.860168 159 147 138
3.639769 -0.172324 20.876989 159 145 131
3.697169 -0.185650 20.697716 151 148 148
3.689357 -0.161967 20.745073 148 142 139
3.634910 -0.101771 21.047726 187 167 137
3.649590 -0.108567 20.906376 167 153 130
3.716025 -0.125726 20.674433 141 136 135
3.730237 -0.128180 20.661303 140 137 138
3.673937 -0.093329 20.827984 157 146 127
3.721325 -0.083956 20.684435 141 133 128
3.701502 -0.011107 20.853579 170 157 134
3.737808 0.021155 20.733372 153 141 132
3.741054 0.042227 20.742744 152 141 131
3.785374 0.162657 21.634651 177 158 134
3.798368 0.214926 21.831848 171 151 127
3.780156 0.197910 21.435816 165 147 129
3.767236 0.264870 21.417355 154 136 118
3.762153 0.278164 20.856052 143 131 124
3.737861 0.312926 21.023399 138 120 107
