# https://github.com/mikedh/trimesh
mtllib sam3_lamp_01.mtl
usemtl material_0
v -0.07064471 0.20950241 -0.03596559
v -0.06990571 0.21221523 -0.03531013
v -0.07770423 0.21415122 -0.02785217
v -0.01583003 0.14581534 0.11432759
v -0.03140317 0.14175542 0.11096795
v -0.03415271 0.05819144 0.12762287
v -0.00516078 0.08304075 0.12833865
v -0.00738708 0.01332544 0.13938232
v -0.03701791 0.01341641 0.13415803
v 0.00838980 0.13103442 0.11949980
v -0.00080628 0.20128001 0.10446154
v 0.01924956 0.20732264 0.10422917
v -0.00950197 0.21318634 0.10144576
v 0.01704371 0.08604854 0.12747502
v -0.02273905 0.20215634 0.09803970
v -0.05176673 0.05024037 0.12354106
v -0.04859898 0.11961873 0.10948341
v -0.06579201 0.01482223 0.12326147
v -0.04407371 0.17095996 0.09743766
v -0.03653197 0.21621451 0.08831526
v -0.07070088 0.06758554 0.11034648
v -0.04717556 0.19898872 0.08554931
v -0.09022199 0.01731806 0.10801237
v -0.07844945 0.09599585 0.09748877
v -0.06388204 0.15895015 0.08847554
v 0.01823650 0.01210417 0.13834754
v -0.09587388 0.05567454 0.09350976
v 0.03235014 0.13540675 0.11610192
v 0.03111278 0.19889532 0.10413369
v 0.04668531 0.20916051 0.09948769
v 0.03783499 0.00939925 0.13497061
v 0.03690650 0.08538296 0.12369816
v 0.03316808 0.04660295 0.12971218
v 0.04817757 0.14617871 0.10974215
v 0.05692252 0.19576924 0.09713050
v 0.06224436 0.05751182 0.11900222
v 0.06259045 0.11799371 0.10903163
v 0.06707323 0.00870072 0.12516309
v 0.07825526 0.06559376 0.10974585
v 0.07768078 0.20863345 0.08305140
v 0.07695220 0.15211900 0.09277159
v 0.08093015 0.09804145 0.10111099
v 0.09430416 0.00788589 0.10642437
v 0.09729996 0.04266310 0.09778639
v -0.04470870 0.01022446 0.12886077
v -0.00082990 0.00857940 0.13608894
v -0.05022698 0.10672737 0.11021318
v -0.03296432 0.13116294 0.11096182
v -0.02334913 0.06701837 0.12621905
v -0.04777566 0.03970889 0.12502459
v -0.01712856 0.12760690 0.11543673
v -0.01506708 0.17863120 0.10469230
v -0.03699856 0.18410355 0.09580524
v -0.01608894 0.20730564 0.09625261
v 0.00089813 0.20539182 0.10053667
v 0.00064795 0.16751416 0.10974436
v -0.01047160 0.04171045 0.13201576
v 0.00205912 0.08760548 0.12558313
v 0.00964934 0.13189776 0.11698742
v -0.02867367 0.01757254 0.13025711
v -0.00901592 0.01965197 0.13319360
v 0.02020607 0.17341964 0.10860833
v 0.02943141 0.20599999 0.10052384
v -0.05474574 0.02132638 0.12335610
v 0.02275423 0.04870652 0.12978503
v 0.02681191 0.11529783 0.11856414
v 0.03161777 0.07506117 0.12450741
v 0.02504589 0.01605049 0.13160004
v -0.03101393 0.20884803 0.08960915
v -0.06774180 0.07006082 0.10982242
v 0.04453630 0.13370831 0.11110646
v 0.05070524 0.20491445 0.09539721
v 0.04711002 0.01886564 0.12699142
v -0.00118085 0.01016566 0.13161005
v 0.03967482 0.00944318 0.12842584
v 0.06311582 0.05602888 0.11702833
v 0.07046342 0.01575455 0.11964586
v 0.06267937 0.12188568 0.10639493
v 0.04773907 0.00704808 0.12596521
v 0.06745195 0.20202519 0.08837236
v 0.07829691 0.06550132 0.10830496
v 0.07676943 0.10685096 0.10092736
v 0.07865395 0.17079546 0.08688667
v -0.00082990 0.00857940 0.13608894
v 0.09398782 0.04321337 0.09991627
v 0.08051129 0.01358597 0.11298881
v 0.09274925 0.01329773 0.10374799
v 0.08563461 0.20142533 0.07277294
v 0.08930844 0.13867520 0.08302985
v 0.10619725 0.06879157 0.08106357
v 0.10454798 0.01294631 0.09202225
v 0.11365775 0.01458041 0.08196785
v 0.09634729 0.16855660 0.06630957
v -0.02485266 0.01127031 0.12696841
v -0.04104919 0.01359916 0.12160367
v -0.06104171 0.01189595 0.11481172
v 0.13542451 0.08244251 -0.02595938
v 0.12160465 0.15843840 -0.01878096
v 0.12578708 0.14112037 -0.00091252
v 0.13635358 0.08406916 -0.00056292
v 0.14695394 0.01440224 -0.01803078
v 0.14065959 0.05431955 0.01463111
v 0.14714976 0.01570840 0.00234180
v 0.11328454 0.21289821 -0.00714375
v 0.11226243 0.21165220 0.01692091
v 0.12586387 0.13425973 0.01266210
v 0.13951732 0.03767478 -0.04402002
v 0.14301127 0.01804011 -0.04456630
v 0.12251730 0.14193667 -0.03401044
v 0.11305264 0.18484312 -0.03663490
v 0.10729361 0.21655805 -0.03545022
v 0.12484436 0.11141531 -0.04961914
v 0.13334461 0.03338810 -0.06462872
v 0.13080759 0.02153598 -0.07952210
v 0.12094010 0.09821191 -0.06660892
v 0.10169592 0.21693027 -0.04845197
v 0.10374974 0.16158077 -0.06922054
v 0.11769150 0.08254775 -0.08007654
v 0.12036245 0.03523069 -0.09238350
v 0.11107509 0.06774320 -0.09642541
v 0.11192265 0.02440572 -0.10978781
v 0.08952641 0.21981584 -0.06569528
v 0.09752559 0.11759010 -0.09563640
v 0.09003014 0.17432913 -0.08305993
v 0.09450088 0.07682294 -0.11288671
v 0.14500996 0.01246997 0.01712267
v 0.11943391 0.15905690 0.02247661
v 0.12161486 0.12750097 0.03437802
v 0.13646498 0.05309352 0.03233299
v 0.13960394 0.01083892 0.03738907
v 0.10926758 0.19803719 0.03358738
v 0.10352361 0.21097659 0.04729568
v 0.13410725 0.01053630 0.05439043
v 0.12424109 0.08689944 0.04732839
v 0.09783740 0.19735894 0.05910034
v 0.10744730 0.15574597 0.05100945
v 0.10476497 0.13266689 0.06582637
v 0.11970066 0.06039177 0.06511008
v 0.09350543 0.21009837 0.06437967
v 0.12153036 0.00610796 0.07630892
v 0.10798506 0.07219425 0.07925223
v 0.09298535 0.14579673 0.07886220
v 0.08439908 0.19698261 0.07742176
v 0.07768078 0.20863345 0.08305140
v 0.11025270 0.03281271 0.08539201
v 0.09729996 0.04266310 0.09778639
v 0.07695220 0.15211900 0.09277159
v 0.09430416 0.00788589 0.10642437
v 0.08093015 0.09804145 0.10111099
v 0.11450703 0.02118449 -0.10271147
v 0.09540121 0.21895741 -0.05063069
v 0.13458213 0.07971724 -0.01466635
v 0.12467004 0.13514248 -0.00363932
v 0.13198912 0.08463858 -0.03120083
v 0.12062415 0.14209349 -0.03309679
v 0.11545646 0.17505769 -0.02663466
v 0.11605806 0.18370610 0.00187750
v 0.11059757 0.20596015 -0.01670902
v 0.14196129 0.03883253 -0.00778658
v 0.14072463 0.02464904 -0.03261282
v 0.13153234 0.09775812 0.00670350
v 0.13321549 0.05722013 -0.04801475
v 0.12469170 0.10528938 -0.04785727
v 0.14012854 0.04606412 0.01261434
v 0.11055145 0.20582417 0.01719804
v 0.14312361 0.01491113 -0.01047010
v 0.14251110 0.01415310 0.01335505
v 0.11967181 0.14992326 0.02118749
v 0.12985136 0.09763580 0.01973837
v 0.11463148 0.15328132 -0.04684210
v 0.10278652 0.20871231 -0.04497089
v 0.10748323 0.20947674 -0.02656324
v 0.13654719 0.02361551 -0.04925516
v 0.12760743 0.05929890 -0.06416115
v 0.11572462 0.12070622 -0.06263267
v 0.11657982 0.07743849 -0.08112242
v 0.10462874 0.14661938 -0.07175175
v 0.13138871 0.02739402 -0.06026691
v 0.12166856 0.03837787 -0.08272544
v 0.11179075 0.05253155 -0.09778836
v 0.10560194 0.09097321 -0.09350696
v 0.09009525 0.17528655 -0.08150829
v 0.09127904 0.20647612 -0.06551407
v 0.09171832 0.12843363 -0.09627704
v 0.12369242 0.03056441 -0.07623245
v 0.11430056 0.03694749 -0.09359009
v 0.09431752 0.07317439 -0.11299900
v 0.10077505 0.04617064 -0.11180189
v 0.10554000 0.03728306 -0.10528161
v 0.13470171 0.04933799 0.03426982
v 0.10623702 0.20634228 0.03335434
v 0.12063199 0.12391493 0.03432201
v 0.13341743 0.01723990 0.04662597
v 0.07797716 0.20850685 -0.07837987
v 0.12409455 0.07891136 0.04796358
v 0.12423099 0.03660432 0.06238051
v 0.10597924 0.12016357 0.06577780
v 0.10685387 0.16143768 0.04643719
v 0.10094394 0.20550714 0.04733707
v 0.09634729 0.16855660 0.06630957
v 0.12579226 0.01432370 0.06256703
v 0.13315253 0.01046613 0.04072389
v 0.10619725 0.06879157 0.08106357
v 0.08563461 0.20142533 0.07277294
v 0.09423879 0.20533742 0.05785612
v 0.11365775 0.01458041 0.08196785
v 0.08930844 0.13867520 0.08302985
v 0.08409333 0.21858005 -0.06175847
v 0.09471361 0.21086650 -0.04859147
v -0.12716275 0.09140119 0.00117052
v -0.11142042 0.13515955 -0.00774001
v -0.10911486 0.13803372 0.01858361
v -0.09413246 0.18043444 0.01360189
v -0.09328204 0.18333107 -0.00261564
v -0.12528880 0.09368712 -0.02657253
v -0.10058345 0.16152285 -0.01672246
v -0.13531789 0.05671480 -0.03478976
v -0.13760716 0.05481917 -0.00272092
v -0.08987760 0.18479443 -0.02841138
v -0.10811717 0.13545097 -0.03311562
v -0.08898237 0.19830412 -0.00584878
v -0.12696613 0.07222193 -0.05003685
v -0.10501017 0.13186628 -0.04895089
v -0.12454642 0.05287044 -0.07249445
v -0.13239181 0.03966226 -0.05620603
v -0.13666585 0.03953074 -0.04252930
v -0.07892621 0.18513502 -0.05765367
v -0.07770423 0.21415122 -0.02785217
v -0.08344596 0.21053517 0.00088805
v -0.11228942 0.09260286 -0.06727492
v -0.09490874 0.13834049 -0.06525636
v -0.06937720 0.20924233 -0.05008297
v -0.11077277 0.07032148 -0.08624390
v -0.06248337 0.20919642 -0.06257001
v -0.09380523 0.10885164 -0.08696746
v -0.08052369 0.14173925 -0.08471683
v -0.06249053 0.18049929 -0.08247530
v -0.10824823 0.05079246 -0.09701990
v -0.13846447 0.03943192 -0.00800478
v -0.12101026 0.04015137 -0.07759444
v -0.13446817 0.05069401 0.02698405
v -0.13611116 0.03610555 0.01601982
v -0.14313866 0.04008977 -0.03838548
v -0.08218083 0.21194224 0.01425198
v -0.10373192 0.04020792 -0.09920423
v -0.08142713 0.03963302 -0.12016833
v -0.08202434 0.05153709 -0.12199042
v -0.06000427 0.03762990 -0.13858593
v 0.04671969 0.11671204 -0.12899132
v 0.06499792 0.13063419 -0.11716073
v 0.07537381 0.08166675 -0.12689142
v 0.04731057 0.04318543 -0.14897902
v 0.03340713 0.09366089 -0.13961530
v 0.06607209 0.17224652 -0.10311588
v 0.04826776 0.17929348 -0.10816612
v 0.08317674 0.04188077 -0.13181554
v 0.06457840 0.22340958 -0.08399318
v 0.06489424 0.02874329 -0.14639121
v 0.03031167 0.03308082 -0.15796596
v 0.07712543 0.13261835 -0.10930040
v 0.04955622 0.22446792 -0.08887599
v 0.02329622 0.04303032 -0.15559404
v 0.03195412 0.17761953 -0.11297062
v 0.09186652 0.02763023 -0.13053314
v 0.07989624 0.20890349 -0.07939088
v 0.01375446 0.07832841 -0.14741917
v 0.01032323 0.15561557 -0.12320457
v 0.02111027 0.20134190 -0.10440808
v -0.00099624 0.07502092 -0.14931637
v -0.01595271 0.03607361 -0.16031264
v 0.00189163 0.18498723 -0.11172051
v -0.01452127 0.09207679 -0.14338432
v -0.01581446 0.15509808 -0.12102987
v 0.01118733 0.22340587 -0.09215673
v -0.00467683 0.22453667 -0.09190443
v -0.03376071 0.03885890 -0.15690392
v -0.01641252 0.18802534 -0.10682948
v -0.02890196 0.09463608 -0.13950102
v 0.09003014 0.17432913 -0.08305993
v 0.08952641 0.21981584 -0.06569528
v 0.09450088 0.07682294 -0.11288671
v 0.09752559 0.11759010 -0.09563640
v 0.11192265 0.02440572 -0.10978781
v -0.05028825 0.03830215 -0.15192425
v 0.09540121 0.21895741 -0.05063069
v -0.09357437 0.12561078 -0.07875596
v -0.07895472 0.16746740 -0.07265809
v -0.07715809 0.12557548 -0.09816232
v -0.10178898 0.08073141 -0.09466185
v -0.06230057 0.18575712 -0.08085571
v -0.10093319 0.04133766 -0.11689527
v -0.12469164 0.04176635 -0.08705628
v -0.06194831 0.22599642 -0.05629586
v -0.11245281 0.07843645 -0.08059624
v -0.10076894 0.13011728 -0.06337843
v -0.07574728 0.20654026 -0.04780551
v -0.07849782 0.22165720 -0.03077074
v -0.12505895 0.07885034 -0.05477014
v -0.13602731 0.04054503 -0.06361577
v -0.10949061 0.13171934 -0.04206053
v -0.09548828 0.17037606 -0.03685502
v -0.08318651 0.20897165 -0.02660342
v -0.04771298 0.21306458 -0.07812349
v -0.04687816 0.22422621 -0.07425682
v -0.08464652 0.04456459 -0.13008256
v -0.03485660 0.17144851 -0.10722922
v -0.05107351 0.16502383 -0.10053326
v -0.06378676 0.09599148 -0.12232512
v -0.04741805 0.12230045 -0.12132484
v -0.07064378 0.04022263 -0.14142869
v -0.04106608 0.10384059 -0.13185900
v -0.02135190 0.22579099 -0.08637708
v -0.07470241 0.22599302 -0.02972336
v -0.04536195 0.22679605 -0.06655718
v -0.06357972 0.22569895 -0.04871308
v -0.13602731 0.04054503 -0.06361577
v -0.08516937 0.03884163 -0.12701136
v -0.12101026 0.04015137 -0.07759444
v -0.13239181 0.03966226 -0.05620603
v -0.13666585 0.03953074 -0.04252930
v -0.14313866 0.04008977 -0.03838548
v -0.13846447 0.03943192 -0.00800478
v -0.12469164 0.04176635 -0.08705628
v -0.10093319 0.04133766 -0.11689527
v -0.07064378 0.04022263 -0.14142869
v 0.01333980 0.03023938 -0.15712216
v -0.01595271 0.03607361 -0.16031264
v 0.03031167 0.03308082 -0.15796596
v 0.03959005 0.02788771 -0.15108921
v 0.06489424 0.02874329 -0.14639121
v -0.02763130 0.03504870 -0.15068492
v -0.05028825 0.03830215 -0.15192425
v -0.04701202 0.03694884 -0.14513642
v -0.06000427 0.03762990 -0.13858593
v 0.04224816 0.02810843 -0.14670451
v 0.06174221 0.02761193 -0.13752159
v 0.08857008 0.02360190 -0.12470210
v -0.08142713 0.03963302 -0.12016833
v -0.10373192 0.04020792 -0.09920423
v 0.01042404 0.03227416 -0.15203424
v 0.09186652 0.02763023 -0.13053314
v 0.11450703 0.02118449 -0.10271147
v 0.11192265 0.02440572 -0.10978781
v 0.11663020 0.02191163 -0.07824605
v 0.10185803 0.02441063 -0.10548812
v 0.11450703 0.02118449 -0.10271147
v 0.13117872 0.01778908 -0.06810910
v 0.13205728 0.01662977 -0.03870839
v 0.14695394 0.01440224 -0.01803078
v 0.14312361 0.01491113 -0.01047010
v 0.14500996 0.01246997 0.01712267
v 0.08857008 0.02360190 -0.12470210
v 0.14251110 0.01415310 0.01335505
v 0.14301127 0.01804011 -0.04456630
v 0.13080759 0.02153598 -0.07952210
v -0.07352395 0.21043517 0.00387346
v -0.07569715 0.22097853 0.01363075
v -0.07334789 0.21235575 0.02744858
v -0.07300915 0.21477132 -0.02386675
v -0.07451925 0.22482622 -0.01793167
v -0.07320082 0.21931036 0.03240278
v -0.07836986 0.22165495 0.03335989
v -0.06832340 0.22364725 -0.03565656
v -0.06990571 0.21221523 -0.03531013
v -0.06506962 0.20907272 0.04213296
v -0.06571499 0.20948102 -0.03557985
v -0.07470241 0.22599302 -0.02972336
v -0.06357972 0.22569895 -0.04871308
v -0.06194831 0.22599642 -0.05629586
v -0.08127451 0.22405496 0.00150113
v -0.13611116 0.03610555 0.01601982
v -0.14095686 0.03433523 0.02479379
v -0.14313866 0.04008977 -0.03838548
v -0.12963895 0.03324419 0.03852807
v -0.12622875 0.02724368 0.05595090
v -0.11325349 0.02579938 0.06843402
v -0.14603724 0.04049865 -0.01282229
v -0.12438622 0.02818672 0.06737909
v -0.13851854 0.03539094 0.03894652
v -0.09882279 0.01656288 0.09508407
v -0.10882147 0.02327287 0.08937891
v -0.09022199 0.01731806 0.10801237
v -0.06579201 0.01482223 0.12326147
v -0.06104171 0.01189595 0.11481172
v -0.04470870 0.01022446 0.12886077
v -0.07966302 0.01522188 0.10417207
v -0.02485266 0.01127031 0.12696841
v -0.00082990 0.00857940 0.13608894
v -0.00118085 0.01016566 0.13161005
v 0.03967482 0.00944318 0.12842584
v -0.09870823 0.01908211 0.09041887
v -0.03701791 0.01341641 0.13415803
v 0.11404549 0.02900310 -0.08208637
v 0.11430056 0.03694749 -0.09359009
v 0.10444525 0.03306458 -0.09500340
v 0.12369242 0.03056441 -0.07623245
v 0.12235628 0.02465474 -0.06223607
v 0.13138871 0.02739402 -0.06026691
v 0.13654719 0.02361551 -0.04925516
v 0.10554000 0.03728306 -0.10528161
v 0.09267873 0.03857834 -0.11811201
v 0.09448576 0.03417011 -0.10727838
v 0.07694623 0.03386690 -0.12503415
v 0.12670991 0.01922026 -0.05386588
v 0.13205728 0.01662977 -0.03870839
v 0.11663020 0.02191163 -0.07824605
v 0.14072463 0.02464904 -0.03261282
v 0.14312361 0.01491113 -0.01047010
v 0.08115846 0.04377049 -0.12834565
v 0.06174221 0.02761193 -0.13752159
v 0.10077505 0.04617064 -0.11180189
v 0.10185803 0.02441063 -0.10548812
v 0.10444525 0.03306458 -0.09500340
v 0.09448576 0.03417011 -0.10727838
v 0.07694623 0.03386690 -0.12503415
v 0.08857008 0.02360190 -0.12470210
v 0.06174221 0.02761193 -0.13752159
v 0.11663020 0.02191163 -0.07824605
v 0.11404549 0.02900310 -0.08208637
v 0.09471361 0.21086650 -0.04859147
v 0.09540121 0.21895741 -0.05063069
v 0.08409333 0.21858005 -0.06175847
v 0.06457840 0.22340958 -0.08399318
v 0.09274925 0.01329773 0.10374799
v 0.10446089 0.00633458 0.08095860
v 0.09102836 0.00610024 0.09443820
v 0.10454798 0.01294631 0.09202225
v 0.08051129 0.01358597 0.11298881
v 0.07536136 0.00584718 0.10636655
v 0.06308515 0.00600867 0.11345472
v 0.11365775 0.01458041 0.08196785
v 0.12579226 0.01432370 0.06256703
v 0.11921477 0.00852236 0.06093850
v 0.13315253 0.01046613 0.04072389
v 0.07046342 0.01575455 0.11964586
v 0.04773907 0.00704808 0.12596521
v -0.08218083 0.21194224 0.01425198
v -0.07767439 0.21008040 0.03656593
v -0.08600125 0.20080887 0.02309385
v -0.09330503 0.17239557 0.03460539
v -0.09422712 0.18356769 0.01832914
v -0.07822536 0.19571143 0.05075822
v -0.09691534 0.14659303 0.05153360
v -0.11406220 0.11786863 0.03011832
v -0.11205904 0.10357717 0.05018446
v -0.12797536 0.07573839 0.02924498
v -0.12515208 0.05948200 0.04951423
v -0.10911486 0.13803372 0.01858361
v -0.13446817 0.05069401 0.02698405
v -0.09413246 0.18043444 0.01360189
v -0.12716275 0.09140119 0.00117052
v -0.13760716 0.05481917 -0.00272092
v -0.11347916 0.07325659 0.06500897
v -0.09218811 0.13749164 0.06597362
v -0.07188000 0.18824224 0.06544080
v -0.06638820 0.20978780 0.05799127
v -0.12377199 0.03919237 0.05636533
v -0.10703714 0.04760111 0.08111018
v -0.09778599 0.08798429 0.07977457
v -0.06942497 0.15738556 0.08284550
v -0.04974305 0.20934448 0.07738610
v -0.09202843 0.05728980 0.09484977
v -0.10313390 0.03051209 0.08713269
v -0.08011497 0.09724338 0.09398118
v -0.12963895 0.03324419 0.03852807
v -0.06439445 0.13558611 0.09431345
v -0.13611116 0.03610555 0.01601982
v -0.07933845 0.02522067 0.10921006
v -0.07776430 0.04329090 0.10870989
v -0.06774180 0.07006082 0.10982242
v -0.03699856 0.18410355 0.09580524
v -0.09870823 0.01908211 0.09041887
v -0.03101393 0.20884803 0.08960915
v -0.11325349 0.02579938 0.06843402
v -0.05022698 0.10672737 0.11021318
v -0.05474574 0.02132638 0.12335610
v -0.04777566 0.03970889 0.12502459
v -0.07966302 0.01522188 0.10417207
v -0.06104171 0.01189595 0.11481172
v -0.09600416 0.18167308 -0.00216328
v -0.05469403 0.20843443 -0.05334518
v -0.03979878 0.21341528 -0.07139684
v -0.04811191 0.21352687 -0.06515443
v -0.02711586 0.21008933 -0.07269410
v -0.06203219 0.21317445 -0.04960733
v -0.06571499 0.20948102 -0.03557985
v -0.05625929 0.20900831 0.05986349
v -0.03792659 0.21549676 0.07946818
v -0.03932770 0.20919634 0.07537109
v -0.06054067 0.21605724 0.05841319
v -0.02957857 0.20944370 0.08136800
v -0.01124989 0.21414295 0.09734925
v -0.07218494 0.21839623 0.04949760
v -0.06506962 0.20907272 0.04213296
v -0.07320082 0.21931036 0.03240278
v -0.01364519 0.20859267 0.08769144
v 0.01828388 0.20972015 0.09754704
v -0.03653197 0.21621451 0.08831526
v -0.07836986 0.22165495 0.03335989
v -0.00950197 0.21318634 0.10144576
v 0.04668531 0.20916051 0.09948769
v -0.06301261 0.21618530 0.06424759
v 0.08658206 0.00506519 0.11003309
v 0.09430416 0.00788589 0.10642437
v 0.06707323 0.00870072 0.12516309
v 0.12153036 0.00610796 0.07630892
v 0.04773907 0.00704808 0.12596521
v 0.03783499 0.00939925 0.13497061
v -0.00082990 0.00857940 0.13608894
v 0.09102836 0.00610024 0.09443820
v 0.10446089 0.00633458 0.08095860
v 0.07536136 0.00584718 0.10636655
v 0.06308515 0.00600867 0.11345472
v 0.11921477 0.00852236 0.06093850
v 0.13315253 0.01046613 0.04072389
v 0.13960394 0.01083892 0.03738907
v 0.14500996 0.01246997 0.01712267
v 0.14251110 0.01415310 0.01335505
v 0.13410725 0.01053630 0.05439043
v -0.05132144 0.21064818 -0.06441371
v -0.03979878 0.21341528 -0.07139684
v -0.03757290 0.20756510 -0.07060936
v -0.02711586 0.21008933 -0.07269410
v -0.04811191 0.21352687 -0.06515443
v -0.06248337 0.20919642 -0.06257001
v -0.06571499 0.20948102 -0.03557985
v -0.06832340 0.22364725 -0.03565656
v -0.06990571 0.21221523 -0.03531013
v -0.06203219 0.21317445 -0.04960733
v -0.06357972 0.22569895 -0.04871308
v -0.04811191 0.21352687 -0.06515443
v -0.04536195 0.22679605 -0.06655718
v -0.03979878 0.21341528 -0.07139684
v -0.03164716 0.22566099 -0.07465132
v -0.02390923 0.21346194 -0.07964584
v -0.01957883 0.22455756 -0.08036178
v -0.01582645 0.21418191 -0.08636942
v -0.02306038 0.13933396 -0.12346675
v -0.02831093 0.17289308 -0.10809906
v -0.04917089 0.12145729 -0.11930783
v -0.05538098 0.06026692 -0.13967665
v -0.03425204 0.07184065 -0.14394216
v -0.04171187 0.04567420 -0.14852482
v -0.04874628 0.17881644 -0.09409026
v -0.06646118 0.09031609 -0.12153843
v -0.03385393 0.19276263 -0.09555691
v -0.01027243 0.19860178 -0.10107740
v -0.00275150 0.18464014 -0.10934158
v -0.01890686 0.08671813 -0.14242907
v -0.02979302 0.21287321 -0.08456483
v -0.01788001 0.04522109 -0.15423755
v -0.00314851 0.14163437 -0.12544121
v -0.04463043 0.21188560 -0.07716441
v -0.07634722 0.10814632 -0.10587127
v -0.08973581 0.06408251 -0.11329931
v -0.06249053 0.18049929 -0.08247530
v -0.08202434 0.05153709 -0.12199042
v -0.06000427 0.03762990 -0.13858593
v -0.08052369 0.14173925 -0.08471683
v -0.06248337 0.20919642 -0.06257001
v -0.09380523 0.10885164 -0.08696746
v -0.11077277 0.07032148 -0.08624390
v -0.10824823 0.05079246 -0.09701990
v -0.04701202 0.03694884 -0.14513642
v 0.01182519 0.20485300 -0.09958933
v 0.00357167 0.21259229 -0.09251214
v -0.00425911 0.22323225 -0.08480453
v 0.00403780 0.10549433 -0.13729867
v 0.00725171 0.07298031 -0.14748973
v 0.01587073 0.18087795 -0.11129454
v 0.01576535 0.13668822 -0.12641948
v 0.03594229 0.22316645 -0.08528499
v 0.03712049 0.19848442 -0.10129448
v 0.01322545 0.04276559 -0.15350971
v 0.05775219 0.21230634 -0.08814243
v 0.03436724 0.17471942 -0.11159573
v 0.03216771 0.10982831 -0.13286380
v -0.02763130 0.03504870 -0.15068492
v 0.03526055 0.05822837 -0.14712693
v 0.04941718 0.11907847 -0.12558240
v 0.05092536 0.17862324 -0.10571468
v 0.03957947 0.03631767 -0.14894208
v 0.05097777 0.06824563 -0.13954473
v 0.06581385 0.15419272 -0.10760072
v 0.01042404 0.03227416 -0.15203424
v 0.06650911 0.19282195 -0.09346819
v 0.05412679 0.04063159 -0.14358066
v 0.07544228 0.08995282 -0.12268388
v 0.05462325 0.22204114 -0.08016142
v 0.08013994 0.06232947 -0.12709992
v 0.04224816 0.02810843 -0.14670451
v 0.07797716 0.20850685 -0.07837987
v 0.06924760 0.22187863 -0.07274535
v 0.08115846 0.04377049 -0.12834565
v 0.07862867 0.13480230 -0.10583777
v 0.09009525 0.17528655 -0.08150829
v 0.06174221 0.02761193 -0.13752159
v 0.09431752 0.07317439 -0.11299900
v 0.09171832 0.12843363 -0.09627704
v 0.10077505 0.04617064 -0.11180189
v 0.08409333 0.21858005 -0.06175847
v -0.09413246 0.18043444 0.01360189
v -0.09328204 0.18333107 -0.00261564
v -0.09600416 0.18167308 -0.00216328
v 0.09231389 0.21010990 -0.04255749
v 0.09540121 0.21895741 -0.05063069
v 0.09471361 0.21086650 -0.04859147
v -0.03757290 0.20756510 -0.07060936
v -0.04463043 0.21188560 -0.07716441
v -0.03979878 0.21341528 -0.07139684
v -0.08218083 0.21194224 0.01425198
v -0.08450358 0.21373695 0.00139273
v -0.08344596 0.21053517 0.00088805
v -0.07836986 0.22165495 0.03335989
v -0.08127451 0.22405496 0.00150113
v -0.08600125 0.20080887 0.02309385
v -0.08081634 0.20759828 0.03761669
v -0.09422712 0.18356769 0.01832914
v -0.11461038 0.11560508 0.03846468
v -0.11143789 0.13779642 0.01815096
v -0.11337069 0.13661569 -0.00323263
v -0.09600416 0.18167308 -0.00216328
v -0.13049556 0.08317143 0.01686152
v -0.13193913 0.08441808 -0.00084549
v -0.14442323 0.04131709 0.01095074
v -0.14603724 0.04049865 -0.01282229
v -0.13851854 0.03539094 0.03894652
v -0.10070481 0.14009780 0.05220174
v -0.12353037 0.07136552 0.05092333
v -0.07218494 0.21839623 0.04949760
v -0.12862761 0.09164304 -0.02486460
v -0.10563100 0.15461309 -0.01685541
v -0.08898237 0.19830412 -0.00584878
v -0.08318651 0.20897165 -0.02660342
v -0.07849782 0.22165720 -0.03077074
v -0.14313866 0.04008977 -0.03838548
v -0.10949061 0.13171934 -0.04206053
v -0.09548828 0.17037606 -0.03685502
v -0.12505895 0.07885034 -0.05477014
v -0.13602731 0.04054503 -0.06361577
v -0.11233205 0.08264311 0.06506270
v -0.09345376 0.14183989 0.06377461
v -0.07538575 0.18104284 0.06679974
v -0.12438622 0.02818672 0.06737909
v -0.14095686 0.03433523 0.02479379
v -0.06301261 0.21618530 0.06424759
v -0.07470241 0.22599302 -0.02972336
v -0.10534112 0.07199036 0.07870041
v -0.08166759 0.14460717 0.07734446
v -0.10882147 0.02327287 0.08937891
v -0.09587388 0.05567454 0.09350976
v -0.07844945 0.09599585 0.09748877
v -0.06388204 0.15895015 0.08847554
v -0.04717556 0.19898872 0.08554931
v -0.03653197 0.21621451 0.08831526
v -0.09022199 0.01731806 0.10801237
v -0.07247296 0.20722798 0.02894155
v -0.07334789 0.21235575 0.02744858
v -0.07537524 0.21114890 0.01956926
v -0.07352395 0.21043517 0.00387346
v -0.07064471 0.20950241 -0.03596559
v -0.07300915 0.21477132 -0.02386675
v -0.07767439 0.21008040 0.03656593
v -0.08218083 0.21194224 0.01425198
v -0.07770423 0.21415122 -0.02785217
v -0.06937720 0.20924233 -0.05008297
v -0.05132144 0.21064818 -0.06441371
v -0.06248337 0.20919642 -0.06257001
v -0.05841525 0.20571803 -0.05003076
v 0.00571760 0.20491366 -0.00293972
v 0.01020667 0.20666549 -0.03693074
v 0.02595866 0.20463131 -0.00415920
v 0.01246280 0.20369124 0.00609322
v -0.04934657 0.20511353 -0.05218235
v -0.06388786 0.20516092 -0.00807939
v -0.02607088 0.20482227 0.04427727
v -0.00690417 0.20343626 0.04767553
v 0.02578152 0.20487675 0.03935346
v 0.09098299 0.20462312 0.04164876
v 0.04006495 0.20493801 -0.01360003
v 0.09951919 0.20503689 -0.00354466
v 0.07070749 0.20531803 -0.02721687
v 0.02918420 0.20529342 -0.03295362
v 0.05336602 0.20512585 -0.03052091
v 0.03871595 0.20462905 0.05652521
v 0.07853092 0.20427948 0.07350961
v -0.00196722 0.20477946 0.06084098
v 0.04277727 0.20508657 0.09309328
v -0.01787384 0.20553701 0.08306438
v -0.06414696 0.20602462 0.04018097
v -0.05530646 0.20603143 0.05720931
v 0.05070524 0.20491445 0.09539721
v -0.01246279 0.20889810 -0.05545257
v 0.02943141 0.20599999 0.10052384
v -0.01608894 0.20730564 0.09625261
v 0.09423879 0.20533742 0.05785612
v 0.10094394 0.20550714 0.04733707
v 0.10623702 0.20634228 0.03335434
v -0.03757290 0.20756510 -0.07060936
v -0.02174942 0.20900448 -0.07867099
v 0.09075517 0.20900868 -0.04825021
v 0.05480783 0.20720173 -0.04729295
v 0.04195467 0.20516941 -0.03788269
v 0.10748323 0.20947674 -0.02656324
v -0.03490677 0.20695180 0.07700016
v 0.03994119 0.20181723 -0.02511162
v -0.06638820 0.20978780 0.05799127
v 0.06745195 0.20202519 0.08837236
v 0.00089813 0.20539182 0.10053667
v 0.09471361 0.21086650 -0.04859147
v 0.10278652 0.20871231 -0.04497089
v 0.09127904 0.20647612 -0.06551407
v 0.10593587 0.20896886 -0.00817252
v 0.11055145 0.20582417 0.01719804
v 0.08563461 0.20142533 0.07277294
v 0.11059757 0.20596015 -0.01670902
v -0.05625929 0.20900831 0.05986349
v -0.03932770 0.20919634 0.07537109
v -0.04974305 0.20934448 0.07738610
v -0.03101393 0.20884803 0.08960915
v -0.02957857 0.20944370 0.08136800
v -0.01821273 0.20845270 0.09153172
v -0.02174942 0.20900448 -0.07867099
v -0.02390923 0.21346194 -0.07964584
v -0.02711586 0.21008933 -0.07269410
v -0.09328204 0.18333107 -0.00261564
v -0.08898237 0.19830412 -0.00584878
v -0.09600416 0.18167308 -0.00216328
v -0.00425911 0.22323225 -0.08480453
v 0.04955622 0.22446792 -0.08887599
v -0.02135190 0.22579099 -0.08637708
v 0.03594229 0.22316645 -0.08528499
v 0.06457840 0.22340958 -0.08399318
v 0.05462325 0.22204114 -0.08016142
v 0.06924760 0.22187863 -0.07274535
v -0.01957883 0.22455756 -0.08036178
v -0.03164716 0.22566099 -0.07465132
v 0.08409333 0.21858005 -0.06175847
v -0.04536195 0.22679605 -0.06655718
v 0.10729361 0.21655805 -0.03545022
v 0.09540121 0.21895741 -0.05063069
v 0.09231389 0.21010990 -0.04255749
v 0.03516076 0.20624173 0.05510596
v 0.02695531 0.20684922 0.00089837
v 0.01422464 0.20730917 0.00314807
v 0.07571677 0.20584631 0.02145472
v 0.05368539 0.20706518 -0.01816710
v 0.07157961 0.20611842 0.07426225
v 0.09480764 0.20696610 -0.00467322
v -0.00858756 0.20649378 0.05094665
v -0.05846767 0.20732777 0.00070629
v -0.02583229 0.20724069 -0.02483523
v 0.03933669 0.20708355 0.09047973
v -0.05469403 0.20843443 -0.05334518
v 0.09492112 0.20679477 0.04323817
v -0.05625929 0.20900831 0.05986349
v -0.01364519 0.20859267 0.08769144
v 0.04195680 0.20576607 -0.02338775
v -0.01246279 0.20889810 -0.05545257
v -0.06506962 0.20907272 0.04213296
v -0.02711586 0.21008933 -0.07269410
v -0.03932770 0.20919634 0.07537109
v 0.05480783 0.20720173 -0.04729295
v 0.09075517 0.20900868 -0.04825021
v -0.06571499 0.20948102 -0.03557985
v -0.02174942 0.20900448 -0.07867099
v 0.10593587 0.20896886 -0.00817252
v -0.07352395 0.21043517 0.00387346
v 0.04195467 0.20516941 -0.03788269
v 0.02918420 0.20529342 -0.03295362
v 0.01828388 0.20972015 0.09754704
v 0.09350543 0.21009837 0.06437967
v 0.11226243 0.21165220 0.01692091
v 0.05477319 0.20966843 0.09279916
v -0.02957857 0.20944370 0.08136800
v 0.10352361 0.21097659 0.04729568
v 0.04668531 0.20916051 0.09948769
v 0.07768078 0.20863345 0.08305140
v 0.09471361 0.21086650 -0.04859147
v 0.11328454 0.21289821 -0.00714375
v -0.07334789 0.21235575 0.02744858
v -0.03757290 0.20756510 -0.07060936
v 0.06017609 -0.16142702 -0.00879862
v 0.06870160 -0.15540327 -0.00550948
v 0.06387586 -0.15980116 -0.00674236
v 0.04462940 -0.02268280 -0.01410802
v 0.01843365 -0.01929751 -0.02105900
v 0.00832685 -0.02007947 0.00283683
v 0.02904518 -0.02236177 0.02098990
v 0.04209964 -0.02336251 0.00386176
v -0.02561560 -0.02086937 0.02532738
v 0.01265094 -0.02391882 0.03486075
v -0.02072642 -0.01839318 0.00910671
v 0.04331436 -0.02389476 -0.03880798
v 0.01272037 -0.01920225 -0.05071314
v -0.01792592 -0.02375050 0.03798167
v -0.03925910 -0.01801073 -0.00704351
v 0.02909100 -0.02460977 -0.06125587
v -0.05727194 -0.02270771 0.00107391
v -0.04559020 -0.02403821 0.02326847
v -0.05996436 -0.02240781 -0.02778744
v -0.02973843 -0.01909796 -0.02732015
v -0.04224341 -0.02258669 -0.05920334
v 0.00200508 -0.01966996 -0.04951997
v -0.00898449 -0.02371710 -0.07550950
v -0.05824470 -0.02398486 -0.04180994
v 0.00355918 -0.01360614 -0.03145957
v -0.02191321 -0.01221700 -0.00977125
v -0.01179629 -0.01487074 0.00229876
v 0.00646676 -0.01594287 -0.00825808
v -0.03271332 -0.03059903 -0.08052482
v 0.02217972 -0.03062317 -0.07575668
v -0.02136949 -0.01661099 -0.02764462
v -0.00086475 -0.01521552 -0.03580358
v 0.05575303 -0.03029886 -0.02251383
v -0.00626752 -0.02974841 -0.08437686
v -0.05054956 -0.03040483 -0.06865674
v 0.04158141 -0.03107242 -0.05964715
v 0.04977578 -0.03084685 -0.04662218
v -0.06251231 -0.03149528 -0.05486964
v 0.05344626 -0.03140881 0.00053829
v 0.04622268 -0.03130228 0.01714383
v 0.03397519 -0.03083290 0.03193763
v -0.01638188 -0.00578752 -0.01593377
v 0.00756823 -0.01076146 -0.02061901
v -0.01220058 -0.01192661 -0.02752021
v 0.05662324 -0.05174886 -0.03403241
v 0.05575303 -0.03029886 -0.02251383
v 0.05783537 -0.05102971 -0.01510798
v 0.05344626 -0.03140881 0.00053829
v 0.05357784 -0.05577478 0.00877736
v 0.04622268 -0.03130228 0.01714383
v 0.06449926 -0.07322618 -0.00555679
v 0.06174022 -0.06308073 -0.02567500
v 0.06930463 -0.07494441 -0.03597477
v 0.05841150 -0.06449520 -0.04989263
v 0.04777129 -0.05875185 0.02148417
v 0.04917711 -0.07280097 0.03050397
v 0.05012048 -0.05171479 -0.05209015
v 0.04977578 -0.03084685 -0.04662218
v 0.05885004 -0.06808828 -0.05935057
v 0.04158141 -0.03107242 -0.05964715
v 0.03397519 -0.03083290 0.03193763
v 0.03441973 -0.06509049 0.03927996
v 0.03285265 -0.07403824 0.04999252
v -0.03848624 -0.02131152 -0.01511019
v -0.05647341 -0.02411333 -0.02937812
v -0.02430704 -0.02131913 -0.03158160
v -0.05543070 -0.02548797 -0.04678920
v -0.01359641 -0.02202897 -0.04287742
v -0.03234072 -0.02564503 -0.06767911
v 0.00362702 -0.01968476 -0.03776298
v -0.00218294 -0.02577096 -0.07139704
v 0.01898736 -0.02406332 -0.05842070
v -0.05738652 -0.02437779 -0.00607317
v -0.03070963 -0.02088678 0.00177305
v -0.04196607 -0.02383893 0.01977013
v -0.02135179 -0.02362646 0.02988670
v -0.01137101 -0.02189754 0.01169640
v 0.02399012 -0.02428217 0.02105770
v 0.00438379 -0.02157736 0.00078958
v 0.03994497 -0.02485857 0.00222670
v 0.01469507 -0.02082308 -0.02158175
v 0.03958395 -0.02590255 -0.04569652
v -0.00278051 -0.02660489 0.03836221
v -0.02457134 -0.02937463 -0.07860290
v -0.02115300 -0.01483667 -0.01716225
v 0.01244693 -0.03023242 -0.07741327
v -0.01525873 -0.01432183 -0.00398152
v 0.04844775 -0.02864142 0.00169787
v 0.03530173 -0.03091381 -0.06333441
v 0.02822613 -0.02923094 0.03280248
v 0.05160540 -0.03176915 -0.03297975
v -0.04973529 -0.03097572 -0.06614798
v -0.03374093 -0.03112643 0.04005940
v -0.06124078 -0.03106711 0.00957204
v -0.00298750 -0.00680009 -0.01430506
v -0.00771661 -0.00616768 -0.01773351
v -0.05264424 -0.03137263 0.02452542
v -0.06696580 -0.03138094 -0.03201250
v -0.06740709 -0.03140065 -0.01217209
v 0.05389917 -0.03388553 -0.01361615
v -0.11604699 -0.08929769 -0.01396087
v -0.11061150 -0.07426172 -0.02142018
v -0.11452887 -0.09046742 -0.04513230
v -0.10927624 -0.07631803 -0.04791885
v -0.10929970 -0.07600372 0.00050693
v -0.11248279 -0.09256438 0.00641170
v -0.10057805 -0.07840301 0.02615235
v -0.10440072 -0.09140301 0.02733399
v -0.11544738 -0.10407832 -0.00928320
v -0.08976535 -0.08600282 0.04892668
v -0.10676704 -0.10544732 0.02034480
v -0.11374552 -0.10820220 -0.04505097
v -0.09098864 -0.10609175 0.05017057
v -0.10403983 -0.12313606 0.00962402
v -0.09650785 -0.11855890 0.03332563
v -0.10947125 -0.12225811 -0.02370231
v -0.07696415 -0.09859316 0.06688709
v -0.07812146 -0.11841667 0.06185653
v -0.07938721 -0.13094209 0.05040026
v -0.07948452 -0.14155036 0.03450250
v -0.10533287 -0.12550609 -0.04561677
v -0.09231436 -0.13946480 0.00180372
v -0.06422158 -0.13183166 0.06541941
v -0.08487615 -0.14942926 -0.02233197
v -0.07810481 -0.15423778 -0.00250614
v -0.07711609 -0.16107975 -0.01379572
v -0.06966145 -0.16469404 0.00206439
v -0.07723138 -0.16531724 -0.03937058
v -0.06081157 -0.16598997 0.01483509
v -0.06538306 -0.15688375 0.02101627
v -0.07789930 -0.15430632 -0.04506219
v -0.09920204 -0.12618001 -0.06431925
v -0.07020390 -0.15604304 -0.06049527
v -0.06016375 -0.11690835 0.07706194
v -0.00556659 -0.18452886 0.03839510
v -0.00092240 -0.17646393 0.03811810
v -0.02916058 -0.16514786 0.03626445
v -0.02761487 -0.18276276 0.03389860
v 0.00367935 -0.16606301 0.04132525
v -0.04277160 -0.16406290 0.03086661
v -0.04494936 -0.18162416 0.02656061
v 0.01752845 -0.18516882 0.03320052
v 0.02285208 -0.17098784 0.03451614
v -0.06019425 -0.18077007 0.01622815
v -0.01590344 -0.15540889 0.04571309
v -0.00077694 -0.15752657 0.04812871
v 0.00314744 -0.14462753 0.07004270
v 0.01741945 -0.14956459 0.06326524
v -0.02915676 -0.14530890 0.06698750
v -0.04040203 -0.15592289 0.04211790
v -0.04805547 -0.14253582 0.06483132
v -0.00844976 -0.13517894 0.08103506
v -0.03344483 -0.13328362 0.08024564
v -0.06616636 -0.14386237 0.04796575
v 0.02072626 -0.13422483 0.07943269
v 0.03480528 -0.15703782 0.04908409
v 0.04496210 -0.14066237 0.06676738
v 0.04851809 -0.14683861 0.05622970
v -0.04408748 -0.12569553 0.08218964
v -0.00752919 -0.12328637 0.08883530
v 0.06011207 -0.10232788 -0.10836402
v 0.03570580 -0.09125568 -0.12245609
v 0.04336215 -0.10542017 -0.12028223
v 0.05489221 -0.08049624 -0.10455553
v 0.07260215 -0.09750673 -0.09427199
v 0.07023990 -0.11877396 -0.09606875
v 0.05360950 -0.12356357 -0.11000252
v 0.09084118 -0.10814596 -0.06907459
v 0.08988464 -0.11897401 -0.06915552
v 0.08474695 -0.09101872 -0.07170554
v 0.01656215 -0.10595882 -0.13032231
v 0.02801812 -0.12581491 -0.12294988
v 0.07474864 -0.13114306 -0.08095139
v 0.05981605 -0.13587849 -0.09394840
v 0.03315180 -0.13714698 -0.11210474
v 0.00885394 -0.08414881 -0.12750238
v -0.00763911 -0.12084475 -0.12985817
v -0.00830431 -0.09826831 -0.13277967
v -0.02852681 -0.10877829 -0.13061449
v -0.00544731 -0.13591808 -0.12051935
v -0.03447737 -0.12607421 -0.12370067
v -0.01878060 -0.07592245 -0.12409130
v -0.03343950 -0.08035712 -0.12549207
v -0.04464708 -0.09746511 -0.12585112
v 0.02650439 -0.07409690 -0.11386702
v -0.05088390 -0.11624076 -0.12165737
v -0.05065063 -0.08557401 -0.12094166
v -0.00350151 -0.07196212 -0.11946286
v -0.07303978 -0.04815667 -0.01500649
v -0.06792123 -0.03086642 -0.00058531
v -0.07150836 -0.03299029 -0.02910072
v -0.06873876 -0.04861493 0.00347771
v -0.07114485 -0.04688055 -0.04057188
v -0.05866527 -0.04955545 0.02301978
v -0.05275702 -0.03037991 0.02784984
v -0.04563861 -0.05297100 0.03891970
v -0.07521223 -0.05473376 -0.05063021
v -0.06251231 -0.03149528 -0.05486964
v -0.07017372 -0.05632464 0.01432684
v -0.08127330 -0.05575389 -0.01709826
v -0.05782793 -0.06274091 0.03963775
v -0.05727194 -0.02270771 0.00107391
v -0.05996436 -0.02240781 -0.02778744
v -0.05824470 -0.02398486 -0.04180994
v -0.04559020 -0.02403821 0.02326847
v -0.05687253 -0.04532852 -0.06645694
v -0.05903565 -0.05308096 -0.06975213
v -0.05054956 -0.03040483 -0.06865674
v -0.00002568 -0.05963203 0.05032415
v 0.01182618 -0.03561290 0.04328196
v 0.01601249 -0.06531255 0.04881540
v -0.00126578 -0.03457985 0.04547088
v -0.01537389 -0.05394863 0.04883515
v -0.03287517 -0.06532951 0.05166739
v -0.03374093 -0.03112643 0.04005940
v -0.03430700 -0.05245320 0.04372196
v -0.00740390 -0.07020072 0.05871654
v -0.00278051 -0.02660489 0.03836221
v -0.04180179 -0.03498691 0.03656691
v -0.04809992 -0.05348571 0.03514712
v -0.05868805 -0.06438982 0.03816948
v 0.01565758 -0.07505880 0.05835729
v 0.02822613 -0.02923094 0.03280248
v 0.03089533 -0.03430483 0.03400471
v 0.03117348 -0.05712691 0.03710578
v 0.03042364 -0.07201770 0.04436887
v 0.04060553 -0.06854510 0.03213660
v 0.04543544 -0.05222350 0.02082821
v 0.05136540 -0.07294143 0.02062407
v 0.05025943 -0.03484975 0.00775976
v 0.04844775 -0.02864142 0.00169787
v 0.05458400 -0.06126481 0.00247144
v 0.06319301 -0.07848162 0.00435671
v 0.05389917 -0.03388553 -0.01361615
v 0.05692279 -0.05928843 -0.01708715
v -0.07890623 -0.18198439 -0.01846864
v -0.07732379 -0.18157649 -0.04848010
v -0.07558889 -0.16342878 -0.03405053
v -0.07371972 -0.16717176 -0.01005595
v -0.07171480 -0.16367958 -0.05027872
v -0.07183708 -0.18265921 0.00261201
v -0.07614402 -0.15441222 -0.00368216
v -0.06063513 -0.16662170 0.01289963
v -0.07938903 -0.15456828 -0.03142254
v -0.07431778 -0.15221390 -0.05683468
v -0.06765888 -0.18008494 -0.06531489
v -0.06168868 -0.16163889 -0.06905016
v -0.05191614 -0.18131237 -0.08221179
v -0.07219875 -0.11319583 0.06660096
v -0.07580948 -0.09236197 0.06359494
v -0.05440925 -0.10669523 0.07952766
v -0.08884179 -0.10721980 0.04944384
v -0.09024946 -0.09401663 0.04784892
v -0.05201742 -0.11957580 0.07796897
v -0.04970896 -0.09289316 0.07943565
v -0.08606386 -0.08380917 0.04830045
v -0.10463067 -0.10267819 0.02057650
v -0.07140101 -0.12780674 0.05952235
v -0.10346120 -0.08714092 0.02168046
v -0.09480713 -0.11734051 0.03270243
v -0.08028431 -0.13720299 0.03649930
v -0.10870765 -0.11112604 0.00274218
v -0.09147990 -0.13248201 0.01922254
v -0.11102915 -0.08952238 0.00074331
v -0.09842166 -0.07661612 0.02304642
v -0.10267324 -0.12769401 -0.01697269
v -0.09204945 -0.13916191 -0.00733523
v -0.08787312 -0.14160131 -0.04681423
v -0.10342173 -0.12244952 -0.05173131
v -0.10715028 -0.07696571 0.00173849
v -0.10920311 -0.11017558 -0.04857658
v -0.11384311 -0.09431045 -0.02533415
v -0.11055881 -0.11380564 -0.02318133
v -0.11017123 -0.08353099 -0.04750159
v -0.10436175 -0.10530291 -0.06570970
v -0.10424297 -0.08699454 -0.06418879
v -0.11025570 -0.07830802 -0.02482920
v -0.09404411 -0.12198106 -0.07605719
v -0.08906389 -0.09984767 -0.09200966
v -0.07928986 -0.12175309 -0.09589922
v -0.09329244 -0.07590732 -0.07541261
v -0.08104990 -0.07836686 -0.09408425
v -0.06956105 -0.10434113 -0.11130683
v -0.06658861 -0.11684493 -0.10991015
v -0.06691632 -0.08660285 -0.11127111
v -0.05088390 -0.11624076 -0.12165737
v -0.06455998 -0.14667431 -0.08007401
v -0.05921521 -0.13116781 -0.10393420
v -0.04679578 -0.15255831 -0.08856707
v -0.04749586 -0.16595250 -0.08194471
v -0.03705543 -0.13686322 -0.11263860
v -0.03447737 -0.12607421 -0.12370067
v -0.03180530 -0.16345844 -0.09056308
v -0.03200962 -0.15159501 -0.09764790
v -0.04464708 -0.09746511 -0.12585112
v -0.05065063 -0.08557401 -0.12094166
v -0.06924406 -0.09947134 -0.11457759
v -0.05159191 -0.08627598 -0.12387972
v -0.04825880 -0.11777702 -0.12568924
v -0.03618082 -0.09618659 -0.13173366
v -0.02960893 -0.11659946 -0.13286616
v -0.06867636 -0.08380298 -0.11183898
v -0.06915048 -0.11652752 -0.11105395
v -0.08429890 -0.10700104 -0.10056883
v -0.09632128 -0.09239720 -0.08552411
v -0.08356430 -0.08127852 -0.09692379
v -0.09554241 -0.11792808 -0.08169564
v -0.10521545 -0.10746976 -0.06979024
v -0.08122104 -0.12682502 -0.09264956
v -0.10600515 -0.08715145 -0.06659345
v -0.11452887 -0.09046742 -0.04513230
v -0.09527379 -0.07092887 -0.07143066
v -0.11374552 -0.10820220 -0.04505097
v -0.10927624 -0.07631803 -0.04791885
v -0.09920204 -0.12618001 -0.06431925
v -0.10533287 -0.12550609 -0.04561677
v -0.05025900 -0.13387488 -0.11086449
v -0.07020390 -0.15604304 -0.06049527
v -0.06498083 -0.14710259 -0.08107176
v -0.05245370 -0.15989715 -0.08135115
v -0.02711720 -0.13518579 -0.12183391
v -0.02777250 -0.15393282 -0.09961968
v -0.01043970 -0.12420164 -0.13266817
v -0.00769703 -0.10927577 -0.13657334
v -0.00688882 -0.09737114 -0.13610870
v -0.03068209 -0.07801046 -0.12761432
v -0.00523692 -0.07916325 -0.12987690
v 0.09088637 -0.12123641 0.03306219
v 0.09646542 -0.12641262 0.02177596
v 0.09452292 -0.10720709 0.02521027
v 0.07872365 -0.10714595 0.04875851
v 0.07313200 -0.11863824 0.05568761
v 0.06266312 -0.10582764 0.06514366
v 0.06144132 -0.12473305 0.06618875
v 0.04167184 -0.10477813 0.07910284
v 0.06816695 -0.09463406 0.05364264
v 0.08225587 -0.09458431 0.03525898
v 0.04628179 -0.08949144 0.06775683
v 0.09894526 -0.09451413 -0.00190134
v 0.10292951 -0.10215847 -0.00324801
v 0.10432091 -0.12001874 -0.00062552
v 0.10584128 -0.10842521 -0.01676131
v 0.10209005 -0.09920351 -0.04144547
v 0.09384379 -0.08803508 -0.04718703
v 0.10581678 -0.11657102 -0.03158402
v 0.10517118 -0.12276353 -0.01791362
v 0.09557512 -0.09851333 -0.06268283
v 0.08301269 -0.08262548 -0.06639908
v 0.08371986 -0.09037272 -0.07924063
v 0.06628464 -0.07665304 -0.08954272
v 0.08517552 -0.08613300 0.00941533
v 0.06930463 -0.07494441 -0.03597477
v 0.06845632 -0.07812997 0.00212579
v 0.09185790 -0.08577918 -0.02240692
v 0.06228336 -0.08470525 0.04522444
v 0.05885004 -0.06808828 -0.05935057
v 0.04917711 -0.07280097 0.03050397
v 0.04126798 -0.06383032 -0.08122293
v 0.06449926 -0.07322618 -0.00555679
v 0.04417827 -0.06982809 -0.09976161
v 0.03285265 -0.07403824 0.04999252
v 0.01845854 -0.06063322 -0.09232214
v 0.01551408 -0.06726080 0.05180497
v 0.01589162 -0.08855995 0.08050159
v -0.00717103 -0.06736781 0.05835145
v -0.01016852 -0.08372386 0.08139933
v -0.03151318 -0.06483053 0.05343255
v -0.04613086 -0.07802490 0.07009878
v -0.05782793 -0.06274091 0.03963775
v -0.08021789 -0.07359987 0.04654165
v -0.09442805 -0.06661415 0.01462004
v -0.07017372 -0.05632464 0.01432684
v -0.02228480 -0.08979596 0.08663736
v -0.04568323 -0.09103516 0.08246592
v -0.06694713 -0.08872999 0.07053528
v -0.10057805 -0.07840301 0.02615235
v 0.03944427 -0.12739491 0.07445353
v 0.01900500 -0.11274084 0.08468170
v 0.04869496 -0.11088969 0.07376385
v 0.01397223 -0.12828286 0.08090167
v -0.02096830 -0.11746049 0.08712415
v -0.00412540 -0.10526099 0.08725703
v -0.00925896 -0.13439065 0.07733276
v 0.03147302 -0.13802660 0.06936542
v -0.03567030 -0.13061476 0.07795479
v -0.05201742 -0.11957580 0.07796897
v 0.04835266 -0.14326122 0.05672761
v 0.06206668 -0.12871331 0.05948298
v -0.05440925 -0.10669523 0.07952766
v -0.02898180 -0.09887335 0.08609192
v 0.02612230 -0.09973478 0.08011232
v -0.04970896 -0.09289316 0.07943565
v -0.00255552 -0.09113506 0.08276185
v 0.07119012 -0.12141009 0.05309997
v 0.06375816 -0.10479578 0.06079145
v 0.01678271 -0.09091221 0.07775375
v 0.04547737 -0.09057844 0.06468286
v -0.02848840 -0.08416148 0.07723146
v -0.01405787 -0.18013515 0.03555592
v -0.02934265 -0.16075312 0.03661852
v 0.00315992 -0.16815782 0.03760035
v -0.02865027 -0.18383102 0.03233740
v -0.00862217 -0.18491425 0.03677696
v 0.01754182 -0.18469422 0.03126274
v 0.02173557 -0.16729195 0.03522107
v 0.00257990 -0.15924565 0.04311061
v 0.02953990 -0.16210532 0.03606325
v -0.04227419 -0.17224710 0.02694934
v -0.04763137 -0.15863478 0.02928278
v -0.05478026 -0.18270499 0.02021274
v -0.06063513 -0.16662170 0.01289963
v -0.07183708 -0.18265921 0.00261201
v 0.03840082 -0.15252471 0.04997819
v 0.01318674 -0.14456129 0.06562077
v -0.00918519 -0.14331372 0.06438844
v -0.03010206 -0.13935341 0.06991208
v -0.01873205 -0.15071693 0.04810039
v -0.04044809 -0.15220472 0.04234266
v -0.05260808 -0.14018346 0.05998392
v -0.06564107 -0.14183976 0.04722200
v -0.06533691 -0.15504071 0.01919703
v -0.07140101 -0.12780674 0.05952235
v -0.08028431 -0.13720299 0.03649930
v -0.07614402 -0.15441222 -0.00368216
v 0.04327095 -0.05249002 -0.06176781
v 0.03530173 -0.03091381 -0.06333441
v 0.02122733 -0.04950050 -0.07914531
v 0.01244693 -0.03023242 -0.07741327
v 0.00460565 -0.03458109 -0.08149035
v 0.00310061 -0.04695341 -0.08422273
v -0.01689129 -0.05900936 -0.09374855
v -0.01750753 -0.03694790 -0.08390412
v -0.02024532 -0.04926226 -0.08598772
v 0.02440470 -0.06355695 -0.08996808
v -0.02457134 -0.02937463 -0.07860290
v 0.04108378 -0.06457598 -0.07630988
v 0.04626409 -0.03367960 -0.05025046
v 0.05555608 -0.06425840 -0.05111262
v 0.03958395 -0.02590255 -0.04569652
v 0.05160540 -0.03176915 -0.03297975
v 0.05538552 -0.05610683 -0.03510533
v 0.06972386 -0.07865543 -0.02434955
v 0.05389917 -0.03388553 -0.01361615
v 0.05692279 -0.05928843 -0.01708715
v 0.05025943 -0.03484975 0.00775976
v 0.09985866 -0.12240782 -0.02357730
v 0.10000236 -0.11349266 -0.00763549
v 0.10157928 -0.10954847 -0.02610481
v 0.09899922 -0.11816957 -0.04428761
v 0.09627596 -0.09865960 -0.04768471
v 0.09084118 -0.10814596 -0.06907459
v 0.08988464 -0.11897401 -0.06915552
v 0.08474695 -0.09101872 -0.07170554
v 0.09610299 -0.09448168 -0.02760969
v 0.09489275 -0.09610800 -0.00219188
v 0.09511720 -0.10781226 0.01419027
v 0.08928398 -0.08796640 -0.05012427
v 0.09787031 -0.12250811 0.00050587
v 0.09257653 -0.12647842 0.01906362
v 0.08721923 -0.11682920 0.03223129
v 0.07600991 -0.10678733 0.04748724
v 0.07714090 -0.09164466 0.03151127
v 0.06019559 -0.08895591 0.04962696
v 0.06375816 -0.10479578 0.06079145
v 0.04547737 -0.09057844 0.06468286
v 0.07119012 -0.12141009 0.05309997
v 0.04869496 -0.11088969 0.07376385
v 0.03042364 -0.07201770 0.04436887
v 0.05045051 -0.07907089 0.03575066
v 0.06319301 -0.07848162 0.00435671
v 0.08958860 -0.08991775 -0.00473653
v 0.06488631 -0.07472424 -0.05980613
v 0.06799599 -0.07789085 -0.07710556
v 0.04767100 -0.07320181 -0.09869221
v 0.01565758 -0.07505880 0.05835729
v 0.05489221 -0.08049624 -0.10455553
v 0.05136540 -0.07294143 0.02062407
v 0.04060553 -0.06854510 0.03213660
v 0.01678271 -0.09091221 0.07775375
v -0.00800692 -0.07970807 0.07163238
v -0.00740390 -0.07020072 0.05871654
v -0.02848840 -0.08416148 0.07723146
v -0.03287517 -0.06532951 0.05166739
v -0.00255552 -0.09113506 0.08276185
v -0.05596665 -0.08163542 0.06739800
v -0.08089583 -0.07275958 0.04016296
v -0.05868805 -0.06438982 0.03816948
v -0.09327523 -0.06768141 0.01112255
v -0.06952013 -0.05995822 0.01857659
v -0.04970896 -0.09289316 0.07943565
v -0.08606386 -0.08380917 0.04830045
v -0.07580948 -0.09236197 0.06359494
v 0.05458400 -0.06126481 0.00247144
v -0.04823811 -0.20309550 -0.09756678
v -0.05270017 -0.19202249 -0.09471614
v -0.03340591 -0.19166702 -0.10227015
v -0.02257927 -0.20408490 -0.10553364
v -0.01636550 -0.19160210 -0.10399920
v -0.06758011 -0.20294137 -0.08400372
v -0.06905691 -0.19099297 -0.08196954
v -0.08065830 -0.19108862 -0.06726158
v -0.04846225 -0.17972034 -0.08534955
v -0.03204872 -0.18019837 -0.09308591
v -0.06160919 -0.17887960 -0.07412407
v -0.06282476 -0.16510664 -0.06959790
v -0.01486131 -0.18050474 -0.09571318
v -0.07562370 -0.17954810 -0.05402061
v -0.07723138 -0.16531724 -0.03937058
v -0.05245370 -0.15989715 -0.08135115
v -0.07020390 -0.15604304 -0.06049527
v -0.08596717 -0.20341454 -0.05745802
v -0.08897661 -0.19030949 -0.04287152
v -0.09070721 -0.20387356 -0.03003018
v -0.00486243 -0.05765200 0.05241440
v -0.00132170 -0.03192224 0.04738543
v -0.01584365 -0.05323478 0.05067883
v -0.02737767 -0.03089644 0.04430113
v -0.03151318 -0.06483053 0.05343255
v -0.03550874 -0.04981577 0.04398715
v -0.00717103 -0.06736781 0.05835145
v 0.01653696 -0.03209297 0.04327458
v 0.01551408 -0.06726080 0.05180497
v 0.02136898 -0.04898708 0.04330567
v -0.01792592 -0.02375050 0.03798167
v 0.03441973 -0.06509049 0.03927996
v 0.03397519 -0.03083290 0.03193763
v 0.01265094 -0.02391882 0.03486075
v 0.03285265 -0.07403824 0.04999252
v -0.04563861 -0.05297100 0.03891970
v -0.05782793 -0.06274091 0.03963775
v -0.05275702 -0.03037991 0.02784984
v -0.04559020 -0.02403821 0.02326847
v -0.03271332 -0.03059903 -0.08052482
v -0.01853037 -0.04820392 -0.08748863
v -0.03914289 -0.04577719 -0.08015123
v -0.00626752 -0.02974841 -0.08437686
v 0.00575102 -0.04892157 -0.08602843
v -0.04118047 -0.05476756 -0.08521824
v 0.02217972 -0.03062317 -0.07575668
v -0.02133611 -0.05644595 -0.09354489
v 0.03033591 -0.05329731 -0.07657982
v -0.00577111 -0.05754486 -0.09495579
v 0.01845854 -0.06063322 -0.09232214
v 0.04126798 -0.06383032 -0.08122293
v 0.03719379 -0.04925059 -0.06857981
v 0.05885004 -0.06808828 -0.05935057
v 0.04158141 -0.03107242 -0.05964715
v 0.05012048 -0.05171479 -0.05209015
v -0.05054956 -0.03040483 -0.06865674
v -0.05687253 -0.04532852 -0.06645694
v -0.05903565 -0.05308096 -0.06975213
v -0.02366362 -0.11080021 0.09144848
v -0.04568323 -0.09103516 0.08246592
v -0.05003573 -0.10739257 0.08428108
v -0.02228480 -0.08979596 0.08663736
v -0.00862278 -0.09519083 0.08905979
v -0.00609470 -0.10845841 0.09170052
v 0.01649839 -0.10399941 0.08730970
v 0.01589162 -0.08855995 0.08050159
v -0.01016852 -0.08372386 0.08139933
v 0.04167184 -0.10477813 0.07910284
v 0.02757587 -0.11952005 0.08501562
v 0.04628179 -0.08949144 0.06775683
v -0.00752919 -0.12328637 0.08883530
v 0.06144132 -0.12473305 0.06618875
v -0.04408748 -0.12569553 0.08218964
v 0.02072626 -0.13422483 0.07943269
v 0.04496210 -0.14066237 0.06676738
v -0.06016375 -0.11690835 0.07706194
v -0.06694713 -0.08872999 0.07053528
v -0.07696415 -0.09859316 0.06688709
v -0.08976535 -0.08600282 0.04892668
v -0.08021789 -0.07359987 0.04654165
v -0.10057805 -0.07840301 0.02615235
v 0.00013473 -0.00756430 -0.02986933
v 0.00179746 0.03174459 -0.02874549
v 0.00637865 0.01075674 -0.04152840
v 0.00674551 -0.00431793 -0.04659139
v -0.00086475 -0.01521552 -0.03580358
v 0.00200508 -0.01966996 -0.04951997
v 0.00850321 0.02382778 -0.03610954
v -0.01220058 -0.01192661 -0.02752021
v 0.01272037 -0.01920225 -0.05071314
v -0.06867636 -0.08380298 -0.11183898
v -0.08356430 -0.08127852 -0.09692379
v -0.05725469 -0.06996402 -0.10996683
v -0.07481337 -0.06657165 -0.09071045
v -0.09527379 -0.07092887 -0.07143066
v -0.05159191 -0.08627598 -0.12387972
v -0.03068209 -0.07801046 -0.12761432
v -0.02265802 -0.06866314 -0.11999911
v -0.05370220 -0.06475738 -0.10309929
v -0.08496024 -0.06264549 -0.06692947
v -0.05903565 -0.05308096 -0.06975213
v -0.04118047 -0.05476756 -0.08521824
v -0.02133611 -0.05644595 -0.09354489
v -0.07521223 -0.05473376 -0.05063021
v -0.07114485 -0.04688055 -0.04057188
v -0.09960700 -0.06422274 -0.03609183
v -0.00577111 -0.05754486 -0.09495579
v -0.08127330 -0.05575389 -0.01709826
v 0.01786484 -0.07019571 -0.11654674
v -0.09980805 -0.06434087 -0.01345523
v 0.01845854 -0.06063322 -0.09232214
v 0.04417827 -0.06982809 -0.09976161
v -0.09442805 -0.06661415 0.01462004
v -0.07017372 -0.05632464 0.01432684
v -0.00523692 -0.07916325 -0.12987690
v 0.05268430 -0.08066770 -0.10994697
v 0.06628464 -0.07665304 -0.08954272
v 0.03667155 -0.08399861 -0.12232187
v -0.10927624 -0.07631803 -0.04791885
v -0.11061150 -0.07426172 -0.02142018
v -0.10929970 -0.07600372 0.00050693
v -0.10057805 -0.07840301 0.02615235
v -0.07069633 -0.04839363 -0.03214337
v -0.06696580 -0.03138094 -0.03201250
v -0.06740709 -0.03140065 -0.01217209
v -0.06914790 -0.04687592 -0.00288936
v -0.06124078 -0.03106711 0.00957204
v -0.05842542 -0.04990505 0.02125910
v -0.05264424 -0.03137263 0.02452542
v -0.04809992 -0.05348571 0.03514712
v -0.04180179 -0.03498691 0.03656691
v -0.07510348 -0.05797040 0.00216403
v -0.08072048 -0.05798687 -0.02326116
v -0.06952013 -0.05995822 0.01857659
v -0.05868805 -0.06438982 0.03816948
v -0.03374093 -0.03112643 0.04005940
v -0.05738652 -0.02437779 -0.00607317
v -0.07422571 -0.05796611 -0.05354672
v -0.06621219 -0.04642849 -0.04850729
v -0.06218786 -0.03407685 -0.05202807
v -0.00688996 0.06787142 -0.03545520
v 0.00422049 0.07691250 -0.03388193
v 0.00356516 0.05455831 -0.02747823
v -0.01263050 0.04650015 -0.03383848
v 0.00179746 0.03174459 -0.02874549
v -0.01453898 0.07707427 -0.03535115
v 0.00311340 0.09969243 -0.03490650
v -0.01832083 0.04299857 -0.03164187
v -0.01171129 0.02281647 -0.02661079
v -0.00807649 0.00410614 -0.02550195
v 0.00678781 0.03364331 -0.02378388
v 0.00013473 -0.00756430 -0.02986933
v -0.01220058 -0.01192661 -0.02752021
v 0.00850321 0.02382778 -0.03610954
v -0.00225988 0.14398526 -0.01571351
v -0.00314606 0.16933624 -0.01056483
v 0.00136130 0.15877476 -0.01413699
v 0.00119717 0.18433993 -0.00894399
v -0.00720386 0.14421587 -0.01276607
v -0.00792706 0.12256908 -0.01531046
v -0.02071786 0.16278619 -0.01497368
v 0.04788663 -0.18463306 -0.04948698
v 0.03520397 -0.18323922 -0.07050805
v 0.04577663 -0.19408768 -0.07005458
v 0.05668470 -0.19480956 -0.04535845
v 0.05172146 -0.18268925 -0.03130759
v 0.02801279 -0.19270976 -0.08877322
v 0.01724218 -0.18327865 -0.08546413
v 0.01280682 -0.19265778 -0.09723882
v 0.00065153 -0.18257035 -0.09218290
v 0.03082369 -0.20337354 -0.08964072
v 0.05008389 -0.20431694 -0.06527930
v 0.05707697 -0.20496686 -0.04907596
v 0.04387800 -0.18619351 0.00152896
v 0.04623409 -0.17171811 -0.00060819
v 0.05106050 -0.18540971 -0.01506551
v 0.05407303 -0.17654483 -0.01742643
v 0.03274189 -0.18457364 0.01999999
v 0.03864571 -0.16871677 0.02018897
v 0.02173557 -0.16729195 0.03522107
v 0.01754182 -0.18469422 0.03126274
v 0.06017609 -0.16142702 -0.00879862
v 0.06332848 -0.16522813 -0.02337298
v 0.04920795 -0.16442882 0.00683366
v 0.04956678 -0.15867056 0.01982371
v 0.02953990 -0.16210532 0.03606325
v 0.05172146 -0.18268925 -0.03130759
v 0.03840082 -0.15252471 0.04997819
v 0.05540402 -0.15124054 0.03117681
v 0.04835266 -0.14326122 0.05672761
v 0.07431218 -0.13002010 0.04164643
v 0.06206668 -0.12871331 0.05948298
v 0.07692203 -0.14545985 0.01921352
v 0.07067912 -0.15373613 0.01045460
v 0.09257653 -0.12647842 0.01906362
v 0.06387586 -0.15980116 -0.00674236
v 0.07119012 -0.12141009 0.05309997
v 0.08721923 -0.11682920 0.03223129
v -0.08154789 -0.20299180 0.01318242
v -0.08728590 -0.19101964 -0.00491741
v -0.08958022 -0.20389439 -0.00797160
v -0.09184990 -0.19485599 -0.02720250
v -0.09070721 -0.20387356 -0.03003018
v -0.07356719 -0.19254939 0.02035115
v -0.06751105 -0.20296392 0.03005148
v -0.05876574 -0.19329153 0.03382035
v -0.07355386 -0.18052806 0.00044997
v -0.08897661 -0.19030949 -0.04287152
v -0.08015773 -0.18023562 -0.02752046
v -0.07562370 -0.17954810 -0.05402061
v -0.08065830 -0.19108862 -0.06726158
v -0.07723138 -0.16531724 -0.03937058
v -0.07711609 -0.16107975 -0.01379572
v -0.06966145 -0.16469404 0.00206439
v -0.06081157 -0.16598997 0.01483509
v -0.06019425 -0.18077007 0.01622815
v 0.04783778 -0.18520059 -0.00504650
v 0.04975131 -0.17171787 -0.00320206
v 0.04348109 -0.18400766 0.00532595
v 0.05413241 -0.18527631 -0.01898572
v 0.05756091 -0.17891072 -0.02325877
v 0.04665933 -0.17252396 0.00677315
v 0.03599209 -0.17743675 0.01995171
v 0.03290506 -0.18637772 0.02347371
v 0.04381112 -0.16331586 0.02428612
v 0.06387586 -0.15980116 -0.00674236
v 0.06175273 -0.17325620 -0.02352983
v 0.02285208 -0.17098784 0.03451614
v 0.01752845 -0.18516882 0.03320052
v 0.07859682 -0.15085062 -0.00800405
v 0.07928362 -0.15723301 -0.02433547
v 0.03480528 -0.15703782 0.04908409
v 0.08334327 -0.14786628 -0.00762983
v 0.09997223 -0.13295168 -0.02326431
v 0.04851809 -0.14683861 0.05622970
v 0.05677499 -0.15268746 0.03260545
v 0.07203484 -0.13530444 0.04361914
v 0.06144132 -0.12473305 0.06618875
v 0.04496210 -0.14066237 0.06676738
v 0.06544054 -0.16093962 0.01335386
v 0.07946320 -0.15288343 0.01176321
v 0.08613552 -0.13866077 0.02601596
v 0.07648513 -0.15188843 -0.00656715
v 0.09646542 -0.12641262 0.02177596
v 0.09652386 -0.13524012 0.00393564
v 0.07313200 -0.11863824 0.05568761
v 0.09088637 -0.12123641 0.03306219
v 0.05314121 -0.18512933 -0.03304034
v 0.10517118 -0.12276353 -0.01791362
v 0.10432091 -0.12001874 -0.00062552
v -0.02024532 -0.04926226 -0.08598772
v -0.01750753 -0.03694790 -0.08390412
v -0.03663366 -0.05201413 -0.08218452
v -0.03479026 -0.03396450 -0.07790790
v -0.02457134 -0.02937463 -0.07860290
v -0.05410199 -0.04907686 -0.06920391
v -0.04973529 -0.03097572 -0.06614798
v -0.01689129 -0.05900936 -0.09374855
v -0.05474194 -0.05801937 -0.07835759
v -0.06218786 -0.03407685 -0.05202807
v -0.07422571 -0.05796611 -0.05354672
v -0.06621219 -0.04642849 -0.04850729
v -0.05543070 -0.02548797 -0.04678920
v -0.06696580 -0.03138094 -0.03201250
v -0.05065063 -0.08557401 -0.12094166
v -0.03343950 -0.08035712 -0.12549207
v -0.05738157 -0.06945202 -0.10556877
v -0.03627563 -0.06980248 -0.11511116
v -0.06691632 -0.08660285 -0.11127111
v -0.08104990 -0.07836686 -0.09408425
v -0.07910151 -0.06608688 -0.07852676
v -0.09329244 -0.07590732 -0.07541261
v -0.09873264 -0.06804591 -0.04785336
v -0.08072048 -0.05798687 -0.02326116
v -0.09820703 -0.06509432 -0.02114394
v -0.00611585 -0.06199492 -0.09800578
v -0.00350151 -0.07196212 -0.11946286
v 0.02440470 -0.06355695 -0.08996808
v 0.02650439 -0.07409690 -0.11386702
v -0.01878060 -0.07592245 -0.12409130
v 0.04767100 -0.07320181 -0.09869221
v -0.09327523 -0.06768141 0.01112255
v -0.07510348 -0.05797040 0.00216403
v -0.06952013 -0.05995822 0.01857659
v 0.05489221 -0.08049624 -0.10455553
v -0.10715028 -0.07696571 0.00173849
v -0.11025570 -0.07830802 -0.02482920
v -0.09842166 -0.07661612 0.02304642
v -0.08089583 -0.07275958 0.04016296
v -0.11017123 -0.08353099 -0.04750159
v -0.08606386 -0.08380917 0.04830045
v 0.00494768 -0.20368457 -0.10221595
v 0.01280682 -0.19265778 -0.09723882
v -0.01238577 -0.19301492 -0.10330068
v -0.02257927 -0.20408490 -0.10553364
v 0.03082369 -0.20337354 -0.08964072
v 0.02801279 -0.19270976 -0.08877322
v -0.03562949 -0.19120593 -0.09990660
v 0.00065153 -0.18257035 -0.09218290
v -0.01735513 -0.18154059 -0.09373929
v -0.03438604 -0.18104805 -0.09098040
v -0.00291264 -0.16552518 -0.09231748
v -0.03180530 -0.16345844 -0.09056308
v 0.01724218 -0.18327865 -0.08546413
v 0.02272268 -0.16775899 -0.08106268
v -0.04823811 -0.20309550 -0.09756678
v -0.05223674 -0.19155425 -0.09326930
v -0.04749586 -0.16595250 -0.08194471
v -0.05191614 -0.18131237 -0.08221179
v -0.06808938 -0.19105579 -0.08177548
v -0.06758011 -0.20294137 -0.08400372
v -0.06168868 -0.16163889 -0.06905016
v -0.06765888 -0.18008494 -0.06531489
v -0.08076114 -0.19016916 -0.06330507
v -0.08596717 -0.20341454 -0.05745802
v -0.01033574 -0.15469356 -0.09894626
v -0.03200962 -0.15159501 -0.09764790
v -0.08781753 -0.19042407 -0.04074868
v -0.09070721 -0.20387356 -0.03003018
v -0.08778979 -0.19222909 -0.01116910
v 0.05008389 -0.20431694 -0.06527930
v 0.04813913 -0.19420318 -0.06825427
v 0.05712201 -0.19568898 -0.04930986
v 0.05707697 -0.20496686 -0.04907596
v 0.03082369 -0.20337354 -0.08964072
v 0.02954403 -0.19167922 -0.08791588
v 0.06075624 -0.19490750 -0.02708097
v 0.04868872 -0.18352363 -0.05034140
v 0.05314121 -0.18512933 -0.03304034
v 0.03903297 -0.18333325 -0.06714348
v 0.02688719 -0.18235044 -0.08007618
v 0.05413241 -0.18527631 -0.01898572
v 0.00402045 -0.18137972 -0.09262539
v 0.00661434 -0.19307126 -0.10135773
v -0.01636550 -0.19160210 -0.10399920
v -0.01486131 -0.18050474 -0.09571318
v 0.03029552 0.11080316 0.00635674
v 0.03018551 0.11826663 0.00370739
v 0.03658718 0.12884732 0.00147602
v 0.03198522 0.14539213 -0.00529378
v 0.02177210 0.10950908 0.00538356
v 0.01683384 0.14158480 0.00152559
v 0.02118383 0.13597229 0.00270866
v 0.02035830 0.09907302 0.00178253
v 0.01665503 0.10305998 0.00365231
v 0.03301185 0.08492234 0.00569123
v 0.01819756 0.07017835 -0.00331760
v 0.00494768 -0.20368457 -0.10221595
v 0.00661434 -0.19307126 -0.10135773
v 0.03082369 -0.20337354 -0.08964072
v 0.02954403 -0.19167922 -0.08791588
v -0.02257927 -0.20408490 -0.10553364
v -0.01636550 -0.19160210 -0.10399920
v -0.06751105 -0.20296392 0.03005148
v -0.05107684 -0.19388197 0.03761228
v -0.04061441 -0.20317072 0.04685334
v -0.06711102 -0.19155146 0.02553223
v -0.02477852 -0.19463573 0.04718699
v -0.01386063 -0.20565176 0.05150137
v -0.08116601 -0.19125795 0.00757694
v -0.08154789 -0.20299180 0.01318242
v -0.08778979 -0.19222909 -0.01116910
v -0.08958022 -0.20389439 -0.00797160
v -0.09070721 -0.20387356 -0.03003018
v -0.00862217 -0.18491425 0.03677696
v 0.01754182 -0.18469422 0.03126274
v 0.00696111 -0.19469459 0.04450252
v -0.02865027 -0.18383102 0.03233740
v -0.05478026 -0.18270499 0.02021274
v -0.07183708 -0.18265921 0.00261201
v -0.07890623 -0.18198439 -0.01846864
v -0.08781753 -0.19042407 -0.04074868
v -0.07732379 -0.18157649 -0.04848010
v -0.08076114 -0.19016916 -0.06330507
v -0.06765888 -0.18008494 -0.06531489
v 0.03245596 0.12848341 0.00423035
v 0.02390645 0.14422773 0.00537645
v 0.02118383 0.13597229 0.00270866
v 0.02177210 0.10950908 0.00538356
v 0.01683384 0.14158480 0.00152559
v 0.03029552 0.11080316 0.00635674
v 0.03658718 0.12884732 0.00147602
v 0.01805232 0.14655811 0.00893805
v 0.03198522 0.14539213 -0.00529378
v -0.04846225 -0.17972034 -0.08534955
v -0.03101791 -0.16469344 -0.09226555
v -0.03204872 -0.18019837 -0.09308591
v -0.05245370 -0.15989715 -0.08135115
v -0.01739567 -0.16256198 -0.09488919
v -0.01486131 -0.18050474 -0.09571318
v -0.00001116 -0.16426174 -0.09300722
v 0.00402045 -0.18137972 -0.09262539
v -0.02777250 -0.15393282 -0.09961968
v 0.00166859 -0.15429467 -0.10003918
v 0.02688719 -0.18235044 -0.08007618
v 0.01951453 -0.16437055 -0.08488717
v 0.03702420 -0.16643523 -0.07122319
v 0.03903297 -0.18333325 -0.06714348
v 0.04971857 -0.16727065 -0.05254792
v 0.04868872 -0.18352363 -0.05034140
v 0.05314121 -0.18512933 -0.03304034
v 0.06175273 -0.17325620 -0.02352983
v 0.05874206 -0.15830849 -0.04435167
v 0.04979238 -0.15802312 -0.06733596
v 0.03591942 -0.15547965 -0.08473608
v 0.07503971 -0.15133351 -0.03568660
v 0.07928362 -0.15723301 -0.02433547
v 0.07010297 -0.14087521 -0.08136543
v 0.03463045 -0.13995466 -0.11223099
v 0.08004072 -0.14217806 -0.06453183
v 0.08068688 -0.14591923 -0.04294852
v 0.09997223 -0.13295168 -0.02326431
v 0.09425922 -0.13299921 -0.04985181
v -0.00019673 -0.13524251 -0.12440149
v 0.01909359 -0.12543543 -0.12822582
v -0.02711720 -0.13518579 -0.12183391
v -0.01043970 -0.12420164 -0.13266817
v -0.00769703 -0.10927577 -0.13657334
v 0.01805047 -0.10863280 -0.13304962
v 0.04011197 -0.11040726 -0.12490814
v 0.03667155 -0.08399861 -0.12232187
v 0.05704531 -0.10546860 -0.11425119
v 0.02638246 -0.09057955 -0.12929693
v 0.05268430 -0.08066770 -0.10994697
v 0.07278597 -0.09389484 -0.09719054
v 0.07028276 -0.11809636 -0.10038957
v 0.08539336 -0.10728806 -0.08327043
v 0.08371986 -0.09037272 -0.07924063
v 0.09557512 -0.09851333 -0.06268283
v 0.06628464 -0.07665304 -0.08954272
v 0.08551718 -0.12531167 -0.07840415
v 0.10086280 -0.11978297 -0.05133993
v 0.04927267 -0.12768050 -0.11425263
v 0.10209005 -0.09920351 -0.04144547
v 0.10581678 -0.11657102 -0.03158402
v 0.06285258 -0.13565698 -0.09519289
v 0.10517118 -0.12276353 -0.01791362
v -0.00688882 -0.09737114 -0.13610870
v -0.00523692 -0.07916325 -0.12987690
v 0.00775832 -0.20413695 0.04793199
v -0.00636689 -0.19652230 0.04978809
v -0.01386063 -0.20565176 0.05150137
v 0.01309542 -0.19520450 0.04385861
v 0.03024485 -0.20096487 0.03616526
v -0.04061441 -0.20317072 0.04685334
v -0.02322652 -0.19274655 0.04660327
v -0.00556659 -0.18452886 0.03839510
v -0.02761487 -0.18276276 0.03389860
v -0.05876574 -0.19329153 0.03382035
v -0.04494936 -0.18162416 0.02656061
v -0.06019425 -0.18077007 0.01622815
v -0.07356719 -0.19254939 0.02035115
v -0.07355386 -0.18052806 0.00044997
v 0.01752845 -0.18516882 0.03320052
v -0.06751105 -0.20296392 0.03005148
v 0.03301185 0.08492234 0.00569123
v 0.02295009 0.09506920 0.01129766
v 0.01566957 0.09595584 0.02125931
v 0.02432181 0.08507445 0.01676746
v 0.03029552 0.11080316 0.00635674
v 0.02581717 0.07703782 0.00251907
v 0.01080128 0.09951641 0.01598090
v 0.05503285 -0.20499346 0.00408174
v 0.04502578 -0.19526812 0.01995317
v 0.04312119 -0.20451792 0.02328308
v 0.05639233 -0.19501776 -0.00146540
v 0.03024485 -0.20096487 0.03616526
v 0.06089367 -0.20548330 -0.02078391
v 0.06075624 -0.19490750 -0.02708097
v 0.05413241 -0.18527631 -0.01898572
v 0.04348109 -0.18400766 0.00532595
v 0.04783778 -0.18520059 -0.00504650
v 0.03290506 -0.18637772 0.02347371
v 0.01752845 -0.18516882 0.03320052
v 0.01309542 -0.19520450 0.04385861
v 0.05707697 -0.20496686 -0.04907596
v 0.04312119 -0.20451792 0.02328308
v 0.04704589 -0.19466320 0.01457458
v 0.05503285 -0.20499346 0.00408174
v 0.02700088 -0.19649222 0.03640058
v 0.03024485 -0.20096487 0.03616526
v 0.05685713 -0.19342935 -0.01231464
v 0.05106050 -0.18540971 -0.01506551
v 0.04387800 -0.18619351 0.00152896
v 0.03274189 -0.18457364 0.01999999
v 0.05172146 -0.18268925 -0.03130759
v 0.05668470 -0.19480956 -0.04535845
v 0.06089367 -0.20548330 -0.02078391
v 0.05707697 -0.20496686 -0.04907596
v 0.00775832 -0.20413695 0.04793199
v 0.00696111 -0.19469459 0.04450252
v 0.01754182 -0.18469422 0.03126274
v -0.02477852 -0.19463573 0.04718699
v -0.01386063 -0.20565176 0.05150137
v -0.01179629 -0.01487074 0.00229876
v -0.00377524 -0.00865288 -0.00480089
v -0.01209810 -0.00395721 -0.00544098
v 0.00646676 -0.01594287 -0.00825808
v 0.00312362 -0.00327307 -0.01046510
v -0.00455251 0.00851659 -0.00400853
v -0.01269058 0.01300547 -0.00651715
v 0.00168211 0.02568668 0.00202313
v -0.01340196 0.03124049 0.00254674
v -0.00642240 0.04461635 0.01742488
v 0.00892445 0.04879753 0.01011767
v 0.00039740 0.05606426 0.01935337
v 0.01145571 0.03591951 -0.00381897
v 0.00553690 0.02092763 -0.00742575
v 0.01909757 0.06081711 0.00128311
v 0.00607430 0.01470570 -0.01916328
v 0.00756823 -0.01076146 -0.02061901
v 0.00073543 0.06728927 0.02067690
v 0.02432181 0.08507445 0.01676746
v 0.01190358 0.09468933 0.01456022
v 0.02176005 0.08975667 0.01125215
v 0.02581717 0.07703782 0.00251907
v 0.01566957 0.09595584 0.02125931
v 0.01516626 0.09524111 0.00774752
v 0.01080128 0.09951641 0.01598090
v 0.01663722 0.07974265 0.00217586
v 0.01909757 0.06081711 0.00128311
v 0.00637277 0.15923305 -0.04590824
v 0.00424666 0.17792173 -0.05165795
v 0.00989091 0.17975889 -0.05156822
v 0.01683384 0.14158480 0.00152559
v 0.01805232 0.14655811 0.00893805
v 0.02390645 0.14422773 0.00537645
v 0.03198522 0.14539213 -0.00529378
v 0.02176005 0.08975667 0.01125215
v 0.02295009 0.09506920 0.01129766
v 0.01665503 0.10305998 0.00365231
v 0.02177210 0.10950908 0.00538356
v 0.03029552 0.11080316 0.00635674
v 0.01516626 0.09524111 0.00774752
v 0.06387586 -0.15980116 -0.00674236
v 0.06870160 -0.15540327 -0.00550948
v 0.06332848 -0.16522813 -0.02337298
v 0.07554919 -0.15483820 -0.02432366
v 0.07859682 -0.15085062 -0.00800405
v 0.09299635 -0.13491572 -0.02875551
v 0.09128942 -0.13571554 0.00649043
v 0.09035815 -0.13453557 -0.04400248
v 0.07648513 -0.15188843 -0.00656715
v 0.07067912 -0.15373613 0.01045460
v 0.07692203 -0.14545985 0.01921352
v 0.07503971 -0.15133351 -0.03568660
v 0.09787031 -0.12250811 0.00050587
v 0.09257653 -0.12647842 0.01906362
v 0.09985866 -0.12240782 -0.02357730
v 0.10000236 -0.11349266 -0.00763549
v 0.09899922 -0.11816957 -0.04428761
v 0.08394045 -0.13410160 -0.06182769
v 0.07209463 -0.14109433 -0.07158890
v 0.08988464 -0.11897401 -0.06915552
v 0.04999050 -0.15585095 -0.06504747
v 0.07474864 -0.13114306 -0.08095139
v 0.04273150 -0.15645523 -0.07467514
v 0.05981605 -0.13587849 -0.09394840
v 0.05994377 -0.15538679 -0.04217463
v 0.03315180 -0.13714698 -0.11210474
v 0.01902711 -0.15737769 -0.08764493
v 0.05360950 -0.12356357 -0.11000252
v -0.01033574 -0.15469356 -0.09894626
v -0.00544731 -0.13591808 -0.12051935
v -0.03200962 -0.15159501 -0.09764790
v -0.03705543 -0.13686322 -0.11263860
v -0.03447737 -0.12607421 -0.12370067
v 0.03520397 -0.18323922 -0.07050805
v 0.04788663 -0.18463306 -0.04948698
v 0.03935276 -0.16779141 -0.06753311
v 0.05019097 -0.16801332 -0.04693049
v 0.05172146 -0.18268925 -0.03130759
v 0.02272268 -0.16775899 -0.08106268
v 0.01724218 -0.18327865 -0.08546413
v -0.00291264 -0.16552518 -0.09231748
v -0.01791319 0.09852894 0.00300275
v -0.01914113 0.11511237 0.00186097
v -0.02344047 0.10584497 0.00288996
v 0.02118383 0.13597229 0.00270866
v 0.01805232 0.14655811 0.00893805
v 0.01683384 0.14158480 0.00152559
v 0.02176005 0.08975667 0.01125215
v 0.01190358 0.09468933 0.01456022
v 0.02295009 0.09506920 0.01129766
v 0.01080128 0.09951641 0.01598090
v 0.00472598 0.18150398 -0.04559223
v 0.00989091 0.17975889 -0.05156822
v 0.00424666 0.17792173 -0.05165795
v 0.06017609 -0.16142702 -0.00879862
v 0.07067912 -0.15373613 0.01045460
v 0.06870160 -0.15540327 -0.00550948
v 0.01909757 0.06081711 0.00128311
v 0.01663722 0.07974265 0.00217586
v 0.00536034 0.07912710 0.01620057
v 0.01516626 0.09524111 0.00774752
v 0.01190358 0.09468933 0.01456022
v 0.00943906 0.09515249 0.02257335
v 0.00351903 0.06898605 0.02457609
v 0.00712828 0.08403300 0.03529694
v 0.00648013 0.09590799 0.04522793
v 0.01080128 0.09951641 0.01598090
v 0.00073543 0.06728927 0.02067690
v 0.00397873 0.10674895 0.05250438
v 0.00164926 0.12354431 0.04211061
v 0.00662049 0.13716970 0.05122410
v 0.01102979 0.15270837 0.04227851
v 0.00531827 0.13539366 0.02175326
v 0.01145600 0.15484956 0.03216347
v 0.01884797 0.17172161 0.03929852
v 0.01301918 0.16944489 0.03038453
v 0.00991074 0.15365270 0.01845644
v 0.00939039 0.17637117 0.01380849
v 0.01001233 0.18125916 0.02421118
v 0.01113026 0.14859919 0.01781202
v 0.01147846 0.13482119 0.00642070
v 0.00932789 0.19428375 0.03052869
v 0.00945894 0.19788940 0.00683754
v 0.00386432 0.19485429 -0.00321644
v 0.00925568 0.14952439 0.00001214
v 0.00136130 0.15877476 -0.01413699
v 0.00119717 0.18433993 -0.00894399
v 0.00268009 0.14230448 -0.01426978
v 0.00237683 0.15626341 -0.02425246
v 0.00355842 0.14059484 -0.03756800
v 0.00799420 0.15769896 -0.04103339
v 0.00250566 0.17064944 -0.03412729
v 0.00989091 0.17975889 -0.05156822
v 0.00472598 0.18150398 -0.04559223
v 0.00170182 0.10774329 -0.02434982
v 0.00410492 0.09969783 -0.02811913
v 0.00453767 0.11793808 -0.03604414
v 0.00311340 0.09969243 -0.03490650
v 0.00247282 0.12062599 -0.01621354
v 0.01329516 0.14097220 0.00124189
v 0.01120124 0.08764953 -0.01807603
v 0.00637277 0.15923305 -0.04590824
v 0.01235205 0.14961642 0.01627840
v 0.00039740 0.05606426 0.01935337
v 0.00892445 0.04879753 0.01011767
v 0.01434076 0.10940760 0.00504752
v 0.01665503 0.10305998 0.00365231
v 0.00422049 0.07691250 -0.03388193
v 0.01349784 0.04994021 -0.01490692
v 0.00678781 0.03364331 -0.02378388
v 0.00607430 0.01470570 -0.01916328
v 0.00890282 0.01429186 -0.03363222
v 0.00850321 0.02382778 -0.03610954
v 0.00637865 0.01075674 -0.04152840
v 0.00887899 -0.00808519 -0.04445716
v 0.00674551 -0.00431793 -0.04659139
v 0.01272037 -0.01920225 -0.05071314
v 0.01145571 0.03591951 -0.00381897
v 0.00355918 -0.01360614 -0.03145957
v 0.01173077 0.09917048 -0.01176827
v 0.00479816 0.11453085 0.01952038
v 0.01296384 0.12680075 0.00097745
v 0.00756823 -0.01076146 -0.02061901
v 0.01434076 0.10940760 0.00504752
v 0.01147846 0.13482119 0.00642070
v 0.00479816 0.11453085 0.01952038
v 0.01296384 0.12680075 0.00097745
v 0.01173077 0.09917048 -0.01176827
v 0.01329516 0.14097220 0.00124189
v 0.00268009 0.14230448 -0.01426978
v 0.01235205 0.14961642 0.01627840
v 0.01819756 0.07017835 -0.00331760
v 0.01120124 0.08764953 -0.01807603
v 0.01173077 0.09917048 -0.01176827
v 0.01349784 0.04994021 -0.01490692
v 0.01909757 0.06081711 0.00128311
v 0.02581717 0.07703782 0.00251907
v 0.03301185 0.08492234 0.00569123
v 0.01145571 0.03591951 -0.00381897
v 0.02035830 0.09907302 0.00178253
v 0.01665503 0.10305998 0.00365231
v -0.00225988 0.14398526 -0.01571351
v 0.00136130 0.15877476 -0.01413699
v 0.00237683 0.15626341 -0.02425246
v -0.00303955 0.14382583 -0.03291066
v 0.00153668 0.15529777 -0.03655440
v 0.00355842 0.14059484 -0.03756800
v 0.00250566 0.17064944 -0.03412729
v 0.00453767 0.11793808 -0.03604414
v 0.00424666 0.17792173 -0.05165795
v 0.00472598 0.18150398 -0.04559223
v 0.00637277 0.15923305 -0.04590824
v -0.00243283 0.12954313 -0.02478359
v -0.00792706 0.12256908 -0.01531046
v -0.00657050 0.11215483 -0.02451818
v -0.01528146 0.10913277 -0.01372246
v -0.02296499 0.09331020 -0.02183629
v -0.01612695 0.12895094 0.00645739
v -0.01206426 0.14207317 -0.00045243
v -0.00720386 0.14421587 -0.01276607
v -0.01712425 0.15398176 -0.00954582
v -0.02071786 0.16278619 -0.01497368
v -0.00085745 0.15578462 -0.00458254
v -0.00314606 0.16933624 -0.01056483
v 0.00341790 0.15900782 -0.00002007
v 0.00529757 0.18966173 0.00273208
v 0.00640136 0.15792561 0.01278305
v 0.01001233 0.18125916 0.02421118
v 0.00969362 0.15569340 0.03335593
v 0.01301918 0.16944489 0.03038453
v 0.01102979 0.15270837 0.04227851
v 0.01884797 0.17172161 0.03929852
v 0.00662049 0.13716970 0.05122410
v 0.00140165 0.13300362 0.03597910
v -0.00066851 0.11938196 0.04691076
v 0.00152240 0.12261906 0.02655963
v 0.00932789 0.19428375 0.03052869
v 0.00945894 0.19788940 0.00683754
v 0.00397873 0.10674895 0.05250438
v 0.00386432 0.19485429 -0.00321644
v 0.00119717 0.18433993 -0.00894399
v 0.00118233 0.13488962 0.01774284
v -0.01179239 0.09734123 -0.03119860
v -0.01453898 0.07707427 -0.03535115
v -0.02178484 0.06473617 -0.03005429
v -0.01263050 0.04650015 -0.03383848
v -0.02244275 0.05119910 -0.02644199
v -0.01832083 0.04299857 -0.03164187
v 0.00311340 0.09969243 -0.03490650
v -0.02333636 0.03566805 -0.01905108
v -0.02678795 0.07070807 -0.01929884
v -0.01914113 0.11511237 0.00186097
v -0.01171129 0.02281647 -0.02661079
v -0.01529895 0.01711024 -0.01762671
v -0.02139957 0.03500383 -0.00625650
v -0.01269058 0.01300547 -0.00651715
v -0.01340196 0.03124049 0.00254674
v -0.01510217 0.04658189 0.00954186
v -0.00642240 0.04461635 0.01742488
v -0.00807649 0.00410614 -0.02550195
v -0.02015973 0.06688059 0.00384855
v -0.01791319 0.09852894 0.00300275
v -0.02074263 0.09818886 -0.00727871
v -0.02344047 0.10584497 0.00288996
v -0.01638188 -0.00578752 -0.01593377
v -0.01209810 -0.00395721 -0.00544098
v -0.02191321 -0.01221700 -0.00977125
v -0.01179629 -0.01487074 0.00229876
v -0.01220058 -0.01192661 -0.02752021
v -0.00207435 0.10641418 -0.02826267
v -0.02474295 0.05511457 -0.00703319
v 0.00648013 0.09590799 0.04522793
v 0.00712828 0.08403300 0.03529694
v 0.00211529 0.10637795 0.02299378
v 0.00351903 0.06898605 0.02457609
v 0.00073543 0.06728927 0.02067690
v 0.00311340 0.09969243 -0.03490650
v -0.00207435 0.10641418 -0.02826267
v 0.00453767 0.11793808 -0.03604414
v -0.01791319 0.09852894 0.00300275
v -0.02074263 0.09818886 -0.00727871
v -0.02570055 0.07895577 -0.00794441
v -0.02344047 0.10584497 0.00288996
v -0.02296499 0.09331020 -0.02183629
v -0.02015973 0.06688059 0.00384855
v -0.02474295 0.05511457 -0.00703319
v -0.02678795 0.07070807 -0.01929884
v -0.00642240 0.04461635 0.01742488
v -0.00386922 0.11920380 0.01648574
v -0.01791319 0.09852894 0.00300275
v 0.00073543 0.06728927 0.02067690
v 0.00211529 0.10637795 0.02299378
v -0.01914113 0.11511237 0.00186097
v -0.01612695 0.12895094 0.00645739
v 0.00118233 0.13488962 0.01774284
v 0.00152240 0.12261906 0.02655963
v -0.09231436 -0.13946480 0.00180372
v -0.08487615 -0.14942926 -0.02233197
v -0.09204945 -0.13916191 -0.00733523
v -0.03472991 0.10799868 0.01616742
v -0.02768690 0.11864454 0.00962272
v -0.02344047 0.10584497 0.00288996
vn 0.60495214 -0.33888796 0.72054692
vn 0.60495214 -0.33888796 0.72054692
vn 0.60495214 -0.33888796 0.72054692
vn -0.18158742 0.21133191 0.96039827
vn -0.32013745 0.22434430 0.92042471
vn -0.23727972 0.17563746 0.95543174
vn -0.08112935 0.17397162 0.98140303
vn -0.08627081 -0.26617586 0.96005612
vn -0.26454335 0.02608617 0.96402092
vn 0.00842331 0.19433598 0.98089886
vn -0.13348916 0.19100257 0.97247039
vn 0.06319488 0.44234904 0.89461373
vn -0.24573030 0.16174494 0.95574850
vn 0.10444299 0.16122743 0.98137525
vn -0.37282813 0.20847479 0.90417777
vn -0.36961485 0.17257131 0.91301917
vn -0.42631925 0.21980030 0.87746209
vn -0.43385798 0.11154293 0.89405001
vn -0.46172350 0.26206261 0.84742822
vn -0.44813136 0.16772603 0.87809240
vn -0.51932802 0.19399891 0.83226368
vn -0.47991902 0.25005130 0.84092335
vn -0.54405629 0.17315989 0.82098624
vn -0.53846914 0.22258719 0.81271515
vn -0.52089659 0.24897452 0.81650378
vn 0.06486148 -0.38085661 0.92235635
vn -0.60745688 0.19550028 0.76991934
vn 0.18885157 0.17881000 0.96558898
vn 0.18990008 0.17658093 0.96579353
vn 0.29836615 0.14934560 0.94269482
vn 0.25430262 0.10986990 0.96086356
vn 0.26104065 0.14623047 0.95418784
vn 0.28441351 0.15353275 0.94632798
vn 0.31378719 0.17240370 0.93371011
vn 0.40787699 0.15928991 0.89903453
vn 0.37094491 0.14450105 0.91734362
vn 0.44143761 0.16021762 0.88287211
vn 0.43132827 0.14071976 0.89115311
vn 0.54838412 0.14529722 0.82350688
vn 0.48361869 0.16117087 0.86031210
vn 0.53290239 0.16198546 0.83052740
vn 0.55743291 0.16843679 0.81295609
vn 0.58510492 0.11652946 0.80254166
vn 0.63909688 0.13597366 0.75701146
vn -0.32358509 -0.52582484 0.78663900
vn 0.00067375 -0.56947717 0.82200687
vn 0.31732984 -0.19034838 -0.92901521
vn 0.29397280 -0.21327211 -0.93171616
vn 0.19109763 -0.17326923 -0.96615706
vn 0.25122601 -0.10501928 -0.96221434
vn 0.16277358 -0.19732726 -0.96672991
vn 0.22910266 -0.23923334 -0.94354617
vn 0.32360275 -0.25788250 -0.91037238
vn 0.28133471 -0.27942857 -0.91802530
vn 0.10167089 -0.25093022 -0.96265106
vn 0.08038572 -0.21305630 -0.97372745
vn 0.06965261 -0.09594667 -0.99294650
vn 0.01267315 -0.17084212 -0.98521691
vn -0.00144247 -0.18499972 -0.98273751
vn 0.24263158 0.28622651 -0.92693274
vn 0.06082103 0.07876244 -0.99503632
vn -0.09696907 -0.20753184 -0.97341026
vn -0.14003967 -0.20092968 -0.96954430
vn 0.25559025 0.37543025 -0.89091288
vn -0.14858862 -0.10734116 -0.98305610
vn -0.15480206 -0.17330711 -0.97262581
vn -0.21237371 -0.14266501 -0.96671821
vn -0.10771556 0.10132727 -0.98900462
vn 0.36021771 -0.30764575 -0.88068002
vn 0.40376854 -0.18331939 -0.89630629
vn -0.28141402 -0.17464506 -0.94355988
vn -0.31721294 -0.17890587 -0.93132628
vn -0.26576681 -0.03446424 -0.96342110
vn 0.01308171 0.21067667 -0.97746826
vn -0.20099557 0.19189540 -0.96061279
vn -0.35893343 -0.13392521 -0.92370495
vn -0.43115874 -0.08942535 -0.89783364
vn -0.42533044 -0.16359371 -0.89012983
vn -0.27360553 0.09375154 -0.95726207
vn -0.51933796 -0.18226780 -0.83490511
vn -0.55118306 -0.14980218 -0.82082674
vn -0.58506903 -0.16247917 -0.79454059
vn -0.64924848 -0.15766739 -0.74405470
vn -0.18197504 0.33650469 -0.92393164
vn -0.66855214 -0.12016126 -0.73389325
vn -0.57785514 -0.09482030 -0.81061245
vn -0.65165021 -0.06976280 -0.75530468
vn -0.69255062 -0.16567507 -0.70208647
vn -0.69487823 -0.14838650 -0.70365168
vn -0.69964932 -0.15272905 -0.69797182
vn -0.72187511 -0.07236307 -0.68822955
vn -0.74216375 -0.09385979 -0.66361382
vn -0.75777657 -0.14826374 -0.63544672
vn 0.24289126 0.54272447 -0.80402362
vn 0.31127677 0.36849941 -0.87596516
vn 0.23396972 0.52270150 -0.81978126
vn 0.97649708 0.17274807 -0.12888582
vn 0.97587538 0.18434416 -0.11698065
vn 0.98417008 0.17671806 0.01341589
vn 0.98450216 0.17478564 0.01433473
vn 0.98850706 0.13564424 -0.06674160
vn 0.97903127 0.15210529 0.13550554
vn 0.98834132 -0.14540694 0.04514708
vn 0.98122753 0.17983496 -0.06965568
vn 0.97142879 0.16176090 0.17366496
vn 0.97193586 0.17259634 0.15984739
vn 0.95907740 0.16446517 -0.23048158
vn 0.96121935 0.17881811 -0.20995582
vn 0.96178827 0.19320738 -0.19399546
vn 0.93937617 0.19003837 -0.28540818
vn 0.92398669 0.25253741 -0.28718191
vn 0.93374057 0.19509299 -0.30011211
vn 0.92006606 0.18735914 -0.34405667
vn 0.88846348 0.22260626 -0.40134659
vn 0.89590354 0.19381591 -0.39974021
vn 0.70731963 0.62362822 -0.33284649
vn 0.84218881 0.21972437 -0.49238117
vn 0.86007304 0.19253041 -0.47244725
vn 0.85985602 0.18172920 -0.47709761
vn 0.79755815 0.20117987 -0.56870700
vn 0.82923938 0.06618083 -0.55496140
vn 0.78931434 0.34044206 -0.51096191
vn 0.79545121 0.22022549 -0.56458666
vn 0.78839173 0.22834579 -0.57122384
vn 0.74463528 0.21153149 -0.63306613
vn 0.97507498 0.07575191 0.20854362
vn 0.95347668 0.16113205 0.25479145
vn 0.92202690 0.17892966 0.34329372
vn 0.94019083 0.14829669 0.30667458
vn 0.95187162 0.10515992 0.28789202
vn 0.93270143 0.12453128 0.33846714
vn 0.91423553 0.03682736 0.40350607
vn 0.89532234 0.13064997 0.42582684
vn 0.89136872 0.17303125 0.41895346
vn 0.85432030 0.09308853 0.51134270
vn 0.89182200 0.15175873 0.42617227
vn 0.84649538 0.16958257 0.50466555
vn 0.84759402 0.15321508 0.50804479
vn 0.80068936 0.02420809 0.59859045
vn 0.80391810 0.11907298 0.58269830
vn 0.77241549 0.15958559 0.61474121
vn 0.74428403 0.14643973 0.65161084
vn 0.76862693 0.14215149 0.62370313
vn 0.76497018 0.10265733 0.63583182
vn 0.76275274 0.12208586 0.63506165
vn 0.72935544 0.13664125 0.67035052
vn 0.68777221 0.13798465 0.71269182
vn 0.73604577 0.09462974 0.67028490
vn 0.70874291 0.16099451 0.68685097
vn 0.70809286 -0.50839934 -0.49003532
vn 0.33170710 0.93962563 -0.08410751
vn -0.98344442 -0.17253508 0.05539602
vn -0.98248825 -0.18621326 0.00643850
vn -0.97329652 -0.17372533 0.15004466
vn -0.96620831 -0.19114988 0.17292550
vn -0.96529185 -0.19661578 0.17191245
vn -0.98213485 -0.18731642 -0.01799147
vn -0.96813928 -0.21174793 0.13367551
vn -0.99396973 -0.10743747 0.02194009
vn -0.98070888 -0.11001521 0.16157582
vn -0.98192646 -0.17954217 -0.05987514
vn -0.95877002 -0.13915479 0.24778214
vn -0.94227379 -0.18602562 0.27841440
vn -0.98412463 -0.12376134 -0.12720787
vn -0.97013716 -0.19371459 -0.14597445
vn -0.99807506 -0.06048387 0.01370694
vn -0.98784733 -0.04738818 -0.14802707
vn -0.96726822 -0.17307793 -0.18556999
vn -0.96307610 -0.17904933 -0.20106157
vn -0.92097908 -0.20748782 0.32976711
vn -0.90453991 -0.22077522 0.36478194
vn -0.95706170 -0.14628155 0.25026909
vn -0.94738557 -0.09126912 0.30680698
vn -0.92060613 -0.13252852 0.36731531
vn -0.89264071 -0.20554511 0.40117798
vn -0.86973232 -0.18065631 0.45927007
vn -0.83943384 -0.22208033 0.49601528
vn -0.91547557 -0.04466603 0.39988676
vn -0.87643878 0.04269481 0.47961673
vn -0.81754958 -0.09386394 0.56815688
vn -0.79009318 -0.21452803 0.57422164
vn -0.80127828 -0.24514963 0.54576074
vn -0.76183164 -0.38925119 0.51777994
vn -0.77276684 -0.23214916 0.59070989
vn -0.86879236 0.16340579 0.46743810
vn -0.81778133 0.04764843 0.57355324
vn -0.75295791 -0.19050321 0.62989119
vn -0.77080904 -0.06946165 0.63326812
vn -0.80006311 0.01110335 0.59981309
vn -0.94452718 -0.12606027 -0.30327744
vn -0.93548508 -0.14866774 -0.32057070
vn -0.91694881 -0.18122072 -0.35547706
vn -0.92963862 0.10727051 -0.35251250
vn -0.66762326 -0.40166409 0.62685336
vn -0.89436069 -0.17069577 -0.41349958
vn -0.86693117 -0.11530986 -0.48490616
vn -0.84179289 -0.17741052 -0.50981392
vn -0.88077607 -0.15324666 -0.44805019
vn -0.89225704 -0.13522916 -0.43080210
vn -0.86814019 -0.14720238 -0.47398742
vn -0.87879718 -0.02210100 -0.47668340
vn -0.90796335 0.29490735 -0.29771162
vn -0.82520231 -0.15519015 -0.54309959
vn -0.83209328 -0.16966726 -0.52804715
vn -0.82420938 -0.20299643 -0.52865049
vn -0.82842241 -0.09344695 -0.55225354
vn -0.78930658 -0.15782129 -0.59336967
vn -0.70943608 -0.55567566 0.43350318
vn -0.77598711 -0.55415302 0.30126143
vn 0.95107591 -0.30762508 0.02866051
vn 0.93690885 -0.34786264 0.03454550
vn 0.93895415 -0.34108706 -0.04499689
vn 0.93747563 -0.34731638 -0.02260034
vn 0.94216115 -0.32935241 0.06212368
vn 0.93837724 -0.31836829 0.13449829
vn 0.92783329 -0.35762884 0.10595754
vn 0.96596178 -0.20835595 0.15331548
vn 0.99184110 -0.12726282 -0.00744410
vn 0.90345300 -0.36664989 0.22212729
vn 0.91641245 -0.35039485 0.19342097
vn 0.87047149 -0.43676087 0.22697869
vn 0.91146376 -0.29168656 0.29009097
vn 0.88089724 -0.34675657 0.32214893
vn 0.88412060 -0.14165004 0.44527073
vn 0.93270214 -0.15239029 0.32686989
vn 0.96451866 -0.16506597 0.20605091
vn 0.80726974 -0.38832242 0.44443365
vn 0.87794485 -0.41204354 0.24378877
vn 0.72154107 -0.68821326 0.07576938
vn 0.84649617 -0.33220444 0.41603418
vn 0.82055835 -0.34848814 0.45303424
vn 0.79417570 -0.44465456 0.41420680
vn 0.82537271 -0.28563612 0.48700297
vn 0.76243916 -0.42054982 0.49175643
vn 0.80290728 -0.33860848 0.49059576
vn 0.77313565 -0.35590538 0.52496917
vn 0.73683927 -0.38034429 0.55893302
vn 0.77276252 0.06553607 0.63130271
vn 0.96808218 -0.23762837 -0.07968467
vn 0.84424114 0.05304852 0.53333174
vn 0.99412762 -0.02807945 -0.10450753
vn 0.99340871 -0.04822871 -0.10398617
vn 0.89228495 -0.42703272 -0.14652858
vn 0.61723399 -0.78640221 0.02436729
vn 0.71314831 0.16362004 0.68165091
vn 0.66673490 0.14510759 0.73103239
vn 0.66826622 0.14520392 0.72961366
vn 0.65272251 0.14651807 0.74329388
vn 0.30381411 0.27818159 -0.91121457
vn 0.42309472 0.27523668 -0.86327031
vn 0.49728094 0.23483133 -0.83520412
vn 0.33518490 0.26287412 -0.90473658
vn 0.21804638 0.27562682 -0.93620811
vn 0.48058598 0.29452461 -0.82600991
vn 0.29918351 0.33153142 -0.89474921
vn 0.55276974 0.23696798 -0.79893165
vn 0.44363980 0.40235223 -0.80080985
vn 0.41631333 0.31044486 -0.85458013
vn 0.21065961 0.32618225 -0.92153550
vn 0.57807016 0.26070545 -0.77321896
vn 0.22007582 0.43214390 -0.87453890
vn 0.14488521 0.28051669 -0.94885123
vn 0.16175150 0.34731439 -0.92369322
vn 0.63936366 0.32726196 -0.69578281
vn 0.60196828 0.31260742 -0.73478622
vn 0.10781773 0.27548646 -0.95523952
vn 0.02747049 0.32850515 -0.94410261
vn 0.05414318 0.43620582 -0.89821657
vn 0.01394783 0.27934278 -0.96009014
vn -0.04625763 0.25204090 -0.96661038
vn -0.07198486 0.39575889 -0.91552885
vn -0.11222876 0.31203595 -0.94341840
vn -0.20972076 0.35071620 -0.91269675
vn 0.02997137 0.59635333 -0.80216234
vn -0.07108719 0.77065288 -0.63327779
vn -0.24438910 -0.07691867 -0.96662169
vn -0.25942785 0.40495672 -0.87675952
vn -0.25565273 0.32095354 -0.91193778
vn 0.62084919 0.26489988 -0.73781728
vn 0.37360706 0.87764929 -0.30024903
vn 0.63023455 0.21920668 -0.74481733
vn 0.65878139 0.24867465 -0.71004789
vn 0.67763629 0.23728476 -0.69606394
vn -0.35027688 0.29000488 -0.89061960
vn 0.14177305 0.98989855 0.00111956
vn -0.76596458 0.34464638 -0.54269433
vn -0.75665027 0.35836684 -0.54685791
vn -0.64310326 0.34526320 -0.68352873
vn -0.73951171 0.33692083 -0.58275791
vn -0.64318351 0.37484497 -0.66768721
vn -0.68540887 0.31107759 -0.65836572
vn -0.80388467 0.33692347 -0.49015509
vn -0.50587197 0.78849368 -0.34981603
vn -0.80987265 0.34355565 -0.47547430
vn -0.83373029 0.34916878 -0.42775573
vn -0.83461997 0.35263520 -0.42315235
vn -0.81573033 0.43778033 -0.37806403
vn -0.84728910 0.33992895 -0.40810475
vn -0.85462789 0.33610960 -0.39577962
vn -0.85653721 0.35252421 -0.37692266
vn -0.85835509 0.35865093 -0.36687333
vn -0.88965213 0.29766232 -0.34628923
vn -0.64178722 0.33662371 -0.68905271
vn -0.47417320 0.66669040 -0.57505103
vn -0.61093345 0.19071729 -0.76836660
vn -0.40245458 0.37813129 -0.83369481
vn -0.53471259 0.36235765 -0.76339988
vn -0.52098805 0.34356689 -0.78136627
vn -0.47324981 0.34318910 -0.81132969
vn -0.48047574 0.30740273 -0.82136875
vn -0.37912449 0.33124459 -0.86402641
vn -0.31762217 0.53153152 -0.78523271
vn -0.67223522 0.66636958 -0.32256999
vn -0.19306669 0.94790146 -0.25339313
vn -0.02758977 0.99906594 0.03325745
vn -0.10958731 -0.99150593 -0.07004715
vn -0.23771589 -0.94148138 -0.23896436
vn -0.00806781 -0.99981373 0.01753345
vn -0.12315086 -0.99071455 -0.05760689
vn -0.11209568 -0.99292921 -0.03906591
vn -0.09832585 -0.99496593 -0.01936063
vn -0.09086169 -0.99583464 -0.00758412
vn -0.23918605 -0.95657896 -0.16657348
vn -0.29462873 -0.92745073 -0.23028037
vn -0.27704513 -0.88912165 -0.36429203
vn -0.06113034 -0.90266697 -0.42597584
vn -0.14505265 -0.93606910 -0.32052204
vn 0.09393310 -0.70096710 -0.70698069
vn 0.01973311 -0.94632096 -0.32262554
vn 0.01493514 -0.98069912 -0.19495171
vn -0.12874368 -0.96553687 -0.22619377
vn -0.13263841 -0.97842004 -0.15843385
vn -0.12774243 -0.98267782 -0.13426156
vn -0.09914840 -0.98910401 -0.10882486
vn -0.01798950 -0.99893293 0.04253672
vn -0.02622113 -0.99040976 -0.13565012
vn 0.23632689 -0.87572827 -0.42101020
vn 0.03298815 -0.99473763 0.09699912
vn 0.33135798 -0.90532664 0.26567942
vn -0.09079142 -0.94349849 0.31869659
vn 0.26099899 -0.85438341 -0.44934230
vn 0.35228118 -0.80716967 -0.47368248
vn 0.38743840 -0.77746956 -0.49541152
vn -0.29122406 -0.95586278 0.03892169
vn -0.28145927 -0.94074702 0.18914471
vn -0.22929479 -0.97131040 0.06308734
vn 0.17512733 -0.97066076 -0.16476682
vn -0.11914743 -0.99232227 -0.03317230
vn -0.12500251 -0.99176581 -0.02783801
vn -0.24080926 -0.96919361 -0.05171689
vn -0.47163166 -0.88061239 -0.04566603
vn -0.28888073 -0.92710279 0.23880607
vn -0.51548421 -0.85594214 -0.04048549
vn 0.38973673 -0.90189304 -0.18626389
vn 0.45286702 -0.84262670 -0.29136181
vn 0.97419592 0.22314696 0.03387837
vn 0.92124347 0.38716814 0.03756735
vn 0.96095664 0.17525580 -0.21412085
vn 0.92234843 0.33682538 0.18926711
vn 0.77557236 0.61732520 0.13189809
vn 0.82030970 0.53801582 -0.19398705
vn 0.41955649 0.90700449 0.03626592
vn 0.77331253 0.54109741 0.33045623
vn 0.84946656 0.51487553 0.11536785
vn 0.86124724 0.28264243 -0.42233453
vn 0.60722396 0.79429404 0.01939171
vn 0.41080141 0.90436595 0.11560465
vn 0.18197816 0.97904291 0.09142720
vn 0.14570809 0.98684367 0.07006222
vn 0.04381857 0.99650806 0.07107472
vn 0.16172834 -0.98084312 -0.10858507
vn 0.01049975 -0.99196858 -0.12604797
vn -0.34581139 -0.93543968 -0.07326041
vn 0.31883373 -0.88427188 -0.34118658
vn -0.26890850 -0.95731969 -0.10595860
vn 0.37600905 -0.79116072 -0.48237113
vn -0.58553352 -0.80888384 -0.05345492
vn -0.57274771 -0.80268770 0.16629045
vn -0.69847142 -0.69466520 0.17198237
vn -0.30524371 -0.95176733 0.03106817
vn -0.64725390 -0.69119314 0.32142562
vn -0.22172574 -0.95974375 0.17242281
vn -0.23875008 -0.95125711 0.19521350
vn -0.20629718 -0.96857925 0.13890902
vn -0.03064948 -0.99952677 -0.00261792
vn -0.15607511 -0.98750514 0.02177519
vn 0.02111914 -0.95157548 -0.30668890
vn -0.01860227 -0.95657701 -0.29088552
vn -0.00770968 -0.94278997 -0.33329813
vn -0.04243801 -0.94282062 -0.33058779
vn 0.27137838 -0.84853696 -0.45424531
vn -0.13479673 -0.74995940 0.64760385
vn -0.55748569 0.66331013 0.49922878
vn -0.39175791 0.79759489 0.45865906
vn -0.36374460 0.84530700 0.39133866
vn -0.36451694 0.85208541 0.37560333
vn -0.76727830 0.43298220 0.47308607
vn -0.34545954 0.84362334 0.41104424
vn -0.56242281 0.74981307 0.34851246
vn -0.39949270 0.80182983 0.44438104
vn -0.57879204 0.48331701 0.65681386
vn -0.40755485 0.82009404 0.40167751
vn -0.58387852 0.52208447 0.62170225
vn -0.64459282 0.61604133 0.45276172
vn -0.68594441 0.68520564 0.24489489
vn -0.92370497 -0.13874609 0.35709754
vn -0.74929688 0.60479742 0.26976708
vn -0.75564323 0.56545861 0.33054481
vn -0.57018166 0.40401149 0.71530943
vn -0.66686368 0.47548505 0.57376546
vn -0.68097164 0.12672086 0.72126240
vn -0.73150745 -0.42285305 0.53487582
vn -0.82053415 -0.30017205 0.48643648
vn -0.67683589 -0.39764012 0.61949617
vn -0.50825017 -0.51435542 0.69073893
vn -0.56758906 -0.62540387 0.53545556
vn -0.43679303 -0.46979908 0.76713798
vn -0.83728014 -0.11003192 0.53558841
vn -0.79654220 0.03648457 0.60348107
vn -0.68618180 0.23207412 0.68941725
vn -0.68467847 0.24182224 0.68755902
vn -0.66388602 0.34616466 0.66289168
vn -0.65949797 0.36374973 0.65783628
vn -0.41031634 0.76000359 -0.50401889
vn -0.54993337 0.72475390 -0.41509647
vn -0.45466432 0.74027154 -0.49525590
vn -0.48027468 0.75457561 -0.44715979
vn -0.36307950 0.72391103 -0.58662262
vn -0.37511372 0.73404742 -0.56609547
vn -0.38031105 0.69619309 -0.60883388
vn -0.58976435 0.70581586 -0.39243086
vn -0.57898596 0.74140674 -0.33925110
vn -0.57510580 0.74618655 -0.33534900
vn -0.57832471 0.74745755 -0.32687574
vn -0.35084210 0.67676437 -0.64722470
vn -0.42702165 0.69259113 -0.58135191
vn 0.86008918 -0.46382371 -0.21240095
vn 0.85672672 -0.40232417 -0.32272990
vn 0.87917984 -0.39371504 -0.26838643
vn 0.90689640 -0.32837436 -0.26402500
vn 0.98327688 -0.10517491 -0.14867687
vn 0.82586288 -0.36912090 -0.42626315
vn 0.86462838 -0.31590937 -0.39066486
vn 0.92316680 -0.31080679 -0.22619060
vn 0.87417109 -0.28365189 -0.39416558
vn 0.93748628 -0.26303185 -0.22788972
vn 0.89814494 -0.16099353 -0.40916592
vn 0.92699127 -0.33132478 -0.17581546
vn 0.96162653 -0.09680865 -0.25671483
vn 0.99429998 0.02568607 -0.10347834
vn 0.94792114 -0.28934525 -0.13313467
vn 0.96002586 -0.25017524 -0.12554959
vn 0.82478083 -0.20755855 -0.52598101
vn 0.78411824 -0.28369847 -0.55197260
vn 0.73680594 -0.33713950 -0.58604946
vn 0.74374429 -0.40302390 -0.53330682
vn 0.88979112 0.09043794 -0.44731727
vn 0.78037617 -0.10088609 -0.61711833
vn 0.73097590 -0.22989130 -0.64251398
vn 0.64233152 -0.28723555 -0.71056735
vn 0.60345787 -0.33211795 -0.72493880
vn 0.66382870 -0.15439881 -0.73177350
vn 0.77439120 0.04955104 -0.63076379
vn 0.62196532 -0.22646986 -0.74958025
vn 0.94043055 0.10487008 -0.32340788
vn 0.54648465 -0.24711809 -0.80017946
vn 0.96009917 0.09069513 -0.26454485
vn 0.58068741 0.13161698 -0.80341714
vn 0.55996860 -0.11274228 -0.82080713
vn 0.54212931 -0.18462807 -0.81976112
vn 0.53235556 -0.29139297 -0.79478783
vn 0.73004163 0.13369062 -0.67019851
vn 0.51120439 -0.32306616 -0.79642848
vn 0.84493995 0.22027210 -0.48739787
vn 0.48415333 -0.22776960 -0.84481747
vn 0.49748525 0.07105355 -0.86455759
vn 0.46456447 -0.11172540 -0.87846303
vn 0.55597000 0.35955241 -0.74941272
vn 0.50736881 0.36939510 -0.77853976
vn 0.97783670 0.18300169 -0.10171417
vn 0.59136473 0.61308006 0.52385170
vn 0.28883035 0.83481946 0.46867206
vn 0.45085552 0.70040128 0.55332390
vn 0.26910030 0.84826637 0.45610218
vn 0.63275303 0.65924516 0.40622582
vn 0.62730631 0.69663532 0.34811784
vn 0.72763187 0.32270632 -0.60532016
vn 0.39516418 0.78722527 -0.47341487
vn 0.58453686 0.34695780 -0.73344185
vn 0.67390611 0.51438688 -0.53033640
vn 0.47421092 0.50725702 -0.71959316
vn 0.12269387 0.98445719 -0.12565929
vn 0.06568525 0.98688265 0.14747230
vn 0.85735066 0.34159097 -0.38505253
vn 0.54842721 0.81987896 -0.16439614
vn 0.21120007 0.82391904 -0.52588206
vn 0.06127531 0.89909732 -0.43343897
vn 0.11118949 0.99104109 -0.07398961
vn 0.34246906 0.93891608 -0.03393424
vn 0.10285832 0.98213046 0.15760686
vn 0.04827007 0.89214893 -0.44915509
vn -0.28599815 0.90547060 0.31357303
vn 0.28229694 -0.86621829 0.41227940
vn 0.49764824 -0.69005494 0.52551918
vn 0.11456775 -0.92215362 0.36946845
vn -0.01037496 -0.99475249 -0.10178331
vn 0.07409092 -0.94666390 0.31358889
vn 0.03862431 -0.95564350 0.29198230
vn 0.02848474 -0.95907199 0.28172599
vn -0.06359491 -0.99442314 -0.08413265
vn -0.03762442 -0.99598234 -0.08126237
vn -0.04751438 -0.99661104 -0.06714773
vn -0.03603965 -0.99895904 0.02796373
vn -0.06704438 -0.98716288 -0.14496376
vn -0.01941451 -0.99245310 -0.12107819
vn 0.04149650 -0.99639478 -0.07399652
vn -0.26273644 -0.94130700 -0.21192143
vn -0.28891087 -0.93073967 -0.22417445
vn 0.58340580 -0.79321299 0.17450166
vn -0.26138749 -0.02638380 -0.96487330
vn -0.36313802 -0.19873050 -0.91029499
vn -0.27053008 -0.22880678 -0.93512616
vn -0.14840805 -0.18717756 -0.97105078
vn -0.49658225 0.34917911 -0.79465717
vn -0.15171234 -0.08425709 -0.98482694
vn 0.73667925 0.13922709 0.66175487
vn 0.87314418 0.12870121 0.47016512
vn 0.07692014 0.01956093 0.99684536
vn 0.85904615 0.09073525 0.50379244
vn 0.84926089 0.04806970 0.52578061
vn 0.58609125 -0.54007389 0.60400103
vn 0.61354875 -0.07435170 0.78614868
vn 0.38417782 -0.67678784 0.62798537
vn 0.46159710 -0.09079095 0.88243137
vn 0.39860872 -0.71151064 0.57867409
vn 0.42273240 -0.24346298 0.87293934
vn 0.27270065 -0.57448350 0.77175324
vn 0.24948471 -0.34062088 0.90649589
vn 0.33724974 -0.38561440 0.85881555
vn 0.45462745 -0.33959450 0.82340115
vn 0.46949467 -0.20640233 0.85847122
vn 0.26494727 -0.28588247 0.92090942
vn 0.33327529 -0.03844707 0.94204533
vn 0.51400244 -0.38890492 0.76456161
vn 0.54314817 -0.31262227 0.77926720
vn 0.39650210 -0.45342615 0.79824233
vn 0.19485009 -0.51899341 0.83227356
vn 0.10986127 -0.40592825 0.90727766
vn 0.12270345 -0.29901531 0.94632643
vn 0.24060286 -0.84189441 0.48303629
vn 0.09712318 -0.01250735 0.99519378
vn 0.05087023 -0.33126385 0.94216584
vn 0.37671110 -0.78117717 0.49784634
vn 0.62409019 -0.33320609 0.70674263
vn 0.66549569 -0.21455352 0.71490018
vn 0.58116124 -0.39810940 0.70976089
vn 0.60801213 -0.13894705 0.78167446
vn 0.52563266 -0.04792839 0.84936045
vn 0.66192532 -0.33877184 0.66864678
vn 0.55003939 -0.62098105 0.55842565
vn 0.69594546 -0.31731481 0.64418261
vn 0.72406485 -0.28409060 0.62850825
vn 0.72653738 -0.21102379 0.65392079
vn 0.39924476 0.11091411 0.91011081
vn -0.03632864 -0.60825928 0.79290660
vn 0.07120315 -0.59226234 0.80259294
vn 0.16301393 -0.48911170 0.85685250
vn -0.03066492 -0.30370369 0.95227293
vn -0.05758997 -0.26255778 0.96319614
vn -0.04100959 -0.38095856 0.92368219
vn -0.08100916 -0.31152557 0.94677840
vn -0.09418683 -0.46690148 0.87927916
vn -0.15674409 -0.49233301 0.85617726
vn -0.09409854 -0.02332488 0.99528961
vn -0.30727461 -0.53145547 0.78939052
vn -0.18467971 -0.33021100 0.92566414
vn -0.17864366 -0.28771717 0.94090662
vn 0.19388494 0.17567714 0.96516640
vn -0.23075996 -0.20004253 0.95222520
vn -0.31439578 -0.27981879 0.90711451
vn -0.30950315 -0.32199135 0.89472307
vn -0.24666267 0.04923850 0.96784973
vn -0.35203522 -0.22175728 0.90933762
vn -0.43276377 -0.28811219 0.85422882
vn -0.05730406 0.17630774 0.98266567
vn -0.46032144 -0.34644453 0.81736183
vn -0.40957216 -0.01196797 0.91219922
vn -0.50277592 -0.24634637 0.82857096
vn -0.29026065 -0.66077815 0.69218566
vn -0.53856000 -0.15592301 0.82803450
vn -0.30287802 0.17438507 0.93693903
vn -0.51948764 -0.48059729 0.70651174
vn -0.46838891 -0.60772548 0.64131238
vn -0.54953907 -0.05696833 0.83352350
vn -0.58638560 -0.25782538 0.76790495
vn -0.60083364 -0.28086113 0.74840895
vn -0.46788505 0.13294255 0.87373329
vn -0.62163608 -0.19680038 0.75818084
vn -0.64066443 -0.24166425 0.72879865
vn -0.64452293 -0.10623328 0.75716886
vn -0.55652265 -0.60379939 0.57070907
vn -0.50055123 0.85638341 0.12671196
vn -0.50055123 0.85638341 0.12671196
vn -0.50055123 0.85638341 0.12671196
vn -0.92848065 -0.01462348 -0.37109277
vn -0.92848065 -0.01462348 -0.37109277
vn -0.92848065 -0.01462348 -0.37109277
vn 0.72774597 0.18811259 -0.65954489
vn 0.72774597 0.18811259 -0.65954489
vn 0.72774597 0.18811259 -0.65954489
vn -0.98570079 0.11315005 0.12486403
vn -0.98932546 0.09281814 0.11233845
vn -0.68089241 -0.32811954 0.65476949
vn -0.93547862 0.26458429 0.23425394
vn -0.94698192 0.32126969 -0.00332109
vn -0.92685516 0.35519755 0.12154921
vn -0.90831545 0.30046803 0.29100172
vn -0.92349173 0.35052069 0.15587904
vn -0.90627573 0.30461597 0.29304166
vn -0.92941066 0.33897748 0.14591127
vn -0.94066809 0.33909109 -0.01267983
vn -0.92982779 0.36673497 -0.03042597
vn -0.93695283 0.30136256 0.17691808
vn -0.94596539 0.32241964 0.03456971
vn -0.99174593 0.01236025 0.12762143
vn -0.96469578 0.26214071 -0.02538287
vn -0.91116270 0.21548174 0.35121240
vn -0.86007898 0.31204426 0.40359947
vn -0.87388216 0.23382891 0.42620887
vn -0.83879818 0.30840000 0.44867254
vn -0.93354704 0.33168688 -0.13591815
vn -0.92685894 0.35657466 -0.11741815
vn -0.93981608 0.33793747 -0.05043810
vn -0.93723176 0.33337624 -0.10225906
vn -0.85495791 0.50714958 -0.10884061
vn -0.93128145 0.31076602 -0.19010353
vn -0.91506097 0.35204333 -0.19679662
vn -0.91774006 0.34828331 -0.19092385
vn -0.91300407 0.32353425 -0.24849377
vn -0.91347900 0.31969020 -0.25170280
vn -0.81362984 0.24603847 0.52675569
vn -0.79305697 0.29519263 0.53284327
vn -0.73489857 0.31106433 0.60263013
vn -0.81857764 0.19886982 0.53887052
vn -0.97411993 -0.15207237 0.16722546
vn -0.71610756 0.29902911 0.63069133
vn -0.73395313 0.66974910 -0.11291128
vn -0.74542778 0.22082307 0.62894722
vn -0.70590344 0.27432935 0.65302661
vn -0.72228505 0.18340996 0.66683213
vn -0.69658130 0.20324664 0.68808814
vn -0.68421488 0.23794073 0.68937232
vn -0.66248164 0.29971126 0.68650654
vn -0.64942113 0.29267417 0.70185043
vn -0.64494126 0.28461531 0.70925658
vn -0.66833619 0.17488915 0.72300797
vn -0.59259076 -0.80429448 -0.04412004
vn -0.51197366 -0.85864494 -0.02473537
vn -0.41997300 -0.90730563 -0.02047369
vn -0.56208923 -0.82512540 -0.05677829
vn -0.47588147 -0.87889898 -0.03276285
vn -0.47865485 -0.87771646 -0.02243537
vn -0.32387976 -0.94606482 0.00795339
vn -0.14578334 -0.98913465 -0.01897020
vn -0.14216909 -0.97779959 0.15393478
vn 0.03332502 -0.99904501 0.02825805
vn -0.31746226 -0.87350062 -0.36907233
vn 0.14184042 -0.98649283 0.08193402
vn -0.45371023 -0.83386421 -0.31435252
vn -0.02063526 -0.99859671 -0.04877298
vn -0.01931048 -0.99835869 -0.05391694
vn 0.00218757 -0.99959350 -0.02842619
vn -0.01209343 -0.99896005 -0.04396097
vn -0.04174770 -0.99376539 -0.10338024
vn -0.21003007 -0.97746443 -0.02122854
vn -0.03485830 -0.99931805 0.01217913
vn -0.03044196 -0.99814539 0.05271677
vn 0.01700485 -0.99983573 0.00627347
vn 0.05102896 -0.99869655 0.00111368
vn 0.00280672 -0.99931383 0.03693222
vn 0.24716437 -0.96806902 -0.04185874
vn 0.03321635 -0.99642986 -0.07761571
vn -0.11460162 -0.99168160 -0.05860091
vn 0.07906074 -0.99451885 -0.06842257
vn -0.00533468 -0.99998511 -0.00114788
vn -0.19817224 -0.95486341 -0.22127726
vn -0.00427147 -0.99912898 0.04150958
vn -0.02431806 -0.99905027 0.03615511
vn -0.15557988 -0.97352584 0.16745847
vn -0.19139885 -0.97796664 0.08335299
vn -0.22166189 -0.93014660 0.29273420
vn -0.05346983 -0.99822750 -0.02613117
vn 0.30541624 -0.84232850 -0.44407615
vn -0.03288167 -0.99860484 0.04131792
vn -0.13163682 -0.99106455 0.02151275
vn 0.04281812 -0.99891216 -0.01846918
vn 0.08557799 -0.99631902 0.00498112
vn 0.09899991 -0.99507013 -0.00586925
vn -0.00319041 -0.98837961 -0.15197228
vn 0.07338621 -0.99672663 -0.03391884
vn 0.18718627 -0.96721119 -0.17165029
vn 0.05493150 -0.99149364 -0.11799530
vn 0.03934046 -0.97822965 -0.20376230
vn 0.06907695 -0.99296166 -0.09620560
vn -0.35942860 -0.74772067 0.55832328
vn -0.05729908 -0.99519425 0.07940537
vn -0.24728530 -0.94688627 0.20556356
vn -0.31023122 -0.87803711 -0.36442753
vn 0.01861635 -0.88331084 -0.46841797
vn -0.05161500 -0.99790024 0.03912814
vn -0.32204165 -0.93255074 0.16321242
vn -0.37020397 -0.87815823 0.30296394
vn -0.00234237 -0.99990969 -0.01323346
vn -0.34484701 -0.93713747 -0.05342199
vn -0.37506099 -0.82374916 -0.42516652
vn -0.61610573 -0.78540289 -0.05963248
vn -0.25985004 -0.85790395 0.44325926
vn -0.28566650 -0.90289026 0.32122240
vn -0.01626704 -0.99981169 -0.01058180
vn 0.00256749 -0.99696013 -0.07787113
vn -0.18020661 -0.91833743 0.35239459
vn -0.39351779 -0.91873165 0.03280102
vn 0.70087345 0.45900523 0.54597675
vn 0.70087345 0.45900523 0.54597675
vn 0.70087345 0.45900523 0.54597675
vn 0.04112663 0.19958986 0.97901608
vn 0.04112663 0.19958986 0.97901608
vn 0.04112663 0.19958986 0.97901608
vn 0.04914356 0.74861653 0.66117940
vn -0.01742675 0.95758948 0.28760859
vn 0.14185760 0.96931582 0.20075673
vn 0.00160231 0.93775203 0.34730183
vn -0.02796279 0.98254339 0.18392001
vn -0.03413208 0.96599262 0.25630695
vn 0.12039706 0.98911027 0.08464883
vn 0.14693397 0.97661616 0.15694355
vn 0.17726934 0.96999362 0.16639700
vn 0.17235223 0.98306591 0.06225852
vn 0.17963773 0.96920015 0.16846766
vn -0.49331016 0.81915924 0.29261445
vn -0.53411276 0.66393832 0.52336361
vn -0.31290181 0.94188315 0.12226444
vn 0.01084815 0.99991691 -0.00696331
vn 0.02057481 0.99975720 -0.00788827
vn 0.02009978 0.99976648 0.00793604
vn -0.01729128 0.99979959 0.01008905
vn -0.04508922 0.99897003 0.00508415
vn -0.18919220 0.94914541 -0.25165313
vn -0.09612654 0.99438840 0.04417474
vn 0.02239363 0.99957384 -0.01872605
vn 0.10682354 0.99427053 0.00385213
vn -0.00523768 0.99962004 0.02706197
vn -0.03009964 0.95964397 -0.27960231
vn 0.02266715 0.99882960 0.04272740
vn -0.22633630 0.97134045 -0.07259208
vn 0.05023281 0.99797974 -0.03889867
vn 0.04138965 0.99625571 -0.07590432
vn -0.04108859 0.99817042 -0.04435706
vn 0.02457917 0.99924127 0.03021158
vn 0.12832042 0.99117754 -0.03318062
vn -0.08507896 0.97994367 -0.18019979
vn 0.06595700 0.99386385 -0.08879375
vn -0.08489111 0.99637609 -0.00530876
vn -0.25664144 0.96337420 -0.07775170
vn 0.15174933 0.98801319 0.02832105
vn 0.02316772 0.98710863 -0.15836608
vn -0.33986549 0.93557254 0.09589298
vn 0.22570743 0.97418588 -0.00424616
vn -0.12195111 0.99169703 -0.04080345
vn 0.25276357 0.88916896 -0.38143038
vn 0.03052026 0.96980812 -0.24195191
vn -0.25252084 0.95276510 -0.16873617
vn -0.33496225 0.94183847 -0.02721356
vn 0.01854410 0.99975613 -0.01199137
vn 0.18190194 0.92490243 -0.33386700
vn -0.38250247 0.91453531 -0.13159415
vn 0.02481520 0.99410977 0.10549866
vn 0.12107209 0.97602196 0.18089412
vn -0.42820654 0.90186785 -0.05721493
vn -0.48058220 0.87005915 0.10971699
vn 0.47946447 0.87436660 -0.07481228
vn -0.29102872 0.86078982 -0.41754421
vn 0.57610343 -0.43883557 -0.68958552
vn 0.57610343 -0.43883557 -0.68958552
vn 0.57610343 -0.43883557 -0.68958552
vn 0.38057006 0.92410519 0.03458370
vn 0.30588301 0.95186889 0.01952415
vn 0.15158777 0.97371714 0.16998847
vn 0.26631014 0.92813441 0.26008734
vn 0.40903994 0.89817864 0.16112559
vn -0.08455835 0.97302063 0.21466425
vn 0.10092195 0.96671159 0.23512433
vn -0.03395199 0.96911843 0.24424729
vn 0.39883702 0.90402460 -0.15384586
vn 0.15326344 0.97495364 -0.16116984
vn -0.01938714 0.97224928 0.23314260
vn -0.21088624 0.97638213 0.04695673
vn 0.31442019 0.87767415 -0.36170156
vn -0.20527190 0.97343157 0.10146148
vn -0.17192190 0.96922752 0.17618423
vn -0.15646247 0.98572717 -0.06214044
vn -0.21593452 0.95730172 -0.19221263
vn -0.22197533 0.93957590 -0.26062249
vn -0.07901206 0.98292157 -0.16619952
vn 0.00034818 0.91869324 -0.39497165
vn -0.30193253 0.93233681 -0.19895935
vn 0.46091370 0.86813457 -0.18412208
vn -0.43228866 0.89564235 0.10464839
vn 0.07814210 0.86923165 0.48819070
vn 0.43609672 0.85393788 0.28391856
vn -0.19043315 0.87300598 -0.44899419
vn 0.24194212 0.84545040 -0.47610675
vn -0.28392875 0.80758756 -0.51690116
vn -0.21992747 0.88947576 -0.40058056
vn 0.57402292 0.81831889 -0.02918693
vn 0.05516119 0.83338102 -0.54993938
vn -0.36433229 0.84679579 -0.38755500
vn 0.46779481 0.80207762 -0.37126743
vn 0.53714241 0.79993994 -0.26753342
vn -0.45374919 0.82849817 -0.32818053
vn 0.60130625 0.78376751 0.15536820
vn 0.52814807 0.78506030 0.32363549
vn 0.41475203 0.80050179 0.43264031
vn -0.58567395 0.77195283 -0.24713327
vn 0.61560792 0.78630412 -0.05246633
vn -0.34543591 0.69294199 -0.63285498
vn 0.93936701 0.27686419 -0.20232608
vn 0.98935662 0.12350086 -0.07694814
vn 0.97456754 0.21340372 0.06838831
vn 0.96162537 0.11715673 0.24809464
vn 0.91456120 0.17875415 0.36280128
vn 0.84519299 0.13832683 0.51625042
vn 0.91421807 0.34794101 0.20770745
vn 0.91041291 0.41292859 -0.02526472
vn 0.81914457 0.56955327 -0.06790607
vn 0.82911416 0.52638761 -0.18837673
vn 0.82247355 0.23997600 0.51570223
vn 0.72300337 0.44018499 0.53245028
vn 0.89233623 0.31576247 -0.32253699
vn 0.92324522 0.11158497 -0.36765072
vn 0.81861800 0.54847528 -0.17040963
vn 0.83537332 0.15219969 -0.52819188
vn 0.76527923 0.14318537 0.62757123
vn 0.67798723 0.41769812 0.60486494
vn 0.61985995 0.55527607 0.55447464
vn 0.20141445 -0.97921847 0.02373634
vn 0.34513044 -0.93694449 0.05495447
vn 0.18948941 -0.95057654 0.24596344
vn 0.21352717 -0.96718682 0.13768006
vn 0.07137907 -0.98774510 0.13879715
vn 0.16388437 -0.93803393 0.30534285
vn -0.10828771 -0.96370772 0.24401065
vn -0.02829915 -0.93660509 0.34924212
vn -0.16802700 -0.95579304 0.24130186
vn 0.32064615 -0.94495559 -0.06515348
vn 0.17755052 -0.97267205 -0.14961582
vn 0.26807264 -0.92734171 -0.26110231
vn 0.06807244 -0.94934591 -0.30677106
vn -0.03666789 -0.97666579 -0.21161144
vn -0.17449204 -0.96383320 -0.20144002
vn -0.20592724 -0.94640630 -0.24881536
vn -0.29490140 -0.94921870 -0.10962219
vn -0.31706799 -0.94818587 0.02028440
vn -0.24860337 -0.96221137 0.11111099
vn -0.04071435 -0.95582059 -0.29111740
vn 0.08566267 -0.91028818 0.40501523
vn 0.45316017 -0.88888776 0.06726369
vn -0.15514229 -0.90617660 0.39341434
vn 0.16743277 -0.90740531 -0.38546320
vn -0.44912070 -0.89010520 -0.07748119
vn -0.27294198 -0.89784175 0.34551825
vn -0.22997280 -0.92197257 -0.31157519
vn -0.49667512 -0.86730893 0.03300063
vn 0.30180914 -0.87838274 0.37061436
vn 0.21930735 -0.86748779 -0.44650780
vn 0.45732621 -0.84982044 -0.26202662
vn -0.30702773 -0.92963512 -0.20374621
vn 0.13557937 -0.98105027 0.13841461
vn 0.42951569 -0.83136757 -0.35262477
vn 0.56052342 -0.82663831 0.04982564
vn 0.56904358 -0.82222213 0.01183998
vn -0.68956791 -0.72421661 0.00253017
vn -0.98590177 0.15839717 0.05392628
vn -0.94012238 0.34069754 -0.00975137
vn -0.98700188 0.15016253 -0.05725820
vn -0.93958895 0.33436631 -0.07329241
vn -0.92648879 0.30252235 0.22382751
vn -0.95505379 0.09291746 0.28149352
vn -0.86793303 0.29109961 0.40243419
vn -0.89254389 0.12458721 0.43340908
vn -0.97508972 -0.18922038 0.11573977
vn -0.81778049 0.12121781 0.56262004
vn -0.91385196 -0.18548223 0.36120760
vn -0.97166515 -0.22969215 -0.05575265
vn -0.81728827 -0.12067199 0.56345200
vn -0.84140935 -0.48536022 0.23760423
vn -0.82105153 -0.39276661 0.41425690
vn -0.86269401 -0.50551680 0.01455404
vn -0.71741596 -0.07500049 0.69259603
vn -0.69095778 -0.31184321 0.65217418
vn -0.68221814 -0.54038921 0.49250169
vn -0.64692968 -0.68120122 0.34270526
vn -0.78282941 -0.61136417 -0.11581006
vn -0.72793926 -0.66895747 0.15033408
vn -0.51150143 -0.56859687 0.64425452
vn -0.80426794 -0.59400088 0.01777754
vn -0.75271885 -0.61918420 0.22366327
vn -0.85516948 -0.48787760 0.17510170
vn -0.78439980 -0.44414923 0.43295314
vn -0.93065286 -0.29404072 -0.21777352
vn -0.65528484 -0.43210363 0.61958714
vn -0.55381110 -0.73112942 0.39842570
vn -0.83556823 -0.47753980 -0.27162744
vn -0.69916313 -0.68023934 -0.22010308
vn -0.75238513 -0.58135828 -0.30974050
vn -0.55122550 -0.36755552 0.74903498
vn 0.01513167 -0.03530608 0.99926198
vn 0.06325320 -0.14801884 0.98695970
vn -0.23159557 -0.41932324 0.87779924
vn -0.29231347 -0.15678122 0.94338353
vn -0.02646205 -0.56516043 0.82455652
vn -0.47727040 -0.46357193 0.74653468
vn -0.52602376 -0.10437729 0.84404051
vn 0.19065740 -0.14440872 0.97097676
vn 0.12381927 -0.52621903 0.84128611
vn -0.55810049 0.05472791 0.82796660
vn -0.11166537 -0.77347480 0.62391312
vn -0.20865443 -0.74581196 0.63263564
vn -0.00602832 -0.80012992 0.59979644
vn 0.06271405 -0.78736549 0.61328830
vn -0.10025377 -0.83837858 0.53578964
vn -0.24760989 -0.81185920 0.52874756
vn -0.31063419 -0.76050085 0.57021475
vn -0.01288040 -0.66103697 0.75024278
vn -0.17875695 -0.61243326 0.77004640
vn -0.45464715 -0.76824482 0.45066159
vn 0.09951320 -0.70625073 0.70093297
vn 0.14143285 -0.78590160 0.60195965
vn 0.20076325 -0.76231631 0.61527876
vn 0.29059595 -0.77949122 0.55493012
vn -0.34118223 -0.57189122 0.74601281
vn -0.01547913 -0.53350224 0.84565700
vn -0.65314234 -0.07486645 0.75352511
vn -0.39180261 -0.31419315 0.86473891
vn -0.48228125 0.02759182 0.87558180
vn -0.58630710 -0.37416228 0.71850301
vn -0.76962190 -0.20492498 0.60472133
vn -0.72971175 0.24991212 0.63644693
vn -0.57773413 0.28107434 0.76630313
vn -0.82127249 -0.03558435 0.56942536
vn -0.79672669 0.16011300 0.58274386
vn -0.81104438 -0.27592992 0.51581944
vn -0.21002399 0.03521949 0.97706167
vn -0.28107816 0.41487957 0.86537276
vn -0.71176702 0.42451219 0.55962229
vn -0.65062417 0.47040591 0.59615977
vn -0.30800360 0.58127037 0.75316568
vn -0.16316146 -0.43542182 0.88531699
vn -0.00036823 0.34534375 0.93847619
vn 0.00611689 -0.11041222 0.99386706
vn 0.19279901 0.09829503 0.97630253
vn -0.03180743 0.54497754 0.83784711
vn 0.19979368 0.34428881 0.91735909
vn -0.00573221 -0.41192474 0.91119984
vn 0.16507438 -0.22722324 0.95974999
vn 0.27552566 -0.08605966 0.95743373
vn -0.29704224 -0.58229299 0.75676997
vn 0.31230861 0.18319229 0.93215016
vn 0.31194763 -0.22373903 0.92337940
vn -0.11554573 -0.62594429 0.77126061
vn -0.88555952 0.45687522 0.08396051
vn -0.84455869 0.47511414 0.24695582
vn -0.89522394 0.43598627 -0.09214162
vn -0.86066235 0.37975133 0.33918909
vn -0.93275452 0.30504136 -0.19214260
vn -0.76418024 0.37192830 0.52697049
vn -0.76354382 0.42994758 0.48181523
vn -0.64608262 0.43981715 0.62380937
vn -0.79914586 0.59796588 -0.06166599
vn -0.85453232 0.27143267 -0.44283045
vn -0.69933343 0.60522390 0.38031142
vn -0.69701193 0.71626626 0.03371973
vn -0.56442682 0.63257307 0.53035240
vn -0.60392078 0.76769421 0.21430184
vn -0.66611125 0.74313420 -0.06361886
vn -0.70754868 0.68735316 -0.16407466
vn -0.50780781 0.80168277 0.31533467
vn -0.81970750 0.27107408 -0.50457750
vn -0.81045703 0.40573682 -0.42253643
vn -0.74495979 0.22294986 -0.62875136
vn -0.10928669 -0.36025802 -0.92642894
vn -0.27307189 -0.42006501 -0.86543465
vn -0.35808899 -0.45441684 -0.81564551
vn -0.05447522 -0.44811721 -0.89231352
vn 0.08667291 -0.26105401 -0.96142530
vn 0.25090385 -0.49493611 -0.83191676
vn 0.28693530 -0.25114041 -0.92444395
vn 0.38391716 -0.30520976 -0.87146693
vn -0.03840630 -0.63171425 -0.77424935
vn -0.05894547 -0.67288750 -0.73739260
vn 0.48398574 -0.14578583 -0.86284662
vn 0.46186215 -0.38433894 -0.79935407
vn 0.36714065 -0.56195207 -0.74122710
vn -0.28506820 -0.66522783 -0.69007829
vn -0.50044884 -0.50762117 -0.70133566
vn -0.60798333 -0.30434229 -0.73330215
vn -0.60386136 -0.23131898 -0.76278633
vn -0.53570176 -0.40958308 -0.73842083
vn -0.71123799 -0.25423753 -0.65536539
vn -0.81933257 -0.18134603 -0.54388212
vn -0.83111724 -0.30013659 -0.46814758
vn -0.83344256 -0.37825483 -0.40286075
vn -0.81951547 -0.50451224 -0.27177528
vn -0.92702502 -0.22163839 -0.30249137
vn -0.79047488 -0.44172638 -0.42429619
vn -0.88860590 -0.42579939 -0.17051226
vn -0.98220078 -0.13456578 -0.13104835
vn 0.97124276 -0.19306299 -0.13933481
vn 0.93602055 -0.21121562 0.28151997
vn 0.99318496 0.08683838 0.07773494
vn 0.96344564 0.01429271 -0.26752238
vn 0.93375109 0.06345239 0.35225375
vn 0.88066895 -0.23116984 -0.41350055
vn 0.80955345 0.54510086 -0.21791801
vn 0.86883246 -0.01603007 -0.49484664
vn 0.84840520 0.52751002 0.04406573
vn 0.75967277 0.54973438 0.34740379
vn 0.81796935 -0.16433771 0.55128872
vn 0.78045377 0.24435133 0.57548618
vn 0.72474166 -0.09641601 0.68224151
vn 0.64577148 0.19855497 -0.73726191
vn 0.67270697 -0.06055248 -0.73742710
vn 0.54214314 0.00565298 -0.84026714
vn 0.80116789 0.18670195 -0.56857048
vn 0.81355137 -0.12774913 -0.56728681
vn 0.53541035 0.26428484 -0.80217783
vn 0.50783688 -0.17856203 -0.84274391
vn 0.77387897 -0.29426512 -0.56082027
vn 0.91945451 0.11673384 -0.37546853
vn 0.69887256 0.38948617 -0.59989806
vn 0.89156231 -0.20169630 -0.40550615
vn 0.82545543 0.37583221 -0.42115731
vn 0.74915068 0.52992497 -0.39743275
vn 0.93126899 0.30036111 -0.20620685
vn 0.76758452 0.58456073 -0.26287402
vn 0.97492062 -0.10583880 -0.19577522
vn 0.83561675 -0.34459521 -0.42778358
vn 0.81488090 0.57800806 -0.04331059
vn 0.74639635 0.65751934 -0.10276584
vn 0.73570686 0.65395011 0.17630845
vn 0.83327352 0.50737347 0.21960740
vn 0.93097501 -0.29134708 -0.22000546
vn 0.95187059 0.22216941 0.21114720
vn 0.99975371 -0.01873556 0.01189496
vn 0.94236614 0.33454612 -0.00499424
vn 0.96837067 -0.09065199 0.23246605
vn 0.90554452 0.12653554 0.40494182
vn 0.87894588 -0.21541600 0.42549980
vn 0.97304704 -0.22991781 -0.01781147
vn 0.76965726 0.45541157 0.44746845
vn 0.78831781 -0.00292173 0.61526132
vn 0.66046497 0.44909720 0.60174557
vn 0.80657747 -0.26988780 0.52592144
vn 0.75276739 -0.22095175 0.62009804
vn 0.62854791 0.06087523 0.77538489
vn 0.58114186 0.37858296 0.72038120
vn 0.61387477 -0.11549062 0.78090953
vn 0.49963437 0.36271389 0.78664104
vn 0.58006123 0.62372344 0.52392561
vn 0.47704038 0.61813476 0.62477348
vn 0.47453271 0.55527946 0.68299592
vn 0.57763105 0.33732992 0.74333767
vn 0.40772673 0.64143122 0.64986529
vn 0.43822775 0.59030358 0.67786290
vn 0.42145723 0.43378225 0.79637099
vn 0.37779509 0.62661917 0.68162987
vn 0.50906455 -0.03625123 0.85996461
vn 0.51316320 -0.09318215 0.85321780
vn -0.60689527 0.01371343 -0.79466350
vn -0.43770373 0.10820727 -0.89258424
vn -0.43914530 -0.32213246 -0.83867877
vn -0.28230835 0.11161264 -0.95280880
vn -0.23729154 -0.26576727 -0.93437706
vn -0.64129547 0.14667836 -0.75314380
vn -0.58477029 -0.36386260 -0.72501567
vn -0.72848603 -0.12245004 -0.67402826
vn -0.81254095 0.13543582 -0.56695180
vn -0.73263846 0.16310550 -0.66078550
vn -0.78470777 -0.36251729 -0.50280706
vn -0.89344313 -0.16870220 -0.41629189
vn -0.62016069 -0.55615498 -0.55325614
vn -0.87854007 0.22464403 -0.42154764
vn -0.93610443 0.10109647 -0.33687979
vn -0.79460827 0.38907373 -0.46606795
vn -0.92460698 -0.21394554 -0.31516542
vn -0.87728707 0.33222807 -0.34639849
vn -0.79068547 -0.49735121 -0.35701297
vn -0.86936938 -0.41383150 -0.27007476
vn -0.42849428 -0.63672680 -0.64107069
vn -0.61882017 -0.66313919 -0.42107958
vn -0.57624052 -0.65398373 -0.49015523
vn -0.53505689 -0.64037219 -0.55103319
vn -0.29835610 -0.60751698 -0.73614316
vn -0.31587344 -0.70813635 -0.63147991
vn -0.13504241 -0.36451101 -0.92135513
vn -0.13072433 -0.06379962 -0.98936381
vn -0.12111136 0.17649737 -0.97682174
vn -0.16957485 0.28726908 -0.94271992
vn -0.06886846 0.32863569 -0.94194252
vn 0.85366096 0.04564798 0.51882486
vn 0.93027930 0.04819721 0.36367217
vn 0.87886222 0.23932848 0.41270216
vn 0.76519628 0.19778627 0.61266242
vn 0.72278533 0.02612615 0.69057859
vn 0.61760226 0.21432987 0.75672330
vn 0.61760471 0.00356228 0.78648060
vn 0.54401487 0.25700755 0.79874585
vn 0.61394284 0.53907788 0.57660145
vn 0.69219793 0.57950071 0.43016387
vn 0.43759434 0.66721924 0.60276835
vn 0.78541656 0.59351634 0.17566784
vn 0.93684181 0.30377709 0.17334040
vn 0.96453954 0.08142803 0.25106365
vn 0.98186683 0.18630805 0.03502627
vn 0.87320357 0.48141097 -0.07588818
vn 0.70828844 0.69529029 -0.12206105
vn 0.99537373 0.08349795 -0.04753132
vn 0.99787260 -0.04999776 0.04183906
vn 0.79804424 0.53637096 -0.27464811
vn 0.64356325 0.74216005 -0.18714913
vn 0.73403939 0.59860606 -0.32071320
vn 0.48139357 0.85407119 -0.19703461
vn 0.52317459 0.82545350 0.21193127
vn 0.46513107 0.88495089 0.02269380
vn 0.48566343 0.85946878 0.15951317
vn 0.59207478 0.80496719 0.03840928
vn 0.47397186 0.79561915 0.37728087
vn 0.47771960 0.87510621 -0.07728592
vn 0.46406069 0.84256754 0.27336351
vn 0.34564496 0.91299428 -0.21672794
vn 0.67200286 0.73071431 0.12028614
vn 0.32896182 0.91239830 -0.24354355
vn 0.36772808 0.82851707 0.42229790
vn 0.25726678 0.93052096 -0.26066173
vn 0.23760873 0.79715198 0.55505929
vn 0.21206343 0.78632836 0.58027305
vn 0.07392936 0.80839703 0.58397662
vn 0.03155933 0.79465358 0.60624227
vn -0.10880060 0.82810734 0.54990969
vn -0.20784509 0.75514294 0.62173914
vn -0.27257481 0.85192883 0.44712442
vn -0.34519349 0.82496317 0.44752343
vn -0.44662142 0.80591055 0.38863542
vn -0.35580042 0.84977286 0.38896290
vn -0.10748213 0.73022571 0.67469846
vn -0.22674130 0.66691238 0.70980015
vn -0.33687848 0.68155562 0.64961129
vn -0.57834568 0.70434794 0.41159476
vn -0.37017352 0.39388705 -0.84132310
vn -0.21653961 0.04397136 -0.97528310
vn -0.49570661 0.00192691 -0.86848790
vn -0.12468717 0.48024580 -0.86822640
vn 0.08471796 0.24832484 -0.96496510
vn -0.07835919 -0.11096350 -0.99073051
vn 0.01883798 0.67031734 -0.74183542
vn -0.21802022 0.66366973 -0.71554851
vn 0.22647996 0.57469412 -0.78640543
vn 0.33619222 0.40750476 -0.84906694
vn -0.34169886 0.64420602 -0.68428101
vn -0.56609678 0.28898689 -0.77202397
vn 0.26649542 0.04328523 -0.96286374
vn 0.13025238 -0.24308289 -0.96122059
vn -0.31202481 -0.36034967 -0.87908397
vn 0.23323643 -0.24037573 -0.94224215
vn -0.09328499 -0.34969755 -0.93220681
vn -0.64839409 0.09677932 -0.75512838
vn -0.66311445 0.04914717 -0.74690280
vn -0.25453681 -0.49201912 -0.83254321
vn -0.40833300 -0.46276089 -0.78683957
vn 0.08185012 -0.51620409 -0.85254554
vn 0.15441142 0.04410547 -0.98702169
vn 0.24557515 0.48789889 -0.83764403
vn -0.05063678 0.33718941 -0.94007405
vn 0.32134685 0.14467160 -0.93584525
vn 0.06021448 0.02845572 -0.99777978
vn -0.16775790 0.22219788 -0.96046103
vn -0.16293531 0.37881744 -0.91101561
vn 0.03828039 0.70409054 -0.70907765
vn -0.09638985 0.73778344 -0.66812019
vn 0.49762359 0.16138237 -0.85224790
vn 0.43351053 0.62883588 -0.64547197
vn 0.59404701 -0.07541156 -0.80088778
vn 0.69513398 0.27313013 -0.66497270
vn 0.71695717 -0.05499548 -0.69494454
vn -0.13328110 0.79854908 -0.58698851
vn -0.04188317 0.77752335 -0.62745776
vn 0.07856230 0.84299958 -0.53214628
vn 0.12008950 0.80685437 -0.57841555
vn 0.12016298 0.81125639 -0.57220970
vn 0.20883082 0.81986769 -0.53311037
vn 0.32838294 0.75784083 -0.56377470
vn 0.44431497 0.76621666 -0.46421572
vn 0.58276574 0.70048922 -0.41194531
vn 0.47280434 0.64601180 -0.59927023
vn 0.54981311 0.74328569 -0.38109306
vn 0.69032559 0.65461967 -0.30809683
vn -0.76436060 -0.35188618 0.54030454
vn -0.66266957 -0.32628798 0.67409584
vn -0.42660539 -0.42832994 0.79658101
vn -0.35046916 -0.34943292 0.86894649
vn -0.14183251 -0.42544171 0.89380249
vn -0.20896993 -0.24673089 0.94628507
vn -0.07497791 -0.57624558 0.81383004
vn -0.05299583 -0.40686823 0.91194829
vn -0.02726710 -0.41832126 0.90788977
vn -0.33540918 -0.72733905 0.59873082
vn -0.03958313 -0.59752396 0.80087345
vn -0.51369929 -0.76165081 0.39496973
vn -0.80392055 -0.43225363 0.40849546
vn -0.75237130 -0.61103032 0.24612878
vn -0.62242135 -0.71760267 0.31247092
vn -0.93685031 -0.27098070 0.22109038
vn -0.92380223 -0.33351376 0.18803729
vn -0.65080139 -0.75785712 -0.04593612
vn -0.99154564 -0.12020360 -0.04887060
vn -0.92959475 -0.36171958 -0.07079940
vn -0.98080165 -0.09334708 -0.17121462
vn -0.99105152 0.13341620 0.00412248
vn -0.98168997 -0.11772215 -0.14975414
vn -0.99409188 -0.10767666 0.01367750
vn -0.97668014 -0.02852550 0.21279615
vn -0.92617616 -0.31736152 0.20366489
vn -0.93728299 -0.10087970 0.33365235
vn -0.93673161 0.08020362 0.34073637
vn -0.75336591 -0.58754603 0.29534634
vn -0.82889530 -0.55935746 -0.00719764
vn -0.84880062 -0.49439862 -0.18737002
vn -0.91644380 -0.22397070 -0.33161405
vn -0.68808754 -0.71766674 0.10719134
vn -0.96995450 0.04150982 -0.23971902
vn -0.94241021 0.04163069 -0.33185823
vn -0.86811745 -0.11327501 -0.48326067
vn -0.77055444 -0.25504186 -0.58412285
vn -0.64150917 -0.67542913 -0.36367770
vn -0.52999181 -0.70837487 -0.46616920
vn -0.63082670 -0.41391131 -0.65630412
vn -0.41873584 -0.68720754 -0.59363802
vn -0.76570995 0.00551622 -0.64316238
vn -0.48899722 -0.41941588 -0.76483465
vn -0.38461531 -0.78715498 -0.48213910
vn -0.50513626 -0.79904606 -0.32613303
vn -0.60920334 -0.77190854 -0.18173743
vn -0.59425618 -0.79266730 -0.13615487
vn -0.54455961 -0.83311584 0.09681343
vn -0.55133713 -0.80179474 0.23054842
vn -0.43521997 -0.85671063 0.27682208
vn -0.24491049 -0.77931211 -0.57679415
vn -0.55742476 -0.75827906 0.33806878
vn -0.68913119 -0.65613249 -0.30755221
vn -0.54845658 -0.68004308 -0.48655605
vn -0.21816300 -0.75331017 -0.62042622
vn -0.08469843 -0.76658860 -0.63652816
vn -0.07215674 -0.80116955 -0.59407134
vn 0.07348493 -0.76284052 -0.64239731
vn 0.13707873 -0.81057581 -0.56936480
vn -0.12102462 -0.72161897 -0.68162974
vn 0.30805228 -0.70053857 -0.64369985
vn 0.34007512 -0.82337190 -0.45432106
vn 0.28686051 -0.83229942 -0.47432976
vn 0.35014636 -0.87217799 -0.34161832
vn 0.39514322 -0.82454348 -0.40495665
vn 0.27988111 -0.62428817 -0.72933589
vn 0.44256871 -0.64382941 -0.62419278
vn 0.44927887 -0.59475552 -0.66664411
vn -0.87745824 -0.45528735 -0.15093202
vn -0.42844551 0.03112173 -0.90303149
vn -0.46775064 0.34095299 -0.81545104
vn -0.23758181 0.35605201 -0.90375984
vn -0.18142510 0.09895602 -0.97841333
vn -0.10117901 0.44622668 -0.88918196
vn -0.69433640 0.00510126 -0.71963250
vn -0.66023952 0.36278007 -0.65762786
vn -0.81169836 0.27717318 -0.51412138
vn -0.49253452 0.50965650 -0.70545021
vn -0.21659153 0.62070913 -0.75353055
vn -0.64788122 0.44165220 -0.62063940
vn -0.79148542 0.05609097 -0.60860877
vn -0.10987239 0.60418579 -0.78923228
vn -0.78747056 0.42789075 -0.44362103
vn -0.89585546 0.12603957 -0.42609509
vn -0.74903731 -0.00353894 -0.66251836
vn -0.85428050 -0.22481195 -0.46868371
vn -0.93271196 0.03852409 -0.35855864
vn -0.97566560 0.01907388 -0.21843265
vn -0.98465168 -0.03604136 -0.17076910
vn 0.08591822 0.34221521 0.93568521
vn 0.07444752 0.49483817 0.86579025
vn -0.12012562 0.26214301 0.95752330
vn -0.30076528 0.50705518 0.80773466
vn -0.25481166 0.45664657 0.85237605
vn -0.42310022 0.28777864 0.85916800
vn 0.04387117 0.51331197 0.85708001
vn 0.33793297 0.45062243 0.82628127
vn 0.32822990 0.40784192 0.85201532
vn 0.41973695 0.18883416 0.88778519
vn -0.11250187 0.76936827 0.62882096
vn 0.46656180 0.39201393 0.79287147
vn 0.48126010 0.35299477 0.80236115
vn 0.19903086 0.76621950 0.61097823
vn 0.33858122 0.69720560 0.63187586
vn -0.45028480 0.37978877 0.80808668
vn -0.36600632 0.51367719 0.77599944
vn -0.42763519 0.55345719 0.71471203
vn -0.31041358 0.76168204 0.56875643
vn -0.36165097 0.19339259 -0.91203502
vn -0.10212377 0.41229097 -0.90531039
vn -0.43895497 0.34401537 -0.83004335
vn 0.07189368 0.21464795 -0.97404187
vn 0.22343926 0.43919012 -0.87016489
vn -0.37420587 0.53032513 -0.76073992
vn 0.46929375 0.22187605 -0.85471305
vn -0.11511325 0.63617286 -0.76291090
vn 0.52511233 0.49719198 -0.69069326
vn 0.03699737 0.69447140 -0.71856849
vn 0.31823979 0.68140493 -0.65909844
vn 0.52609914 0.73477373 -0.42816732
vn 0.67685702 0.29399512 -0.67485661
vn 0.65450975 0.59001365 -0.47275880
vn 0.70793175 0.16641891 -0.68639448
vn 0.74661655 0.40979461 -0.52405353
vn -0.57912992 0.16693647 -0.79796037
vn -0.58123260 0.32749309 -0.74492747
vn -0.55943018 0.45154299 -0.69508762
vn -0.14035550 -0.06421688 0.98801646
vn -0.32680549 0.20697766 0.92214881
vn -0.38936157 0.00246773 0.92108169
vn -0.08246738 0.32294055 0.94281946
vn 0.06563331 0.37226538 0.92580276
vn 0.07265501 0.01569160 0.99723369
vn 0.23743867 0.20932227 0.94858161
vn 0.24850704 0.44230643 0.86174780
vn 0.10662685 0.56222522 0.82008141
vn 0.39669682 0.18882277 0.89831932
vn 0.29834088 -0.20639783 0.93187588
vn 0.35027386 0.48783024 0.79958106
vn 0.04089739 -0.26618554 0.96305382
vn 0.43196146 -0.28460441 0.85580934
vn -0.29378714 -0.24951990 0.92272907
vn 0.22890235 -0.43689712 0.86989920
vn 0.37870523 -0.40630794 0.83156251
vn -0.49810765 -0.12122106 0.85860015
vn -0.53050510 0.28749515 0.79744020
vn -0.57569797 0.25262356 0.77765879
vn -0.60062847 0.54052336 0.58913491
vn -0.58850720 0.56434490 0.57894223
vn -0.63785577 0.58689949 0.49868728
vn -0.78290328 0.36246526 -0.50564947
vn -0.75190317 0.21538188 -0.62309892
vn -0.88629646 0.10621781 -0.45077307
vn -0.84057856 0.23873718 -0.48624298
vn -0.77374938 0.44588317 -0.45000010
vn -0.57434176 0.32100019 -0.75305406
vn -0.41583642 0.40513842 -0.81421307
vn -0.34965665 0.60227357 -0.71763972
vn -0.11745466 0.22096009 -0.96818441
vn -0.51459343 0.51722244 -0.68386735
vn -0.57908755 0.57613038 -0.57682874
vn -0.37258799 0.68339826 -0.62780969
vn -0.46595346 0.75607683 -0.45960331
vn -0.56525141 0.76186319 -0.31631523
vn -0.38715092 0.51683999 -0.76353820
vn -0.19125613 0.66576449 -0.72123417
vn -0.05530263 0.80464928 -0.59116932
vn -0.22534235 0.86925640 -0.44001606
vn -0.45348853 0.85353512 -0.25656567
vn -0.33661871 0.88673056 -0.31685449
vn -0.16191640 0.90540981 -0.39244893
vn -0.04922289 0.90607877 -0.42023609
vn -0.44776341 0.86236229 -0.23630323
vn -0.52710541 0.75999222 -0.38022587
vn -0.57011007 0.81637170 -0.09225919
vn 0.07819055 0.90570030 -0.41664518
vn -0.39671996 0.91600205 0.05961140
vn 0.19861764 0.79120099 -0.57840472
vn -0.55740712 0.82579479 0.08579194
vn 0.18473031 0.91259000 -0.36476595
vn 0.34526348 0.81047613 -0.47320351
vn -0.56367349 0.79721382 0.21615348
vn -0.38442508 0.91050337 0.15231867
vn 0.08320197 0.70996101 -0.69930880
vn 0.38378101 0.76185192 -0.52181777
vn 0.44672477 0.77331264 -0.44991615
vn 0.30155268 0.68734118 -0.66077839
vn -0.67885128 0.71325532 -0.17443562
vn -0.70491316 0.70922583 0.00980605
vn -0.67663277 0.71193183 0.18793928
vn -0.69544189 0.65401589 0.29769750
vn 0.87627725 -0.46774456 0.11555608
vn 0.96760552 -0.21321580 0.13519827
vn 0.93529044 -0.33189726 -0.12278433
vn 0.88607356 -0.39464121 -0.24317065
vn 0.88197792 -0.28739309 -0.37352397
vn 0.76498403 -0.36340435 -0.53172992
vn 0.77622813 -0.20322346 -0.59679989
vn 0.69300832 -0.39380522 -0.60386829
vn 0.61332878 -0.40973294 -0.67523827
vn 0.76444550 -0.57342786 -0.29462446
vn 0.74370187 -0.66834142 0.01507530
vn 0.65060022 -0.64568399 -0.39976435
vn 0.56632612 -0.67928450 -0.46674115
vn 0.53873515 -0.53954523 -0.64703584
vn 0.63220382 -0.75644008 -0.16768048
vn 0.77097333 -0.61901886 0.14971902
vn 0.88903493 -0.41479660 0.19380578
vn 0.94389414 -0.22430592 0.24238543
vn 0.14897998 -0.09663847 -0.98410669
vn 0.14072504 -0.08923365 -0.98601918
vn -0.01679903 -0.19190900 -0.98126894
vn 0.16181719 -0.21627147 -0.96283012
vn 0.27185900 0.17639028 -0.94603338
vn 0.03724065 -0.00217429 -0.99930396
vn 0.07766237 -0.04102856 -0.99613514
vn -0.05776684 -0.34442675 -0.93703426
vn -0.06138946 -0.14328992 -0.98777494
vn -0.33288441 0.05985327 -0.94106618
vn 0.58286136 0.28330230 -0.76158548
vn -0.30989241 0.13420342 -0.94125243
vn -0.24601453 0.18310000 -0.95181471
vn 0.27815176 0.76988061 -0.57438266
vn -0.48630797 0.14071339 -0.86238292
vn -0.18414923 0.15449108 -0.97068098
vn -0.31805045 0.17915015 -0.93099363
vn -0.30051972 0.18800781 -0.93506201
vn -0.36580540 0.12385400 -0.92241346
vn -0.50448592 0.11739942 -0.85540127
vn 0.22593556 0.04875850 -0.97292124
vn -0.76114135 -0.57523435 0.29961524
vn -0.60713317 -0.62961755 0.48473813
vn -0.77962552 -0.36245959 0.51069275
vn -0.84357217 -0.42914780 0.32282838
vn -0.78040827 -0.58264051 0.22692061
vn -0.55727233 -0.54437225 0.62698198
vn -0.37672634 -0.68494468 0.62364096
vn -0.32912909 -0.67427920 0.66107610
vn -0.29706182 -0.68919698 0.66087957
vn -0.73222397 -0.19640599 0.65212939
vn -0.87254978 -0.14565187 0.46630720
vn -0.90641729 -0.17560211 0.38415047
vn -0.88231766 0.07501114 -0.46463844
vn -0.81257015 0.40170780 -0.42232760
vn -0.93717013 0.21582269 -0.27410349
vn -0.86084425 0.43498442 -0.26407526
vn -0.74049472 0.26040388 -0.61956226
vn -0.68711938 0.50345415 -0.52383286
vn -0.54636064 0.47278748 -0.69134799
vn -0.56755574 0.31024658 -0.76264509
vn -0.52790192 0.78814115 -0.31646974
vn -0.76570658 0.59213408 -0.25113876
vn -0.64664801 0.71334026 -0.27017035
vn -0.47380917 0.79306192 -0.38282849
vn -0.44485462 0.76589831 -0.46422424
vn -0.87541098 0.47915141 -0.06379292
vn -0.44901540 0.82029376 -0.35426447
vn -0.46549157 0.79156477 -0.39590758
vn -0.54963671 0.73210685 -0.40239166
vn -0.67788452 0.54135514 -0.49740042
vn -0.64046384 0.59674703 -0.48342430
vn -0.54010444 0.69243962 -0.47834566
vn -0.41517177 0.84695088 -0.33212438
vn -0.72025193 0.47185359 -0.50851877
vn -0.24304375 0.92448889 -0.29368357
vn -0.73947547 0.42564319 -0.52153994
vn -0.75979279 0.35437086 -0.54510201
vn -0.84027258 0.22790127 0.49193801
vn -0.85213595 0.44930905 0.26830152
vn -0.96992039 0.07371711 0.23199185
vn -0.96744773 0.25306973 -0.00077049
vn -0.99234616 -0.10575769 -0.06375277
vn -0.75138236 0.30719033 0.58400227
vn -0.67970702 0.24776958 0.69036845
vn -0.63476969 0.29577435 0.71385221
vn -0.82411511 0.38962018 0.41113308
vn -0.79321395 0.59859404 -0.11178908
vn -0.90639543 0.42166153 0.02547297
vn -0.81841865 0.53675482 -0.20514672
vn -0.73054086 0.62756769 -0.26920038
vn -0.98826974 0.10842923 -0.10754544
vn -0.97112983 0.09081653 0.22058832
vn -0.84266460 0.15456049 0.51577847
vn -0.78318821 0.07579129 0.61714821
vn -0.76263353 0.02905118 0.64617810
vn 0.89717611 -0.18236148 0.40226772
vn 0.78198429 -0.55403242 0.28556725
vn 0.86888720 -0.23258746 0.43696466
vn 0.91344012 -0.30514132 0.26928782
vn 0.83831165 -0.51650059 0.17452997
vn 0.71541661 -0.60038833 0.35736947
vn 0.72931383 -0.29931198 0.61523465
vn 0.66821042 0.06135385 0.74143815
vn 0.48048690 -0.73670890 0.47580704
vn 0.60142599 -0.78008900 0.17247591
vn 0.72627441 -0.61186070 0.31329214
vn 0.57619933 -0.54372229 0.61021341
vn 0.62266394 -0.18346659 0.76067709
vn 0.52608172 -0.80759051 0.26652501
vn 0.67029456 -0.69330060 0.26464972
vn 0.44344551 -0.81729060 0.36795672
vn 0.64236946 -0.76246576 0.07750770
vn 0.79413381 -0.60194092 0.08377723
vn 0.54109788 -0.70523622 0.45809930
vn 0.45176152 -0.77552088 0.44099761
vn 0.59246672 -0.59881874 0.53888710
vn 0.63589700 -0.54111337 0.55030113
vn 0.59173593 -0.59229940 0.54683637
vn 0.45882908 -0.82718695 0.32440347
vn 0.60720670 -0.76983878 0.19659166
vn 0.66669235 -0.59802233 0.44484896
vn 0.52049503 -0.85380367 0.01020865
vn 0.79006727 -0.49239064 0.36516458
vn 0.80642316 -0.57417924 0.14142096
vn 0.69576323 -0.44504525 0.56378032
vn 0.70037771 -0.42335188 0.57466882
vn 0.84178439 -0.53847347 -0.03801804
vn 0.88197898 -0.46369157 0.08428046
vn 0.89761192 -0.41694222 0.14301056
vn 0.26923060 -0.38083346 0.88457943
vn 0.26069411 -0.28028498 0.92383922
vn 0.36879929 -0.39833182 0.83983263
vn 0.39779150 -0.44953728 0.79979882
vn 0.26775819 -0.46866974 0.84181603
vn 0.62950734 -0.45317025 0.63115547
vn 0.64219441 -0.38934451 0.66030084
vn 0.07277771 -0.84469777 0.53027265
vn 0.34748442 -0.80873097 0.47456168
vn 0.74959256 -0.49020981 0.44475312
vn 0.46832944 -0.84149564 0.26935595
vn 0.76173725 -0.41365213 0.49864644
vn 0.64564301 -0.69752773 0.31080567
vn 0.67839849 -0.68911085 0.25475819
vn 0.40180392 -0.53849320 0.74066098
vn 0.23794996 -0.63708050 0.73314954
vn 0.35053144 -0.74988720 0.56106763
vn 0.16818764 -0.80416902 0.57010972
vn 0.49579425 -0.50946471 0.70330205
vn 0.53085403 -0.65701279 0.53528328
vn 0.45093612 -0.81874155 0.35541369
vn 0.61826772 -0.69448290 0.36801974
vn 0.62236008 -0.75989482 0.18769070
vn 0.39067796 -0.92049831 -0.00732103
vn 0.55815068 -0.82939252 -0.02399731
vn -0.09969600 -0.91672878 0.38687084
vn -0.06143927 -0.89456996 0.44268476
vn -0.18005021 -0.90765789 0.37912938
vn -0.20140751 -0.89098015 0.40692676
vn 0.05619260 -0.77070442 0.63471024
vn -0.30677412 -0.82391436 0.47650264
vn 0.53215509 -0.81800742 -0.21834564
vn 0.40442006 -0.90109370 -0.15644349
vn 0.36616380 -0.90073756 -0.23365771
vn -0.34838603 -0.77210525 0.53148910
vn 0.65997274 -0.73449006 -0.15798838
vn 0.75474622 -0.65511104 0.03446250
vn 0.57582795 -0.73957087 -0.34850696
vn 0.58782325 -0.67196172 -0.45047893
vn 0.78822021 -0.57741061 0.21285180
vn 0.60648064 -0.63552877 -0.47779118
vn -0.26514085 -0.18742920 0.94581744
vn -0.34660867 -0.26403661 0.90008172
vn -0.06583252 -0.40569545 0.91163440
vn 0.09538624 -0.20378490 0.97435783
vn -0.46221082 -0.15848742 0.87249235
vn -0.47754397 -0.19555917 0.85656778
vn 0.24250776 -0.43773285 0.86578284
vn -0.22220253 -0.31565662 0.92248953
vn 0.02578245 -0.38725537 0.92161193
vn 0.29735906 -0.39837988 0.86768143
vn -0.11591515 0.08233513 0.98984070
vn 0.23333220 0.13601509 0.96283746
vn -0.39740115 -0.09898353 0.91229085
vn -0.40766275 -0.11301857 0.90611141
vn 0.42580458 -0.15383870 0.89164125
vn 0.44573091 -0.42757996 0.78644728
vn 0.54161666 -0.15389913 0.82641784
vn 0.46244924 -0.51377216 0.72261945
vn 0.64945558 -0.41259354 0.63872844
vn 0.69319271 -0.10400681 0.71320856
vn 0.62686132 -0.19352156 0.75471471
vn 0.53902342 -0.70732274 0.45732735
vn 0.82963076 -0.27716053 0.48465951
vn 0.92047683 -0.14963655 0.36101427
vn 0.09936254 0.54983609 0.82934152
vn 0.12393827 0.51034527 0.85099178
vn 0.97734272 -0.15269321 0.14658103
vn 0.98378120 -0.17267705 0.04855087
vn 0.97516860 -0.22099509 -0.01440016
vn 0.86652615 0.00802472 -0.49906716
vn 0.79701347 0.30817991 -0.51941763
vn 0.92490483 0.26529231 -0.27234363
vn 0.95508805 -0.01210083 -0.29607496
vn 0.74235827 0.13076597 -0.65711829
vn 0.58482762 0.49476063 -0.64279746
vn 0.86227522 0.49338660 -0.11424142
vn 0.78242375 0.55741390 -0.27767395
vn 0.81623742 0.56473994 -0.12175910
vn 0.64772802 0.59167370 -0.47996941
vn 0.51878158 0.62747262 -0.58064084
vn 0.80262246 0.59435523 -0.05038892
vn 0.25969333 0.61549209 -0.74412960
vn 0.25223458 0.61435704 -0.74762500
vn 0.14558333 0.59180179 -0.79282794
vn 0.15778842 0.57697341 -0.80137663
vn 0.19751052 -0.10995636 -0.97411457
vn 0.07095695 -0.26308092 -0.96216087
vn 0.20807706 -0.32076187 -0.92402152
vn -0.25349998 -0.32644145 -0.91058978
vn 0.02753932 0.11161681 -0.99336966
vn -0.18052872 -0.30915020 -0.93372134
vn 0.04940024 -0.08796955 -0.99489747
vn 0.23737901 0.17609893 -0.95532213
vn -0.10886641 0.33739233 -0.93504787
vn 0.40124437 0.10753271 -0.90963711
vn 0.41985836 0.12721794 -0.89862926
vn 0.26301305 0.03665748 -0.96409562
vn 0.30591631 0.05374925 -0.95053997
vn 0.47827358 0.13738502 -0.86739826
vn 0.48939156 0.17942422 -0.85340661
vn 0.11813933 0.06260499 -0.99102155
vn 0.11794900 0.06310605 -0.99101244
vn 0.63092938 -0.29655202 -0.71692748
vn 0.38725920 -0.57338903 -0.72198015
vn 0.30690505 -0.40120066 -0.86304537
vn 0.55293791 -0.56987643 -0.60786555
vn 0.14196379 -0.56847843 -0.81035705
vn 0.14552181 -0.23240868 -0.96167022
vn 0.76037409 -0.51574146 -0.39476827
vn 0.81827686 -0.27424947 -0.50518334
vn 0.86091253 -0.47665940 -0.17783541
vn 0.95465036 -0.20555933 -0.21537886
vn 0.98499792 -0.16501786 -0.05047982
vn -0.03941123 -0.72718834 -0.68530568
vn -0.13355116 -0.73655097 -0.66306618
vn -0.11050651 -0.71849760 -0.68669463
vn 0.17570619 -0.78393344 -0.59546259
vn 0.31907145 -0.77378859 -0.54721534
vn 0.53168210 -0.78558777 -0.31649012
vn 0.69196636 -0.71572183 -0.09447121
vn 0.69268313 -0.71814867 0.06672762
vn 0.67653205 -0.71376444 0.18123111
vn 0.65314680 -0.71096189 0.26063854
vn 0.61163051 -0.73772589 0.28577723
vn 0.29144631 0.10241828 0.95108861
vn 0.38304618 -0.10438549 0.91781223
vn -0.12276767 -0.04976609 0.99118688
vn -0.11185345 0.11928225 0.98653969
vn -0.14353790 0.09636702 0.98494176
vn -0.05207122 0.12551662 0.99072406
vn 0.59264074 0.20602900 0.77867131
vn 0.35915138 -0.39212956 0.84690300
vn 0.69703510 0.42897909 0.57455984
vn -0.43069961 0.08653616 -0.89833698
vn -0.34010146 -0.17344498 -0.92425529
vn -0.30180323 0.05936742 -0.95152000
vn -0.46057012 -0.04065032 -0.88669201
vn -0.03424865 -0.27849421 -0.95982707
vn 0.00911906 0.03272306 -0.99942286
vn 0.22203083 -0.28308503 -0.93304082
vn 0.32031855 0.01966877 -0.94710568
vn -0.13865189 -0.61060346 -0.77970448
vn 0.11697341 -0.71065735 -0.69374588
vn 0.60710664 -0.02069949 -0.79435072
vn 0.44051070 -0.33142682 -0.83433002
vn 0.67069174 -0.37382228 -0.64064771
vn 0.79656168 -0.07517519 -0.59986514
vn 0.83764983 -0.35297219 -0.41683737
vn 0.92342303 -0.10848959 -0.36813031
vn 0.89735300 -0.23562223 -0.37314844
vn 0.72955619 -0.48316965 -0.48404014
vn 0.65073508 -0.66908788 -0.35897807
vn 0.53435597 -0.75030071 -0.38924611
vn 0.37180373 -0.75439048 -0.54097781
vn 0.40577307 -0.79655190 -0.44816658
vn 0.58395262 -0.66627052 -0.46377034
vn 0.54836579 -0.68979029 -0.47274128
vn 0.29387721 -0.71138329 -0.63841209
vn 0.61418626 -0.72879672 -0.30270543
vn 0.57763200 -0.78358445 -0.22877213
vn 0.82798220 -0.52839995 -0.18772047
vn 0.76694989 -0.59534639 -0.23947974
vn 0.05042579 -0.67925147 -0.73217121
vn 0.22775172 -0.43533546 -0.87098346
vn -0.06653732 -0.72876024 -0.68152865
vn 0.04632601 -0.48389788 -0.87389744
vn 0.13573356 -0.13443895 -0.98158167
vn 0.23046701 -0.08445689 -0.96940806
vn 0.44807656 -0.09798365 -0.88860936
vn 0.46267451 0.25651808 -0.84860519
vn 0.61298641 0.02285398 -0.78976285
vn 0.29633497 0.28299149 -0.91219592
vn 0.61738580 0.30341548 -0.72579185
vn 0.73018146 0.26330574 -0.63048007
vn 0.70406729 -0.23548732 -0.66995147
vn 0.83315304 0.01836713 -0.55273742
vn 0.80277981 0.28228928 -0.52522123
vn 0.90855255 0.06277484 -0.41302735
vn 0.68368716 0.49546071 -0.53580833
vn 0.77900208 -0.36587953 -0.50920323
vn 0.92626971 -0.21101188 -0.31224735
vn 0.50004451 -0.43661993 -0.74787601
vn 0.95926040 0.07390068 -0.27268696
vn 0.94749050 -0.25721937 -0.18999984
vn 0.56431301 -0.60334662 -0.56349240
vn 0.90949476 -0.39313858 -0.13513452
vn 0.14200040 0.16230883 -0.97646901
vn 0.14403625 0.35194774 -0.92487099
vn 0.29586260 0.19370426 0.93538440
vn 0.09084991 0.40375402 0.91034553
vn -0.05688996 0.22906077 0.97174827
vn 0.30961926 0.41073496 0.85757373
vn 0.44374166 0.13861342 0.88536979
vn -0.29820842 0.41919550 0.85752368
vn -0.13842762 0.54405204 0.82755373
vn 0.07868629 0.70516280 0.70466580
vn -0.18477156 0.73729524 0.64981167
vn -0.42648571 0.51895571 0.74080693
vn -0.27686519 0.72223642 0.63381402
vn -0.44390711 0.73503738 0.51251002
vn -0.48225181 0.72143792 0.49695122
vn -0.51120155 0.73581494 0.44412764
vn 0.17913538 0.67799242 0.71290728
vn -0.52331768 0.14603371 0.83953128
vn 0.69483145 -0.25087801 0.67399517
vn 0.66079995 0.38195245 0.64610815
vn 0.56392959 0.74345531 0.35952417
vn 0.78316019 0.10430936 0.61300870
vn 0.51054398 0.03148879 0.85927487
vn 0.56186592 -0.69389561 0.45035049
vn 0.40902882 0.88557481 0.22011970
vn 0.91459061 0.07248460 0.39783162
vn 0.74800060 0.35454959 0.56106122
vn 0.77592092 0.06608112 0.62735955
vn 0.88581029 0.35048393 0.30414000
vn 0.54716900 0.45543233 0.70227308
vn 0.99627154 0.03601617 0.07839545
vn 0.99241236 0.12076264 0.02311025
vn 0.81637597 0.54301989 0.19662063
vn 0.68334241 0.63852694 0.35401482
vn 0.68143982 0.68641811 0.25390933
vn 0.55327063 0.55261594 0.62330349
vn 0.48696470 0.52327863 0.69931743
vn 0.48888191 0.52441112 0.69712801
vn 0.98861285 -0.06729509 -0.13459567
vn -0.73909830 -0.26879092 -0.61764484
vn -0.76032294 -0.44585455 -0.47235870
vn -0.89808010 -0.25908351 -0.35542633
vn -0.49388558 -0.45492054 -0.74102924
vn -0.61088784 -0.40735573 -0.67887948
vn -0.88733702 -0.42136151 -0.18731655
vn -0.74990003 -0.62861855 -0.20612779
vn -0.63032094 -0.71208245 -0.30924764
vn -0.57859440 -0.60978952 -0.54165050
vn -0.89608468 -0.44379870 -0.00865870
vn -0.97306148 -0.21484232 0.08363090
vn -0.96695224 -0.25178792 -0.04007748
vn -0.98753145 -0.08631945 0.13164570
vn -0.22685630 -0.35863019 -0.90549468
vn -0.25417646 -0.40196828 -0.87966802
vn -0.40242924 -0.61711367 -0.67618151
vn -0.10183531 -0.41946399 -0.90204187
vn -0.11350350 -0.45783158 -0.88176369
vn 0.36690802 0.45386788 0.81202368
vn 0.39551452 0.25529997 0.88226424
vn -0.01317710 0.18924971 0.98184057
vn 0.73425813 0.30671514 0.60563257
vn 0.80599834 0.07850042 0.58668932
vn 0.11546392 -0.13433972 0.98418541
vn -0.28196888 -0.17528516 0.94327550
vn 0.38092732 -0.51519849 0.76776617
vn -0.18478319 -0.57688260 0.79565171
vn 0.30170489 -0.48070580 0.82334446
vn 0.65877898 -0.40090046 0.63662319
vn 0.11011432 -0.22854502 0.96728590
vn 0.77954131 -0.40266240 0.47976904
vn 0.83106986 -0.36412452 0.42040007
vn 0.81389158 -0.34552989 0.46710769
vn 0.97070034 -0.14191101 0.19391266
vn 0.94257977 0.16826284 0.28849782
vn -0.08843661 -0.11401137 0.98953543
vn -0.80325587 -0.59476284 0.03220508
vn -0.72709695 -0.57785984 0.37068589
vn -0.76672607 -0.63831664 0.06843241
vn -0.33350581 -0.27597696 0.90144916
vn -0.66687672 -0.56804489 0.48228669
vn -0.52508133 -0.50416444 0.68564409
vn -0.79435513 -0.33125740 0.50918411
vn -0.10653612 -0.23911058 0.96513014
vn -0.05317543 -0.05394926 0.99712680
vn 0.10671239 -0.28126638 -0.95367798
vn 0.10671239 -0.28126638 -0.95367798
vn 0.10671239 -0.28126638 -0.95367798
vn -0.15832257 0.92539894 -0.34434107
vn -0.00764398 0.83096600 -0.55627069
vn -0.18116408 0.93390361 -0.30822659
vn -0.29119068 0.94950157 -0.11685355
vn -0.47682805 0.29087827 0.82947263
vn -0.59765948 0.20701854 0.77456212
vn -0.51226955 0.30125308 0.80425524
vn -0.32921018 0.33476047 0.88292473
vn -0.15991667 0.36293301 0.91799035
vn -0.07263965 0.47356590 0.87775784
vn -0.62471033 0.74816313 -0.22358205
vn -0.51131553 0.84938078 -0.13080029
vn -0.72371088 0.64828575 0.23657588
vn -0.63494391 0.76622968 0.09868289
vn -0.61882536 0.77476910 -0.12956858
vn -0.83355136 0.54852275 0.06568810
vn -0.80615293 0.56576109 -0.17329701
vn -0.76633439 0.59652927 0.23850457
vn -0.50201849 0.86243359 -0.06469722
vn -0.62237931 0.76863896 -0.14777735
vn -0.68447305 0.68562047 -0.24783303
vn -0.52477397 0.79851648 0.29493001
vn -0.93031812 0.36438338 -0.04162880
vn -0.82111572 0.49682791 -0.28094662
vn -0.83874824 0.52634625 -0.13950273
vn -0.94364500 0.33023131 -0.02194058
vn -0.85924659 0.46295621 0.21763925
vn -0.73335871 0.59778686 0.32378367
vn -0.57923929 0.74265466 0.33607426
vn -0.79709824 0.48648911 0.35771879
vn -0.61620362 0.70937262 0.34217480
vn -0.67045818 0.58395082 0.45769779
vn -0.50172970 0.68692910 0.52573351
vn -0.45603347 0.72718357 0.51306678
vn -0.57986434 0.76029436 0.29276242
vn -0.29402638 0.76309413 0.57553091
vn -0.31161100 0.61989105 0.72016226
vn -0.46773450 0.60467415 0.64466550
vn -0.05731568 0.69981911 0.71201694
vn 0.02247299 0.74592088 0.66565532
vn 0.14461311 0.72980521 0.66818515
vn 0.14979232 0.71186081 0.68616065
vn 0.15594451 0.68871758 0.70806031
vn -0.73273490 0.06250216 0.67763784
vn -0.92636730 0.09191847 0.36523227
vn -0.73209973 0.33565140 0.59276313
vn -0.86452008 0.33015187 0.37895221
vn -0.90314022 0.26522774 0.33762700
vn -0.52622393 0.26672453 0.80743198
vn -0.63986937 0.00802498 0.76844179
vn -0.31721885 0.34835998 0.88205302
vn 0.07795637 0.07422300 0.99419000
vn 0.07795637 0.07422300 0.99419000
vn 0.07795637 0.07422300 0.99419000
vn -0.74947284 -0.48615553 0.44938097
vn -0.74947284 -0.48615553 0.44938097
vn -0.74947284 -0.48615553 0.44938097
vn -0.28479346 0.07198424 -0.95588229
vn -0.28426947 0.18216228 -0.94127986
vn -0.28500047 0.10238377 -0.95304370
vn -0.28355392 0.21059206 -0.93554699
vn -0.26559913 0.83917079 -0.47460456
vn -0.26559913 0.83917079 -0.47460456
vn -0.26559913 0.83917079 -0.47460456
vn -0.57324007 0.81925833 -0.01454659
vn -0.57324007 0.81925833 -0.01454659
vn -0.57324007 0.81925833 -0.01454659
vn 0.73417197 -0.02028786 0.67866039
vn 0.77960931 -0.02451792 0.62578607
vn 0.92333315 -0.17841471 0.34003543
vn 0.87240338 -0.04264350 0.48692286
vn 0.91953288 -0.12937396 0.37110869
vn 0.98477796 -0.01031585 0.17351069
vn 0.90880802 -0.35458013 -0.21986568
vn 0.98820318 -0.14318452 0.05433837
vn 0.98802050 0.08899298 0.12607828
vn 0.90270036 0.18437713 0.38876359
vn 0.88903171 -0.23510118 0.39287410
vn 0.99209227 0.12531826 0.00694671
vn 0.99518754 -0.05786027 -0.07908197
vn 0.95650399 -0.25830598 -0.13556601
vn 0.94352033 -0.32984247 -0.03119827
vn 0.95676411 -0.20568117 0.20566402
vn 0.96738173 -0.24209280 -0.07458999
vn 0.90457656 -0.25040713 -0.34501814
vn 0.94886902 -0.06126051 -0.30966876
vn 0.95407192 0.25308215 0.16030034
vn 0.98544540 0.05699635 -0.16015236
vn 0.98376043 0.13250081 -0.12107412
vn 0.86146480 -0.42170983 0.28291202
vn 0.90860328 -0.17901450 0.37735114
vn 0.99948244 0.02374544 -0.02170254
vn 0.95895530 -0.09014894 -0.26884550
vn 0.91506586 -0.01188868 -0.40312918
vn 0.91463264 0.20656429 -0.34753177
vn 0.95085028 0.07983216 -0.29918318
vn 0.78918691 0.12711654 -0.60085390
vn 0.97196976 0.07857320 -0.22158753
vn 0.98481697 0.04112622 0.16865402
vn 0.99240725 -0.06744321 0.10285551
vn 0.99262537 -0.12025903 0.01525259
vn 0.88854707 0.20075009 0.41253304
vn 0.88293449 0.22608426 0.41147611
vn 0.74706394 0.40442779 0.52757334
vn 0.98153965 0.18006212 -0.06447900
vn 0.95707780 0.27367770 -0.09540750
vn 0.98882912 0.03904022 0.14385004
vn 0.97238589 0.04926834 -0.22811907
vn 0.85940869 0.07160138 -0.50625088
vn 0.86569164 0.35868581 -0.34917399
vn 0.90414081 0.13491654 -0.40537257
vn 0.88439396 -0.27155053 -0.37961512
vn 0.98708577 -0.03219197 0.15692471
vn 0.70409136 -0.09439132 0.70380795
vn 0.70270265 -0.07469177 0.70755221
vn 0.93030453 0.26489102 0.25370500
vn 0.93605621 0.30135643 0.18161244
vn 0.90188492 0.00899739 -0.43188267
vn 0.91095568 -0.09255093 -0.40198766
vn 0.94991755 -0.08353767 -0.30112806
vn 0.99567428 -0.08404210 0.03961876
vn 0.99937505 -0.03461984 -0.00713994
vn 0.99917634 0.03974561 -0.00818065
vn 0.92339960 0.12711612 -0.36218044
vn 0.98432303 0.16673217 0.05751999
vn 0.86779678 0.24726099 -0.43103451
vn 0.94585089 0.17186885 0.27536737
vn 0.97780042 -0.19758544 -0.06975912
vn 0.99158938 -0.04278555 0.12214706
vn 0.83175143 0.23474371 -0.50307548
vn 0.96441963 0.13667639 0.22630585
vn 0.88630545 0.16078443 -0.43429371
vn 0.92867434 0.07523696 -0.36318503
vn 0.99279888 0.05636921 0.10570189
vn 0.96013067 -0.03498226 0.27735418
vn 0.84364174 0.06622929 0.53280606
vn 0.99750234 0.05697561 -0.04174753
vn 0.98384733 0.03689682 -0.17516580
vn 0.98744831 -0.07452296 -0.13925574
vn 0.82488061 -0.00873840 -0.56523944
vn 0.97531528 -0.15940194 0.15281074
vn 0.87388165 -0.08341841 -0.47892820
vn 0.93889053 0.09698990 -0.33026887
vn 0.87637461 0.17130727 -0.45013483
vn 0.95674683 -0.15728158 -0.24474069
vn 0.92461188 -0.15060606 -0.34987239
vn 0.76310797 -0.51089128 -0.39579833
vn 0.75915790 -0.55770698 -0.33562212
vn 0.95295688 -0.26086306 -0.15434913
vn 0.76735740 0.41881329 -0.48554922
vn 0.58816250 0.71950318 -0.36929670
vn -0.97459556 0.21088004 -0.07545265
vn -0.95506346 0.25070056 -0.15812344
vn -0.96376801 0.26650570 -0.01122228
vn -0.91801300 0.07958809 -0.38848150
vn -0.96086658 0.05159402 -0.27216444
vn -0.64609892 -0.06517317 -0.76046607
vn -0.99630046 0.08096813 -0.02880184
vn -0.83068423 -0.01994526 -0.55638647
vn -0.98831702 0.06408648 -0.13828374
vn -0.98431520 0.17459115 -0.02532836
vn -0.82967809 -0.20991519 -0.51727157
vn -0.93779995 0.03537776 -0.34536887
vn -0.87362057 0.26267490 -0.40962055
vn -0.64674240 0.33309359 -0.68612894
vn -0.83614671 0.41475526 -0.35893836
vn -0.78738263 0.35770887 -0.50206868
vn -0.92532992 0.37878356 -0.01695723
vn -0.90941929 0.32433190 0.26031782
vn -0.87119379 -0.28146152 -0.40224470
vn -0.92317221 -0.13413102 0.36022483
vn -0.60143038 0.19499605 0.77476321
vn -0.59426888 0.38986651 0.70345477
vn -0.71139339 0.17622892 0.68034022
vn -0.88756360 0.18366149 0.42249179
vn -0.93945354 0.15496374 0.30563587
vn -0.96508658 0.15511675 0.21106086
vn -0.97200976 -0.00487066 0.23488997
vn -0.93772634 0.26936562 0.21934326
vn -0.66345765 0.33975392 0.66662674
vn -0.88055750 0.37888562 0.28471771
vn -0.81045135 0.40029094 0.42770991
vn -0.89678827 0.31872917 0.30689170
vn -0.96912948 0.23269591 0.08149031
vn -0.95742810 -0.05677073 0.28303449
vn -0.99712134 -0.07554506 -0.00647861
vn -0.98990471 0.01681685 0.14073326
vn -0.91080869 0.37899707 0.16367270
vn -0.97269665 -0.20782942 0.10328675
vn -0.91687814 0.20018001 0.34534393
vn -0.95531906 0.28500637 -0.07833814
vn -0.89644527 0.34224682 0.28151909
vn -0.48192066 0.37908954 -0.78996430
vn -0.63196800 0.14524741 -0.76126187
vn -0.75309325 -0.02654886 -0.65737791
vn -0.55972208 0.04850144 -0.82725982
vn -0.88320190 -0.09076808 -0.46012560
vn -0.74482830 -0.04023002 -0.66604230
vn -0.28092941 0.42046989 -0.86271881
vn -0.94257542 -0.27074289 -0.19557572
vn -0.93705954 -0.01515889 -0.34884039
vn -0.88285956 0.30160641 -0.35998969
vn -0.79727936 -0.31612670 -0.51420767
vn -0.94682300 -0.23381068 -0.22104019
vn -0.90373689 -0.27392113 0.32897851
vn -0.95115527 -0.14414695 0.27299323
vn -0.75057420 -0.33059013 0.57214381
vn -0.76144137 -0.15430634 0.62960035
vn -0.67968706 -0.14584375 0.71885680
vn -0.81740449 0.03215623 -0.57516596
vn -0.72794982 0.01923614 0.68536051
vn -0.64511143 0.06613645 0.76122087
vn -0.90756548 0.36753119 -0.20309041
vn -0.82131419 0.32930109 -0.46583666
vn -0.94406696 0.31556858 -0.09567677
vn -0.83361046 0.32748757 0.44479826
vn -0.68682792 0.60495118 0.40286657
vn -0.64246366 0.43139856 0.63335277
vn -0.84851386 0.27516287 -0.45200622
vn -0.39267958 0.38449236 -0.83544502
vn -0.97218747 -0.11892398 0.20176376
vn -0.98698579 -0.15604716 0.03883737
vn -0.96349102 -0.05724482 0.26154940
vn -0.96038067 -0.07342378 0.26884552
vn -0.85317922 -0.00996042 0.52152277
vn -0.81266509 -0.00585056 0.58270165
vn -0.77734328 0.02147883 -0.62870986
vn -0.77734328 0.02147883 -0.62870986
vn -0.77734328 0.02147883 -0.62870986
vn -0.92686262 -0.20414163 0.31504267
vn -0.97736505 0.07022334 0.19956514
vn -0.96691635 0.10297232 0.23338697
vn -0.77759527 -0.58387856 0.23330543
vn -0.97551270 0.21750588 0.03265207
vn -0.89994538 0.01268314 0.43581815
vn -0.95738913 -0.02746601 0.28749204
vn -0.99701087 0.04632242 0.06183497
vn -0.61359735 0.03093846 0.78901274
vn -0.75356371 0.03187937 0.65660143
vn -0.70986225 0.02310932 0.70396132
vn -0.50348086 0.02506639 0.86364269
vn -0.77643640 -0.04326650 0.62870862
vn -0.68592625 -0.03730427 0.72671423
vn -0.64031547 -0.01512346 0.76796314
vn -0.73576745 0.18473384 0.65155174
vn -0.88941048 0.07315669 0.45121735
vn 0.84686129 0.53014345 0.04211737
vn 0.84686129 0.53014345 0.04211737
vn 0.84686129 0.53014345 0.04211737
vn -0.75076584 0.09479548 -0.65373119
vn -0.75076584 0.09479548 -0.65373119
vn -0.75076584 0.09479548 -0.65373119
vt 0.86676085 0.81412101
vt 0.86571443 0.81123918
vt 0.85546142 0.81412101
vt 0.58036137 0.29431680
vt 0.57625508 0.27870142
vt 0.49412981 0.28104925
vt 0.51913321 0.30853274
vt 0.45121253 0.31019187
vt 0.45030278 0.28056076
vt 0.56678540 0.31909272
vt 0.63561964 0.30591416
vt 0.64224035 0.32538646
vt 0.64725983 0.29687262
vt 0.52332139 0.33010125
vt 0.63656580 0.28321818
vt 0.48629329 0.26337957
vt 0.55462915 0.26208961
vt 0.45181352 0.25008908
vt 0.60581523 0.26272747
vt 0.65112996 0.26721537
vt 0.50395077 0.24139978
vt 0.63472402 0.25583690
vt 0.45536906 0.22170514
vt 0.53281891 0.22956562
vt 0.59515703 0.24068032
vt 0.45172909 0.33534235
vt 0.49411604 0.21085495
vt 0.57284349 0.34249732
vt 0.63513643 0.33766732
vt 0.64688998 0.35243165
vt 0.45019963 0.35499713
vt 0.52436453 0.34991878
vt 0.48629543 0.34850404
vt 0.58506882 0.35800266
vt 0.63504565 0.36431479
vt 0.49992892 0.37782872
vt 0.55920428 0.37480751
vt 0.45259216 0.38544926
vt 0.51003522 0.39489916
vt 0.65112996 0.38696507
vt 0.59550440 0.38994387
vt 0.54265082 0.39706096
vt 0.45641726 0.41796258
vt 0.49126604 0.42026898
vt 0.44663101 0.27153060
vt 0.44585687 0.31678644
vt 0.22946507 0.53775865
vt 0.24758245 0.51462042
vt 0.25587583 0.57978553
vt 0.23120648 0.60579586
vt 0.26319286 0.51930928
vt 0.26639587 0.46786040
vt 0.24410531 0.46001601
vt 0.26577705 0.43819293
vt 0.28266791 0.44146848
vt 0.28147462 0.48005596
vt 0.26790842 0.60546190
vt 0.28086859 0.56028235
vt 0.28921083 0.51611441
vt 0.24949218 0.62853736
vt 0.26880839 0.62719864
vt 0.30051348 0.47463465
vt 0.31041601 0.44169262
vt 0.22349909 0.62380689
vt 0.29994017 0.59905106
vt 0.30538970 0.53290075
vt 0.30909714 0.57293475
vt 0.30174142 0.63123071
vt 0.25016454 0.43467820
vt 0.21045198 0.57303298
vt 0.32340398 0.51425308
vt 0.33170164 0.44244108
vt 0.32360557 0.62844580
vt 0.27612579 0.63704848
vt 0.31628072 0.63796270
vt 0.34054473 0.59111488
vt 0.34745631 0.63104320
vt 0.34175149 0.52543283
vt 0.32463884 0.64024979
vt 0.34942842 0.44449055
vt 0.35691646 0.58095831
vt 0.35699901 0.53952450
vt 0.36150599 0.47496501
vt 0.27563792 0.64024979
vt 0.37529346 0.60184056
vt 0.35932499 0.63247991
vt 0.37427184 0.63169503
vt 0.37261596 0.44281104
vt 0.37467149 0.50590295
vt 0.39416292 0.57421678
vt 0.39046159 0.63060153
vt 0.40348399 0.62767732
vt 0.38787842 0.47398341
vt 0.25216052 0.63611007
vt 0.23542519 0.63379538
vt 0.21478243 0.63499868
vt 0.31114087 0.33289656
vt 0.38585290 0.33081195
vt 0.36985734 0.31202185
vt 0.31409758 0.30807430
vt 0.24529190 0.32079029
vt 0.28616521 0.29136726
vt 0.24794501 0.30085570
vt 0.43968618 0.32289392
vt 0.44020683 0.29909790
vt 0.36418608 0.29814678
vt 0.26692858 0.34814739
vt 0.24769601 0.34737512
vt 0.36909902 0.34486014
vt 0.41118971 0.35060757
vt 0.44235447 0.35154331
vt 0.33883947 0.35854426
vt 0.26255640 0.36932936
vt 0.25071168 0.38390657
vt 0.32591912 0.37549180
vt 0.44274202 0.36546445
vt 0.38869402 0.38399768
vt 0.31078583 0.38903445
vt 0.26470676 0.39956403
vt 0.29684260 0.40664217
vt 0.25477767 0.41895896
vt 0.44658959 0.38607100
vt 0.34649462 0.41115665
vt 0.40235433 0.40222403
vt 0.30731380 0.42891452
vt 0.24590640 0.28592178
vt 0.38944298 0.28988910
vt 0.35985053 0.27573761
vt 0.28676260 0.27352077
vt 0.24646792 0.26509804
vt 0.42892897 0.28100258
vt 0.44319925 0.26816377
vt 0.24816947 0.24747704
vt 0.32174781 0.25980416
vt 0.43195182 0.25349221
vt 0.39023143 0.25898772
vt 0.36973357 0.24158479
vt 0.29855868 0.23868813
vt 0.44514507 0.24883036
vt 0.24756609 0.22215715
vt 0.31273064 0.22280249
vt 0.38515589 0.22670567
vt 0.43514612 0.23126304
vt 0.44774011 0.22486664
vt 0.27546331 0.21288531
vt 0.28796223 0.19724379
vt 0.39512351 0.20735745
vt 0.25612327 0.18299712
vt 0.34375688 0.19414245
vt 0.25099438 0.41186306
vt 0.44774011 0.37002891
vt 0.10821711 0.48942208
vt 0.11190931 0.54571855
vt 0.09170207 0.49252844
vt 0.08260527 0.54939139
vt 0.08471253 0.58282816
vt 0.11112307 0.59464943
vt 0.09038243 0.61473066
vt 0.11985092 0.44982004
vt 0.09755000 0.43307805
vt 0.12641174 0.50988513
vt 0.07863347 0.46385714
vt 0.07281303 0.51146859
vt 0.13836636 0.45963389
vt 0.12306225 0.61889583
vt 0.12025004 0.42603266
vt 0.14340056 0.42849699
vt 0.13398339 0.56391406
vt 0.13895537 0.51167798
vt 0.06740196 0.55941004
vt 0.06177351 0.61514461
vt 0.08010978 0.61741757
vt 0.08096962 0.43058774
vt 0.06205767 0.46470711
vt 0.05551473 0.52586144
vt 0.04186083 0.48171118
vt 0.04176253 0.55147326
vt 0.06886033 0.43351930
vt 0.04447806 0.44295377
vt 0.02655272 0.45625681
vt 0.02574624 0.49485704
vt 0.02573833 0.58037245
vt 0.03897442 0.61233985
vt 0.01527317 0.53292555
vt 0.05139552 0.43547207
vt 0.03171143 0.44094735
vt 0.00423729 0.47685081
vt 0.00932734 0.44973415
vt 0.01739676 0.44101328
vt 0.15897711 0.46636513
vt 0.13896774 0.62223071
vt 0.15026417 0.54039598
vt 0.17591952 0.43725106
vt 0.02111129 0.61517334
vt 0.16933617 0.49827272
vt 0.18963441 0.45945486
vt 0.18391940 0.54361451
vt 0.15884665 0.58068579
vt 0.15336427 0.62427217
vt 0.17878701 0.59208298
vt 0.19338346 0.43769485
vt 0.17188190 0.42935210
vt 0.20695075 0.49622056
vt 0.18234755 0.62666464
vt 0.16521251 0.62680113
vt 0.21516007 0.44273052
vt 0.20217134 0.56705731
vt 0.03736776 0.62666464
vt 0.05435519 0.62042218
vt 0.66440463 0.15512468
vt 0.65094215 0.11050393
vt 0.67594820 0.10421600
vt 0.66624653 0.06065758
vt 0.65027636 0.05949373
vt 0.63742566 0.15522937
vt 0.63917202 0.08359289
vt 0.63302398 0.19340646
vt 0.66419476 0.19288549
vt 0.62498039 0.05985752
vt 0.62622160 0.11189754
vt 0.64560306 0.04452066
vt 0.61647195 0.17800531
vt 0.61073363 0.11591247
vt 0.59532368 0.19755538
vt 0.61258572 0.21085495
vt 0.62663275 0.21085495
vt 0.59474409 0.05920837
vt 0.62161130 0.02864868
vt 0.65022117 0.03044962
vt 0.59611702 0.15647417
vt 0.59258687 0.10841477
vt 0.59842443 0.03285507
vt 0.57807988 0.17878728
vt 0.58455437 0.03199017
vt 0.57179803 0.13768947
vt 0.56958753 0.10266546
vt 0.56559062 0.06059322
vt 0.56680930 0.19782360
vt 0.66019142 0.20849739
vt 0.58885521 0.20981269
vt 0.69350284 0.19462879
vt 0.68387324 0.20990716
vt 0.63033128 0.21061032
vt 0.66270870 0.02641691
vt 0.56183845 0.20832309
vt 0.53190082 0.20803951
vt 0.53143448 0.19605228
vt 0.50423729 0.20940807
vt 0.08322826 0.08932625
vt 0.06545275 0.10714526
vt 0.05115258 0.05885303
vt 0.07733764 0.01412357
vt 0.09482988 0.06374310
vt 0.06726044 0.15036479
vt 0.08591621 0.15395527
vt 0.03898299 0.02017118
vt 0.07224524 0.20433299
vt 0.05835195 0.00221852
vt 0.09401593 0.00081283
vt 0.05227968 0.11228199
vt 0.08770377 0.20250465
vt 0.10138380 0.01059583
vt 0.10161363 0.14968970
vt 0.02840087 0.00743043
vt 0.05391197 0.19363511
vt 0.11288328 0.04589663
vt 0.12082312 0.12485571
vt 0.11346430 0.17347753
vt 0.12688947 0.04142937
vt 0.13924864 0.00048031
vt 0.13060029 0.15493715
vt 0.14085521 0.05843341
vt 0.14571808 0.12361566
vt 0.12448765 0.19731545
vt 0.13965587 0.19715220
vt 0.15688936 0.00338035
vt 0.14849372 0.15840553
vt 0.15512380 0.06124197
vt 0.03872016 0.16097042
vt 0.04213845 0.20956500
vt 0.02764311 0.05981614
vt 0.02547432 0.10407729
vt 0.00047081 0.01205571
vt 0.17371920 0.00330397
vt 0.03036943 0.22046110
vt 0.23514655 0.10734452
vt 0.21986139 0.14881539
vt 0.21132405 0.10114223
vt 0.23994747 0.05962842
vt 0.19912969 0.16339689
vt 0.23305224 0.01522304
vt 0.26892018 0.02499904
vt 0.20540051 0.20983723
vt 0.25709048 0.06209464
vt 0.24938148 0.11695565
vt 0.22521493 0.19466156
vt 0.23496117 0.21529129
vt 0.28347203 0.07170600
vt 0.29331449 0.03228058
vt 0.26986191 0.12642290
vt 0.25489902 0.16490249
vt 0.24468873 0.20524929
vt 0.18444373 0.19023621
vt 0.18377271 0.20191602
vt 0.21242714 0.01460641
vt 0.16605504 0.14220977
vt 0.18336383 0.13787647
vt 0.19239977 0.06617629
vt 0.17606440 0.09172039
vt 0.19576953 0.00740877
vt 0.16804855 0.07157252
vt 0.15630116 0.20037933
vt 0.23227462 0.22046110
vt 0.18577190 0.20987394
vt 0.21082518 0.21557581
vt 0.09617138 0.68507415
vt 0.16598155 0.64820552
vt 0.11492776 0.67848539
vt 0.09649432 0.69328833
vt 0.08731910 0.70392752
vt 0.07994550 0.70502663
vt 0.07203390 0.73439002
vt 0.11524207 0.66821533
vt 0.14788812 0.65066987
vt 0.18409085 0.63999504
vt 0.26499793 0.65772057
vt 0.23993947 0.64325678
vt 0.28133988 0.65994704
vt 0.28747565 0.67070144
vt 0.31010213 0.68096328
vt 0.22613320 0.64805669
vt 0.20622274 0.63832855
vt 0.20675761 0.64587218
vt 0.19272834 0.64703625
vt 0.28884926 0.67555791
vt 0.30514467 0.68886489
vt 0.32754189 0.70779085
vt 0.16670761 0.65592760
vt 0.13874352 0.66604412
vt 0.26046005 0.66164881
vt 0.33245739 0.70189911
vt 0.34792843 0.73439002
vt 0.34742355 0.72627896
vt 0.31440416 0.98675346
vt 0.28449970 0.99040699
vt 0.29172882 0.97925067
vt 0.32890069 0.97636485
vt 0.35580486 0.98601705
vt 0.37968704 0.97925478
vt 0.38519275 0.98560393
vt 0.41101694 0.99332625
vt 0.26224107 0.99471664
vt 0.40654361 0.99471664
vt 0.35417938 0.97309709
vt 0.31819752 0.97166187
vt 0.81859475 0.66035843
vt 0.80821699 0.67011982
vt 0.81771290 0.68331093
vt 0.81516224 0.63310331
vt 0.80492228 0.63849080
vt 0.81160367 0.68870521
vt 0.80634153 0.68984574
vt 0.80789155 0.62000704
vt 0.81871033 0.62186271
vt 0.82344633 0.69884723
vt 0.82344633 0.62140071
vt 0.80277491 0.62692130
vt 0.80817461 0.60643440
vt 0.80772603 0.59894335
vt 0.79990584 0.65859860
vt 0.24421442 0.87556523
vt 0.24080655 0.86612689
vt 0.28860641 0.90537941
vt 0.22362942 0.86564136
vt 0.20850992 0.85550392
vt 0.19113459 0.85672736
vt 0.27235803 0.88613886
vt 0.20006411 0.84799898
vt 0.23015244 0.85700780
vt 0.16224913 0.84720558
vt 0.17424685 0.84270936
vt 0.14824189 0.84197885
vt 0.12033033 0.84479874
vt 0.12147734 0.85481638
vt 0.10048484 0.85373771
vt 0.14231290 0.85157448
vt 0.08645480 0.86753732
vt 0.06227968 0.87469047
vt 0.06537714 0.87824339
vt 0.03531073 0.90537941
vt 0.16545843 0.85123551
vt 0.09090354 0.85299325
vt 0.17964831 0.96285284
vt 0.18961376 0.95338494
vt 0.19577152 0.96202850
vt 0.16998480 0.95752186
vt 0.15932785 0.96750063
vt 0.15308271 0.96077132
vt 0.14159867 0.96447086
vt 0.20383644 0.95443302
vt 0.22133553 0.95778579
vt 0.21123478 0.96359110
vt 0.23534766 0.96849567
vt 0.15001933 0.97227973
vt 0.13458368 0.97540873
vt 0.17546660 0.97003561
vt 0.12540001 0.96648365
vt 0.10593221 0.97934675
vt 0.23723868 0.95722097
vt 0.25282487 0.97934675
vt 0.21366675 0.94764650
vt 0.01068175 0.16378622
vt 0.02096111 0.15439267
vt 0.02118644 0.17038572
vt 0.02096111 0.19546688
vt 0.00800377 0.18721420
vt 0.01654530 0.21469741
vt 0.01273684 0.13304515
vt 0.01850631 0.13800479
vt 0.34887007 0.75264168
vt 0.34576434 0.74495679
vt 0.33094233 0.74960530
vt 0.30178908 0.75264168
vt 0.97410548 0.54944712
vt 0.98489112 0.57352531
vt 0.98467636 0.55459487
vt 0.97453958 0.56598592
vt 0.97543579 0.53432781
vt 0.98667109 0.53516024
vt 0.98937517 0.52151227
vt 0.97439814 0.57948536
vt 0.97915262 0.60161436
vt 0.98714250 0.59798545
vt 0.99011302 0.62199807
vt 0.97599423 0.52259511
vt 0.99011302 0.50192124
vt 0.68567574 0.14583604
vt 0.68681526 0.12306115
vt 0.69761026 0.13767286
vt 0.72647756 0.12688908
vt 0.71595722 0.14340398
vt 0.70071429 0.10883717
vt 0.75150037 0.10976416
vt 0.78296453 0.13217054
vt 0.79532260 0.11133632
vt 0.82578188 0.13251740
vt 0.83939981 0.11096711
vt 0.76289809 0.14370845
vt 0.85093319 0.13373326
vt 0.71910745 0.14801630
vt 0.81158817 0.16089603
vt 0.84868038 0.16378482
vt 0.82326049 0.09465884
vt 0.75846064 0.09384861
vt 0.70583755 0.09216886
vt 0.68406677 0.09896123
vt 0.85764271 0.10132540
vt 0.84476459 0.07388230
vt 0.80524105 0.07703768
vt 0.73343271 0.07140018
vt 0.67948687 0.07385958
vt 0.83160895 0.05640556
vt 0.85964131 0.06375302
vt 0.79157865 0.05747660
vt 0.86627060 0.11879470
vt 0.75175911 0.05524180
vt 0.86677933 0.14260855
vt 0.85786754 0.03122517
vt 0.84059685 0.03432257
vt 0.81289679 0.03208213
vt 0.69852376 0.04653193
vt 0.86958569 0.05615136
vt 0.67372882 0.05240149
vt 0.86829400 0.08367217
vt 0.77370214 0.02773548
vt 0.85512537 0.00275900
vt 0.83590955 0.00048031
vt 0.86876422 0.03199687
vt 0.86723971 0.00999994
vt 0.71809846 0.16378482
vt 0.86847997 0.30028659
vt 0.86332530 0.32374135
vt 0.86205274 0.31336865
vt 0.87241054 0.33381364
vt 0.86352795 0.29247469
vt 0.87241054 0.28001922
vt 0.01955805 0.84500468
vt 0.00738177 0.86887157
vt 0.01451836 0.86648440
vt 0.01394480 0.83898747
vt 0.01318049 0.87749970
vt 0.00521723 0.90081853
vt 0.01388657 0.82435602
vt 0.02871940 0.82862425
vt 0.02616197 0.81305575
vt 0.01471446 0.89446121
vt 0.01842042 0.92774111
vt 0.00047081 0.87454528
vt 0.02210423 0.80931795
vt 0.00237076 0.90437239
vt 0.02871940 0.95437080
vt 0.00611804 0.83977038
vt 0.93358451 0.38798678
vt 0.92984933 0.38006651
vt 0.93342966 0.41242176
vt 0.93485361 0.34040016
vt 0.94493890 0.42750308
vt 0.94388163 0.44084728
vt 0.96657252 0.47118154
vt 0.94198352 0.37456599
vt 0.94273174 0.35584491
vt 0.94324714 0.39409554
vt 0.94522142 0.40801844
vt 0.94746721 0.33174378
vt 0.95281613 0.30808067
vt 0.95098126 0.30115104
vt 0.96194470 0.28361332
vt 0.96657252 0.28290105
vt 0.94195056 0.31617048
vt 0.87403011 0.60055667
vt 0.88712108 0.59606147
vt 0.88933194 0.60278577
vt 0.89971751 0.59931773
vt 0.87711060 0.59707916
vt 0.86299437 0.60278577
vt 0.02804583 0.41170642
vt 0.02910982 0.42672560
vt 0.02458916 0.41557449
vt 0.04322020 0.41377005
vt 0.04347089 0.42699328
vt 0.06436839 0.41078669
vt 0.06942100 0.42405954
vt 0.07485192 0.40923429
vt 0.08527141 0.42052355
vt 0.09224605 0.40698808
vt 0.09840649 0.41698745
vt 0.10247967 0.40430802
vt 0.10404504 0.32086924
vt 0.09584327 0.35619891
vt 0.07859343 0.30374983
vt 0.07764785 0.24037799
vt 0.09836181 0.25144202
vt 0.09243380 0.22497198
vt 0.07301129 0.36499271
vt 0.06245397 0.27295840
vt 0.08779860 0.37822032
vt 0.11108354 0.38349777
vt 0.11976717 0.36843610
vt 0.11218996 0.26683724
vt 0.08879759 0.40089440
vt 0.11607659 0.22482251
vt 0.12297636 0.32387036
vt 0.07299894 0.40184465
vt 0.04831827 0.29374644
vt 0.03664883 0.24917224
vt 0.05613978 0.36982766
vt 0.04593158 0.23499656
vt 0.07150680 0.21827300
vt 0.03775045 0.33176306
vt 0.05051035 0.40435681
vt 0.02395698 0.29928994
vt 0.00517891 0.26200408
vt 0.01080417 0.24032280
vt 0.08603752 0.21630365
vt 0.13186312 0.39152160
vt 0.12297871 0.40140048
vt 0.11429136 0.41406259
vt 0.13263355 0.28744557
vt 0.13814421 0.25448570
vt 0.13774410 0.36582103
vt 0.14131950 0.32048160
vt 0.15396436 0.41630605
vt 0.15652919 0.38695616
vt 0.14622740 0.22469908
vt 0.17593496 0.40637890
vt 0.15584613 0.36162260
vt 0.15919836 0.29494280
vt 0.10653545 0.21402180
vt 0.16630821 0.24281685
vt 0.17529769 0.30707967
vt 0.17159444 0.36855590
vt 0.17294872 0.22166477
vt 0.18110597 0.25555271
vt 0.18900479 0.34667927
vt 0.14461832 0.21373679
vt 0.18624672 0.38727206
vt 0.18719450 0.22844730
vt 0.20467587 0.28278860
vt 0.17317903 0.41906077
vt 0.21235813 0.25574976
vt 0.17733590 0.21374729
vt 0.19821186 0.40855184
vt 0.18919645 0.42311618
vt 0.21652588 0.23755881
vt 0.20495869 0.33035237
vt 0.21565242 0.37757316
vt 0.19881636 0.21709958
vt 0.22858973 0.27134845
vt 0.22188127 0.32875019
vt 0.24058381 0.24615885
vt 0.20748986 0.42699328
vt 0.39124295 0.97358310
vt 0.40725046 0.97358310
vt 0.40640023 0.96974063
vt 0.46186441 0.57300675
vt 0.46186441 0.58549470
vt 0.45715630 0.57813430
vt 0.59839922 0.23006724
vt 0.60875708 0.23006724
vt 0.60268819 0.22526416
vt 0.55236024 0.55420250
vt 0.56505954 0.55319774
vt 0.56478417 0.55652970
vt 0.53399998 0.54373324
vt 0.56494594 0.54249436
vt 0.54372591 0.56573576
vt 0.52942759 0.55772454
vt 0.54868758 0.58450097
vt 0.52900857 0.65436333
vt 0.54902118 0.63276553
vt 0.56967217 0.63454747
vt 0.56861156 0.58685410
vt 0.55000430 0.68970478
vt 0.56711835 0.68911743
vt 0.55527878 0.73308933
vt 0.57826388 0.73475367
vt 0.52729392 0.73678333
vt 0.51498318 0.62708753
vt 0.51574981 0.69834709
vt 0.51701307 0.54486442
vt 0.59030908 0.68146372
vt 0.58289850 0.61526299
vt 0.57224661 0.56901217
vt 0.59239191 0.55708671
vt 0.59637994 0.54368436
vt 0.60321957 0.73442203
vt 0.60762542 0.63787478
vt 0.60263652 0.59712940
vt 0.62007439 0.69243509
vt 0.62853110 0.73194170
vt 0.50059217 0.68424964
vt 0.50234413 0.62312120
vt 0.49783912 0.58069789
vt 0.49584186 0.73911357
vt 0.54115129 0.73919308
vt 0.50006509 0.54380828
vt 0.59558636 0.53794378
vt 0.48430741 0.69203585
vt 0.48600414 0.61669832
vt 0.46926343 0.73901522
vt 0.46455073 0.70447046
vt 0.45927322 0.66105658
vt 0.47027200 0.59738815
vt 0.47115165 0.55427998
vt 0.46655264 0.53458214
vt 0.44303203 0.73919308
vt 0.68183142 0.71907598
vt 0.68319786 0.72306454
vt 0.69000793 0.72471809
vt 0.70548528 0.72440022
vt 0.74416083 0.72492892
vt 0.73204422 0.72898632
vt 0.67433518 0.72437382
vt 0.69427419 0.73191929
vt 0.73565757 0.73342937
vt 0.75815904 0.72520214
vt 0.77423269 0.70923311
vt 0.77107012 0.72006673
vt 0.75848985 0.71305686
vt 0.71993941 0.64567280
vt 0.75323564 0.64466405
vt 0.72308660 0.62582707
vt 0.71184266 0.63809770
vt 0.76162350 0.70459616
vt 0.71804523 0.71438855
vt 0.67145318 0.67221892
vt 0.66997713 0.65307224
vt 0.68102574 0.62170959
vt 0.68502229 0.55710435
vt 0.73359078 0.61286211
vt 0.72961009 0.55312639
vt 0.74978268 0.58394009
vt 0.75117278 0.62551153
vt 0.75128657 0.60145092
vt 0.66565001 0.60728711
vt 0.65296185 0.56632364
vt 0.65768135 0.64699286
vt 0.63063920 0.59978580
vt 0.63475025 0.66062933
vt 0.67184865 0.70989841
vt 0.65635294 0.69973409
vt 0.62915921 0.59173840
vt 0.76928353 0.66868055
vt 0.62217170 0.61225563
vt 0.62199199 0.65759367
vt 0.66962534 0.55228227
vt 0.68045074 0.54666317
vt 0.69453323 0.54270744
vt 0.78077185 0.69525594
vt 0.79048961 0.68068230
vt 0.77236784 0.56603146
vt 0.76784474 0.60164535
vt 0.75729239 0.61348152
vt 0.75304371 0.54709941
vt 0.63911074 0.67794436
vt 0.74472314 0.61406648
vt 0.65412962 0.71122575
vt 0.63711655 0.57540095
vt 0.61911488 0.64037305
vt 0.77340978 0.56178647
vt 0.77067202 0.55314082
vt 0.79048961 0.56531698
vt 0.73498034 0.54629040
vt 0.71054316 0.53938520
vt 0.65367907 0.55872232
vt 0.74374729 0.54140812
vt 0.65275097 0.70108306
vt 0.63914430 0.68307048
vt 0.63633472 0.69325030
vt 0.62610155 0.67336601
vt 0.63419855 0.67294103
vt 0.62609494 0.66060317
vt 0.19915254 0.66522574
vt 0.19778530 0.66042268
vt 0.19067797 0.66522574
vt 0.32278121 0.72670507
vt 0.30743879 0.72862631
vt 0.32532957 0.72862631
vt 0.75134921 0.96646833
vt 0.69957483 0.95917386
vt 0.76806700 0.96474189
vt 0.71251589 0.96371919
vt 0.68476534 0.96319664
vt 0.69415641 0.96777374
vt 0.67952710 0.97405136
vt 0.76626062 0.97076464
vt 0.77804041 0.97629076
vt 0.66431260 0.98414987
vt 0.79143125 0.98414987
vt 0.72266263 0.88259768
vt 0.70986068 0.89673388
vt 0.70560509 0.88527310
vt 0.67086244 0.77921307
vt 0.65221244 0.82988459
vt 0.64058572 0.82507247
vt 0.70243436 0.81994921
vt 0.67373759 0.85382104
vt 0.70900607 0.76826894
vt 0.71530604 0.84901971
vt 0.62870306 0.77416700
vt 0.57134920 0.81232816
vt 0.59698910 0.84377307
vt 0.68198985 0.74596703
vt 0.56387413 0.86530566
vt 0.72495258 0.80282098
vt 0.58539712 0.75561166
vt 0.63135707 0.73756570
vt 0.66149312 0.85651588
vt 0.60337645 0.87617278
vt 0.57344890 0.77090770
vt 0.58598810 0.88981175
vt 0.60455316 0.74412465
vt 0.66906130 0.88223141
vt 0.70289451 0.89048022
vt 0.55696797 0.84585887
vt 0.58994031 0.89673388
vt 0.72523952 0.85473192
vt 0.55746096 0.80607688
vt 0.65867430 0.87056088
vt 0.64757597 0.86336786
vt 0.66356361 0.73439002
vt 0.72845829 0.78182352
vt 0.73681730 0.83191842
vt 0.69736356 0.74633849
vt 0.61496586 0.74026918
vt 0.73478758 0.80058157
vt 0.69101870 0.73816818
vt 0.71726674 0.76036829
vt 0.70698237 0.89153874
vt 0.73329902 0.85568833
vt 0.56189823 0.78312534
vt 0.57587945 0.88653839
vt 0.67843693 0.15225744
vt 0.66713750 0.15225744
vt 0.67389971 0.15417868
vt 0.86776918 0.86234683
vt 0.89255506 0.87236726
vt 0.90456194 0.84966123
vt 0.88651192 0.82961226
vt 0.87206393 0.84490204
vt 0.93971354 0.83147341
vt 0.90363532 0.81725866
vt 0.93302196 0.84702396
vt 0.86586213 0.88684982
vt 0.89422303 0.90225220
vt 0.93388313 0.81759644
vt 0.94846129 0.86548007
vt 0.87666827 0.91097593
vt 0.96751410 0.85960156
vt 0.95919710 0.83582419
vt 0.96650827 0.88861996
vt 0.93711400 0.88448715
vt 0.94562274 0.91739982
vt 0.90440947 0.90269965
vt 0.91179144 0.92964923
vt 0.96347594 0.90252429
vt 0.90637976 0.88480574
vt 0.93096900 0.86588740
vt 0.92379576 0.85328877
vt 0.90571612 0.86109138
vt 0.93456292 0.93928540
vt 0.88044143 0.92778325
vt 0.92861170 0.88379985
vt 0.90843230 0.88927537
vt 0.85357815 0.86912143
vt 0.90779275 0.93996155
vt 0.95366353 0.92964995
vt 0.86277926 0.90907520
vt 0.85624951 0.89452928
vt 0.96751410 0.91777587
vt 0.85798794 0.84578872
vt 0.86713260 0.82960540
vt 0.88111776 0.81604224
vt 0.92231333 0.86955583
vt 0.90583986 0.87367648
vt 0.91931444 0.88148969
vt 0.94670713 0.09942728
vt 0.96737272 0.08735665
vt 0.94669068 0.08038846
vt 0.96642685 0.06480642
vt 0.94265413 0.05606578
vt 0.96762055 0.04724864
vt 0.92354786 0.07172120
vt 0.93422014 0.09125594
vt 0.92043316 0.10130637
vt 0.93443066 0.11530073
vt 0.94072664 0.04185180
vt 0.92639065 0.03364752
vt 0.94897282 0.11811788
vt 0.96880275 0.11143561
vt 0.93100864 0.12444177
vt 0.97033900 0.12632084
vt 0.97033900 0.02874405
vt 0.93745995 0.01924618
vt 0.92840052 0.00912584
vt 0.48298752 0.91172016
vt 0.46761250 0.89378947
vt 0.49975190 0.89745891
vt 0.47193813 0.87634599
vt 0.51141500 0.88861412
vt 0.49818474 0.86062002
vt 0.52634442 0.89726156
vt 0.52743864 0.86282253
vt 0.54497403 0.87951571
vt 0.46219462 0.91757506
vt 0.48771188 0.92998147
vt 0.47369954 0.94622129
vt 0.49210623 0.95957887
vt 0.50477469 0.94313514
vt 0.53718567 0.95842969
vt 0.52165151 0.93512505
vt 0.55552804 0.94257373
vt 0.53446090 0.91505408
vt 0.56285638 0.89526600
vt 0.50860363 0.97166187
vt 0.50758767 0.85062438
vt 0.50072068 0.91328984
vt 0.54285204 0.85874933
vt 0.50398314 0.92618209
vt 0.56473613 0.94390911
vt 0.56253612 0.87642491
vt 0.53984070 0.97166187
vt 0.57421327 0.90992564
vt 0.48067725 0.85725611
vt 0.47738186 0.96939075
vt 0.45411804 0.93382072
vt 0.51459396 0.91761321
vt 0.51265585 0.91572487
vt 0.46056101 0.95075458
vt 0.45548728 0.88812429
vt 0.45056498 0.90858394
vt 0.57485878 0.92983502
vt 0.27376139 0.70882523
vt 0.28728253 0.69830984
vt 0.29941374 0.72485280
vt 0.30932203 0.71308690
vt 0.26691642 0.68957162
vt 0.25524625 0.70250899
vt 0.24154243 0.67980886
vt 0.23672104 0.69236577
vt 0.26345626 0.71886361
vt 0.21531947 0.67771375
vt 0.23767708 0.70735854
vt 0.29047218 0.74016041
vt 0.20849998 0.69616020
vt 0.23807898 0.72670567
vt 0.21925344 0.71326596
vt 0.26569676 0.74128085
vt 0.19066834 0.68277901
vt 0.18981169 0.70279276
vt 0.19488873 0.71788174
vt 0.20257378 0.73398602
vt 0.28077924 0.75687391
vt 0.23303111 0.74636030
vt 0.17540027 0.71433657
vt 0.24482845 0.76998848
vt 0.22432758 0.76464564
vt 0.23006256 0.77624947
vt 0.21321636 0.77280921
vt 0.24778038 0.79402810
vt 0.19853152 0.76954490
vt 0.19895780 0.75789887
vt 0.25896412 0.78954256
vt 0.29373369 0.77115476
vt 0.26871631 0.80355430
vt 0.16789079 0.69684088
vt 0.14115198 0.79397482
vt 0.13444015 0.78782266
vt 0.15966317 0.76941073
vt 0.16176885 0.78723431
vt 0.12650433 0.77858961
vt 0.17471889 0.76664126
vt 0.17935500 0.78436977
vt 0.12084682 0.80355430
vt 0.11070342 0.79280770
vt 0.19698203 0.78393656
vt 0.14214642 0.76110923
vt 0.12736404 0.76624924
vt 0.11449178 0.74345160
vt 0.10409596 0.75651711
vt 0.14506200 0.73407423
vt 0.16646236 0.75431597
vt 0.16203138 0.72717702
vt 0.12006062 0.72558564
vt 0.14275160 0.71601743
vt 0.18497808 0.73218864
vt 0.09314365 0.73642027
vt 0.09275465 0.77774435
vt 0.07485875 0.75820428
vt 0.07521283 0.77121800
vt 0.15080975 0.70554227
vt 0.11427819 0.71245557
vt 0.34172514 0.92877519
vt 0.36870980 0.91947806
vt 0.36088866 0.93269163
vt 0.34473830 0.90609384
vt 0.32401904 0.92280579
vt 0.32555518 0.94432378
vt 0.34678805 0.95066273
vt 0.29240572 0.93127018
vt 0.29237288 0.94272602
vt 0.29943347 0.91341925
vt 0.38717237 0.93398178
vt 0.37459648 0.95291632
vt 0.31037602 0.95766485
vt 0.32998073 0.96444356
vt 0.36621356 0.96685880
vt 0.39417768 0.91299999
vt 0.40893036 0.94932657
vt 0.41035736 0.92739850
vt 0.42929456 0.93827897
vt 0.40563828 0.96685880
vt 0.43520474 0.95716077
vt 0.42084286 0.90384299
vt 0.43546164 0.90947980
vt 0.44623032 0.92752522
vt 0.37450436 0.89934105
vt 0.45246798 0.94761109
vt 0.45338982 0.91480821
vt 0.40518099 0.89769453
vt 0.38234019 0.69486773
vt 0.36537626 0.68049741
vt 0.36692622 0.70753407
vt 0.38209018 0.67561251
vt 0.37843648 0.72034872
vt 0.37980840 0.65334940
vt 0.35992387 0.64974910
vt 0.37868443 0.63256484
vt 0.38616955 0.73109591
vt 0.35994923 0.73293710
vt 0.39024410 0.66524577
vt 0.39312619 0.69797480
vt 0.39312619 0.63697666
vt 0.35303295 0.67697543
vt 0.35218590 0.70565766
vt 0.35196233 0.71973288
vt 0.34981167 0.65216541
vt 0.37014669 0.74874783
vt 0.37782246 0.75264168
vt 0.35413739 0.75024712
vt 0.87960535 0.96384418
vt 0.86519128 0.98683059
vt 0.86415511 0.95673555
vt 0.87738037 0.98891461
vt 0.89371151 0.97202402
vt 0.91204143 0.96295071
vt 0.90745234 0.99882716
vt 0.91209531 0.97796297
vt 0.88874805 0.95181084
vt 0.87709010 0.99945801
vt 0.91641998 0.99755085
vt 0.92733258 0.98203504
vt 0.93832392 0.97198266
vt 0.86788690 0.94380403
vt 0.84676200 0.99401975
vt 0.84517413 0.98844117
vt 0.84568524 0.96570802
vt 0.84963667 0.94994736
vt 0.83496177 0.95488626
vt 0.82502550 0.97229749
vt 0.81955743 0.95174068
vt 0.81400299 0.99122488
vt 0.81110597 0.99951971
vt 0.80413610 0.96634519
vt 0.79980493 0.94780654
vt 0.79450685 0.99945801
vt 0.78578156 0.97156775
vt 0.65995747 0.33529603
vt 0.66011393 0.36470780
vt 0.67900163 0.35096723
vt 0.67462146 0.32564959
vt 0.67816049 0.36896333
vt 0.65866292 0.31401178
vt 0.68752092 0.31974173
vt 0.67383784 0.29938450
vt 0.68923849 0.34805641
vt 0.69058162 0.37528932
vt 0.66088170 0.38325173
vt 0.67814386 0.39044634
vt 0.65893316 0.40542489
vt 0.72334057 0.24286334
vt 0.74510312 0.24198131
vt 0.72327960 0.21879634
vt 0.73509812 0.26474452
vt 0.74820387 0.26409066
vt 0.70971555 0.22186881
vt 0.73630351 0.21085495
vt 0.75831693 0.25914803
vt 0.74512249 0.29564252
vt 0.70913589 0.25170839
vt 0.75977087 0.29204673
vt 0.72834849 0.28377202
vt 0.70426738 0.27867198
vt 0.73940355 0.31382394
vt 0.71398729 0.29747182
vt 0.75987870 0.31424680
vt 0.77055764 0.28708383
vt 0.72344726 0.33276865
vt 0.70873469 0.32372180
vt 0.70583272 0.36255836
vt 0.72928238 0.36509743
vt 0.77259886 0.31133157
vt 0.74141437 0.36183143
vt 0.75672972 0.33986819
vt 0.73831576 0.33820641
vt 0.76671666 0.36215180
vt 0.74433255 0.37855342
vt 0.76134264 0.37951225
vt 0.77259886 0.33907974
vt 0.72708839 0.38877329
vt 0.74445593 0.40735367
vt 0.72246474 0.41117039
vt 0.77043211 0.39627004
vt 0.76382148 0.41808459
vt 0.73431593 0.43167076
vt 0.72216374 0.42960060
vt 0.75071877 0.43820679
vt 0.71661216 0.44843009
vt 0.69287598 0.40099007
vt 0.70610726 0.42612737
vt 0.67948359 0.41633835
vt 0.66823435 0.40685895
vt 0.69058949 0.44465306
vt 0.69969177 0.45754912
vt 0.66275370 0.42381117
vt 0.67310596 0.43248844
vt 0.73267782 0.46157542
vt 0.74646842 0.45732316
vt 0.12731181 0.93058276
vt 0.10863784 0.94461238
vt 0.10452168 0.91375989
vt 0.09181283 0.93436867
vt 0.08603001 0.91418153
vt 0.12989719 0.94617814
vt 0.12805814 0.91378438
vt 0.14572781 0.92127067
vt 0.16555659 0.93241751
vt 0.15100549 0.94633853
vt 0.16412850 0.90746331
vt 0.18005949 0.91486263
vt 0.14667748 0.90097761
vt 0.18651050 0.93411523
vt 0.20856874 0.92695385
vt 0.18016854 0.95341021
vt 0.20518820 0.90880442
vt 0.20639612 0.94284332
vt 0.17821571 0.89430952
vt 0.19774808 0.89031953
vt 0.11293188 0.89456123
vt 0.15745412 0.85830933
vt 0.14066468 0.87394434
vt 0.12997484 0.85959536
vt 0.08815629 0.89246219
vt 0.09986667 0.86555862
vt 0.06836130 0.90424079
vt 0.06386077 0.92006624
vt 0.06272094 0.93248987
vt 0.08728840 0.95341021
vt 0.06167608 0.95235848
vt 0.57027471 0.41913715
vt 0.58389723 0.41814899
vt 0.57452053 0.43444845
vt 0.54876453 0.42861870
vt 0.54190791 0.41613033
vt 0.52713072 0.42747116
vt 0.52683157 0.40874159
vt 0.50270736 0.42767456
vt 0.53728455 0.43989119
vt 0.55821514 0.44343814
vt 0.51227796 0.44472599
vt 0.59343022 0.45479602
vt 0.59841710 0.44876459
vt 0.60349804 0.43220451
vt 0.61237490 0.44961116
vt 0.62719929 0.47046545
vt 0.62395966 0.48458019
vt 0.62850726 0.45035255
vt 0.62002999 0.43789032
vt 0.64157659 0.48674822
vt 0.63251132 0.50445616
vt 0.64642185 0.50759226
vt 0.64191848 0.53088313
vt 0.57656795 0.46072686
vt 0.60036987 0.50078738
vt 0.57116234 0.47882044
vt 0.60339320 0.47393885
vt 0.53793770 0.45345262
vt 0.61223978 0.52334201
vt 0.53806251 0.47584867
vt 0.62082112 0.54932702
vt 0.57375139 0.48809195
vt 0.63863093 0.55508149
vt 0.51331365 0.47190556
vt 0.61921579 0.57396734
vt 0.49879515 0.48407891
vt 0.48049834 0.45290053
vt 0.47634369 0.49180931
vt 0.45895794 0.46866509
vt 0.45814911 0.50979280
vt 0.43440989 0.49876559
vt 0.44099489 0.53536272
vt 0.41464722 0.53681618
vt 0.41568917 0.57396734
vt 0.44135696 0.56548560
vt 0.44420835 0.46819106
vt 0.42487869 0.48304176
vt 0.41136512 0.50446647
vt 0.40065914 0.56379062
vt 0.92142022 0.55651987
vt 0.89633322 0.55714101
vt 0.92083502 0.57510489
vt 0.90153056 0.54264700
vt 0.86998862 0.53177160
vt 0.87504953 0.55015838
vt 0.88909155 0.52407336
vt 0.92286551 0.54307359
vt 0.86780202 0.51204771
vt 0.84922123 0.50932819
vt 0.94391900 0.54598838
vt 0.94608706 0.56648713
vt 0.83932501 0.51792115
vt 0.85353297 0.54004097
vt 0.89567524 0.57173622
vt 0.83380413 0.53148299
vt 0.86792278 0.56265455
vt 0.95338982 0.57815599
vt 0.93662429 0.58920038
vt 0.88348150 0.57525557
vt 0.90888780 0.59414023
vt 0.84282643 0.55259019
vt 0.92644972 0.47026551
vt 0.90152484 0.47315556
vt 0.93104351 0.49122697
vt 0.91914815 0.45706475
vt 0.93341410 0.47070706
vt 0.95338982 0.48759228
vt 0.94516933 0.50345218
vt 0.92356592 0.49912012
vt 0.94833380 0.51198006
vt 0.90119702 0.45229188
vt 0.88689220 0.45795411
vt 0.90250158 0.43465099
vt 0.88467968 0.43527770
vt 0.89000058 0.41450527
vt 0.94389880 0.53034222
vt 0.91432709 0.52626395
vt 0.89802438 0.51223952
vt 0.87830859 0.50600457
vt 0.90074605 0.49237829
vt 0.88580465 0.47506931
vt 0.86444682 0.48694703
vt 0.85839289 0.47007677
vt 0.87247831 0.44193548
vt 0.84311235 0.48205653
vt 0.84651524 0.45555019
vt 0.86743504 0.41679734
vt 0.35494843 0.12506640
vt 0.36640638 0.14286904
vt 0.34192532 0.14819276
vt 0.35396376 0.16284947
vt 0.34733573 0.16754201
vt 0.33685118 0.16474330
vt 0.31930789 0.17769355
vt 0.33912572 0.18455148
vt 0.32852215 0.18345016
vt 0.32735604 0.14213735
vt 0.34462065 0.19260326
vt 0.33697328 0.12510969
vt 0.37437978 0.13035627
vt 0.35671863 0.10565026
vt 0.38144481 0.13692659
vt 0.38758230 0.12188971
vt 0.37355563 0.10429356
vt 0.37097278 0.07702859
vt 0.40068850 0.11080495
vt 0.38624614 0.09334214
vt 0.41630754 0.10007865
vt 0.34622604 0.02768468
vt 0.36376414 0.02840625
vt 0.34991243 0.03952704
vt 0.33145607 0.04148457
vt 0.33822581 0.05854214
vt 0.31728771 0.06334816
vt 0.31119755 0.05526883
vt 0.32398239 0.07907683
vt 0.35526079 0.05303125
vt 0.37490374 0.04212783
vt 0.38531885 0.02700575
vt 0.34140193 0.06971952
vt 0.36899909 0.01718498
vt 0.38597018 0.00845947
vt 0.40154758 0.01461245
vt 0.42063090 0.02209140
vt 0.40948188 0.03960965
vt 0.43260011 0.04180167
vt 0.43816203 0.02301032
vt 0.45350903 0.04107672
vt 0.42650074 0.00720461
vt 0.45848545 0.01875948
vt 0.44825098 0.07339016
vt 0.42830703 0.06098149
vt 0.39673740 0.06832923
vt 0.37626219 0.04973326
vt 0.34386382 0.09676419
vt 0.32761627 0.09880835
vt 0.31471130 0.12258590
vt 0.46973416 0.07340341
vt 0.30649719 0.11620102
vt 0.41621113 0.07155129
vt 0.43177798 0.07567376
vt 0.48483357 0.05103543
vt 0.49919885 0.07783116
vt 0.48806182 0.09193556
vt 0.52245450 0.08447340
vt 0.50571853 0.11726720
vt 0.50433731 0.05985330
vt 0.54194450 0.11166405
vt 0.54916018 0.15507032
vt 0.52326345 0.14618501
vt 0.54604453 0.19260326
vt 0.52277416 0.17308885
vt 0.54761344 0.09219132
vt 0.56374347 0.14655367
vt 0.56544256 0.12286538
vt 0.40232328 0.08526184
vt 0.23879875 0.83717489
vt 0.23258725 0.82715905
vt 0.25134301 0.82356787
vt 0.26433775 0.83288544
vt 0.26694915 0.81924039
vt 0.21599658 0.83887690
vt 0.21332738 0.82724702
vt 0.19544524 0.82672161
vt 0.23008232 0.81192571
vt 0.24746819 0.80987442
vt 0.21309963 0.81111789
vt 0.20970261 0.79663467
vt 0.26384151 0.80579579
vt 0.18898948 0.80974430
vt 0.17700921 0.79345316
vt 0.22524536 0.79218745
vt 0.19930640 0.78626323
vt 0.18440066 0.83909702
vt 0.16999422 0.82541019
vt 0.15677966 0.83887690
vt 0.98799378 0.22508858
vt 0.96257633 0.22471669
vt 0.98439020 0.23679952
vt 0.96298510 0.24950087
vt 0.99780506 0.25128502
vt 0.98092252 0.25774622
vt 0.99952918 0.22628632
vt 0.95921355 0.20773283
vt 0.99443179 0.20329121
vt 0.97403914 0.19949566
vt 0.95214981 0.24231428
vt 0.98593217 0.18203650
vt 0.95182765 0.18875125
vt 0.94774014 0.21140714
vt 0.99952918 0.18518424
vt 0.98292702 0.26935866
vt 0.99348360 0.28097984
vt 0.95912302 0.27857617
vt 0.94984734 0.27362090
vt 0.91262376 0.12386344
vt 0.89355063 0.11041453
vt 0.89863622 0.13195050
vt 0.91153491 0.09763399
vt 0.89240915 0.08580951
vt 0.88850415 0.13322926
vt 0.91233057 0.06844814
vt 0.88364995 0.11313741
vt 0.89052922 0.05880592
vt 0.88146305 0.09828752
vt 0.87790459 0.07520745
vt 0.87711865 0.05079712
vt 0.89696264 0.04920184
vt 0.88181549 0.02353506
vt 0.91666669 0.04429624
vt 0.90024430 0.02857081
vt 0.91666669 0.14439370
vt 0.90367287 0.15351591
vt 0.89548111 0.15513928
vt 0.93238336 0.22553891
vt 0.91705477 0.25146684
vt 0.93355644 0.25211507
vt 0.91189611 0.22824718
vt 0.91537762 0.21398187
vt 0.92764068 0.20946454
vt 0.91946113 0.18846589
vt 0.90335053 0.19057827
vt 0.90234452 0.21717080
vt 0.91558719 0.16272354
vt 0.93189579 0.17511952
vt 0.89689267 0.15823278
vt 0.94215393 0.20813197
vt 0.93187284 0.13688761
vt 0.95056498 0.24417117
vt 0.94815910 0.17718661
vt 0.95056498 0.14923434
vt 0.94488239 0.26244071
vt 0.91853821 0.27614897
vt 0.93012428 0.28497973
vt 0.91910934 0.30842888
vt 0.90369558 0.30441272
vt 0.90981013 0.33381364
vt 0.88240165 0.17476895
vt 0.84510356 0.18203650
vt 0.86274678 0.16503479
vt 0.87632418 0.15764882
vt 0.88931292 0.16819416
vt 0.89160550 0.15370910
vt 0.84994793 0.17036830
vt 0.89312619 0.18203650
vt 0.88609272 0.14457253
vt 0.01082863 0.72720039
vt 0.01360424 0.74828470
vt 0.02695976 0.72062624
vt 0.03100340 0.74561745
vt 0.02921646 0.77350068
vt 0.01105135 0.70611423
vt 0.02514753 0.68841964
vt 0.03920121 0.68800628
vt 0.03560231 0.72234917
vt 0.04199526 0.76856649
vt 0.05938062 0.74760067
vt 0.05864041 0.72405928
vt 0.06312981 0.70305812
vt 0.06164335 0.77241683
vt 0.07431673 0.77573484
vt 0.05238768 0.80036467
vt 0.07025395 0.68923199
vt 0.07923930 0.80109203
vt 0.06271750 0.65634942
vt 0.06659923 0.81707078
vt 0.08432855 0.66945362
vt 0.08929496 0.64181250
vt 0.08739872 0.83596367
vt 0.10687383 0.81875736
vt 0.03713082 0.66581374
vt 0.08254665 0.62614238
vt 0.10687383 0.62391931
vt 0.06351048 0.63274902
vt 0.03348738 0.80094677
vt 0.05078595 0.82093048
vt 0.06530357 0.83732259
vt 0.08672564 0.85350627
vt 0.02182441 0.98053634
vt 0.02186730 0.96267164
vt 0.04131181 0.96343440
vt 0.05090335 0.97935945
vt 0.06409195 0.96150529
vt 0.07725409 0.97910613
vt 0.08076221 0.95911229
vt 0.09343956 0.97923106
vt 0.09524648 0.95902741
vt 0.05514803 0.99244267
vt 0.02884798 0.99375600
vt 0.07267191 0.99282199
vt 0.09463604 0.99375600
vt 0.10028248 0.95244956
vt 0.04918265 0.95315075
vt 0.00047081 0.99048203
vt 0.00660412 0.97651625
vt 0.00336847 0.96296078
vt 0.88862205 0.30908754
vt 0.90057033 0.31688279
vt 0.89913410 0.29409683
vt 0.88117254 0.28848416
vt 0.89436901 0.27211908
vt 0.88194895 0.31885976
vt 0.90160078 0.33957732
vt 0.87523538 0.28485405
vt 0.88044971 0.26390347
vt 0.88303149 0.24518071
vt 0.90160078 0.27316305
vt 0.89174372 0.23324721
vt 0.87924737 0.22910663
vt 0.89369208 0.25938576
vt 0.40778834 0.43468794
vt 0.43358639 0.43393332
vt 0.42266831 0.43852064
vt 0.44868174 0.43852064
vt 0.40835655 0.42962107
vt 0.38653484 0.42877838
vt 0.42665100 0.41546589
vt 0.73189443 0.18736115
vt 0.75648063 0.18605588
vt 0.74924964 0.17226021
vt 0.72287709 0.17648064
vt 0.71516007 0.19452450
vt 0.77517956 0.17435504
vt 0.77951795 0.18863243
vt 0.79136235 0.17832382
vt 0.79519773 0.19452450
vt 0.77383751 0.16394256
vt 0.74251813 0.16378482
vt 0.72531241 0.16648984
vt 0.62198621 0.97381502
vt 0.61717862 0.96027356
vt 0.60481322 0.97568476
vt 0.59990221 0.96762723
vt 0.64234102 0.96961683
vt 0.63822961 0.95333964
vt 0.66054612 0.95303810
vt 0.66048223 0.97080725
vt 0.60195154 0.94963396
vt 0.58898306 0.95673096
vt 0.62082338 0.95020527
vt 0.63085383 0.94015998
vt 0.65579069 0.94557244
vt 0.58942294 0.97838616
vt 0.66048223 0.92756438
vt 0.63573885 0.92616093
vt 0.65934777 0.91283596
vt 0.63181257 0.89652759
vt 0.65278906 0.89418387
vt 0.61327201 0.91576689
vt 0.61058873 0.92868453
vt 0.60349119 0.89377093
vt 0.60135108 0.94529092
vt 0.64222658 0.88668233
vt 0.61652541 0.88328528
vt 0.47633159 0.77117997
vt 0.48858035 0.78990239
vt 0.47598869 0.79447514
vt 0.48685640 0.81365490
vt 0.47912446 0.81684405
vt 0.48797199 0.76121008
vt 0.47865897 0.75070244
vt 0.49037984 0.74399614
vt 0.50259936 0.78026199
vt 0.49470621 0.82827824
vt 0.50498927 0.80992961
vt 0.51148051 0.83524966
vt 0.50080949 0.85062438
vt 0.52212805 0.81996816
vt 0.52212805 0.79403061
vt 0.51880729 0.77650857
vt 0.51868320 0.76155531
vt 0.50460285 0.76106918
vt 0.49480984 0.14719099
vt 0.48168713 0.14730498
vt 0.49291912 0.15795258
vt 0.49575540 0.13226728
vt 0.48983672 0.12649332
vt 0.48102105 0.15786603
vt 0.48745239 0.17474650
vt 0.49691147 0.17794831
vt 0.47064665 0.17526488
vt 0.46698910 0.13682713
vt 0.48332074 0.12397747
vt 0.48470065 0.19532941
vt 0.49952918 0.19559012
vt 0.45249811 0.12860465
vt 0.46211129 0.11429489
vt 0.46242291 0.20111330
vt 0.44719121 0.12677738
vt 0.43212780 0.10422671
vt 0.44434029 0.19987889
vt 0.45207414 0.17558576
vt 0.42706198 0.17705238
vt 0.41757992 0.20207410
vt 0.43824029 0.21085495
vt 0.45874247 0.15440144
vt 0.44563198 0.14645071
vt 0.42742872 0.15479185
vt 0.45404866 0.13089126
vt 0.41397956 0.14593892
vt 0.42652494 0.13094379
vt 0.40970954 0.18739662
vt 0.40913370 0.15880352
vt 0.49952918 0.11903869
vt 0.41961658 0.10545982
vt 0.41201878 0.12137613
vt 0.81650865 0.52288824
vt 0.82812983 0.52116746
vt 0.80834556 0.50834817
vt 0.82558948 0.50383621
vt 0.83303767 0.51124710
vt 0.80734414 0.48619285
vt 0.82565653 0.48571393
vt 0.80845034 0.53198707
vt 0.79599029 0.49299562
vt 0.82255840 0.46794334
vt 0.79732072 0.46137568
vt 0.81121707 0.46261647
vt 0.83383220 0.46776485
vt 0.82962829 0.44967607
vt 0.75747681 0.52715021
vt 0.76813644 0.54227203
vt 0.77240175 0.51013649
vt 0.77849042 0.53172547
vt 0.75282484 0.50880438
vt 0.75974542 0.48636407
vt 0.77647853 0.47661522
vt 0.76425064 0.46464887
vt 0.78032029 0.44162554
vt 0.80992931 0.43389601
vt 0.79625225 0.42173648
vt 0.81105691 0.54382187
vt 0.79416919 0.56047118
vt 0.83517885 0.56433660
vt 0.81583512 0.58215582
vt 0.78012323 0.55206090
vt 0.84039545 0.59085810
vt 0.81618345 0.39718372
vt 0.82782364 0.41585612
vt 0.84039545 0.40439135
vt 0.83867455 0.60278577
vt 0.79770434 0.39524660
vt 0.78018355 0.41476205
vt 0.81559670 0.38164923
vt 0.83894533 0.37576398
vt 0.76481324 0.43167681
vt 0.83575457 0.36167148
vt 0.69988298 0.95821327
vt 0.69170284 0.94645154
vt 0.71644294 0.94765759
vt 0.72670972 0.95821327
vt 0.67184556 0.95580876
vt 0.67471474 0.94504446
vt 0.73833996 0.94354582
vt 0.70248765 0.93419009
vt 0.72030091 0.93238950
vt 0.73763263 0.92991179
vt 0.70499378 0.91702765
vt 0.73294151 0.91245550
vt 0.68522364 0.93568629
vt 0.67802948 0.92041039
vt 0.75219619 0.95322883
vt 0.75485885 0.94092989
vt 0.75040704 0.91186488
vt 0.75669765 0.92640060
vt 0.77205449 0.93546355
vt 0.77416444 0.94696325
vt 0.76757491 0.90350032
vt 0.77690613 0.91698116
vt 0.79074454 0.92538565
vt 0.80280757 0.93443120
vt 0.71055800 0.90340430
vt 0.73144275 0.89865512
vt 0.81145632 0.91504914
vt 0.82713324 0.92193198
vt 0.83757061 0.90215552
vt 0.94074011 0.62543535
vt 0.94989932 0.63036489
vt 0.95243031 0.61033630
vt 0.94371480 0.60794115
vt 0.93832392 0.65617591
vt 0.95001274 0.65691227
vt 0.95946056 0.58943862
vt 0.96516377 0.61711812
vt 0.96847469 0.59963650
vt 0.96241117 0.63613486
vt 0.96194983 0.65383965
vt 0.97316384 0.58645535
vt 0.96614492 0.67956692
vt 0.95193988 0.68342042
vt 0.96131939 0.70461094
vt 0.97316384 0.69738883
vt 0.97860181 0.08880221
vt 0.97882152 0.09669811
vt 0.97222221 0.10781309
vt 0.97729826 0.12536024
vt 0.98754930 0.08749456
vt 0.99293786 0.12084458
vt 0.98833066 0.11498974
vt 0.98910588 0.07698950
vt 0.99293786 0.08094355
vt 0.97569674 0.06216782
vt 0.99143130 0.04755043
vt 0.46670344 0.98368353
vt 0.46471125 0.97307324
vt 0.43832392 0.98414987
vt 0.43885839 0.97256869
vt 0.49387947 0.98414987
vt 0.48733422 0.97166187
vt 0.39802545 0.68072283
vt 0.41020828 0.66511041
vt 0.40438101 0.64980465
vt 0.40928948 0.68443799
vt 0.41861972 0.63910067
vt 0.41303787 0.62402451
vt 0.40990689 0.70615411
vt 0.39783427 0.70263052
vt 0.41279885 0.72543204
vt 0.40070170 0.72510606
vt 0.40570188 0.74662322
vt 0.43910235 0.63402969
vt 0.45715630 0.61485964
vt 0.43789709 0.61431319
vt 0.43113652 0.65270334
vt 0.42417505 0.68021399
vt 0.42299452 0.70450002
vt 0.42811269 0.72625530
vt 0.42652050 0.75195187
vt 0.44228482 0.75315785
vt 0.44109276 0.77089339
vt 0.45715630 0.76607656
vt 0.86369431 0.65313792
vt 0.85557312 0.63731313
vt 0.85234529 0.64569241
vt 0.85305190 0.67195004
vt 0.84792846 0.64008212
vt 0.86162889 0.67074823
vt 0.86864406 0.65259910
vt 0.84945065 0.63352543
vt 0.86864406 0.63441402
vt 0.29658192 0.88904899
vt 0.30964032 0.86798263
vt 0.31357571 0.88337451
vt 0.28483993 0.87166965
vt 0.32312462 0.86184704
vt 0.32976517 0.87893564
vt 0.34144413 0.85952079
vt 0.34758744 0.87625414
vt 0.31085610 0.85435325
vt 0.33958542 0.84632760
vt 0.37231642 0.87606043
vt 0.36350304 0.85781425
vt 0.38655877 0.86073357
vt 0.38878784 0.87847608
vt 0.40917760 0.86606485
vt 0.40700781 0.88251650
vt 0.42334145 0.88904899
vt 0.43812397 0.87996256
vt 0.42255691 0.85954535
vt 0.39973193 0.85082513
vt 0.37770820 0.84472287
vt 0.44024444 0.85151035
vt 0.45108321 0.85959285
vt 0.40608051 0.82210040
vt 0.36321226 0.81751662
vt 0.42335284 0.82704681
vt 0.43925723 0.84087431
vt 0.46853352 0.83179533
vt 0.44364843 0.82158607
vt 0.32832435 0.81715024
vt 0.34371340 0.80290753
vt 0.30340329 0.82609397
vt 0.31520084 0.80616707
vt 0.31537226 0.78993863
vt 0.34036988 0.78678745
vt 0.36184657 0.78751260
vt 0.36018327 0.76160496
vt 0.37998998 0.78342289
vt 0.34834230 0.76909351
vt 0.38060802 0.75869632
vt 0.40217662 0.77409720
vt 0.39631084 0.79633653
vt 0.41828525 0.78880292
vt 0.42289776 0.77208024
vt 0.44183230 0.78429008
vt 0.40510172 0.75456291
vt 0.41921154 0.80647171
vt 0.44856465 0.80804688
vt 0.37359089 0.80372876
vt 0.46345612 0.79078245
vt 0.46874619 0.81137770
vt 0.39314175 0.81409717
vt 0.47881356 0.82351518
vt 0.31539008 0.77735388
vt 0.31731820 0.75774431
vt 0.90221173 0.42606366
vt 0.90436757 0.41047347
vt 0.89402300 0.40567511
vt 0.91309375 0.42829692
vt 0.91568100 0.44812679
vt 0.89218456 0.37879825
vt 0.90484667 0.39368641
vt 0.91994733 0.40737081
vt 0.91838127 0.38500276
vt 0.90230191 0.35699016
vt 0.91877371 0.36639386
vt 0.92150915 0.34837872
vt 0.90711814 0.33779010
vt 0.92796612 0.32901058
vt 0.92796612 0.42945737
vt 0.89302802 0.34749335
vt 0.47671095 0.10038424
vt 0.46578801 0.08983541
vt 0.46496090 0.07732949
vt 0.47634163 0.08612202
vt 0.45150658 0.10038424
vt 0.48728815 0.09819866
vt 0.45737207 0.07902735
vt 0.95565557 0.78656298
vt 0.96428537 0.76769471
vt 0.95527309 0.76386231
vt 0.96602535 0.79100263
vt 0.96021026 0.74585533
vt 0.95903808 0.81192291
vt 0.97061348 0.81615031
vt 0.97975516 0.80527383
vt 0.97879750 0.77849859
vt 0.97919422 0.78991103
vt 0.97560960 0.75770473
vt 0.97975516 0.73999524
vt 0.96958447 0.72862631
vt 0.96476722 0.84005761
vt 0.54034549 0.50192124
vt 0.53134000 0.51174581
vt 0.51831967 0.50220227
vt 0.55962938 0.51193321
vt 0.55785334 0.50670868
vt 0.50468481 0.51631933
vt 0.50508535 0.52649242
vt 0.52247775 0.52444190
vt 0.54348183 0.52476460
vt 0.49010432 0.53266090
vt 0.47373232 0.52357578
vt 0.49384609 0.50613570
vt 0.46751413 0.51485145
vt 0.58257169 0.51042312
vt 0.57916945 0.51996577
vt 0.56159848 0.52778429
vt 0.60781544 0.53266090
vt 0.60306031 0.51714450
vt 0.95942163 0.45283622
vt 0.96874356 0.44678304
vt 0.96169722 0.44183457
vt 0.97746265 0.45485109
vt 0.97801828 0.44219828
vt 0.96823043 0.42975467
vt 0.95936239 0.42736673
vt 0.97016382 0.40992954
vt 0.95433146 0.40852648
vt 0.95666766 0.38787904
vt 0.97372329 0.38443023
vt 0.96221542 0.37542331
vt 0.98255336 0.40102258
vt 0.97932702 0.41714162
vt 0.98917139 0.37580517
vt 0.98917139 0.42575282
vt 0.98846686 0.44978756
vt 0.96113771 0.36359271
vt 0.24855605 0.95619059
vt 0.24183123 0.94135851
vt 0.25082120 0.94860214
vt 0.26470828 0.95629203
vt 0.23681733 0.94746125
vt 0.25101748 0.93900096
vt 0.23721373 0.93916404
vt 0.26567498 0.94641840
vt 0.28201506 0.95619059
vt 0.53813559 0.77281457
vt 0.53248590 0.75342733
vt 0.53813559 0.75072044
vt 0.61715478 0.22814602
vt 0.61629003 0.21853986
vt 0.62255347 0.22109726
vt 0.63418078 0.22814602
vt 0.85640299 0.62391931
vt 0.86173916 0.62372321
vt 0.86834174 0.61239195
vt 0.87582833 0.61623657
vt 0.87994349 0.62391931
vt 0.85975957 0.61502999
vt 0.93527043 0.63755381
vt 0.93007433 0.63369364
vt 0.93166834 0.65440947
vt 0.91733956 0.64854145
vt 0.91938943 0.63195175
vt 0.89243340 0.64181447
vt 0.90774202 0.61123365
vt 0.88773108 0.65602887
vt 0.92203802 0.63148034
vt 0.93350917 0.61797637
vt 0.92773581 0.60578763
vt 0.91076833 0.65799546
vt 0.89249092 0.61026126
vt 0.90575808 0.59606147
vt 0.88156605 0.63182223
vt 0.88104701 0.61380249
vt 0.87105316 0.64975321
vt 0.88385820 0.67398304
vt 0.89107871 0.68866277
vt 0.86676085 0.67553413
vt 0.91679060 0.69612151
vt 0.87881058 0.69434988
vt 0.91726834 0.70883536
vt 0.88494945 0.71355021
vt 0.91988373 0.67146301
vt 0.89272225 0.74460495
vt 0.92543322 0.73509431
vt 0.87297601 0.73066092
vt 0.93587595 0.76467514
vt 0.91127700 0.77897131
vt 0.94868171 0.78221357
vt 0.93602258 0.79946208
vt 0.92279226 0.80739671
vt 0.94638205 0.70896107
vt 0.94844466 0.68554252
vt 0.93105656 0.70471424
vt 0.93275642 0.68108690
vt 0.94868171 0.66759431
vt 0.93364173 0.72584170
vt 0.94865251 0.73094201
vt 0.94202620 0.75164872
vt 0.52777779 0.98318923
vt 0.54472691 0.98318923
vt 0.53560138 0.97742558
vt 0.36205274 0.41546589
vt 0.36205274 0.42795390
vt 0.35640302 0.42056966
vt 0.27354050 0.16762727
vt 0.27482769 0.17903513
vt 0.27919021 0.16831517
vt 0.27919021 0.18203650
vt 0.99486560 0.64889526
vt 0.99011302 0.65658021
vt 0.99670434 0.65658021
vt 0.37241054 0.88616717
vt 0.39500943 0.88616717
vt 0.38074464 0.87944287
vt 0.83599544 0.31618428
vt 0.83073807 0.29787353
vt 0.81340706 0.30145717
vt 0.82308251 0.28331441
vt 0.81576854 0.28469434
vt 0.80752248 0.28480595
vt 0.80493039 0.31153515
vt 0.79476255 0.29583788
vt 0.78508794 0.28389755
vt 0.81366116 0.28002131
vt 0.80912668 0.31418663
vt 0.77775955 0.27291265
vt 0.78772306 0.25583380
vt 0.77730697 0.24240367
vt 0.78439337 0.22543533
vt 0.80632561 0.24138071
vt 0.79405159 0.22221778
vt 0.78512079 0.20470947
vt 0.79545325 0.20752449
vt 0.80761278 0.22324921
vt 0.81209332 0.20054425
vt 0.80190551 0.19556174
vt 0.80879533 0.22666091
vt 0.82224816 0.23813644
vt 0.79590446 0.18244198
vt 0.81921870 0.17915466
vt 0.83034837 0.18278076
vt 0.82422042 0.22804332
vt 0.84030342 0.21911575
vt 0.83639127 0.19337569
vt 0.83950484 0.23559248
vt 0.85010916 0.22227128
vt 0.86225992 0.23871146
vt 0.86753285 0.22155172
vt 0.85989577 0.20796961
vt 0.87900186 0.20002592
vt 0.87152123 0.19730523
vt 0.84727639 0.27067000
vt 0.85102022 0.27903390
vt 0.85973227 0.26125771
vt 0.85774481 0.27945262
vt 0.84006882 0.25731605
vt 0.82104939 0.23700354
vt 0.84018534 0.29219681
vt 0.87274897 0.22086647
vt 0.80945420 0.22643718
vt 0.81163168 0.32516354
vt 0.82495719 0.33025008
vt 0.82370126 0.26906043
vt 0.82657456 0.27521703
vt 0.85743362 0.30198440
vt 0.83818364 0.32956207
vt 0.84962088 0.34518990
vt 0.84688348 0.36424121
vt 0.86117113 0.36324108
vt 0.86258858 0.35361552
vt 0.86953908 0.36584437
vt 0.87334383 0.38442844
vt 0.87563312 0.38027102
vt 0.87900186 0.39625362
vt 0.82928848 0.34484622
vt 0.86009377 0.39027524
vt 0.83419818 0.27808154
vt 0.80961818 0.26366004
vt 0.82234824 0.25110149
vt 0.84918982 0.38829678
vt 0.86022210 0.77706146
vt 0.88469601 0.78315157
vt 0.86293012 0.79490876
vt 0.87783194 0.77626753
vt 0.85357815 0.75840539
vt 0.89156204 0.77876806
vt 0.89560169 0.76039690
vt 0.89783430 0.79490876
vt 0.69836986 0.03084305
vt 0.70940393 0.01008646
vt 0.72210753 0.01205338
vt 0.67569625 0.02561328
vt 0.69114655 0.03814518
vt 0.70830011 0.03675159
vt 0.71873897 0.03986551
vt 0.66525424 0.03986551
vt 0.72689664 0.02711343
vt 0.73210925 0.02498293
vt 0.81656331 0.84686673
vt 0.81586492 0.86032677
vt 0.82463622 0.85795015
vt 0.83143312 0.84557521
vt 0.83522522 0.85623956
vt 0.83872747 0.84363341
vt 0.83413637 0.86990678
vt 0.84107673 0.82376289
vt 0.84981167 0.87521034
vt 0.84482175 0.87881112
vt 0.84420216 0.85987705
vt 0.82566470 0.83256584
vt 0.81546634 0.82477200
vt 0.82499379 0.81473070
vt 0.81189853 0.80982947
vt 0.81668597 0.79110998
vt 0.79229313 0.82987159
vt 0.79935747 0.84344465
vt 0.81223738 0.84629774
vt 0.80463856 0.85829598
vt 0.80751681 0.86883050
vt 0.78789043 0.85688370
vt 0.78895676 0.87167859
vt 0.78109920 0.85782570
vt 0.76768976 0.88513416
vt 0.76949155 0.85222054
vt 0.75054973 0.86965102
vt 0.75130868 0.84278810
vt 0.74735796 0.85652137
vt 0.74460745 0.83629763
vt 0.73681730 0.85527253
vt 0.74471754 0.81802446
vt 0.76071602 0.82071900
vt 0.75763023 0.80359691
vt 0.77361029 0.81613433
vt 0.74047476 0.87970048
vt 0.76048177 0.89192957
vt 0.75724721 0.78942525
vt 0.77171350 0.89193082
vt 0.78114259 0.88476962
vt 0.77666199 0.83129257
vt 0.82971764 0.79837769
vt 0.83513200 0.77827919
vt 0.82923394 0.76427275
vt 0.84258509 0.74860603
vt 0.82975829 0.75027835
vt 0.83775890 0.74357778
vt 0.84316099 0.80574447
vt 0.82637578 0.73342848
vt 0.81654960 0.76730728
vt 0.79600698 0.81549084
vt 0.84122223 0.72207266
vt 0.83317101 0.71439916
vt 0.81535017 0.72695059
vt 0.82508981 0.70549709
vt 0.80837458 0.71670651
vt 0.79512554 0.72696310
vt 0.78757840 0.71789974
vt 0.84584570 0.70359725
vt 0.78789699 0.74732667
vt 0.76690972 0.77077568
vt 0.80401385 0.79860318
vt 0.79377455 0.80578029
vt 0.83889270 0.69250357
vt 0.82891446 0.69076818
vt 0.83819574 0.68314034
vt 0.82454163 0.67963499
vt 0.84981167 0.69056219
vt 0.83289576 0.81074691
vt 0.80747628 0.74674201
vt 0.76888633 0.78249043
vt 0.78331476 0.77613485
vt 0.78437299 0.80291474
vt 0.80067909 0.76803529
vt 0.80577272 0.76886553
vt 0.78578156 0.91635323
vt 0.79708099 0.91690683
vt 0.79708099 0.90153700
vt 0.69915253 0.51016861
vt 0.70965779 0.51050913
vt 0.71281189 0.49103785
vt 0.70018595 0.51921231
vt 0.72457629 0.50716549
vt 0.70032459 0.47868150
vt 0.71228206 0.46733910
vt 0.72457629 0.48367390
vt 0.68151075 0.53746396
vt 0.67599833 0.46407783
vt 0.65893793 0.48612899
vt 0.68691146 0.51444030
vt 0.68578607 0.47582105
vt 0.65583801 0.46999505
vt 0.65979141 0.45586744
vt 0.67929965 0.44812679
vt 0.68691146 0.46009010
vt 0.40348399 0.11383285
vt 0.40348399 0.14073007
vt 0.39877591 0.12184300
vt 0.10817973 0.64985591
vt 0.10404897 0.66426516
vt 0.11911488 0.66426516
f 645/645/645 625/625/625 626/626/626
f 627/627/627 625/625/625 645/645/645
f 625/625/625 623/623/623 624/624/624
f 625/625/625 624/624/624 626/626/626
f 372/372/372 377/377/377 373/373/373
f 626/626/626 624/624/624 631/631/631
f 626/626/626 631/631/631 636/636/636
f 627/627/627 623/623/623 625/625/625
f 371/371/371 372/372/372 373/373/373
f 243/243/243 239/239/239 242/242/242
f 321/321/321 316/316/316 320/320/320
f 636/636/636 639/639/639 640/640/640
f 627/627/627 629/629/629 619/619/619
f 627/627/627 619/619/619 623/623/623
f 372/372/372 371/371/371 374/374/374
f 636/636/636 631/631/631 639/639/639
f 320/320/320 316/316/316 319/319/319
f 299/299/299 298/298/298 292/292/292
f 644/644/644 641/641/641 627/627/627
f 627/627/627 641/641/641 629/629/629
f 378/378/378 379/379/379 375/375/375
f 379/379/379 372/372/372 375/375/375
f 210/210/210 217/217/217 215/215/215
f 644/644/644 648/648/648 641/641/641
f 619/619/619 620/620/620 623/623/623
f 623/623/623 620/620/620 621/621/621
f 623/623/623 621/621/621 624/624/624
f 631/631/631 624/624/624 632/632/632
f 319/319/319 316/316/316 318/318/318
f 292/292/292 298/298/298 294/294/294
f 624/624/624 621/621/621 632/632/632
f 891/891/891 883/883/883 885/885/885
f 891/891/891 885/885/885 894/894/894
f 650/650/650 648/648/648 644/644/644
f 891/891/891 888/888/888 883/883/883
f 888/888/888 887/887/887 883/883/883
f 883/883/883 887/887/887 884/884/884
f 898/898/898 891/891/891 894/894/894
f 883/883/883 884/884/884 885/885/885
f 885/885/885 884/884/884 886/886/886
f 298/298/298 300/300/300 295/295/295
f 298/298/298 295/295/295 294/294/294
f 316/316/316 317/317/317 318/318/318
f 292/292/292 294/294/294 289/289/289
f 381/381/381 378/378/378 380/380/380
f 380/380/380 378/378/378 375/375/375
f 893/893/893 888/888/888 891/891/891
f 890/890/890 889/889/889 888/888/888
f 896/896/896 893/893/893 891/891/891
f 888/888/888 889/889/889 887/887/887
f 620/620/620 618/618/618 621/621/621
f 896/896/896 891/891/891 898/898/898
f 903/903/903 898/898/898 894/894/894
f 222/222/222 230/230/230 223/223/223
f 1095/1095/1095 1093/1093/1093 1090/1090/1090
f 1093/1093/1093 1096/1096/1096 1092/1092/1092
f 1093/1093/1093 1092/1092/1092 1090/1090/1090
f 318/318/318 317/317/317 339/339/339
f 316/316/316 323/323/323 317/317/317
f 650/650/650 651/651/651 648/648/648
f 380/380/380 375/375/375 391/391/391
f 375/375/375 376/376/376 391/391/391
f 474/474/474 457/457/457 463/463/463
f 457/457/457 458/458/458 463/463/463
f 620/620/620 619/619/619 618/618/618
f 893/893/893 890/890/890 888/888/888
f 897/897/897 893/893/893 896/896/896
f 1395/1395/1395 1381/1381/1381 1394/1394/1394
f 1098/1098/1098 1095/1095/1095 1097/1097/1097
f 1096/1096/1096 1094/1094/1094 1092/1092/1092
f 1097/1097/1097 1095/1095/1095 1090/1090/1090
f 294/294/294 295/295/295 286/286/286
f 294/294/294 286/286/286 289/289/289
f 292/292/292 289/289/289 291/291/291
f 892/892/892 889/889/889 890/890/890
f 621/621/621 622/622/622 632/632/632
f 904/904/904 896/896/896 898/898/898
f 1561/1561/1561 1562/1562/1562 1550/1550/1550
f 211/211/211 220/220/220 216/216/216
f 1562/1562/1562 1565/1565/1565 1548/1548/1548
f 1097/1097/1097 1090/1090/1090 1089/1089/1089
f 1092/1092/1092 1094/1094/1094 1087/1087/1087
f 1090/1090/1090 1092/1092/1092 1087/1087/1087
f 650/650/650 656/656/656 651/651/651
f 648/648/648 649/649/649 641/641/641
f 641/641/641 642/642/642 628/628/628
f 619/619/619 628/628/628 617/617/617
f 897/897/897 895/895/895 893/893/893
f 619/619/619 617/617/617 618/618/618
f 906/906/906 904/904/904 898/898/898
f 1090/1090/1090 1087/1087/1087 1089/1089/1089
f 323/323/323 324/324/324 317/317/317
f 382/382/382 381/381/381 380/380/380
f 463/463/463 458/458/458 462/462/462
f 649/649/649 642/642/642 641/641/641
f 895/895/895 892/892/892 890/890/890
f 1563/1563/1563 1561/1561/1561 1557/1557/1557
f 1561/1561/1561 1550/1550/1550 1557/1557/1557
f 622/622/622 633/633/633 632/632/632
f 906/906/906 898/898/898 903/903/903
f 632/632/632 634/634/634 638/638/638
f 1091/1091/1091 1097/1097/1097 1089/1089/1089
f 1087/1087/1087 1094/1094/1094 1088/1088/1088
f 1089/1089/1089 1087/1087/1087 1086/1086/1086
f 289/289/289 286/286/286 288/288/288
f 651/651/651 652/652/652 648/648/648
f 459/459/459 453/453/453 454/454/454
f 642/642/642 643/643/643 628/628/628
f 1354/1354/1354 1355/1355/1355 1356/1356/1356
f 1476/1476/1476 1475/1475/1475 1477/1477/1477
f 2046/2046/2046 2047/2047/2047 2048/2048/2048
f 633/633/633 634/634/634 632/632/632
f 1477/1477/1477 1475/1475/1475 1483/1483/1483
f 1476/1476/1476 1477/1477/1477 1478/1478/1478
f 1478/1478/1478 1477/1477/1477 1483/1483/1483
f 1295/1295/1295 1294/1294/1294 1293/1293/1293
f 301/301/301 302/302/302 296/296/296
f 913/913/913 903/903/903 914/914/914
f 295/295/295 301/301/301 296/296/296
f 1548/1548/1548 1547/1547/1547 1546/1546/1546
f 1091/1091/1091 1089/1089/1089 1086/1086/1086
f 339/339/339 317/317/317 338/338/338
f 291/291/291 305/305/305 310/310/310
f 380/380/380 391/391/391 386/386/386
f 463/463/463 462/462/462 468/468/468
f 462/462/462 459/459/459 464/464/464
f 642/642/642 649/649/649 643/643/643
f 895/895/895 899/899/899 892/892/892
f 901/901/901 900/900/900 897/897/897
f 900/900/900 895/895/895 897/897/897
f 902/902/902 901/901/901 897/897/897
f 902/902/902 897/897/897 896/896/896
f 896/896/896 904/904/904 902/902/902
f 1564/1564/1564 1563/1563/1563 1557/1557/1557
f 1474/1474/1474 1475/1475/1475 1476/1476/1476
f 1388/1388/1388 1389/1389/1389 1383/1383/1383
f 907/907/907 904/904/904 906/906/906
f 612/612/612 634/634/634 633/633/633
f 906/906/906 903/903/903 913/913/913
f 1549/1549/1549 1550/1550/1550 1548/1548/1548
f 1293/1293/1293 1294/1294/1294 1283/1283/1283
f 296/296/296 287/287/287 295/295/295
f 913/913/913 914/914/914 915/915/915
f 295/295/295 287/287/287 286/286/286
f 1100/1100/1100 1097/1097/1097 1091/1091/1091
f 289/289/289 288/288/288 291/291/291
f 472/472/472 468/468/468 478/478/478
f 652/652/652 653/653/653 649/649/649
f 900/900/900 899/899/899 895/895/895
f 643/643/643 630/630/630 628/628/628
f 628/628/628 630/630/630 617/617/617
f 616/616/616 617/617/617 614/614/614
f 614/614/614 615/615/615 612/612/612
f 616/616/616 614/614/614 611/611/611
f 614/614/614 612/612/612 611/611/611
f 611/611/611 612/612/612 613/613/613
f 1550/1550/1550 1549/1549/1549 1557/1557/1557
f 1475/1475/1475 1482/1482/1482 1484/1484/1484
f 907/907/907 906/906/906 908/908/908
f 634/634/634 612/612/612 635/635/635
f 612/612/612 615/615/615 635/635/635
f 1548/1548/1548 1536/1536/1536 1549/1549/1549
f 1370/1370/1370 1369/1369/1369 1367/1367/1367
f 324/324/324 325/325/325 317/317/317
f 469/469/469 462/462/462 470/470/470
f 462/462/462 464/464/464 470/470/470
f 459/459/459 460/460/460 464/464/464
f 1035/1035/1035 1038/1038/1038 1032/1032/1032
f 630/630/630 614/614/614 617/617/617
f 902/902/902 904/904/904 907/907/907
f 1474/1474/1474 1479/1479/1479 1475/1475/1475
f 1557/1557/1557 1549/1549/1549 1558/1558/1558
f 1635/1635/1635 1637/1637/1637 1646/1646/1646
f 1482/1482/1482 1488/1488/1488 1484/1484/1484
f 1637/1637/1637 1647/1647/1647 1646/1646/1646
f 1484/1484/1484 1488/1488/1488 1487/1487/1487
f 910/910/910 908/908/908 906/906/906
f 302/302/302 297/297/297 296/296/296
f 910/910/910 906/906/906 913/913/913
f 1484/1484/1484 1487/1487/1487 1485/1485/1485
f 1536/1536/1536 1548/1548/1548 1546/1546/1546
f 1483/1483/1483 1485/1485/1485 1486/1486/1486
f 1293/1293/1293 1283/1283/1283 1281/1281/1281
f 286/286/286 287/287/287 288/288/288
f 1091/1091/1091 1086/1086/1086 1085/1085/1085
f 1086/1086/1086 1087/1087/1087 1079/1079/1079
f 1087/1087/1087 1088/1088/1088 1084/1084/1084
f 1087/1087/1087 1084/1084/1084 1079/1079/1079
f 305/305/305 291/291/291 288/288/288
f 382/382/382 380/380/380 386/386/386
f 643/643/643 646/646/646 630/630/630
f 1480/1480/1480 1479/1479/1479 1474/1474/1474
f 663/663/663 659/659/659 658/658/658
f 902/902/902 907/907/907 912/912/912
f 663/663/663 664/664/664 659/659/659
f 1557/1557/1557 1558/1558/1558 1559/1559/1559
f 907/907/907 908/908/908 909/909/909
f 1482/1482/1482 1489/1489/1489 1488/1488/1488
f 664/664/664 665/665/665 660/660/660
f 971/971/971 975/975/975 979/979/979
f 1646/1646/1646 1647/1647/1647 1648/1648/1648
f 910/910/910 913/913/913 915/915/915
f 296/296/296 293/293/293 287/287/287
f 287/287/287 293/293/293 290/290/290
f 1283/1283/1283 1282/1282/1282 1281/1281/1281
f 305/305/305 288/288/288 308/308/308
f 382/382/382 386/386/386 384/384/384
f 464/464/464 460/460/460 466/466/466
f 905/905/905 900/900/900 901/901/901
f 936/936/936 901/901/901 902/902/902
f 442/442/442 438/438/438 456/456/456
f 657/657/657 663/663/663 658/658/658
f 1480/1480/1480 1481/1481/1481 1479/1479/1479
f 902/902/902 912/912/912 936/936/936
f 657/657/657 658/658/658 659/659/659
f 1268/1268/1268 1270/1270/1270 1269/1269/1269
f 1269/1269/1269 1270/1270/1270 1271/1271/1271
f 912/912/912 907/907/907 911/911/911
f 659/659/659 664/664/664 660/660/660
f 657/657/657 659/659/659 660/660/660
f 1632/1632/1632 1635/1635/1635 1645/1645/1645
f 911/911/911 907/907/907 909/909/909
f 974/974/974 972/972/972 971/971/971
f 660/660/660 665/665/665 662/662/662
f 657/657/657 660/660/660 661/661/661
f 971/971/971 972/972/972 973/973/973
f 1021/1021/1021 1018/1018/1018 1020/1020/1020
f 971/971/971 973/973/973 975/975/975
f 660/660/660 662/662/662 661/661/661
f 661/661/661 662/662/662 665/665/665
f 1018/1018/1018 1019/1019/1019 1020/1020/1020
f 1408/1408/1408 1413/1413/1413 1398/1398/1398
f 297/297/297 313/313/313 293/293/293
f 296/296/296 297/297/297 293/293/293
f 1648/1648/1648 1649/1649/1649 1650/1650/1650
f 1289/1289/1289 1290/1290/1290 1287/1287/1287
f 1290/1290/1290 1292/1292/1292 1287/1287/1287
f 1100/1100/1100 1091/1091/1091 1101/1101/1101
f 1366/1366/1366 1367/1367/1367 1368/1368/1368
f 1368/1368/1368 1367/1367/1367 1369/1369/1369
f 1086/1086/1086 1079/1079/1079 1085/1085/1085
f 305/305/305 308/308/308 310/310/310
f 383/383/383 382/382/382 384/384/384
f 468/468/468 469/469/469 476/476/476
f 901/901/901 936/936/936 905/905/905
f 1274/1274/1274 1273/1273/1273 1267/1267/1267
f 707/707/707 663/663/663 657/657/657
f 690/690/690 707/707/707 657/657/657
f 1482/1482/1482 1490/1490/1490 1489/1489/1489
f 657/657/657 661/661/661 675/675/675
f 972/972/972 985/985/985 973/973/973
f 973/973/973 985/985/985 980/980/980
f 665/665/665 666/666/666 661/661/661
f 975/975/975 973/973/973 980/980/980
f 1379/1379/1379 1380/1380/1380 1376/1376/1376
f 1289/1289/1289 1287/1287/1287 1286/1286/1286
f 1282/1282/1282 1283/1283/1283 1286/1286/1286
f 1102/1102/1102 1100/1100/1100 1101/1101/1101
f 287/287/287 290/290/290 288/288/288
f 383/383/383 384/384/384 385/385/385
f 478/478/478 468/468/468 479/479/479
f 464/464/464 466/466/466 470/470/470
f 470/470/470 466/466/466 475/475/475
f 1032/1032/1032 1037/1037/1037 1033/1033/1033
f 1157/1157/1157 1150/1150/1150 1152/1152/1152
f 657/657/657 675/675/675 690/690/690
f 1491/1491/1491 1490/1490/1490 1482/1482/1482
f 981/981/981 976/976/976 974/974/974
f 1632/1632/1632 1645/1645/1645 1644/1644/1644
f 974/974/974 976/976/976 972/972/972
f 976/976/976 977/977/977 972/972/972
f 675/675/675 661/661/661 669/669/669
f 975/975/975 980/980/980 988/988/988
f 975/975/975 988/988/988 989/989/989
f 1589/1589/1589 1585/1585/1585 1588/1588/1588
f 1287/1287/1287 1292/1292/1292 1291/1291/1291
f 1101/1101/1101 1091/1091/1091 1099/1099/1099
f 1546/1546/1546 1545/1545/1545 1542/1542/1542
f 307/307/307 288/288/288 290/290/290
f 1091/1091/1091 1085/1085/1085 1099/1099/1099
f 1081/1081/1081 1099/1099/1099 1085/1085/1085
f 338/338/338 317/317/317 334/334/334
f 479/479/479 468/468/468 476/476/476
f 469/469/469 470/470/470 477/477/477
f 653/653/653 654/654/654 643/643/643
f 1040/1040/1040 1031/1031/1031 1036/1036/1036
f 1274/1274/1274 1267/1267/1267 1272/1272/1272
f 933/933/933 905/905/905 936/936/936
f 707/707/707 690/690/690 691/691/691
f 912/912/912 911/911/911 922/922/922
f 1409/1409/1409 1407/1407/1407 1403/1403/1403
f 881/881/881 880/880/880 855/855/855
f 855/855/855 880/880/880 847/847/847
f 666/666/666 667/667/667 661/661/661
f 669/669/669 661/661/661 667/667/667
f 667/667/667 666/666/666 668/668/668
f 1585/1585/1585 1584/1584/1584 1588/1588/1588
f 1286/1286/1286 1287/1287/1287 1284/1284/1284
f 1276/1276/1276 1281/1281/1281 1277/1277/1277
f 1281/1281/1281 1282/1282/1282 1277/1277/1277
f 308/308/308 288/288/288 309/309/309
f 1085/1085/1085 1079/1079/1079 1081/1081/1081
f 1079/1079/1079 1084/1084/1084 1080/1080/1080
f 310/310/310 308/308/308 311/311/311
f 317/317/317 325/325/325 332/332/332
f 643/643/643 654/654/654 646/646/646
f 1031/1031/1031 1033/1033/1033 1036/1036/1036
f 1267/1267/1267 1268/1268/1268 1265/1265/1265
f 1268/1268/1268 1269/1269/1269 1265/1265/1265
f 1629/1629/1629 1632/1632/1632 1630/1630/1630
f 1410/1410/1410 1409/1409/1409 1405/1405/1405
f 978/978/978 977/977/977 976/976/976
f 690/690/690 675/675/675 676/676/676
f 1402/1402/1402 1400/1400/1400 1412/1412/1412
f 675/675/675 669/669/669 674/674/674
f 880/880/880 849/849/849 847/847/847
f 290/290/290 293/293/293 303/303/303
f 1585/1585/1585 1582/1582/1582 1584/1584/1584
f 288/288/288 307/307/307 309/309/309
f 1079/1079/1079 1080/1080/1080 1081/1081/1081
f 317/317/317 332/332/332 334/334/334
f 310/310/310 311/311/311 284/284/284
f 17/17/17 19/19/19 25/25/25
f 19/19/19 22/22/22 25/25/25
f 654/654/654 655/655/655 646/646/646
f 1204/1204/1204 1168/1168/1168 1167/1167/1167
f 707/707/707 718/718/718 719/719/719
f 707/707/707 717/717/717 718/718/718
f 691/691/691 718/718/718 717/717/717
f 936/936/936 912/912/912 933/933/933
f 912/912/912 932/932/932 933/933/933
f 932/932/932 912/912/912 922/922/922
f 1409/1409/1409 1403/1403/1403 1405/1405/1405
f 923/923/923 922/922/922 911/911/911
f 988/988/988 980/980/980 990/990/990
f 1333/1333/1333 1332/1332/1332 1320/1320/1320
f 293/293/293 304/304/304 303/303/303
f 1284/1284/1284 1287/1287/1287 1291/1291/1291
f 1101/1101/1101 1099/1099/1099 1102/1102/1102
f 1534/1534/1534 1546/1546/1546 1542/1542/1542
f 334/334/334 332/332/332 333/333/333
f 50/50/50 70/70/70 47/47/47
f 466/466/466 460/460/460 471/471/471
f 941/941/941 905/905/905 935/935/935
f 935/935/935 905/905/905 933/933/933
f 487/487/487 490/490/490 488/488/488
f 691/691/691 690/690/690 676/676/676
f 1192/1192/1192 1193/1193/1193 1190/1190/1190
f 879/879/879 876/876/876 857/857/857
f 876/876/876 855/855/855 857/857/857
f 530/530/530 531/531/531 532/532/532
f 669/669/669 667/667/667 699/699/699
f 520/520/520 525/525/525 524/524/524
f 1317/1317/1317 1332/1332/1332 1331/1331/1331
f 1320/1320/1320 1332/1332/1332 1317/1317/1317
f 290/290/290 303/303/303 307/307/307
f 309/309/309 307/307/307 306/306/306
f 311/311/311 308/308/308 309/309/309
f 466/466/466 471/471/471 475/475/475
f 1630/1630/1630 1632/1632/1632 1643/1643/1643
f 1632/1632/1632 1644/1644/1644 1643/1643/1643
f 875/875/875 879/879/879 857/857/857
f 669/669/669 699/699/699 674/674/674
f 304/304/304 293/293/293 314/314/314
f 1584/1584/1584 1582/1582/1582 1573/1573/1573
f 1099/1099/1099 1104/1104/1104 1102/1102/1102
f 1276/1276/1276 1277/1277/1277 1278/1278/1278
f 544/544/544 540/540/540 539/539/539
f 1081/1081/1081 1080/1080/1080 1082/1082/1082
f 385/385/385 384/384/384 387/387/387
f 96/96/96 95/95/95 94/94/94
f 461/461/461 473/473/473 471/471/471
f 718/718/718 691/691/691 705/705/705
f 487/487/487 488/488/488 489/489/489
f 1003/1003/1003 1002/1002/1002 996/996/996
f 1631/1631/1631 1630/1630/1630 1633/1633/1633
f 1190/1190/1190 1191/1191/1191 1182/1182/1182
f 855/855/855 847/847/847 846/846/846
f 849/849/849 874/874/874 851/851/851
f 520/520/520 524/524/524 521/521/521
f 520/520/520 521/521/521 522/522/522
f 533/533/533 531/531/531 553/553/553
f 1660/1660/1660 1663/1663/1663 1661/1661/1661
f 1099/1099/1099 1081/1081/1081 1103/1103/1103
f 309/309/309 306/306/306 311/311/311
f 1081/1081/1081 1082/1082/1082 1083/1083/1083
f 284/284/284 311/311/311 278/278/278
f 64/64/64 50/50/50 60/60/60
f 50/50/50 47/47/47 49/49/49
f 47/47/47 53/53/53 48/48/48
f 1172/1172/1172 1171/1171/1171 1174/1174/1174
f 719/719/719 718/718/718 720/720/720
f 1272/1272/1272 1267/1267/1267 1264/1264/1264
f 931/931/931 933/933/933 932/932/932
f 1002/1002/1002 998/998/998 996/996/996
f 1191/1191/1191 1200/1200/1200 1182/1182/1182
f 1002/1002/1002 1001/1001/1001 998/998/998
f 1192/1192/1192 1190/1190/1190 1184/1184/1184
f 857/857/857 855/855/855 856/856/856
f 855/855/855 846/846/846 856/856/856
f 846/846/846 847/847/847 848/848/848
f 847/847/847 849/849/849 848/848/848
f 849/849/849 851/851/851 850/850/850
f 874/874/874 866/866/866 851/851/851
f 608/608/608 609/609/609 610/610/610
f 304/304/304 314/314/314 312/312/312
f 1317/1317/1317 1331/1331/1331 1315/1315/1315
f 306/306/306 303/303/303 304/304/304
f 1660/1660/1660 1661/1661/1661 1662/1662/1662
f 1582/1582/1582 1581/1581/1581 1573/1573/1573
f 1534/1534/1534 1542/1542/1542 1533/1533/1533
f 1542/1542/1542 1543/1543/1543 1533/1533/1533
f 1276/1276/1276 1278/1278/1278 1279/1279/1279
f 1103/1103/1103 1081/1081/1081 1083/1083/1083
f 331/331/331 332/332/332 327/327/327
f 284/284/284 276/276/276 270/270/270
f 276/276/276 284/284/284 278/278/278
f 47/47/47 48/48/48 49/49/49
f 1171/1171/1171 1172/1172/1172 1163/1163/1163
f 1167/1167/1167 1168/1168/1168 1163/1163/1163
f 1630/1630/1630 1643/1643/1643 1633/1633/1633
f 875/875/875 857/857/857 858/858/858
f 849/849/849 850/850/850 848/848/848
f 522/522/522 521/521/521 523/523/523
f 533/533/533 553/553/553 535/535/535
f 1528/1528/1528 1534/1534/1534 1533/1533/1533
f 1316/1316/1316 1320/1320/1320 1317/1317/1317
f 312/312/312 306/306/306 304/304/304
f 1278/1278/1278 1284/1284/1284 1285/1285/1285
f 1661/1661/1661 1663/1663/1663 1668/1668/1668
f 1099/1099/1099 1103/1103/1103 1104/1104/1104
f 1082/1082/1082 1080/1080/1080 1108/1108/1108
f 50/50/50 49/49/49 57/57/57
f 720/720/720 718/718/718 721/721/721
f 489/489/489 488/488/488 491/491/491
f 932/932/932 922/922/922 919/919/919
f 1184/1184/1184 1190/1190/1190 1182/1182/1182
f 2049/2049/2049 2050/2050/2050 2051/2051/2051
f 675/675/675 674/674/674 670/670/670
f 856/856/856 846/846/846 867/867/867
f 782/782/782 761/761/761 766/766/766
f 535/535/535 553/553/553 550/550/550
f 306/306/306 312/312/312 277/277/277
f 311/311/311 306/306/306 273/273/273
f 60/60/60 50/50/50 57/57/57
f 53/53/53 69/69/69 54/54/54
f 720/720/720 721/721/721 722/722/722
f 1172/1172/1172 1174/1174/1174 1180/1180/1180
f 705/705/705 691/691/691 689/689/689
f 1720/1720/1720 1716/1716/1716 1721/1721/1721
f 996/996/996 998/998/998 995/995/995
f 998/998/998 1001/1001/1001 997/997/997
f 1184/1184/1184 1182/1182/1182 1181/1181/1181
f 676/676/676 675/675/675 670/670/670
f 2035/2035/2035 2031/2031/2031 2036/2036/2036
f 2020/2020/2020 1996/1996/1996 1999/1999/1999
f 2020/2020/2020 2000/2000/2000 1996/1996/1996
f 2036/2036/2036 2031/2031/2031 2033/2033/2033
f 867/867/867 846/846/846 848/848/848
f 1996/1996/1996 2000/2000/2000 1994/1994/1994
f 2000/2000/2000 1966/1966/1966 1994/1994/1994
f 1661/1661/1661 1668/1668/1668 1664/1664/1664
f 1533/1533/1533 1543/1543/1543 1551/1551/1551
f 306/306/306 277/277/277 273/273/273
f 1103/1103/1103 1083/1083/1083 1105/1105/1105
f 311/311/311 273/273/273 278/278/278
f 392/392/392 385/385/385 388/388/388
f 385/385/385 387/387/387 388/388/388
f 60/60/60 57/57/57 61/61/61
f 48/48/48 53/53/53 52/52/52
f 721/721/721 705/705/705 689/689/689
f 935/935/935 931/931/931 934/934/934
f 689/689/689 691/691/691 676/676/676
f 1262/1262/1262 1264/1264/1264 1263/1263/1263
f 1264/1264/1264 1265/1265/1265 1263/1263/1263
f 931/931/931 932/932/932 927/927/927
f 1631/1631/1631 1633/1633/1633 1634/1634/1634
f 998/998/998 997/997/997 995/995/995
f 1633/1633/1633 1643/1643/1643 1640/1640/1640
f 1182/1182/1182 1200/1200/1200 1199/1199/1199
f 857/857/857 856/856/856 858/858/858
f 2007/2007/2007 2010/2010/2010 2020/2020/2020
f 2034/2034/2034 2031/2031/2031 2035/2035/2035
f 2034/2034/2034 2029/2029/2029 2031/2031/2031
f 2029/2029/2029 2032/2032/2032 2030/2030/2030
f 2013/2013/2013 2001/2001/2001 2012/2012/2012
f 2029/2029/2029 2030/2030/2030 2031/2031/2031
f 856/856/856 867/867/867 869/869/869
f 2004/2004/2004 2020/2020/2020 1999/1999/1999
f 802/802/802 824/824/824 813/813/813
f 1999/1999/1999 1996/1996/1996 1997/1997/1997
f 1994/1994/1994 1966/1966/1966 1993/1993/1993
f 550/550/550 537/537/537 535/535/535
f 1316/1316/1316 1315/1315/1315 1318/1318/1318
f 1662/1662/1662 1664/1664/1664 1665/1665/1665
f 1662/1662/1662 1661/1661/1661 1664/1664/1664
f 1279/1279/1279 1278/1278/1278 1280/1280/1280
f 1552/1552/1552 1543/1543/1543 1555/1555/1555
f 1083/1083/1083 1082/1082/1082 1106/1106/1106
f 1082/1082/1082 1108/1108/1108 1107/1107/1107
f 276/276/276 278/278/278 272/272/272
f 331/331/331 327/327/327 326/326/326
f 388/388/388 387/387/387 389/389/389
f 49/49/49 48/48/48 51/51/51
f 51/51/51 48/48/48 52/52/52
f 695/695/695 720/720/720 722/722/722
f 1163/1163/1163 1172/1172/1172 1164/1164/1164
f 1167/1167/1167 1163/1163/1163 1165/1165/1165
f 1172/1172/1172 1180/1180/1180 1175/1175/1175
f 1266/1266/1266 1264/1264/1264 1262/1262/1262
f 931/931/931 927/927/927 929/929/929
f 875/875/875 858/858/858 865/865/865
f 1185/1185/1185 1184/1184/1184 1181/1181/1181
f 858/858/858 856/856/856 859/859/859
f 2006/2006/2006 2007/2007/2007 2004/2004/2004
f 2012/2012/2012 2001/2001/2001 1965/1965/1965
f 2005/2005/2005 2004/2004/2004 2003/2003/2003
f 2012/2012/2012 1965/1965/1965 1966/1966/1966
f 1971/1971/1971 1969/1969/1969 1970/1970/1970
f 2003/2003/2003 1999/1999/1999 2002/2002/2002
f 1999/1999/1999 1997/1997/1997 2002/2002/2002
f 1993/1993/1993 1966/1966/1966 1992/1992/1992
f 850/850/850 851/851/851 853/853/853
f 699/699/699 700/700/700 693/693/693
f 1551/1551/1551 1543/1543/1543 1552/1552/1552
f 278/278/278 273/273/273 272/272/272
f 1083/1083/1083 1106/1106/1106 1105/1105/1105
f 1106/1106/1106 1082/1082/1082 1107/1107/1107
f 1108/1108/1108 1109/1109/1109 1107/1107/1107
f 53/53/53 54/54/54 52/52/52
f 934/934/934 931/931/931 929/929/929
f 689/689/689 676/676/676 687/687/687
f 687/687/687 676/676/676 677/677/677
f 927/927/927 919/919/919 921/921/921
f 997/997/997 994/994/994 995/995/995
f 994/994/994 997/997/997 1000/1000/1000
f 2008/2008/2008 2010/2010/2010 2007/2007/2007
f 2039/2039/2039 2038/2038/2038 2042/2042/2042
f 859/859/859 856/856/856 869/869/869
f 2017/2017/2017 2015/2015/2015 2016/2016/2016
f 2001/2001/2001 1967/1967/1967 1965/1965/1965
f 1965/1965/1965 1967/1967/1967 1963/1963/1963
f 1968/1968/1968 1970/1970/1970 1969/1969/1969
f 2015/2015/2015 2005/2005/2005 2014/2014/2014
f 2014/2014/2014 2005/2005/2005 2003/2003/2003
f 1965/1965/1965 1964/1964/1964 1966/1966/1966
f 2014/2014/2014 2003/2003/2003 2009/2009/2009
f 2018/2018/2018 2014/2014/2014 2009/2009/2009
f 2003/2003/2003 2002/2002/2002 2009/2009/2009
f 1966/1966/1966 1964/1964/1964 1992/1992/1992
f 1997/1997/1997 1996/1996/1996 1995/1995/1995
f 1996/1996/1996 1994/1994/1994 1995/1995/1995
f 1995/1995/1995 1994/1994/1994 1993/1993/1993
f 851/851/851 866/866/866 853/853/853
f 270/270/270 276/276/276 272/272/272
f 49/49/49 51/51/51 58/58/58
f 51/51/51 52/52/52 56/56/56
f 695/695/695 722/722/722 689/689/689
f 927/927/927 928/928/928 929/929/929
f 999/999/999 996/996/996 991/991/991
f 996/996/996 995/995/995 991/991/991
f 1182/1182/1182 1199/1199/1199 1188/1188/1188
f 2007/2007/2007 2006/2006/2006 2008/2008/2008
f 2038/2038/2038 2043/2043/2043 2042/2042/2042
f 1967/1967/1967 1968/1968/1968 1963/1963/1963
f 1963/1963/1963 1968/1968/1968 1969/1969/1969
f 869/869/869 867/867/867 878/878/878
f 1965/1965/1965 1963/1963/1963 1964/1964/1964
f 1436/1436/1436 1431/1431/1431 1434/1434/1434
f 867/867/867 848/848/848 878/878/878
f 1424/1424/1424 1423/1423/1423 1420/1420/1420
f 1423/1423/1423 1419/1419/1419 1420/1420/1420
f 1419/1419/1419 1421/1421/1421 1416/1416/1416
f 674/674/674 699/699/699 671/671/671
f 1575/1575/1575 1569/1569/1569 1574/1574/1574
f 1691/1691/1691 1692/1692/1692 1689/1689/1689
f 1372/1372/1372 1373/1373/1373 1390/1390/1390
f 270/270/270 272/272/272 269/269/269
f 60/60/60 61/61/61 74/74/74
f 51/51/51 59/59/59 58/58/58
f 59/59/59 51/51/51 56/56/56
f 52/52/52 54/54/54 55/55/55
f 1164/1164/1164 1172/1172/1172 1175/1175/1175
f 1769/1769/1769 1768/1768/1768 1765/1765/1765
f 1768/1768/1768 1766/1766/1766 1765/1765/1765
f 1633/1633/1633 1640/1640/1640 1642/1642/1642
f 1183/1183/1183 1182/1182/1182 1188/1188/1188
f 1181/1181/1181 1182/1182/1182 1183/1183/1183
f 2040/2040/2040 2041/2041/2041 2038/2038/2038
f 859/859/859 869/869/869 861/861/861
f 1991/1991/1991 1972/1972/1972 1968/1968/1968
f 1778/1778/1778 1776/1776/1776 1777/1777/1777
f 869/869/869 877/877/877 861/861/861
f 869/869/869 878/878/878 877/877/877
f 1434/1434/1434 1431/1431/1431 1430/1430/1430
f 1963/1963/1963 1962/1962/1962 1964/1964/1964
f 1963/1963/1963 1951/1951/1951 1962/1962/1962
f 878/878/878 848/848/848 852/852/852
f 1992/1992/1992 1964/1964/1964 2019/2019/2019
f 848/848/848 850/850/850 852/852/852
f 1993/1993/1993 1992/1992/1992 1998/1998/1998
f 699/699/699 693/693/693 671/671/671
f 853/853/853 866/866/866 868/868/868
f 1211/1211/1211 1214/1214/1214 1212/1212/1212
f 1316/1316/1316 1318/1318/1318 1319/1319/1319
f 567/567/567 537/537/537 566/566/566
f 1322/1322/1322 1316/1316/1316 1319/1319/1319
f 537/537/537 547/547/547 566/566/566
f 1665/1665/1665 1664/1664/1664 1666/1666/1666
f 1666/1666/1666 1664/1664/1664 1669/1669/1669
f 1664/1664/1664 1668/1668/1668 1669/1669/1669
f 277/277/277 312/312/312 275/275/275
f 1627/1627/1627 1628/1628/1628 1624/1624/1624
f 273/273/273 277/277/277 271/271/271
f 1668/1668/1668 1691/1691/1691 1689/1689/1689
f 538/538/538 549/549/549 552/552/552
f 272/272/272 273/273/273 267/267/267
f 270/270/270 269/269/269 262/262/262
f 49/49/49 58/58/58 57/57/57
f 52/52/52 55/55/55 56/56/56
f 1165/1165/1165 1163/1163/1163 1162/1162/1162
f 995/995/995 994/994/994 991/991/991
f 1984/1984/1984 1983/1983/1983 1985/1985/1985
f 1985/1985/1985 1983/1983/1983 1991/1991/1991
f 2041/2041/2041 2045/2045/2045 2038/2038/2038
f 2038/2038/2038 2045/2045/2045 2044/2044/2044
f 1991/1991/1991 1974/1974/1974 1972/1972/1972
f 1974/1974/1974 1973/1973/1973 1972/1972/1972
f 1973/1973/1973 1989/1989/1989 1990/1990/1990
f 1431/1431/1431 1433/1433/1433 1432/1432/1432
f 1430/1430/1430 1431/1431/1431 1432/1432/1432
f 1951/1951/1951 1952/1952/1952 1953/1953/1953
f 1962/1962/1962 1951/1951/1951 1954/1954/1954
f 1951/1951/1951 1953/1953/1953 1954/1954/1954
f 2026/2026/2026 2027/2027/2027 2028/2028/2028
f 1964/1964/1964 1962/1962/1962 2019/2019/2019
f 2019/2019/2019 1962/1962/1962 1958/1958/1958
f 1428/1428/1428 1425/1425/1425 1427/1427/1427
f 1425/1425/1425 1424/1424/1424 1420/1420/1420
f 1420/1420/1420 1419/1419/1419 1418/1418/1418
f 1419/1419/1419 1416/1416/1416 1418/1418/1418
f 1992/1992/1992 2019/2019/2019 1998/1998/1998
f 1958/1958/1958 1962/1962/1962 1954/1954/1954
f 1954/1954/1954 1953/1953/1953 1955/1955/1955
f 670/670/670 674/674/674 671/671/671
f 1361/1361/1361 1364/1364/1364 1357/1357/1357
f 1416/1416/1416 1421/1421/1421 1417/1417/1417
f 850/850/850 853/853/853 852/852/852
f 1665/1665/1665 1666/1666/1666 1667/1667/1667
f 271/271/271 277/277/277 275/275/275
f 1627/1627/1627 1624/1624/1624 1623/1623/1623
f 1668/1668/1668 1689/1689/1689 1669/1669/1669
f 1373/1373/1373 1384/1384/1384 1390/1390/1390
f 267/267/267 273/273/273 271/271/271
f 272/272/272 267/267/267 269/269/269
f 331/331/331 326/326/326 340/340/340
f 1262/1262/1262 1263/1263/1263 1257/1257/1257
f 1984/1984/1984 1982/1982/1982 1983/1983/1983
f 2021/2021/2021 1988/1988/1988 1985/1985/1985
f 1988/1988/1988 1984/1984/1984 1985/1985/1985
f 2021/2021/2021 1985/1985/1985 2022/2022/2022
f 677/677/677 676/676/676 670/670/670
f 1185/1185/1185 1181/1181/1181 1183/1183/1183
f 865/865/865 858/858/858 860/860/860
f 2022/2022/2022 1985/1985/1985 2023/2023/2023
f 2022/2022/2022 2023/2023/2023 2024/2024/2024
f 1991/1991/1991 1976/1976/1976 1974/1974/1974
f 1976/1976/1976 1975/1975/1975 1974/1974/1974
f 878/878/878 852/852/852 877/877/877
f 1427/1427/1427 1425/1425/1425 1420/1420/1420
f 1357/1357/1357 1358/1358/1358 1359/1359/1359
f 1416/1416/1416 1417/1417/1417 1418/1418/1418
f 1417/1417/1417 1421/1421/1421 1422/1422/1422
f 1954/1954/1954 1956/1956/1956 1958/1958/1958
f 1955/1955/1955 1953/1953/1953 1957/1957/1957
f 1357/1357/1357 1359/1359/1359 1360/1360/1360
f 1954/1954/1954 1955/1955/1955 1956/1956/1956
f 1956/1956/1956 1955/1955/1955 1961/1961/1961
f 1955/1955/1955 1957/1957/1957 1959/1959/1959
f 1959/1959/1959 1957/1957/1957 1960/1960/1960
f 1361/1361/1361 1357/1357/1357 1360/1360/1360
f 1361/1361/1361 1360/1360/1360 1362/1362/1362
f 1955/1955/1955 1959/1959/1959 1961/1961/1961
f 74/74/74 61/61/61 68/68/68
f 59/59/59 56/56/56 62/62/62
f 1163/1163/1163 1160/1160/1160 1162/1162/1162
f 1163/1163/1163 1164/1164/1164 1160/1160/1160
f 1164/1164/1164 1175/1175/1175 1173/1173/1173
f 934/934/934 929/929/929 937/937/937
f 1175/1175/1175 1178/1178/1178 1173/1173/1173
f 1266/1266/1266 1262/1262/1262 1261/1261/1261
f 1262/1262/1262 1257/1257/1257 1261/1261/1261
f 928/928/928 930/930/930 929/929/929
f 999/999/999 991/991/991 993/993/993
f 999/999/999 993/993/993 1004/1004/1004
f 991/991/991 994/994/994 992/992/992
f 1982/1982/1982 1978/1978/1978 1983/1983/1983
f 1982/1982/1982 1980/1980/1980 1978/1978/1978
f 677/677/677 670/670/670 673/673/673
f 1983/1983/1983 1978/1978/1978 1991/1991/1991
f 1991/1991/1991 1978/1978/1978 1976/1976/1976
f 1976/1976/1976 1978/1978/1978 1977/1977/1977
f 1977/1977/1977 1986/1986/1986 1975/1975/1975
f 1986/1986/1986 1987/1987/1987 1975/1975/1975
f 1977/1977/1977 1975/1975/1975 1976/1976/1976
f 1975/1975/1975 1987/1987/1987 1989/1989/1989
f 861/861/861 877/877/877 863/863/863
f 877/877/877 852/852/852 863/863/863
f 1420/1420/1420 1418/1418/1418 1426/1426/1426
f 1359/1359/1359 1358/1358/1358 1363/1363/1363
f 852/852/852 853/853/853 854/854/854
f 1365/1365/1365 1362/1362/1362 1360/1360/1360
f 1213/1213/1213 1216/1216/1216 1209/1209/1209
f 1533/1533/1533 1551/1551/1551 1553/1553/1553
f 1445/1445/1445 1444/1444/1444 1443/1443/1443
f 1551/1551/1551 1552/1552/1552 1554/1554/1554
f 1713/1713/1713 1714/1714/1714 1698/1698/1698
f 269/269/269 267/267/267 266/266/266
f 61/61/61 57/57/57 68/68/68
f 57/57/57 65/65/65 68/68/68
f 57/57/57 58/58/58 65/65/65
f 56/56/56 55/55/55 62/62/62
f 62/62/62 55/55/55 63/63/63
f 709/709/709 695/695/695 694/694/694
f 994/994/994 1000/1000/1000 992/992/992
f 992/992/992 1000/1000/1000 1005/1005/1005
f 687/687/687 677/677/677 678/678/678
f 1640/1640/1640 1641/1641/1641 1642/1642/1642
f 1980/1980/1980 1979/1979/1979 1978/1978/1978
f 677/677/677 673/673/673 678/678/678
f 1185/1185/1185 1183/1183/1183 1186/1186/1186
f 1183/1183/1183 1187/1187/1187 1186/1186/1186
f 858/858/858 859/859/859 860/860/860
f 670/670/670 671/671/671 672/672/672
f 1426/1426/1426 1418/1418/1418 1417/1417/1417
f 1921/1921/1921 1928/1928/1928 1924/1924/1924
f 1925/1925/1925 1923/1923/1923 1924/1924/1924
f 1899/1899/1899 1911/1911/1911 1900/1900/1900
f 1797/1797/1797 1798/1798/1798 1799/1799/1799
f 854/854/854 853/853/853 868/868/868
f 1319/1319/1319 1318/1318/1318 1321/1321/1321
f 268/268/268 271/271/271 274/274/274
f 1692/1692/1692 1690/1690/1690 1689/1689/1689
f 1692/1692/1692 1693/1693/1693 1690/1690/1690
f 1690/1690/1690 1693/1693/1693 1694/1694/1694
f 1693/1693/1693 1713/1713/1713 1694/1694/1694
f 262/262/262 269/269/269 266/266/266
f 326/326/326 327/327/327 328/328/328
f 259/259/259 270/270/270 262/262/262
f 66/66/66 58/58/58 59/59/59
f 695/695/695 689/689/689 688/688/688
f 1160/1160/1160 1164/1164/1164 1173/1173/1173
f 687/687/687 678/678/678 685/685/685
f 991/991/991 992/992/992 993/993/993
f 1183/1183/1183 1188/1188/1188 1187/1187/1187
f 1980/1980/1980 1981/1981/1981 1979/1979/1979
f 1792/1792/1792 1794/1794/1794 1789/1789/1789
f 859/859/859 861/861/861 860/860/860
f 1936/1936/1936 1938/1938/1938 1934/1934/1934
f 673/673/673 670/670/670 672/672/672
f 807/807/807 825/825/825 787/787/787
f 671/671/671 693/693/693 683/683/683
f 1443/1443/1443 1444/1444/1444 1442/1442/1442
f 1667/1667/1667 1666/1666/1666 1671/1671/1671
f 1553/1553/1553 1551/1551/1551 1554/1554/1554
f 1713/1713/1713 1698/1698/1698 1694/1694/1694
f 65/65/65 58/58/58 67/67/67
f 58/58/58 66/66/66 67/67/67
f 695/695/695 688/688/688 694/694/694
f 928/928/928 921/921/921 930/930/930
f 1765/1765/1765 1766/1766/1766 1755/1755/1755
f 1765/1765/1765 1755/1755/1755 1756/1756/1756
f 1766/1766/1766 1767/1767/1767 1755/1755/1755
f 992/992/992 1005/1005/1005 1006/1006/1006
f 865/865/865 860/860/860 872/872/872
f 678/678/678 673/673/673 672/672/672
f 1792/1792/1792 1789/1789/1789 1788/1788/1788
f 1788/1788/1788 1789/1789/1789 1790/1790/1790
f 1857/1857/1857 1858/1858/1858 1859/1859/1859
f 1858/1858/1858 1860/1860/1860 1859/1859/1859
f 1654/1654/1654 1653/1653/1653 1655/1655/1655
f 1854/1854/1854 1855/1855/1855 1856/1856/1856
f 863/863/863 852/852/852 854/854/854
f 1666/1666/1666 1669/1669/1669 1671/1671/1671
f 271/271/271 268/268/268 267/267/267
f 1698/1698/1698 1714/1714/1714 1696/1696/1696
f 1166/1166/1166 1196/1196/1196 1162/1162/1162
f 688/688/688 687/687/687 685/685/685
f 993/993/993 992/992/992 1007/1007/1007
f 992/992/992 1006/1006/1006 1007/1007/1007
f 1732/1732/1732 1737/1737/1737 1733/1733/1733
f 1793/1793/1793 1791/1791/1791 1790/1790/1790
f 1805/1805/1805 1807/1807/1807 1806/1806/1806
f 1619/1619/1619 1620/1620/1620 1616/1616/1616
f 1800/1800/1800 1801/1801/1801 1802/1802/1802
f 1943/1943/1943 1949/1949/1949 1941/1941/1941
f 861/861/861 863/863/863 862/862/862
f 672/672/672 671/671/671 683/683/683
f 863/863/863 854/854/854 864/864/864
f 854/854/854 868/868/868 871/871/871
f 1319/1319/1319 1321/1321/1321 1323/1323/1323
f 1670/1670/1670 1667/1667/1667 1671/1671/1671
f 1325/1325/1325 1319/1319/1319 1323/1323/1323
f 1623/1623/1623 1624/1624/1624 1625/1625/1625
f 1669/1669/1669 1689/1689/1689 1684/1684/1684
f 389/389/389 390/390/390 388/388/388
f 59/59/59 62/62/62 66/66/66
f 1261/1261/1261 1257/1257/1257 1247/1247/1247
f 930/930/930 921/921/921 938/938/938
f 1004/1004/1004 993/993/993 1008/1008/1008
f 993/993/993 1007/1007/1007 1008/1008/1008
f 1456/1456/1456 1455/1455/1455 1453/1453/1453
f 1788/1788/1788 1790/1790/1790 1791/1791/1791
f 860/860/860 861/861/861 862/862/862
f 1621/1621/1621 1619/1619/1619 1612/1612/1612
f 1619/1619/1619 1616/1616/1616 1612/1612/1612
f 1612/1612/1612 1616/1616/1616 1613/1613/1613
f 1616/1616/1616 1617/1617/1617 1613/1613/1613
f 1613/1613/1613 1617/1617/1617 1618/1618/1618
f 1941/1941/1941 1947/1947/1947 1946/1946/1946
f 1618/1618/1618 1617/1617/1617 1615/1615/1615
f 680/680/680 672/672/672 683/683/683
f 854/854/854 871/871/871 864/864/864
f 1671/1671/1671 1669/1669/1669 1680/1680/1680
f 267/267/267 268/268/268 263/263/263
f 1689/1689/1689 1690/1690/1690 1684/1684/1684
f 577/577/577 569/569/569 579/579/579
f 340/340/340 326/326/326 329/329/329
f 66/66/66 62/62/62 71/71/71
f 1162/1162/1162 1159/1159/1159 1166/1166/1166
f 930/930/930 938/938/938 939/939/939
f 1257/1257/1257 1250/1250/1250 1247/1247/1247
f 921/921/921 925/925/925 938/938/938
f 1767/1767/1767 1760/1760/1760 1755/1755/1755
f 872/872/872 860/860/860 862/862/862
f 1734/1734/1734 1736/1736/1736 1731/1731/1731
f 1618/1618/1618 1615/1615/1615 1613/1613/1613
f 862/862/862 863/863/863 864/864/864
f 1438/1438/1438 1443/1443/1443 1442/1442/1442
f 1669/1669/1669 1684/1684/1684 1680/1680/1680
f 1553/1553/1553 1554/1554/1554 1556/1556/1556
f 1690/1690/1690 1694/1694/1694 1695/1695/1695
f 1695/1695/1695 1694/1694/1694 1698/1698/1698
f 253/253/253 266/266/266 263/263/263
f 266/266/266 267/267/267 263/263/263
f 340/340/340 329/329/329 335/335/335
f 75/75/75 68/68/68 73/73/73
f 1178/1178/1178 1179/1179/1179 1173/1173/1173
f 1753/1753/1753 1755/1755/1755 1760/1760/1760
f 1453/1453/1453 1455/1455/1455 1454/1454/1454
f 1612/1612/1612 1613/1613/1613 1614/1614/1614
f 1613/1613/1613 1615/1615/1615 1614/1614/1614
f 680/680/680 683/683/683 706/706/706
f 1439/1439/1439 1438/1438/1438 1442/1442/1442
f 1845/1845/1845 1832/1832/1832 1848/1848/1848
f 1323/1323/1323 1321/1321/1321 1327/1327/1327
f 1670/1670/1670 1671/1671/1671 1672/1672/1672
f 945/945/945 944/944/944 953/953/953
f 262/262/262 266/266/266 253/253/253
f 508/508/508 509/509/509 507/507/507
f 68/68/68 65/65/65 73/73/73
f 62/62/62 63/63/63 72/72/72
f 1344/1344/1344 1349/1349/1349 1350/1350/1350
f 1159/1159/1159 1160/1160/1160 1161/1161/1161
f 1160/1160/1160 1173/1173/1173 1161/1161/1161
f 688/688/688 685/685/685 686/686/686
f 1250/1250/1250 1260/1260/1260 1251/1251/1251
f 1507/1507/1507 1503/1503/1503 1500/1500/1500
f 1008/1008/1008 1007/1007/1007 1009/1009/1009
f 1756/1756/1756 1755/1755/1755 1752/1752/1752
f 1007/1007/1007 1010/1010/1010 1009/1009/1009
f 1010/1010/1010 1007/1007/1007 1006/1006/1006
f 678/678/678 672/672/672 679/679/679
f 1752/1752/1752 1755/1755/1755 1753/1753/1753
f 872/872/872 862/862/862 870/870/870
f 1453/1453/1453 1454/1454/1454 1450/1450/1450
f 1453/1453/1453 1450/1450/1450 1449/1449/1449
f 1845/1845/1845 1830/1830/1830 1832/1832/1832
f 1446/1446/1446 1439/1439/1439 1442/1442/1442
f 1672/1672/1672 1671/1671/1671 1680/1680/1680
f 1684/1684/1684 1690/1690/1690 1708/1708/1708
f 1690/1690/1690 1695/1695/1695 1708/1708/1708
f 329/329/329 326/326/326 328/328/328
f 84/84/84 75/75/75 79/79/79
f 73/73/73 65/65/65 76/76/76
f 66/66/66 71/71/71 67/67/67
f 62/62/62 72/72/72 71/71/71
f 692/692/692 694/694/694 688/688/688
f 1166/1166/1166 1159/1159/1159 1169/1169/1169
f 1010/1010/1010 1006/1006/1006 1012/1012/1012
f 1006/1006/1006 1005/1005/1005 1012/1012/1012
f 1005/1005/1005 1013/1013/1013 1012/1012/1012
f 706/706/706 683/683/683 703/703/703
f 1843/1843/1843 1844/1844/1844 1845/1845/1845
f 1207/1207/1207 1219/1219/1219 1208/1208/1208
f 1673/1673/1673 1670/1670/1670 1672/1672/1672
f 1556/1556/1556 1554/1554/1554 1560/1560/1560
f 263/263/263 268/268/268 261/261/261
f 263/263/263 255/255/255 249/249/249
f 253/253/253 263/263/263 249/249/249
f 262/262/262 252/252/252 259/259/259
f 76/76/76 65/65/65 67/67/67
f 1173/1173/1173 1179/1179/1179 1161/1161/1161
f 1247/1247/1247 1250/1250/1250 1245/1245/1245
f 1250/1250/1250 1251/1251/1251 1245/1245/1245
f 1507/1507/1507 1500/1500/1500 1510/1510/1510
f 1259/1259/1259 1251/1251/1251 1260/1260/1260
f 1009/1009/1009 1010/1010/1010 1011/1011/1011
f 1454/1454/1454 1460/1460/1460 1450/1450/1450
f 1450/1450/1450 1460/1460/1460 1459/1459/1459
f 1753/1753/1753 1760/1760/1760 1759/1759/1759
f 1449/1449/1449 1450/1450/1450 1451/1451/1451
f 862/862/862 864/864/864 870/870/870
f 870/870/870 864/864/864 873/873/873
f 680/680/680 706/706/706 684/684/684
f 706/706/706 703/703/703 684/684/684
f 1221/1221/1221 1219/1219/1219 1222/1222/1222
f 1844/1844/1844 1846/1846/1846 1845/1845/1845
f 1437/1437/1437 1438/1438/1438 1439/1439/1439
f 1846/1846/1846 1830/1830/1830 1845/1845/1845
f 1220/1220/1220 1207/1207/1207 1218/1218/1218
f 1218/1218/1218 1216/1216/1216 1256/1256/1256
f 263/263/263 261/261/261 255/255/255
f 253/253/253 249/249/249 252/252/252
f 262/262/262 253/253/253 252/252/252
f 75/75/75 73/73/73 79/79/79
f 1159/1159/1159 1161/1161/1161 1170/1170/1170
f 1169/1169/1169 1159/1159/1159 1170/1170/1170
f 939/939/939 938/938/938 940/940/940
f 1510/1510/1510 1500/1500/1500 1511/1511/1511
f 1463/1463/1463 1464/1464/1464 1460/1460/1460
f 1752/1752/1752 1753/1753/1753 1754/1754/1754
f 1010/1010/1010 1012/1012/1012 1014/1014/1014
f 679/679/679 672/672/672 680/680/680
f 1016/1016/1016 1012/1012/1012 1013/1013/1013
f 1451/1451/1451 1450/1450/1450 1452/1452/1452
f 1451/1451/1451 1452/1452/1452 1462/1462/1462
f 882/882/882 870/870/870 873/873/873
f 1223/1223/1223 1222/1222/1222 1219/1219/1219
f 1844/1844/1844 1847/1847/1847 1846/1846/1846
f 1223/1223/1223 1219/1219/1219 1207/1207/1207
f 769/769/769 758/758/758 763/763/763
f 1220/1220/1220 1223/1223/1223 1207/1207/1207
f 1846/1846/1846 1834/1834/1834 1830/1830/1830
f 1440/1440/1440 1439/1439/1439 1447/1447/1447
f 1437/1437/1437 1439/1439/1439 1440/1440/1440
f 1674/1674/1674 1672/1672/1672 1679/1679/1679
f 1220/1220/1220 1218/1218/1218 1254/1254/1254
f 572/572/572 575/575/575 589/589/589
f 1698/1698/1698 1696/1696/1696 1695/1695/1695
f 580/580/580 579/579/579 583/583/583
f 329/329/329 328/328/328 330/330/330
f 79/79/79 73/73/73 77/77/77
f 73/73/73 76/76/76 77/77/77
f 67/67/67 71/71/71 76/76/76
f 1249/1249/1249 1247/1247/1247 1246/1246/1246
f 1500/1500/1500 1497/1497/1497 1515/1515/1515
f 1015/1015/1015 1011/1011/1011 1014/1014/1014
f 1011/1011/1011 1010/1010/1010 1014/1014/1014
f 1754/1754/1754 1753/1753/1753 1757/1757/1757
f 1014/1014/1014 1012/1012/1012 1017/1017/1017
f 1759/1759/1759 1758/1758/1758 1753/1753/1753
f 1757/1757/1757 1753/1753/1753 1758/1758/1758
f 1226/1226/1226 1227/1227/1227 1225/1225/1225
f 1757/1757/1757 1758/1758/1758 1761/1761/1761
f 1757/1757/1757 1761/1761/1761 1762/1762/1762
f 1226/1226/1226 1225/1225/1225 1223/1223/1223
f 1225/1225/1225 1222/1222/1222 1223/1223/1223
f 1440/1440/1440 1441/1441/1441 1437/1437/1437
f 1448/1448/1448 1440/1440/1440 1447/1447/1447
f 1674/1674/1674 1679/1679/1679 1678/1678/1678
f 1254/1254/1254 1218/1218/1218 1255/1255/1255
f 1679/1679/1679 1680/1680/1680 1683/1683/1683
f 1218/1218/1218 1256/1256/1256 1255/1255/1255
f 1680/1680/1680 1684/1684/1684 1683/1683/1683
f 1708/1708/1708 1695/1695/1695 1697/1697/1697
f 1695/1695/1695 1696/1696/1696 1697/1697/1697
f 1696/1696/1696 1699/1699/1699 1697/1697/1697
f 335/335/335 329/329/329 330/330/330
f 76/76/76 71/71/71 78/78/78
f 71/71/71 72/72/72 78/78/78
f 78/78/78 72/72/72 80/80/80
f 686/686/686 685/685/685 679/679/679
f 1247/1247/1247 1245/1245/1245 1246/1246/1246
f 1251/1251/1251 1244/1244/1244 1245/1245/1245
f 1511/1511/1511 1500/1500/1500 1515/1515/1515
f 1259/1259/1259 1252/1252/1252 1251/1251/1251
f 1497/1497/1497 1493/1493/1493 1515/1515/1515
f 1252/1252/1252 1275/1275/1275 1226/1226/1226
f 1754/1754/1754 1757/1757/1757 1763/1763/1763
f 1457/1457/1457 1458/1458/1458 1452/1452/1452
f 1452/1452/1452 1458/1458/1458 1462/1462/1462
f 1763/1763/1763 1757/1757/1757 1762/1762/1762
f 1847/1847/1847 1812/1812/1812 1846/1846/1846
f 1812/1812/1812 1834/1834/1834 1846/1846/1846
f 1763/1763/1763 1762/1762/1762 1764/1764/1764
f 703/703/703 702/702/702 684/684/684
f 1684/1684/1684 1711/1711/1711 1683/1683/1683
f 255/255/255 261/261/261 257/257/257
f 1684/1684/1684 1708/1708/1708 1711/1711/1711
f 255/255/255 254/254/254 249/249/249
f 335/335/335 330/330/330 336/336/336
f 252/252/252 249/249/249 251/251/251
f 505/505/505 507/507/507 503/503/503
f 507/507/507 513/513/513 503/503/503
f 1514/1514/1514 1510/1510/1510 1513/1513/1513
f 1170/1170/1170 1161/1161/1161 1176/1176/1176
f 685/685/685 678/678/678 679/679/679
f 1251/1251/1251 1252/1252/1252 1244/1244/1244
f 1864/1864/1864 1865/1865/1865 1866/1866/1866
f 1252/1252/1252 1226/1226/1226 1224/1224/1224
f 1224/1224/1224 1226/1226/1226 1223/1223/1223
f 1224/1224/1224 1223/1223/1223 1220/1220/1220
f 949/949/949 948/948/948 943/943/943
f 947/947/947 946/946/946 943/943/943
f 1708/1708/1708 1697/1697/1697 1701/1701/1701
f 249/249/249 254/254/254 250/250/250
f 249/249/249 250/250/250 251/251/251
f 258/258/258 252/252/252 256/256/256
f 81/81/81 76/76/76 78/78/78
f 83/83/83 78/78/78 80/80/80
f 692/692/692 688/688/688 686/686/686
f 708/708/708 692/692/692 686/686/686
f 1513/1513/1513 1510/1510/1510 1512/1512/1512
f 1467/1467/1467 1472/1472/1472 1466/1466/1466
f 1246/1246/1246 1245/1245/1245 1243/1243/1243
f 1464/1464/1464 1468/1468/1468 1469/1469/1469
f 1515/1515/1515 1493/1493/1493 1516/1516/1516
f 1493/1493/1493 1501/1501/1501 1516/1516/1516
f 783/783/783 784/784/784 785/785/785
f 1810/1810/1810 1811/1811/1811 1812/1812/1812
f 680/680/680 684/684/684 682/682/682
f 1224/1224/1224 1220/1220/1220 1254/1254/1254
f 1679/1679/1679 1683/1683/1683 1685/1685/1685
f 1828/1828/1828 1831/1831/1831 1833/1833/1833
f 1256/1256/1256 1258/1258/1258 1255/1255/1255
f 255/255/255 257/257/257 254/254/254
f 1711/1711/1711 1708/1708/1708 1701/1701/1701
f 1697/1697/1697 1699/1699/1699 1700/1700/1700
f 410/410/410 403/403/403 409/409/409
f 256/256/256 252/252/252 251/251/251
f 429/429/429 430/430/430 428/428/428
f 1510/1510/1510 1511/1511/1511 1512/1512/1512
f 1243/1243/1243 1245/1245/1245 1244/1244/1244
f 1511/1511/1511 1515/1515/1515 1512/1512/1512
f 1464/1464/1464 1466/1466/1466 1468/1468/1468
f 1677/1677/1677 1678/1678/1678 1681/1681/1681
f 684/684/684 702/702/702 701/701/701
f 684/684/684 701/701/701 682/682/682
f 1678/1678/1678 1686/1686/1686 1681/1681/1681
f 1678/1678/1678 1679/1679/1679 1685/1685/1685
f 589/589/589 575/575/575 593/593/593
f 592/592/592 593/593/593 575/575/575
f 1255/1255/1255 1258/1258/1258 1235/1235/1235
f 952/952/952 946/946/946 947/947/947
f 948/948/948 947/947/947 943/943/943
f 1701/1701/1701 1697/1697/1697 1700/1700/1700
f 77/77/77 76/76/76 81/81/81
f 81/81/81 78/78/78 82/82/82
f 78/78/78 83/83/83 82/82/82
f 1248/1248/1248 1246/1246/1246 1243/1243/1243
f 1505/1505/1505 1502/1502/1502 1506/1506/1506
f 250/250/250 254/254/254 260/260/260
f 513/513/513 512/512/512 503/503/503
f 708/708/708 686/686/686 715/715/715
f 748/748/748 774/774/774 772/772/772
f 1512/1512/1512 1516/1516/1516 1517/1517/1517
f 1518/1518/1518 1501/1501/1501 1505/1505/1505
f 1677/1677/1677 1681/1681/1681 1682/1682/1682
f 1254/1254/1254 1255/1255/1255 1239/1239/1239
f 955/955/955 951/951/951 948/948/948
f 1683/1683/1683 1701/1701/1701 1706/1706/1706
f 257/257/257 265/265/265 254/254/254
f 596/596/596 586/586/586 595/595/595
f 251/251/251 250/250/250 260/260/260
f 336/336/336 330/330/330 337/337/337
f 77/77/77 81/81/81 85/85/85
f 81/81/81 82/82/82 89/89/89
f 82/82/82 83/83/83 89/89/89
f 83/83/83 80/80/80 88/88/88
f 1466/1466/1466 1472/1472/1472 1473/1473/1473
f 1248/1248/1248 1243/1243/1243 1242/1242/1242
f 1244/1244/1244 1252/1252/1252 1253/1253/1253
f 1518/1518/1518 1505/1505/1505 1508/1508/1508
f 1252/1252/1252 1224/1224/1224 1253/1253/1253
f 1681/1681/1681 1686/1686/1686 1682/1682/1682
f 1224/1224/1224 1254/1254/1254 1239/1239/1239
f 1686/1686/1686 1678/1678/1678 1685/1685/1685
f 593/593/593 592/592/592 601/601/601
f 951/951/951 950/950/950 948/948/948
f 950/950/950 952/952/952 947/947/947
f 948/948/948 950/950/950 947/947/947
f 260/260/260 254/254/254 279/279/279
f 337/337/337 330/330/330 341/341/341
f 258/258/258 256/256/256 264/264/264
f 86/86/86 77/77/77 85/85/85
f 86/86/86 85/85/85 87/87/87
f 715/715/715 686/686/686 696/696/696
f 1466/1466/1466 1473/1473/1473 1470/1470/1470
f 1242/1242/1242 1243/1243/1243 1238/1238/1238
f 1243/1243/1243 1244/1244/1244 1238/1238/1238
f 679/679/679 680/680/680 681/681/681
f 1516/1516/1516 1518/1518/1518 1508/1508/1508
f 1818/1818/1818 1816/1816/1816 1814/1814/1814
f 1224/1224/1224 1239/1239/1239 1253/1253/1253
f 1239/1239/1239 1255/1255/1255 1235/1235/1235
f 254/254/254 265/265/265 279/279/279
f 415/415/415 416/416/416 412/412/412
f 81/81/81 90/90/90 85/85/85
f 90/90/90 81/81/81 89/89/89
f 89/89/89 83/83/83 93/93/93
f 83/83/83 88/88/88 93/93/93
f 686/686/686 679/679/679 696/696/696
f 1253/1253/1253 1237/1237/1237 1244/1244/1244
f 1814/1814/1814 1816/1816/1816 1815/1815/1815
f 680/680/680 682/682/682 681/681/681
f 1814/1814/1814 1815/1815/1815 1813/1813/1813
f 682/682/682 701/701/701 681/681/681
f 420/420/420 421/421/421 422/422/422
f 1827/1827/1827 1826/1826/1826 1829/1829/1829
f 1685/1685/1685 1706/1706/1706 1688/1688/1688
f 208/208/208 194/194/194 183/183/183
f 596/596/596 595/595/595 599/599/599
f 415/415/415 412/412/412 414/414/414
f 600/600/600 598/598/598 590/590/590
f 512/512/512 510/510/510 503/503/503
f 203/203/203 207/207/207 197/197/197
f 207/207/207 200/200/200 197/197/197
f 200/200/200 204/204/204 199/199/199
f 204/204/204 205/205/205 199/199/199
f 772/772/772 776/776/776 755/755/755
f 1242/1242/1242 1238/1238/1238 1241/1241/1241
f 1238/1238/1238 1244/1244/1244 1237/1237/1237
f 1816/1816/1816 1823/1823/1823 1822/1822/1822
f 1516/1516/1516 1508/1508/1508 1520/1520/1520
f 1816/1816/1816 1822/1822/1822 1815/1815/1815
f 1237/1237/1237 1253/1253/1253 1236/1236/1236
f 1253/1253/1253 1239/1239/1239 1236/1236/1236
f 1815/1815/1815 1824/1824/1824 1817/1817/1817
f 1232/1232/1232 1236/1236/1236 1239/1239/1239
f 605/605/605 606/606/606 607/607/607
f 1231/1231/1231 1233/1233/1233 1234/1234/1234
f 1233/1233/1233 1232/1232/1232 1235/1235/1235
f 1232/1232/1232 1239/1239/1239 1235/1235/1235
f 209/209/209 208/208/208 183/183/183
f 281/281/281 260/260/260 282/282/282
f 1241/1241/1241 1238/1238/1238 1240/1240/1240
f 1240/1240/1240 1238/1238/1238 1229/1229/1229
f 1238/1238/1238 1237/1237/1237 1229/1229/1229
f 1508/1508/1508 1509/1509/1509 1520/1520/1520
f 1822/1822/1822 1825/1825/1825 1815/1815/1815
f 1815/1815/1815 1825/1825/1825 1824/1824/1824
f 1229/1229/1229 1237/1237/1237 1230/1230/1230
f 1230/1230/1230 1237/1237/1237 1236/1236/1236
f 1824/1824/1824 1826/1826/1826 1817/1817/1817
f 1230/1230/1230 1236/1236/1236 1232/1232/1232
f 1686/1686/1686 1688/1688/1688 1687/1687/1687
f 1230/1230/1230 1232/1232/1232 1231/1231/1231
f 1231/1231/1231 1232/1232/1232 1233/1233/1233
f 177/177/177 171/171/171 182/182/182
f 171/171/171 183/183/183 182/182/182
f 182/182/182 184/184/184 177/177/177
f 181/181/181 177/177/177 184/184/184
f 345/345/345 352/352/352 346/346/346
f 87/87/87 85/85/85 91/91/91
f 510/510/510 511/511/511 503/503/503
f 200/200/200 199/199/199 198/198/198
f 696/696/696 679/679/679 697/697/697
f 679/679/679 698/698/698 697/697/697
f 679/679/679 681/681/681 698/698/698
f 1228/1228/1228 1229/1229/1229 1230/1230/1230
f 1228/1228/1228 1230/1230/1230 1231/1231/1231
f 701/701/701 710/710/710 704/704/704
f 710/710/710 711/711/711 704/704/704
f 412/412/412 413/413/413 414/414/414
f 503/503/503 511/511/511 506/506/506
f 91/91/91 85/85/85 92/92/92
f 85/85/85 90/90/90 92/92/92
f 197/197/197 200/200/200 198/198/198
f 198/198/198 199/199/199 191/191/191
f 755/755/755 773/773/773 767/767/767
f 681/681/681 713/713/713 698/698/698
f 1525/1525/1525 1520/1520/1520 1524/1524/1524
f 767/767/767 740/740/740 742/742/742
f 681/681/681 704/704/704 713/713/713
f 1707/1707/1707 1704/1704/1704 1709/1709/1709
f 176/176/176 177/177/177 181/181/181
f 188/188/188 180/180/180 187/187/187
f 196/196/196 203/203/203 197/197/197
f 698/698/698 713/713/713 714/714/714
f 716/716/716 713/713/713 704/704/704
f 156/156/156 158/158/158 171/171/171
f 158/158/158 172/172/172 171/171/171
f 170/170/170 156/156/156 171/171/171
f 170/170/170 171/171/171 177/177/177
f 175/175/175 170/170/170 177/177/177
f 418/418/418 419/419/419 413/413/413
f 418/418/418 413/413/413 412/412/412
f 186/186/186 180/180/180 188/188/188
f 186/186/186 188/188/188 189/189/189
f 125/125/125 120/120/120 121/121/121
f 337/337/337 341/341/341 342/342/342
f 504/504/504 503/503/503 506/506/506
f 195/195/195 197/197/197 192/192/192
f 192/192/192 197/197/197 198/198/198
f 192/192/192 198/198/198 191/191/191
f 192/192/192 191/191/191 168/168/168
f 191/191/191 165/165/165 168/168/168
f 168/168/168 165/165/165 157/157/157
f 714/714/714 713/713/713 716/716/716
f 157/157/157 165/165/165 158/158/158
f 157/157/157 158/158/158 156/156/156
f 180/180/180 176/176/176 181/181/181
f 196/196/196 206/206/206 203/203/203
f 511/511/511 514/514/514 506/506/506
f 155/155/155 156/156/156 170/170/170
f 406/406/406 397/397/397 393/393/393
f 179/179/179 176/176/176 180/180/180
f 344/344/344 345/345/345 346/346/346
f 186/186/186 179/179/179 180/180/180
f 342/342/342 341/341/341 343/343/343
f 206/206/206 196/196/196 201/201/201
f 197/197/197 195/195/195 196/196/196
f 168/168/168 157/157/157 153/153/153
f 153/153/153 157/157/157 156/156/156
f 153/153/153 156/156/156 155/155/155
f 155/155/155 170/170/170 163/163/163
f 163/163/163 170/170/170 175/175/175
f 112/112/112 117/117/117 110/110/110
f 174/174/174 163/163/163 175/175/175
f 404/404/404 397/397/397 406/406/406
f 174/174/174 175/175/175 176/176/176
f 174/174/174 176/176/176 179/179/179
f 514/514/514 515/515/515 506/506/506
f 169/169/169 192/192/192 168/168/168
f 169/169/169 168/168/168 161/161/161
f 168/168/168 153/153/153 161/161/161
f 154/154/154 153/153/153 155/155/155
f 154/154/154 155/155/155 163/163/163
f 344/344/344 346/346/346 347/347/347
f 201/201/201 196/196/196 193/193/193
f 434/434/434 433/433/433 432/432/432
f 196/196/196 195/195/195 190/190/190
f 195/195/195 192/192/192 190/190/190
f 192/192/192 169/169/169 190/190/190
f 161/161/161 153/153/153 152/152/152
f 152/152/152 153/153/153 154/154/154
f 154/154/154 163/163/163 162/162/162
f 162/162/162 163/163/163 174/174/174
f 404/404/404 406/406/406 405/405/405
f 348/348/348 344/344/344 347/347/347
f 178/178/178 174/174/174 179/179/179
f 178/178/178 179/179/179 185/185/185
f 347/347/347 346/346/346 355/355/355
f 506/506/506 516/516/516 519/519/519
f 506/506/506 515/515/515 516/516/516
f 201/201/201 193/193/193 202/202/202
f 196/196/196 190/190/190 193/193/193
f 164/164/164 169/169/169 161/161/161
f 173/173/173 162/162/162 174/174/174
f 173/173/173 174/174/174 178/178/178
f 202/202/202 193/193/193 167/167/167
f 193/193/193 190/190/190 167/167/167
f 190/190/190 169/169/169 164/164/164
f 164/164/164 161/161/161 152/152/152
f 408/408/408 407/407/407 405/405/405
f 159/159/159 152/152/152 154/154/154
f 159/159/159 154/154/154 160/160/160
f 160/160/160 154/154/154 162/162/162
f 348/348/348 347/347/347 349/349/349
f 160/160/160 162/162/162 173/173/173
f 119/119/119 113/113/113 114/114/114
f 167/167/167 190/190/190 164/164/164
f 167/167/167 164/164/164 166/166/166
f 166/166/166 164/164/164 159/159/159
f 166/166/166 159/159/159 160/160/160
f 159/159/159 164/164/164 152/152/152
f 350/350/350 348/348/348 349/349/349
f 349/349/349 347/347/347 354/354/354
f 347/347/347 355/355/355 354/354/354
f 516/516/516 515/515/515 517/517/517
f 515/515/515 518/518/518 517/517/517
f 351/351/351 353/353/353 350/350/350
f 351/351/351 350/350/350 349/349/349
f 126/126/126 101/101/101 103/103/103
f 321/321/321 320/320/320 322/322/322
f 242/242/242 239/239/239 241/241/241
f 239/239/239 218/218/218 241/241/241
f 226/226/226 218/218/218 239/239/239
f 226/226/226 217/217/217 218/218/218
f 225/225/225 217/217/217 226/226/226
f 372/372/372 374/374/374 375/375/375
f 465/465/465 449/449/449 457/457/457
f 467/467/467 449/449/449 465/465/465
f 452/452/452 446/446/446 449/449/449
f 452/452/452 451/451/451 446/446/446
f 218/218/218 217/217/217 210/210/210
f 225/225/225 224/224/224 217/217/217
f 449/449/449 447/447/447 457/457/457
f 449/449/449 446/446/446 447/447/447
f 217/217/217 222/222/222 215/215/215
f 217/217/217 224/224/224 222/222/222
f 446/446/446 451/451/451 444/444/444
f 240/240/240 224/224/224 225/225/225
f 457/457/457 447/447/447 453/453/453
f 375/375/375 374/374/374 376/376/376
f 465/465/465 457/457/457 474/474/474
f 446/446/446 445/445/445 447/447/447
f 446/446/446 444/444/444 445/445/445
f 632/632/632 637/637/637 631/631/631
f 631/631/631 637/637/637 639/639/639
f 224/224/224 230/230/230 222/222/222
f 447/447/447 445/445/445 453/453/453
f 629/629/629 628/628/628 619/619/619
f 215/215/215 211/211/211 210/210/210
f 215/215/215 220/220/220 211/211/211
f 222/222/222 223/223/223 215/215/215
f 224/224/224 233/233/233 230/230/230
f 240/240/240 238/238/238 224/224/224
f 457/457/457 453/453/453 458/458/458
f 641/641/641 628/628/628 629/629/629
f 451/451/451 448/448/448 444/444/444
f 210/210/210 211/211/211 212/212/212
f 1055/1055/1055 1054/1054/1054 1044/1044/1044
f 1044/1044/1044 1054/1054/1054 1046/1046/1046
f 1054/1054/1054 1059/1059/1059 1046/1046/1046
f 1053/1053/1053 1054/1054/1054 1055/1055/1055
f 1054/1054/1054 1056/1056/1056 1059/1059/1059
f 223/223/223 220/220/220 215/215/215
f 1053/1053/1053 1056/1056/1056 1054/1054/1054
f 245/245/245 238/238/238 240/240/240
f 238/238/238 233/233/233 224/224/224
f 1039/1039/1039 1046/1046/1046 1041/1041/1041
f 1044/1044/1044 1046/1046/1046 1039/1039/1039
f 1046/1046/1046 1052/1052/1052 1041/1041/1041
f 1046/1046/1046 1059/1059/1059 1052/1052/1052
f 1057/1057/1057 1056/1056/1056 1053/1053/1053
f 1057/1057/1057 1058/1058/1058 1056/1056/1056
f 472/472/472 474/474/474 463/463/463
f 453/453/453 459/459/459 458/458/458
f 445/445/445 443/443/443 453/453/453
f 445/445/445 444/444/444 443/443/443
f 1397/1397/1397 1388/1388/1388 1396/1396/1396
f 1041/1041/1041 1052/1052/1052 1047/1047/1047
f 211/211/211 213/213/213 212/212/212
f 618/618/618 622/622/622 621/621/621
f 1388/1388/1388 1385/1385/1385 1396/1396/1396
f 1048/1048/1048 1055/1055/1055 1044/1044/1044
f 211/211/211 216/216/216 214/214/214
f 1385/1385/1385 1395/1395/1395 1396/1396/1396
f 1385/1385/1385 1381/1381/1381 1395/1395/1395
f 1562/1562/1562 1548/1548/1548 1550/1550/1550
f 1051/1051/1051 1053/1053/1053 1055/1055/1055
f 1051/1051/1051 1057/1057/1057 1053/1053/1053
f 230/230/230 231/231/231 223/223/223
f 233/233/233 235/235/235 230/230/230
f 555/555/555 562/562/562 563/563/563
f 458/458/458 459/459/459 462/462/462
f 453/453/453 443/443/443 454/454/454
f 444/444/444 440/440/440 443/443/443
f 895/895/895 890/890/890 893/893/893
f 448/448/448 440/440/440 444/444/444
f 448/448/448 450/450/450 440/440/440
f 1044/1044/1044 1039/1039/1039 1042/1042/1042
f 1045/1045/1045 1044/1044/1044 1042/1042/1042
f 211/211/211 214/214/214 213/213/213
f 1048/1048/1048 1044/1044/1044 1045/1045/1045
f 632/632/632 638/638/638 637/637/637
f 1048/1048/1048 1051/1051/1051 1055/1055/1055
f 295/295/295 300/300/300 301/301/301
f 1381/1381/1381 1370/1370/1370 1394/1394/1394
f 1058/1058/1058 1063/1063/1063 1056/1056/1056
f 1547/1547/1547 1548/1548/1548 1565/1565/1565
f 1060/1060/1060 1057/1057/1057 1051/1051/1051
f 1057/1057/1057 1061/1061/1061 1058/1058/1058
f 235/235/235 231/231/231 230/230/230
f 1042/1042/1042 1039/1039/1039 1034/1034/1034
f 1034/1034/1034 1039/1039/1039 1035/1035/1035
f 1039/1039/1039 1041/1041/1041 1035/1035/1035
f 1041/1041/1041 1047/1047/1047 1038/1038/1038
f 602/602/602 603/603/603 604/604/604
f 450/450/450 480/480/480 441/441/441
f 1049/1049/1049 1048/1048/1048 1045/1045/1045
f 220/220/220 219/219/219 216/216/216
f 223/223/223 219/219/219 220/220/220
f 1050/1050/1050 1051/1051/1051 1048/1048/1048
f 1060/1060/1060 1051/1051/1051 1050/1050/1050
f 555/555/555 561/561/561 562/562/562
f 1041/1041/1041 1038/1038/1038 1035/1035/1035
f 1152/1152/1152 1153/1153/1153 1158/1158/1158
f 616/616/616 618/618/618 617/617/617
f 450/450/450 441/441/441 440/440/440
f 1388/1388/1388 1383/1383/1383 1385/1385/1385
f 216/216/216 219/219/219 214/214/214
f 1381/1381/1381 1375/1375/1375 1370/1370/1370
f 1060/1060/1060 1061/1061/1061 1057/1057/1057
f 1061/1061/1061 1063/1063/1063 1058/1058/1058
f 246/246/246 238/238/238 245/245/245
f 557/557/557 555/555/555 563/563/563
f 21/21/21 27/27/27 23/23/23
f 472/472/472 463/463/463 468/468/468
f 468/468/468 462/462/462 469/469/469
f 652/652/652 649/649/649 648/648/648
f 440/440/440 442/442/442 443/443/443
f 1566/1566/1566 1563/1563/1563 1564/1564/1564
f 1045/1045/1045 1042/1042/1042 1043/1043/1043
f 440/440/440 439/439/439 438/438/438
f 440/440/440 441/441/441 439/439/439
f 726/726/726 727/727/727 728/728/728
f 1638/1638/1638 1639/1639/1639 1637/1637/1637
f 1385/1385/1385 1383/1383/1383 1381/1381/1381
f 1594/1594/1594 1593/1593/1593 1595/1595/1595
f 1383/1383/1383 1379/1379/1379 1381/1381/1381
f 1049/1049/1049 1050/1050/1050 1048/1048/1048
f 1590/1590/1590 1593/1593/1593 1594/1594/1594
f 223/223/223 227/227/227 219/219/219
f 1379/1379/1379 1375/1375/1375 1381/1381/1381
f 1050/1050/1050 1027/1027/1027 1060/1060/1060
f 231/231/231 227/227/227 223/223/223
f 235/235/235 236/236/236 231/231/231
f 1061/1061/1061 1064/1064/1064 1063/1063/1063
f 554/554/554 561/561/561 555/555/555
f 246/246/246 247/247/247 238/238/238
f 21/21/21 24/24/24 27/27/27
f 459/459/459 454/454/454 460/460/460
f 443/443/443 455/455/455 454/454/454
f 443/443/443 442/442/442 455/455/455
f 1043/1043/1043 1042/1042/1042 1034/1034/1034
f 440/440/440 438/438/438 442/442/442
f 1638/1638/1638 1637/1637/1637 1636/1636/1636
f 1636/1636/1636 1637/1637/1637 1635/1635/1635
f 1024/1024/1024 1049/1049/1049 1045/1045/1045
f 219/219/219 229/229/229 221/221/221
f 633/633/633 613/613/613 612/612/612
f 219/219/219 221/221/221 214/214/214
f 1484/1484/1484 1483/1483/1483 1475/1475/1475
f 1590/1590/1590 1589/1589/1589 1593/1593/1593
f 236/236/236 227/227/227 231/231/231
f 1375/1375/1375 1369/1369/1369 1370/1370/1370
f 1062/1062/1062 1061/1061/1061 1060/1060/1060
f 18/18/18 21/21/21 23/23/23
f 454/454/454 455/455/455 460/460/460
f 1034/1034/1034 1035/1035/1035 1032/1032/1032
f 1043/1043/1043 1034/1034/1034 1040/1040/1040
f 437/437/437 438/438/438 439/439/439
f 229/229/229 228/228/228 244/244/244
f 219/219/219 228/228/228 229/229/229
f 1026/1026/1026 1049/1049/1049 1024/1024/1024
f 1026/1026/1026 1050/1050/1050 1049/1049/1049
f 1027/1027/1027 1050/1050/1050 1026/1026/1026
f 227/227/227 228/228/228 219/219/219
f 1484/1484/1484 1485/1485/1485 1483/1483/1483
f 1647/1647/1647 1649/1649/1649 1648/1648/1648
f 1547/1547/1547 1545/1545/1545 1546/1546/1546
f 554/554/554 559/559/559 561/561/561
f 1062/1062/1062 1065/1065/1065 1061/1061/1061
f 1034/1034/1034 1032/1032/1032 1031/1031/1031
f 1352/1352/1352 1354/1354/1354 1353/1353/1353
f 1352/1352/1352 1355/1355/1355 1354/1354/1354
f 1031/1031/1031 1040/1040/1040 1034/1034/1034
f 1273/1273/1273 1268/1268/1268 1267/1267/1267
f 1152/1152/1152 1151/1151/1151 1153/1153/1153
f 1151/1151/1151 1154/1154/1154 1153/1153/1153
f 1479/1479/1479 1482/1482/1482 1475/1475/1475
f 1635/1635/1635 1646/1646/1646 1645/1645/1645
f 981/981/981 974/974/974 982/982/982
f 362/362/362 367/367/367 370/370/370
f 974/974/974 971/971/971 982/982/982
f 1020/1020/1020 1026/1026/1026 1024/1024/1024
f 615/615/615 647/647/647 635/635/635
f 971/971/971 979/979/979 982/982/982
f 232/232/232 228/228/228 227/227/227
f 1590/1590/1590 1585/1585/1585 1589/1589/1589
f 1061/1061/1061 1067/1067/1067 1064/1064/1064
f 1065/1065/1065 1067/1067/1067 1061/1061/1061
f 555/555/555 545/545/545 554/554/554
f 1202/1202/1202 1205/1205/1205 1204/1204/1204
f 358/358/358 357/357/357 361/361/361
f 1636/1636/1636 1635/1635/1635 1629/1629/1629
f 361/361/361 357/357/357 362/362/362
f 1726/1726/1726 1728/1728/1728 1727/1727/1727
f 1043/1043/1043 1024/1024/1024 1045/1045/1045
f 356/356/356 357/357/357 358/358/358
f 362/362/362 357/357/357 360/360/360
f 356/356/356 359/359/359 357/357/357
f 359/359/359 360/360/360 357/357/357
f 1018/1018/1018 1021/1021/1021 1023/1023/1023
f 1408/1408/1408 1401/1401/1401 1407/1407/1407
f 360/360/360 367/367/367 362/362/362
f 1024/1024/1024 1021/1021/1021 1020/1020/1020
f 1408/1408/1408 1398/1398/1398 1401/1401/1401
f 1019/1019/1019 1022/1022/1022 1020/1020/1020
f 1020/1020/1020 1027/1027/1027 1026/1026/1026
f 1022/1022/1022 1027/1027/1027 1020/1020/1020
f 1028/1028/1028 1022/1022/1022 1019/1019/1019
f 234/234/234 232/232/232 227/227/227
f 1027/1027/1027 1069/1069/1069 1060/1060/1060
f 1586/1586/1586 1585/1585/1585 1590/1590/1590
f 1060/1060/1060 1069/1069/1069 1062/1062/1062
f 1066/1066/1066 1065/1065/1065 1062/1062/1062
f 653/653/653 643/643/643 649/649/649
f 916/916/916 899/899/899 900/900/900
f 1031/1031/1031 1032/1032/1032 1033/1033/1033
f 442/442/442 456/456/456 455/455/455
f 490/490/490 495/495/495 499/499/499
f 490/490/490 499/499/499 493/493/493
f 358/358/358 361/361/361 365/365/365
f 1203/1203/1203 1205/1205/1205 1202/1202/1202
f 1629/1629/1629 1635/1635/1635 1632/1632/1632
f 1724/1724/1724 1726/1726/1726 1727/1727/1727
f 760/760/760 768/768/768 781/781/781
f 1203/1203/1203 1206/1206/1206 1205/1205/1205
f 1021/1021/1021 1024/1024/1024 1025/1025/1025
f 1401/1401/1401 1398/1398/1398 1400/1400/1400
f 366/366/366 359/359/359 356/356/356
f 1398/1398/1398 1399/1399/1399 1400/1400/1400
f 364/364/364 363/363/363 359/359/359
f 359/359/359 363/363/363 360/360/360
f 360/360/360 363/363/363 367/367/367
f 363/363/363 368/368/368 367/367/367
f 1/1/1 2/2/2 3/3/3
f 1413/1413/1413 1414/1414/1414 1398/1398/1398
f 367/367/367 368/368/368 369/369/369
f 1029/1029/1029 1027/1027/1027 1022/1022/1022
f 227/227/227 237/237/237 234/234/234
f 1289/1289/1289 1286/1286/1286 1283/1283/1283
f 1546/1546/1546 1534/1534/1534 1536/1536/1536
f 237/237/237 227/227/227 236/236/236
f 1069/1069/1069 1070/1070/1070 1062/1062/1062
f 554/554/554 556/556/556 559/559/559
f 1070/1070/1070 1066/1066/1066 1062/1062/1062
f 1544/1544/1544 1542/1542/1542 1545/1545/1545
f 541/541/541 555/555/555 557/557/557
f 18/18/18 16/16/16 21/21/21
f 1336/1336/1336 1352/1352/1352 1353/1353/1353
f 905/905/905 916/916/916 900/900/900
f 460/460/460 455/455/455 461/461/461
f 490/490/490 494/494/494 495/495/495
f 760/760/760 751/751/751 768/768/768
f 1203/1203/1203 1193/1193/1193 1206/1206/1206
f 1192/1192/1192 1194/1194/1194 1193/1193/1193
f 1407/1407/1407 1401/1401/1401 1403/1403/1403
f 1023/1023/1023 1021/1021/1021 1025/1025/1025
f 1400/1400/1400 1402/1402/1402 1401/1401/1401
f 751/751/751 765/765/765 768/768/768
f 984/984/984 985/985/985 972/972/972
f 366/366/366 364/364/364 359/359/359
f 1398/1398/1398 1415/1415/1415 1399/1399/1399
f 1414/1414/1414 1415/1415/1415 1398/1398/1398
f 526/526/526 527/527/527 528/528/528
f 529/529/529 527/527/527 526/526/526
f 529/529/529 530/530/530 527/527/527
f 1536/1536/1536 1531/1531/1531 1537/1537/1537
f 1028/1028/1028 1029/1029/1029 1022/1022/1022
f 1029/1029/1029 1069/1069/1069 1027/1027/1027
f 1379/1379/1379 1376/1376/1376 1375/1375/1375
f 1375/1375/1375 1376/1376/1376 1369/1369/1369
f 541/541/541 545/545/545 555/555/555
f 246/246/246 248/248/248 247/247/247
f 558/558/558 541/541/541 557/557/557
f 21/21/21 17/17/17 24/24/24
f 17/17/17 25/25/25 24/24/24
f 1351/1351/1351 1336/1336/1336 1353/1353/1353
f 941/941/941 916/916/916 905/905/905
f 1202/1202/1202 1204/1204/1204 1201/1201/1201
f 1150/1150/1150 1151/1151/1151 1152/1152/1152
f 487/487/487 494/494/494 490/490/490
f 1720/1720/1720 1724/1724/1724 1730/1730/1730
f 1401/1401/1401 1402/1402/1402 1403/1403/1403
f 977/977/977 984/984/984 972/972/972
f 1535/1535/1535 1538/1538/1538 1539/1539/1539
f 985/985/985 986/986/986 980/980/980
f 481/481/481 485/485/485 486/486/486
f 1531/1531/1531 1535/1535/1535 1537/1537/1537
f 1534/1534/1534 1531/1531/1531 1536/1536/1536
f 1376/1376/1376 1374/1374/1374 1369/1369/1369
f 1374/1374/1374 1368/1368/1368 1369/1369/1369
f 1368/1368/1368 1371/1371/1371 1366/1366/1366
f 469/469/469 477/477/477 476/476/476
f 16/16/16 17/17/17 21/21/21
f 455/455/455 456/456/456 461/461/461
f 691/691/691 717/717/717 707/707/707
f 1629/1629/1629 1630/1630/1630 1631/1631/1631
f 1202/1202/1202 1191/1191/1191 1203/1203/1203
f 983/983/983 976/976/976 981/981/981
f 756/756/756 751/751/751 760/760/760
f 1724/1724/1724 1725/1725/1725 1726/1726/1726
f 1193/1193/1193 1203/1203/1203 1191/1191/1191
f 1403/1403/1403 1402/1402/1402 1404/1404/1404
f 751/751/751 754/754/754 765/765/765
f 806/806/806 817/817/817 820/820/820
f 1030/1030/1030 1029/1029/1029 1028/1028/1028
f 1581/1581/1581 1585/1585/1585 1586/1586/1586
f 554/554/554 544/544/544 556/556/556
f 1070/1070/1070 1068/1068/1068 1066/1066/1066
f 1540/1540/1540 1542/1542/1542 1544/1544/1544
f 545/545/545 540/540/540 554/554/554
f 1068/1068/1068 1065/1065/1065 1066/1066/1066
f 541/541/541 540/540/540 545/545/545
f 460/460/460 461/461/461 471/471/471
f 1336/1336/1336 1335/1335/1335 1352/1352/1352
f 1156/1156/1156 1150/1150/1150 1157/1157/1157
f 1403/1403/1403 1404/1404/1404 1405/1405/1405
f 926/926/926 923/923/923 911/911/911
f 987/987/987 984/984/984 977/977/977
f 801/801/801 803/803/803 806/806/806
f 1532/1532/1532 1538/1538/1538 1535/1535/1535
f 806/806/806 803/803/803 817/817/817
f 481/481/481 483/483/483 485/485/485
f 531/531/531 530/530/530 529/529/529
f 1531/1531/1531 1532/1532/1532 1535/1535/1535
f 1029/1029/1029 1071/1071/1071 1069/1069/1069
f 1581/1581/1581 1582/1582/1582 1585/1585/1585
f 1284/1284/1284 1277/1277/1277 1282/1282/1282
f 1284/1284/1284 1282/1282/1282 1286/1286/1286
f 1071/1071/1071 1070/1070/1070 1069/1069/1069
f 1068/1068/1068 1077/1077/1077 1065/1065/1065
f 1077/1077/1077 1067/1067/1067 1065/1065/1065
f 543/543/543 541/541/541 558/558/558
f 9/9/9 16/16/16 18/18/18
f 64/64/64 95/95/95 96/96/96
f 1348/1348/1348 1336/1336/1336 1351/1351/1351
f 498/498/498 493/493/493 502/502/502
f 498/498/498 488/488/488 493/493/493
f 1204/1204/1204 1167/1167/1167 1201/1201/1201
f 493/493/493 488/488/488 490/490/490
f 1149/1149/1149 1151/1151/1151 1150/1150/1150
f 983/983/983 978/978/978 976/976/976
f 1405/1405/1405 1404/1404/1404 1406/1406/1406
f 1190/1190/1190 1193/1193/1193 1191/1191/1191
f 315/315/315 314/314/314 293/293/293
f 553/553/553 531/531/531 560/560/560
f 1584/1584/1584 1583/1583/1583 1587/1587/1587
f 1072/1072/1072 1071/1071/1071 1029/1029/1029
f 556/556/556 553/553/553 560/560/560
f 1376/1376/1376 1377/1377/1377 1374/1374/1374
f 556/556/556 544/544/544 553/553/553
f 540/540/540 544/544/544 554/554/554
f 1541/1541/1541 1543/1543/1543 1542/1542/1542
f 1540/1540/1540 1541/1541/1541 1542/1542/1542
f 1077/1077/1077 1078/1078/1078 1067/1067/1067
f 564/564/564 543/543/543 558/558/558
f 45/45/45 9/9/9 18/18/18
f 1201/1201/1201 1200/1200/1200 1202/1202/1202
f 1200/1200/1200 1191/1191/1191 1202/1202/1202
f 1311/1311/1311 1301/1301/1301 1313/1313/1313
f 920/920/920 922/922/922 923/923/923
f 1404/1404/1404 1411/1411/1411 1406/1406/1406
f 799/799/799 797/797/797 801/801/801
f 1531/1531/1531 1529/1529/1529 1532/1532/1532
f 1528/1528/1528 1531/1531/1531 1534/1534/1534
f 1576/1576/1576 1583/1583/1583 1584/1584/1584
f 306/306/306 307/307/307 303/303/303
f 1071/1071/1071 1073/1073/1073 1070/1070/1070
f 1073/1073/1073 1068/1068/1068 1070/1070/1070
f 9/9/9 6/6/6 16/16/16
f 60/60/60 95/95/95 64/64/64
f 6/6/6 17/17/17 16/16/16
f 5/5/5 19/19/19 17/17/17
f 1167/1167/1167 1198/1198/1198 1201/1201/1201
f 1267/1267/1267 1265/1265/1265 1264/1264/1264
f 1198/1198/1198 1200/1200/1200 1201/1201/1201
f 1301/1301/1301 1299/1299/1299 1313/1313/1313
f 750/750/750 751/751/751 756/756/756
f 791/791/791 799/799/799 800/800/800
f 797/797/797 802/802/802 801/801/801
f 752/752/752 754/754/754 751/751/751
f 802/802/802 803/803/803 801/801/801
f 481/481/481 482/482/482 483/483/483
f 1529/1529/1529 1530/1530/1530 1532/1532/1532
f 533/533/533 532/532/532 531/531/531
f 803/803/803 811/811/811 817/817/817
f 1528/1528/1528 1529/1529/1529 1531/1531/1531
f 1284/1284/1284 1278/1278/1278 1277/1277/1277
f 1377/1377/1377 1378/1378/1378 1374/1374/1374
f 1073/1073/1073 1074/1074/1074 1068/1068/1068
f 968/968/968 961/961/961 966/966/966
f 543/543/543 542/542/542 541/541/541
f 331/331/331 333/333/333 332/332/332
f 6/6/6 5/5/5 17/17/17
f 15/15/15 22/22/22 19/19/19
f 15/15/15 20/20/20 22/22/22
f 1334/1334/1334 1335/1335/1335 1336/1336/1336
f 1168/1168/1168 1171/1171/1171 1163/1163/1163
f 931/931/931 935/935/935 933/933/933
f 1300/1300/1300 1311/1311/1311 1312/1312/1312
f 1721/1721/1721 1724/1724/1724 1720/1720/1720
f 1724/1724/1724 1723/1723/1723 1725/1725/1725
f 1299/1299/1299 1306/1306/1306 1313/1313/1313
f 920/920/920 919/919/919 922/922/922
f 1306/1306/1306 1314/1314/1314 1313/1313/1313
f 791/791/791 797/797/797 799/799/799
f 484/484/484 482/482/482 481/481/481
f 533/533/533 534/534/534 532/532/532
f 1072/1072/1072 1075/1075/1075 1071/1071/1071
f 546/546/546 553/553/553 544/544/544
f 1075/1075/1075 1076/1076/1076 1071/1071/1071
f 1576/1576/1576 1584/1584/1584 1573/1573/1573
f 1570/1570/1570 1573/1573/1573 1581/1581/1581
f 1076/1076/1076 1073/1073/1073 1071/1071/1071
f 1374/1374/1374 1373/1373/1373 1368/1368/1368
f 538/538/538 539/539/539 540/540/540
f 963/963/963 961/961/961 968/968/968
f 1368/1368/1368 1372/1372/1372 1371/1371/1371
f 538/538/538 540/540/540 541/541/541
f 5/5/5 15/15/15 19/19/19
f 1348/1348/1348 1334/1334/1334 1336/1336/1336
f 1334/1334/1334 1337/1337/1337 1335/1335/1335
f 1300/1300/1300 1301/1301/1301 1311/1311/1311
f 1721/1721/1721 1723/1723/1723 1724/1724/1724
f 804/804/804 803/803/803 802/802/802
f 752/752/752 761/761/761 754/754/754
f 535/535/535 534/534/534 533/533/533
f 737/737/737 731/731/731 739/739/739
f 546/546/546 550/550/550 553/553/553
f 1576/1576/1576 1578/1578/1578 1583/1583/1583
f 1316/1316/1316 1322/1322/1322 1320/1320/1320
f 539/539/539 546/546/546 544/544/544
f 1378/1378/1378 1373/1373/1373 1374/1374/1374
f 1373/1373/1373 1372/1372/1372 1368/1368/1368
f 966/966/966 965/965/965 969/969/969
f 541/541/541 542/542/542 538/538/538
f 578/578/578 543/543/543 564/564/564
f 60/60/60 94/94/94 95/95/95
f 1156/1156/1156 1155/1155/1155 1150/1150/1150
f 721/721/721 718/718/718 705/705/705
f 1148/1148/1148 1149/1149/1149 1150/1150/1150
f 757/757/757 756/756/756 762/762/762
f 1198/1198/1198 1199/1199/1199 1200/1200/1200
f 1298/1298/1298 1301/1301/1301 1300/1300/1300
f 796/796/796 791/791/791 800/800/800
f 745/745/745 751/751/751 750/750/750
f 793/793/793 808/808/808 797/797/797
f 745/745/745 752/752/752 751/751/751
f 808/808/808 802/802/802 797/797/797
f 803/803/803 805/805/805 811/811/811
f 1575/1575/1575 1576/1576/1576 1573/1573/1573
f 961/961/961 965/965/965 966/966/966
f 9/9/9 8/8/8 6/6/6
f 4/4/4 5/5/5 6/6/6
f 15/15/15 13/13/13 20/20/20
f 935/935/935 942/942/942 941/941/941
f 1346/1346/1346 1334/1334/1334 1348/1348/1348
f 1155/1155/1155 1148/1148/1148 1150/1150/1150
f 775/775/775 757/757/757 762/762/762
f 1148/1148/1148 1147/1147/1147 1149/1149/1149
f 791/791/791 793/793/793 797/797/797
f 759/759/759 761/761/761 752/752/752
f 1526/1526/1526 1527/1527/1527 1528/1528/1528
f 1528/1528/1528 1527/1527/1527 1529/1529/1529
f 1315/1315/1315 1316/1316/1316 1317/1317/1317
f 546/546/546 547/547/547 550/550/550
f 1578/1578/1578 1591/1591/1591 1592/1592/1592
f 1573/1573/1573 1569/1569/1569 1575/1575/1575
f 543/543/543 551/551/551 542/542/542
f 8/8/8 7/7/7 6/6/6
f 7/7/7 4/4/4 6/6/6
f 5/5/5 4/4/4 15/15/15
f 500/500/500 492/492/492 498/498/498
f 1334/1334/1334 1338/1338/1338 1337/1337/1337
f 498/498/498 492/492/492 488/488/488
f 492/492/492 491/491/491 488/488/488
f 689/689/689 722/722/722 721/721/721
f 1165/1165/1165 1198/1198/1198 1167/1167/1167
f 1197/1197/1197 1199/1199/1199 1198/1198/1198
f 1717/1717/1717 1716/1716/1716 1720/1720/1720
f 1298/1298/1298 1299/1299/1299 1301/1301/1301
f 919/919/919 927/927/927 932/932/932
f 2030/2030/2030 2033/2033/2033 2031/2031/2031
f 824/824/824 802/802/802 808/808/808
f 813/813/813 804/804/804 802/802/802
f 723/723/723 724/724/724 725/725/725
f 805/805/805 816/816/816 811/811/811
f 535/535/535 536/536/536 534/534/534
f 736/736/736 731/731/731 737/737/737
f 1533/1533/1533 1526/1526/1526 1528/1528/1528
f 547/547/547 537/537/537 550/550/550
f 1575/1575/1575 1578/1578/1578 1576/1576/1576
f 1570/1570/1570 1569/1569/1569 1573/1573/1573
f 1280/1280/1280 1278/1278/1278 1285/1285/1285
f 1838/1838/1838 1839/1839/1839 1840/1840/1840
f 539/539/539 547/547/547 546/546/546
f 1839/1839/1839 1841/1841/1841 1840/1840/1840
f 1378/1378/1378 1382/1382/1382 1373/1373/1373
f 1839/1839/1839 1842/1842/1842 1841/1841/1841
f 1541/1541/1541 1555/1555/1555 1543/1543/1543
f 959/959/959 961/961/961 963/963/963
f 961/961/961 960/960/960 965/965/965
f 960/960/960 964/964/964 965/965/965
f 542/542/542 549/549/549 538/538/538
f 551/551/551 549/549/549 542/542/542
f 578/578/578 551/551/551 543/543/543
f 1339/1339/1339 1338/1338/1338 1334/1334/1334
f 496/496/496 491/491/491 492/492/492
f 934/934/934 942/942/942 935/935/935
f 757/757/757 750/750/750 756/756/756
f 1165/1165/1165 1197/1197/1197 1198/1198/1198
f 1302/1302/1302 1296/1296/1296 1300/1300/1300
f 1300/1300/1300 1296/1296/1296 1298/1298/1298
f 1721/1721/1721 1722/1722/1722 1723/1723/1723
f 917/917/917 919/919/919 920/920/920
f 1851/1851/1851 1852/1852/1852 1853/1853/1853
f 793/793/793 809/809/809 808/808/808
f 2004/2004/2004 2007/2007/2007 2020/2020/2020
f 2003/2003/2003 2004/2004/2004 1999/1999/1999
f 759/759/759 766/766/766 761/761/761
f 1527/1527/1527 1530/1530/1530 1529/1529/1529
f 535/535/535 537/537/537 536/536/536
f 1575/1575/1575 1577/1577/1577 1578/1578/1578
f 1577/1577/1577 1591/1591/1591 1578/1578/1578
f 1288/1288/1288 1280/1280/1280 1285/1285/1285
f 11/11/11 15/15/15 4/4/4
f 1298/1298/1298 1297/1297/1297 1299/1299/1299
f 917/917/917 918/918/918 919/919/919
f 918/918/918 921/921/921 919/919/919
f 2037/2037/2037 2038/2038/2038 2039/2039/2039
f 2008/2008/2008 2011/2011/2011 2010/2010/2010
f 2015/2015/2015 2014/2014/2014 2016/2016/2016
f 826/826/826 813/813/813 824/824/824
f 804/804/804 805/805/805 803/803/803
f 962/962/962 959/959/959 963/963/963
f 585/585/585 551/551/551 578/578/578
f 46/46/46 8/8/8 9/9/9
f 60/60/60 74/74/74 94/94/94
f 11/11/11 13/13/13 15/15/15
f 1338/1338/1338 1342/1342/1342 1337/1337/1337
f 2005/2005/2005 2006/2006/2006 2004/2004/2004
f 567/567/567 536/536/536 537/537/537
f 1567/1567/1567 1569/1569/1569 1570/1570/1570
f 1384/1384/1384 1373/1373/1373 1382/1382/1382
f 538/538/538 548/548/548 539/539/539
f 960/960/960 958/958/958 964/964/964
f 1346/1346/1346 1339/1339/1339 1334/1334/1334
f 1196/1196/1196 1197/1197/1197 1165/1165/1165
f 1716/1716/1716 1722/1722/1722 1721/1721/1721
f 921/921/921 928/928/928 927/927/927
f 1297/1297/1297 1306/1306/1306 1299/1299/1299
f 791/791/791 788/788/788 793/793/793
f 793/793/793 788/788/788 809/809/809
f 1781/1781/1781 1787/1787/1787 1779/1779/1779
f 2037/2037/2037 2040/2040/2040 2038/2038/2038
f 1777/1777/1777 1779/1779/1779 1778/1778/1778
f 1991/1991/1991 1968/1968/1968 1967/1967/1967
f 1972/1972/1972 1970/1970/1970 1968/1968/1968
f 1770/1770/1770 1771/1771/1771 1772/1772/1772
f 1775/1775/1775 1777/1777/1777 1776/1776/1776
f 1771/1771/1771 1775/1775/1775 1772/1772/1772
f 1772/1772/1772 1775/1775/1775 1776/1776/1776
f 1970/1970/1970 1972/1972/1972 1971/1971/1971
f 1972/1972/1972 1973/1973/1973 1971/1971/1971
f 1434/1434/1434 1430/1430/1430 1435/1435/1435
f 826/826/826 814/814/814 813/813/813
f 804/804/804 795/795/795 805/805/805
f 1211/1211/1211 1210/1210/1210 1214/1214/1214
f 1214/1214/1214 1210/1210/1210 1217/1217/1217
f 729/729/729 731/731/731 736/736/736
f 1213/1213/1213 1212/1212/1212 1215/1215/1215
f 1212/1212/1212 1214/1214/1214 1215/1215/1215
f 1574/1574/1574 1577/1577/1577 1575/1575/1575
f 1319/1319/1319 1324/1324/1324 1322/1322/1322
f 548/548/548 547/547/547 539/539/539
f 552/552/552 548/548/548 538/538/538
f 959/959/959 960/960/960 961/961/961
f 568/568/568 552/552/552 549/549/549
f 569/569/569 568/568/568 549/549/549
f 569/569/569 549/549/549 551/551/551
f 10/10/10 11/11/11 4/4/4
f 1197/1197/1197 1188/1188/1188 1199/1199/1199
f 1296/1296/1296 1297/1297/1297 1298/1298/1298
f 2038/2038/2038 2044/2044/2044 2043/2043/2043
f 1773/1773/1773 1771/1771/1771 1770/1770/1770
f 814/814/814 804/804/804 813/813/813
f 1611/1611/1611 1608/1608/1608 1610/1610/1610
f 1608/1608/1608 1609/1609/1609 1610/1610/1610
f 958/958/958 970/970/970 964/964/964
f 574/574/574 569/569/569 551/551/551
f 7/7/7 10/10/10 4/4/4
f 1715/1715/1715 1716/1716/1716 1717/1717/1717
f 1988/1988/1988 1982/1982/1982 1984/1984/1984
f 792/792/792 791/791/791 796/796/796
f 792/792/792 789/789/789 791/791/791
f 789/789/789 788/788/788 791/791/791
f 2024/2024/2024 2023/2023/2023 2025/2025/2025
f 1780/1780/1780 1781/1781/1781 1779/1779/1779
f 1777/1777/1777 1780/1780/1780 1779/1779/1779
f 788/788/788 810/810/810 809/809/809
f 1775/1775/1775 1783/1783/1783 1777/1777/1777
f 1974/1974/1974 1975/1975/1975 1973/1973/1973
f 1975/1975/1975 1989/1989/1989 1973/1973/1973
f 1773/1773/1773 1774/1774/1774 1771/1771/1771
f 1774/1774/1774 1775/1775/1775 1771/1771/1771
f 1774/1774/1774 1783/1783/1783 1775/1775/1775
f 1898/1898/1898 1895/1895/1895 1897/1897/1897
f 1908/1908/1908 1904/1904/1904 1897/1897/1897
f 745/745/745 759/759/759 752/752/752
f 1899/1899/1899 1898/1898/1898 1897/1897/1897
f 1899/1899/1899 1897/1897/1897 1904/1904/1904
f 729/729/729 730/730/730 731/731/731
f 261/261/261 275/275/275 312/312/312
f 1569/1569/1569 1568/1568/1568 1574/1574/1574
f 12/12/12 13/13/13 11/11/11
f 500/500/500 497/497/497 492/492/492
f 492/492/492 497/497/497 496/496/496
f 1340/1340/1340 1338/1338/1338 1339/1339/1339
f 771/771/771 753/753/753 757/757/757
f 934/934/934 937/937/937 942/942/942
f 1341/1341/1341 1342/1342/1342 1338/1338/1338
f 1146/1146/1146 1147/1147/1147 1148/1148/1148
f 1304/1304/1304 1296/1296/1296 1302/1302/1302
f 1196/1196/1196 1188/1188/1188 1197/1197/1197
f 1303/1303/1303 1297/1297/1297 1296/1296/1296
f 1879/1879/1879 1880/1880/1880 1878/1878/1878
f 1718/1718/1718 1729/1729/1729 1722/1722/1722
f 1718/1718/1718 1722/1722/1722 1716/1716/1716
f 1879/1879/1879 1881/1881/1881 1880/1880/1880
f 1297/1297/1297 1309/1309/1309 1306/1306/1306
f 1882/1882/1882 1881/1881/1881 1879/1879/1879
f 1930/1930/1930 1879/1879/1879 1872/1872/1872
f 1930/1930/1930 1882/1882/1882 1879/1879/1879
f 1877/1877/1877 1869/1869/1869 1873/1873/1873
f 1869/1869/1869 1872/1872/1872 1873/1873/1873
f 1777/1777/1777 1782/1782/1782 1780/1780/1780
f 1783/1783/1783 1782/1782/1782 1777/1777/1777
f 1895/1895/1895 1896/1896/1896 1893/1893/1893
f 1897/1897/1897 1895/1895/1895 1894/1894/1894
f 1894/1894/1894 1895/1895/1895 1893/1893/1893
f 1929/1929/1929 1908/1908/1908 1897/1897/1897
f 1773/1773/1773 1786/1786/1786 1774/1774/1774
f 1786/1786/1786 1785/1785/1785 1774/1774/1774
f 1785/1785/1785 1783/1783/1783 1774/1774/1774
f 1910/1910/1910 1904/1904/1904 1929/1929/1929
f 1904/1904/1904 1908/1908/1908 1929/1929/1929
f 1905/1905/1905 1904/1904/1904 1910/1910/1910
f 1928/1928/1928 1920/1920/1920 1932/1932/1932
f 1928/1928/1928 1921/1921/1921 1920/1920/1920
f 1920/1920/1920 1921/1921/1921 1919/1919/1919
f 1921/1921/1921 1922/1922/1922 1919/1919/1919
f 1429/1429/1429 1420/1420/1420 1426/1426/1426
f 1917/1917/1917 1907/1907/1907 1910/1910/1910
f 1907/1907/1907 1905/1905/1905 1910/1910/1910
f 1905/1905/1905 1899/1899/1899 1904/1904/1904
f 1907/1907/1907 1906/1906/1906 1905/1905/1905
f 1906/1906/1906 1899/1899/1899 1905/1905/1905
f 1899/1899/1899 1900/1900/1900 1898/1898/1898
f 1900/1900/1900 1901/1901/1901 1898/1898/1898
f 1209/1209/1209 1212/1212/1212 1213/1213/1213
f 1579/1579/1579 1577/1577/1577 1574/1574/1574
f 547/547/547 565/565/565 566/566/566
f 1567/1567/1567 1568/1568/1568 1569/1569/1569
f 274/274/274 271/271/271 275/275/275
f 548/548/548 565/565/565 547/547/547
f 1382/1382/1382 1386/1386/1386 1384/1384/1384
f 552/552/552 570/570/570 548/548/548
f 962/962/962 954/954/954 959/959/959
f 31/31/31 26/26/26 8/8/8
f 31/31/31 8/8/8 46/46/46
f 26/26/26 14/14/14 8/8/8
f 8/8/8 14/14/14 7/7/7
f 14/14/14 10/10/10 7/7/7
f 12/12/12 11/11/11 10/10/10
f 1346/1346/1346 1344/1344/1344 1339/1339/1339
f 1344/1344/1344 1340/1340/1340 1339/1339/1339
f 1349/1349/1349 1344/1344/1344 1346/1346/1346
f 753/753/753 750/750/750 757/757/757
f 1162/1162/1162 1196/1196/1196 1165/1165/1165
f 1715/1715/1715 1718/1718/1718 1716/1716/1716
f 1872/1872/1872 1878/1878/1878 1875/1875/1875
f 924/924/924 918/918/918 917/917/917
f 1878/1878/1878 1872/1872/1872 1879/1879/1879
f 1882/1882/1882 1883/1883/1883 1881/1881/1881
f 743/743/743 745/745/745 750/750/750
f 1882/1882/1882 1889/1889/1889 1883/1883/1883
f 1873/1873/1873 1872/1872/1872 1874/1874/1874
f 1874/1874/1874 1872/1872/1872 1875/1875/1875
f 1978/1978/1978 1979/1979/1979 1977/1977/1977
f 1876/1876/1876 1930/1930/1930 1872/1872/1872
f 1888/1888/1888 1887/1887/1887 1891/1891/1891
f 1887/1887/1887 1892/1892/1892 1891/1891/1891
f 1869/1869/1869 1871/1871/1871 1872/1872/1872
f 1871/1871/1871 1876/1876/1876 1872/1872/1872
f 1876/1876/1876 1915/1915/1915 1930/1930/1930
f 1930/1930/1930 1890/1890/1890 1882/1882/1882
f 1890/1890/1890 1889/1889/1889 1882/1882/1882
f 1914/1914/1914 1867/1867/1867 1913/1913/1913
f 1913/1913/1913 1867/1867/1867 1877/1877/1877
f 1867/1867/1867 1869/1869/1869 1877/1877/1877
f 1933/1933/1933 1934/1934/1934 1935/1935/1935
f 1894/1894/1894 1887/1887/1887 1912/1912/1912
f 1894/1894/1894 1893/1893/1893 1887/1887/1887
f 1893/1893/1893 1892/1892/1892 1887/1887/1887
f 1939/1939/1939 1938/1938/1938 1936/1936/1936
f 1909/1909/1909 1897/1897/1897 1894/1894/1894
f 1929/1929/1929 1897/1897/1897 1931/1931/1931
f 1785/1785/1785 1782/1782/1782 1783/1783/1783
f 1920/1920/1920 1918/1918/1918 1927/1927/1927
f 1919/1919/1919 1918/1918/1918 1920/1920/1920
f 1919/1919/1919 1917/1917/1917 1918/1918/1918
f 1918/1918/1918 1917/1917/1917 1910/1910/1910
f 1923/1923/1923 1922/1922/1922 1921/1921/1921
f 1924/1924/1924 1923/1923/1923 1921/1921/1921
f 1928/1928/1928 1926/1926/1926 1924/1924/1924
f 1926/1926/1926 1925/1925/1925 1924/1924/1924
f 1900/1900/1900 1902/1902/1902 1901/1901/1901
f 1902/1902/1902 1903/1903/1903 1901/1901/1901
f 1911/1911/1911 1902/1902/1902 1900/1900/1900
f 1861/1861/1861 1862/1862/1862 1863/1863/1863
f 1209/1209/1209 1211/1211/1211 1212/1212/1212
f 732/732/732 730/730/730 729/729/729
f 1850/1850/1850 1836/1836/1836 1838/1838/1838
f 1836/1836/1836 1835/1835/1835 1838/1838/1838
f 1835/1835/1835 1839/1839/1839 1838/1838/1838
f 570/570/570 565/565/565 548/548/548
f 571/571/571 570/570/570 552/552/552
f 954/954/954 953/953/953 959/959/959
f 959/959/959 953/953/953 960/960/960
f 953/953/953 958/958/958 960/960/960
f 585/585/585 574/574/574 551/551/551
f 1338/1338/1338 1340/1340/1340 1341/1341/1341
f 688/688/688 689/689/689 687/687/687
f 930/930/930 937/937/937 929/929/929
f 1145/1145/1145 1147/1147/1147 1146/1146/1146
f 1304/1304/1304 1305/1305/1305 1296/1296/1296
f 1305/1305/1305 1303/1303/1303 1296/1296/1296
f 1912/1912/1912 1886/1886/1886 1883/1883/1883
f 1912/1912/1912 1883/1883/1883 1889/1889/1889
f 1886/1886/1886 1885/1885/1885 1883/1883/1883
f 1887/1887/1887 1888/1888/1888 1885/1885/1885
f 1886/1886/1886 1887/1887/1887 1885/1885/1885
f 1869/1869/1869 1870/1870/1870 1871/1871/1871
f 1871/1871/1871 1870/1870/1870 1876/1876/1876
f 1870/1870/1870 1915/1915/1915 1876/1876/1876
f 1890/1890/1890 1912/1912/1912 1889/1889/1889
f 1912/1912/1912 1887/1887/1887 1886/1886/1886
f 1867/1867/1867 1868/1868/1868 1869/1869/1869
f 1869/1869/1869 1868/1868/1868 1870/1870/1870
f 1870/1870/1870 1916/1916/1916 1915/1915/1915
f 1934/1934/1934 1938/1938/1938 1940/1940/1940
f 1782/1782/1782 1784/1784/1784 1780/1780/1780
f 1933/1933/1933 1936/1936/1936 1934/1934/1934
f 1909/1909/1909 1894/1894/1894 1912/1912/1912
f 1937/1937/1937 1936/1936/1936 1933/1933/1933
f 1916/1916/1916 1929/1929/1929 1915/1915/1915
f 788/788/788 787/787/787 810/810/810
f 1948/1948/1948 1944/1944/1944 1945/1945/1945
f 1944/1944/1944 1941/1941/1941 1945/1945/1945
f 1941/1941/1941 1942/1942/1942 1943/1943/1943
f 1944/1944/1944 1942/1942/1942 1941/1941/1941
f 810/810/810 787/787/787 825/825/825
f 787/787/787 795/795/795 807/807/807
f 812/812/812 816/816/816 805/805/805
f 1579/1579/1579 1580/1580/1580 1577/1577/1577
f 1848/1848/1848 1836/1836/1836 1850/1850/1850
f 1325/1325/1325 1324/1324/1324 1319/1319/1319
f 566/566/566 572/572/572 567/567/567
f 1571/1571/1571 1568/1568/1568 1567/1567/1567
f 957/957/957 954/954/954 962/962/962
f 967/967/967 970/970/970 958/958/958
f 568/568/568 571/571/571 552/552/552
f 501/501/501 497/497/497 500/500/500
f 1303/1303/1303 1309/1309/1309 1297/1297/1297
f 1883/1883/1883 1884/1884/1884 1881/1881/1881
f 924/924/924 925/925/925 918/918/918
f 925/925/925 921/921/921 918/918/918
f 1883/1883/1883 1885/1885/1885 1884/1884/1884
f 1943/1943/1943 1950/1950/1950 1949/1949/1949
f 745/745/745 758/758/758 759/759/759
f 758/758/758 770/770/770 759/759/759
f 798/798/798 812/812/812 805/805/805
f 1209/1209/1209 1210/1210/1210 1211/1211/1211
f 261/261/261 274/274/274 275/275/275
f 1608/1608/1608 1601/1601/1601 1609/1609/1609
f 570/570/570 573/573/573 565/565/565
f 1384/1384/1384 1393/1393/1393 1390/1390/1390
f 953/953/953 944/944/944 958/958/958
f 31/31/31 14/14/14 26/26/26
f 68/68/68 75/75/75 74/74/74
f 14/14/14 28/28/28 10/10/10
f 10/10/10 28/28/28 12/12/12
f 1343/1343/1343 1341/1341/1341 1340/1340/1340
f 939/939/939 937/937/937 930/930/930
f 1195/1195/1195 1189/1189/1189 1188/1188/1188
f 1195/1195/1195 1188/1188/1188 1196/1196/1196
f 1715/1715/1715 1719/1719/1719 1718/1718/1718
f 1188/1188/1188 1189/1189/1189 1187/1187/1187
f 1804/1804/1804 1805/1805/1805 1806/1806/1806
f 1804/1804/1804 1806/1806/1806 1809/1809/1809
f 1795/1795/1795 1791/1791/1791 1793/1793/1793
f 1651/1651/1651 1653/1653/1653 1654/1654/1654
f 1653/1653/1653 1652/1652/1652 1658/1658/1658
f 1941/1941/1941 1946/1946/1946 1945/1945/1945
f 1796/1796/1796 1791/1791/1791 1795/1795/1795
f 795/795/795 798/798/798 805/805/805
f 1606/1606/1606 1601/1601/1601 1608/1608/1608
f 1572/1572/1572 1568/1568/1568 1571/1571/1571
f 568/568/568 577/577/577 571/571/571
f 577/577/577 568/568/568 569/569/569
f 582/582/582 574/574/574 585/585/585
f 579/579/579 569/569/569 574/574/574
f 31/31/31 33/33/33 14/14/14
f 12/12/12 30/30/30 13/13/13
f 1160/1160/1160 1159/1159/1159 1162/1162/1162
f 753/753/753 743/743/743 750/750/750
f 1120/1120/1120 1145/1145/1145 1146/1146/1146
f 1166/1166/1166 1195/1195/1195 1196/1196/1196
f 1742/1742/1742 1749/1749/1749 1750/1750/1750
f 1308/1308/1308 1309/1309/1309 1303/1303/1303
f 1498/1498/1498 1503/1503/1503 1504/1504/1504
f 1734/1734/1734 1731/1731/1731 1733/1733/1733
f 1731/1731/1731 1732/1732/1732 1733/1733/1733
f 789/789/789 786/786/786 788/788/788
f 1805/1805/1805 1808/1808/1808 1807/1807/1807
f 1656/1656/1656 1651/1651/1651 1654/1654/1654
f 1619/1619/1619 1621/1621/1621 1622/1622/1622
f 1802/1802/1802 1803/1803/1803 1800/1800/1800
f 794/794/794 798/798/798 795/795/795
f 1849/1849/1849 1843/1843/1843 1848/1848/1848
f 1843/1843/1843 1845/1845/1845 1848/1848/1848
f 573/573/573 566/566/566 565/565/565
f 576/576/576 573/573/573 570/570/570
f 1387/1387/1387 1384/1384/1384 1386/1386/1386
f 571/571/571 576/576/576 570/570/570
f 33/33/33 32/32/32 14/14/14
f 28/28/28 14/14/14 32/32/32
f 28/28/28 29/29/29 12/12/12
f 1344/1344/1344 1343/1343/1343 1340/1340/1340
f 1345/1345/1345 1341/1341/1341 1343/1343/1343
f 1120/1120/1120 1143/1143/1143 1145/1145/1145
f 1310/1310/1310 1307/1307/1307 1304/1304/1304
f 1304/1304/1304 1307/1307/1307 1305/1305/1305
f 1305/1305/1305 1308/1308/1308 1303/1303/1303
f 1742/1742/1742 1748/1748/1748 1749/1749/1749
f 823/823/823 789/789/789 792/792/792
f 743/743/743 744/744/744 745/745/745
f 1499/1499/1499 1498/1498/1498 1504/1504/1504
f 790/790/790 786/786/786 789/789/789
f 1731/1731/1731 1735/1735/1735 1732/1732/1732
f 1651/1651/1651 1652/1652/1652 1653/1653/1653
f 786/786/786 787/787/787 788/788/788
f 744/744/744 758/758/758 745/745/745
f 786/786/786 794/794/794 787/787/787
f 787/787/787 794/794/794 795/795/795
f 1209/1209/1209 1208/1208/1208 1210/1210/1210
f 1848/1848/1848 1832/1832/1832 1836/1836/1836
f 1626/1626/1626 1625/1625/1625 1624/1624/1624
f 573/573/573 575/575/575 566/566/566
f 261/261/261 268/268/268 274/274/274
f 958/958/958 944/944/944 967/967/967
f 577/577/577 576/576/576 571/571/571
f 591/591/591 582/582/582 585/585/585
f 582/582/582 579/579/579 574/574/574
f 1307/1307/1307 1308/1308/1308 1305/1305/1305
f 1739/1739/1739 1748/1748/1748 1742/1742/1742
f 1461/1461/1461 1454/1454/1454 1455/1455/1455
f 1656/1656/1656 1657/1657/1657 1651/1651/1651
f 1651/1651/1651 1657/1657/1657 1652/1652/1652
f 1659/1659/1659 1652/1652/1652 1657/1657/1657
f 1207/1207/1207 1208/1208/1208 1209/1209/1209
f 1218/1218/1218 1209/1209/1209 1216/1216/1216
f 1323/1323/1323 1326/1326/1326 1325/1325/1325
f 575/575/575 572/572/572 566/566/566
f 1140/1140/1140 1142/1142/1142 1144/1144/1144
f 954/954/954 945/945/945 953/953/953
f 29/29/29 30/30/30 12/12/12
f 777/777/777 774/774/774 771/771/771
f 774/774/774 753/753/753 771/771/771
f 1169/1169/1169 1195/1195/1195 1166/1166/1166
f 1463/1463/1463 1460/1460/1460 1461/1461/1461
f 746/746/746 744/744/744 743/743/743
f 1498/1498/1498 1500/1500/1500 1503/1503/1503
f 823/823/823 822/822/822 789/789/789
f 758/758/758 769/769/769 770/770/770
f 1219/1219/1219 1221/1221/1221 1208/1208/1208
f 798/798/798 818/818/818 812/812/812
f 1327/1327/1327 1321/1321/1321 1329/1329/1329
f 1218/1218/1218 1207/1207/1207 1209/1209/1209
f 1597/1597/1597 1601/1601/1601 1606/1606/1606
f 1832/1832/1832 1835/1835/1835 1836/1836/1836
f 28/28/28 34/34/34 29/29/29
f 34/34/34 35/35/35 29/29/29
f 838/838/838 844/844/844 845/845/845
f 844/844/844 837/837/837 843/843/843
f 1460/1460/1460 1454/1454/1454 1461/1461/1461
f 1746/1746/1746 1748/1748/1748 1739/1739/1739
f 1499/1499/1499 1494/1494/1494 1498/1498/1498
f 794/794/794 818/818/818 798/798/798
f 1323/1323/1323 1327/1327/1327 1328/1328/1328
f 1605/1605/1605 1597/1597/1597 1606/1606/1606
f 1447/1447/1447 1439/1439/1439 1446/1446/1446
f 1672/1672/1672 1680/1680/1680 1679/1679/1679
f 1600/1600/1600 1601/1601/1601 1597/1597/1597
f 1833/1833/1833 1837/1837/1837 1835/1835/1835
f 581/581/581 573/573/573 576/576/576
f 1387/1387/1387 1391/1391/1391 1384/1384/1384
f 949/949/949 954/954/954 957/957/957
f 944/944/944 946/946/946 967/967/967
f 1393/1393/1393 1384/1384/1384 1391/1391/1391
f 579/579/579 580/580/580 577/577/577
f 32/32/32 34/34/34 28/28/28
f 35/35/35 30/30/30 29/29/29
f 1350/1350/1350 1347/1347/1347 1344/1344/1344
f 1120/1120/1120 1137/1137/1137 1143/1143/1143
f 838/838/838 837/837/837 844/844/844
f 1740/1740/1740 1739/1739/1739 1742/1742/1742
f 832/832/832 843/843/843 837/837/837
f 1498/1498/1498 1497/1497/1497 1500/1500/1500
f 822/822/822 790/790/790 789/789/789
f 1494/1494/1494 1497/1497/1497 1498/1498/1498
f 747/747/747 758/758/758 744/744/744
f 794/794/794 819/819/819 818/818/818
f 1672/1672/1672 1674/1674/1674 1673/1673/1673
f 1327/1327/1327 1329/1329/1329 1330/1330/1330
f 1328/1328/1328 1327/1327/1327 1330/1330/1330
f 1596/1596/1596 1600/1600/1600 1597/1597/1597
f 949/949/949 945/945/945 954/954/954
f 580/580/580 576/576/576 577/577/577
f 1347/1347/1347 1343/1343/1343 1344/1344/1344
f 1465/1465/1465 1464/1464/1464 1463/1463/1463
f 831/831/831 832/832/832 837/837/837
f 1739/1739/1739 1741/1741/1741 1746/1746/1746
f 822/822/822 821/821/821 790/790/790
f 1494/1494/1494 1493/1493/1493 1497/1497/1497
f 1492/1492/1492 1493/1493/1493 1494/1494/1494
f 815/815/815 786/786/786 790/790/790
f 1673/1673/1673 1674/1674/1674 1675/1675/1675
f 839/839/839 842/842/842 840/840/840
f 1597/1597/1597 1605/1605/1605 1603/1603/1603
f 1328/1328/1328 1326/1326/1326 1323/1323/1323
f 734/734/734 733/733/733 732/732/732
f 733/733/733 730/730/730 732/732/732
f 1832/1832/1832 1833/1833/1833 1835/1835/1835
f 580/580/580 584/584/584 576/576/576
f 591/591/591 587/587/587 582/582/582
f 582/582/582 587/587/587 579/579/579
f 587/587/587 583/583/583 579/579/579
f 505/505/505 508/508/508 507/507/507
f 435/435/435 430/430/430 436/436/436
f 33/33/33 36/36/36 32/32/32
f 37/37/37 34/34/34 32/32/32
f 778/778/778 774/774/774 777/777/777
f 1115/1115/1115 1120/1120/1120 1117/1117/1117
f 753/753/753 748/748/748 743/743/743
f 1143/1143/1143 1137/1137/1137 1139/1139/1139
f 1738/1738/1738 1739/1739/1739 1740/1740/1740
f 1738/1738/1738 1741/1741/1741 1739/1739/1739
f 831/831/831 830/830/830 832/832/832
f 1741/1741/1741 1747/1747/1747 1746/1746/1746
f 746/746/746 747/747/747 744/744/744
f 1459/1459/1459 1457/1457/1457 1450/1450/1450
f 821/821/821 815/815/815 790/790/790
f 1495/1495/1495 1493/1493/1493 1492/1492/1492
f 1450/1450/1450 1457/1457/1457 1452/1452/1452
f 815/815/815 794/794/794 786/786/786
f 819/819/819 794/794/794 815/815/815
f 1598/1598/1598 1603/1603/1603 1604/1604/1604
f 1675/1675/1675 1674/1674/1674 1676/1676/1676
f 1597/1597/1597 1603/1603/1603 1598/1598/1598
f 841/841/841 839/839/839 836/836/836
f 581/581/581 586/586/586 573/573/573
f 586/586/586 575/575/575 573/573/573
f 943/943/943 945/945/945 949/949/949
f 943/943/943 944/944/944 945/945/945
f 943/943/943 946/946/946 944/944/944
f 584/584/584 581/581/581 576/576/576
f 252/252/252 258/258/258 259/259/259
f 38/38/38 33/33/33 31/31/31
f 36/36/36 37/37/37 32/32/32
f 1116/1116/1116 1115/1115/1115 1117/1117/1117
f 837/837/837 833/833/833 831/831/831
f 833/833/833 837/837/837 838/838/838
f 1741/1741/1741 1745/1745/1745 1747/1747/1747
f 831/831/831 829/829/829 830/830/830
f 1496/1496/1496 1501/1501/1501 1493/1493/1493
f 829/829/829 828/828/828 830/830/830
f 1495/1495/1495 1496/1496/1496 1493/1493/1493
f 1523/1523/1523 1496/1496/1496 1495/1495/1495
f 827/827/827 828/828/828 829/829/829
f 747/747/747 763/763/763 758/758/758
f 1523/1523/1523 1502/1502/1502 1496/1496/1496
f 1676/1676/1676 1674/1674/1674 1677/1677/1677
f 827/827/827 839/839/839 828/828/828
f 839/839/839 840/840/840 828/828/828
f 1598/1598/1598 1604/1604/1604 1602/1602/1602
f 1674/1674/1674 1678/1678/1678 1677/1677/1677
f 836/836/836 839/839/839 827/827/827
f 1596/1596/1596 1598/1598/1598 1599/1599/1599
f 1596/1596/1596 1597/1597/1597 1598/1598/1598
f 1132/1132/1132 1142/1142/1142 1140/1140/1140
f 1387/1387/1387 1392/1392/1392 1391/1391/1391
f 583/583/583 588/588/588 580/580/580
f 597/597/597 587/587/587 591/591/591
f 38/38/38 36/36/36 33/33/33
f 37/37/37 35/35/35 34/34/34
f 1115/1115/1115 1118/1118/1118 1120/1120/1120
f 748/748/748 746/746/746 743/743/743
f 1467/1467/1467 1466/1466/1466 1465/1465/1465
f 1466/1466/1466 1464/1464/1464 1465/1465/1465
f 1137/1137/1137 1135/1135/1135 1139/1139/1139
f 1460/1460/1460 1469/1469/1469 1459/1459/1459
f 1469/1469/1469 1457/1457/1457 1459/1459/1459
f 833/833/833 829/829/829 831/831/831
f 1738/1738/1738 1743/1743/1743 1741/1741/1741
f 833/833/833 834/834/834 829/829/829
f 1743/1743/1743 1744/1744/1744 1741/1741/1741
f 1741/1741/1741 1744/1744/1744 1745/1745/1745
f 1607/1607/1607 1602/1602/1602 1604/1604/1604
f 834/834/834 827/827/827 829/829/829
f 1751/1751/1751 1744/1744/1744 1743/1743/1743
f 836/836/836 827/827/827 834/834/834
f 1599/1599/1599 1598/1598/1598 1602/1602/1602
f 1828/1828/1828 1832/1832/1832 1830/1830/1830
f 1138/1138/1138 1132/1132/1132 1140/1140/1140
f 735/735/735 733/733/733 734/734/734
f 584/584/584 586/586/586 581/581/581
f 597/597/597 594/594/594 587/587/587
f 35/35/35 40/40/40 30/30/30
f 774/774/774 748/748/748 753/753/753
f 1177/1177/1177 1176/1176/1176 1161/1161/1161
f 1118/1118/1118 1137/1137/1137 1120/1120/1120
f 1464/1464/1464 1469/1469/1469 1460/1460/1460
f 1135/1135/1135 1141/1141/1141 1139/1139/1139
f 1471/1471/1471 1458/1458/1458 1457/1457/1457
f 1496/1496/1496 1502/1502/1502 1501/1501/1501
f 835/835/835 834/834/834 833/833/833
f 835/835/835 836/836/836 834/834/834
f 1828/1828/1828 1833/1833/1833 1832/1832/1832
f 948/948/948 949/949/949 956/956/956
f 1700/1700/1700 1699/1699/1699 1705/1705/1705
f 588/588/588 584/584/584 580/580/580
f 587/587/587 590/590/590 583/583/583
f 38/38/38 39/39/39 36/36/36
f 435/435/435 428/428/428 430/430/430
f 36/36/36 39/39/39 37/37/37
f 41/41/41 35/35/35 37/37/37
f 1116/1116/1116 1114/1114/1114 1115/1115/1115
f 1113/1113/1113 1118/1118/1118 1115/1115/1115
f 1137/1137/1137 1133/1133/1133 1135/1135/1135
f 1501/1501/1501 1518/1518/1518 1516/1516/1516
f 1813/1813/1813 1834/1834/1834 1812/1812/1812
f 742/742/742 764/764/764 747/747/747
f 764/764/764 763/763/763 747/747/747
f 835/835/835 841/841/841 836/836/836
f 1138/1138/1138 1130/1130/1130 1132/1132/1132
f 592/592/592 575/575/575 586/586/586
f 590/590/590 588/588/588 583/583/583
f 39/39/39 42/42/42 37/37/37
f 41/41/41 40/40/40 35/35/35
f 1114/1114/1114 1113/1113/1113 1115/1115/1115
f 1512/1512/1512 1521/1521/1521 1513/1513/1513
f 1118/1118/1118 1119/1119/1119 1137/1137/1137
f 1515/1515/1515 1516/1516/1516 1512/1512/1512
f 1811/1811/1811 1813/1813/1813 1812/1812/1812
f 1813/1813/1813 1821/1821/1821 1834/1834/1834
f 1821/1821/1821 1830/1830/1830 1834/1834/1834
f 1711/1711/1711 1701/1701/1701 1683/1683/1683
f 956/956/956 955/955/955 948/948/948
f 584/584/584 595/595/595 586/586/586
f 416/416/416 415/415/415 417/417/417
f 594/594/594 590/590/590 587/587/587
f 42/42/42 41/41/41 37/37/37
f 147/147/147 143/143/143 144/144/144
f 778/778/778 772/772/772 774/774/774
f 1113/1113/1113 1119/1119/1119 1118/1118/1118
f 1119/1119/1119 1133/1133/1133 1137/1137/1137
f 1819/1819/1819 1818/1818/1818 1811/1811/1811
f 1818/1818/1818 1814/1814/1814 1811/1811/1811
f 746/746/746 749/749/749 747/747/747
f 1811/1811/1811 1814/1814/1814 1813/1813/1813
f 1505/1505/1505 1501/1501/1501 1502/1502/1502
f 1135/1135/1135 1134/1134/1134 1141/1141/1141
f 749/749/749 742/742/742 747/747/747
f 1821/1821/1821 1817/1817/1817 1830/1830/1830
f 1817/1817/1817 1828/1828/1828 1830/1830/1830
f 1827/1827/1827 1831/1831/1831 1828/1828/1828
f 1131/1131/1131 1132/1132/1132 1130/1130/1130
f 596/596/596 592/592/592 586/586/586
f 1700/1700/1700 1705/1705/1705 1703/1703/1703
f 1706/1706/1706 1701/1701/1701 1702/1702/1702
f 1701/1701/1701 1700/1700/1700 1702/1702/1702
f 588/588/588 595/595/595 584/584/584
f 428/428/428 426/426/426 429/429/429
f 1517/1517/1517 1521/1521/1521 1512/1512/1512
f 1820/1820/1820 1816/1816/1816 1819/1819/1819
f 1816/1816/1816 1818/1818/1818 1819/1819/1819
f 1133/1133/1133 1134/1134/1134 1135/1135/1135
f 1815/1815/1815 1817/1817/1817 1813/1813/1813
f 1813/1813/1813 1817/1817/1817 1821/1821/1821
f 1817/1817/1817 1827/1827/1827 1828/1828/1828
f 738/738/738 733/733/733 735/735/735
f 1683/1683/1683 1706/1706/1706 1685/1685/1685
f 1829/1829/1829 1831/1831/1831 1827/1827/1827
f 280/280/280 265/265/265 257/257/257
f 1702/1702/1702 1700/1700/1700 1703/1703/1703
f 503/503/503 504/504/504 505/505/505
f 43/43/43 39/39/39 38/38/38
f 142/142/142 143/143/143 147/147/147
f 772/772/772 755/755/755 748/748/748
f 1110/1110/1110 1113/1113/1113 1114/1114/1114
f 1110/1110/1110 1112/1112/1112 1113/1113/1113
f 1112/1112/1112 1119/1119/1119 1113/1113/1113
f 1517/1517/1517 1522/1522/1522 1521/1521/1521
f 748/748/748 755/755/755 746/746/746
f 1466/1466/1466 1470/1470/1470 1468/1468/1468
f 1133/1133/1133 1136/1136/1136 1134/1134/1134
f 1505/1505/1505 1506/1506/1506 1508/1508/1508
f 1136/1136/1136 1130/1130/1130 1134/1134/1134
f 1134/1134/1134 1130/1130/1130 1138/1138/1138
f 285/285/285 280/280/280 257/257/257
f 421/421/421 423/423/423 422/422/422
f 588/588/588 599/599/599 595/595/595
f 588/588/588 598/598/598 599/599/599
f 281/281/281 251/251/251 260/260/260
f 590/590/590 598/598/598 588/588/588
f 401/401/401 409/409/409 403/403/403
f 424/424/424 426/426/426 428/428/428
f 1121/1121/1121 1133/1133/1133 1119/1119/1119
f 1517/1517/1517 1516/1516/1516 1519/1519/1519
f 1823/1823/1823 1816/1816/1816 1820/1820/1820
f 779/779/779 764/764/764 742/742/742
f 1685/1685/1685 1688/1688/1688 1686/1686/1686
f 1131/1131/1131 1130/1130/1130 1129/1129/1129
f 182/182/182 183/183/183 194/194/194
f 260/260/260 279/279/279 282/282/282
f 402/402/402 401/401/401 403/403/403
f 600/600/600 590/590/590 594/594/594
f 256/256/256 251/251/251 281/281/281
f 43/43/43 44/44/44 39/39/39
f 44/44/44 42/42/42 39/39/39
f 143/143/143 135/135/135 144/144/144
f 135/135/135 139/139/139 144/144/144
f 755/755/755 749/749/749 746/746/746
f 1112/1112/1112 1121/1121/1121 1119/1119/1119
f 1506/1506/1506 1509/1509/1509 1508/1508/1508
f 1686/1686/1686 1687/1687/1687 1682/1682/1682
f 1126/1126/1126 1130/1130/1130 1136/1136/1136
f 1826/1826/1826 1827/1827/1827 1817/1817/1817
f 1126/1126/1126 1129/1129/1129 1130/1130/1130
f 1706/1706/1706 1702/1702/1702 1707/1707/1707
f 1702/1702/1702 1703/1703/1703 1704/1704/1704
f 401/401/401 411/411/411 409/409/409
f 424/424/424 425/425/425 426/426/426
f 149/149/149 141/141/141 147/147/147
f 135/135/135 143/143/143 142/142/142
f 1519/1519/1519 1522/1522/1522 1517/1517/1517
f 1110/1110/1110 1111/1111/1111 1112/1112/1112
f 1122/1122/1122 1121/1121/1121 1112/1112/1112
f 1520/1520/1520 1519/1519/1519 1516/1516/1516
f 1121/1121/1121 1136/1136/1136 1133/1133/1133
f 1125/1125/1125 1129/1129/1129 1126/1126/1126
f 712/712/712 711/711/711 710/710/710
f 1688/1688/1688 1706/1706/1706 1707/1707/1707
f 116/116/116 122/122/122 151/151/151
f 1707/1707/1707 1702/1702/1702 1704/1704/1704
f 280/280/280 279/279/279 265/265/265
f 427/427/427 425/425/425 424/424/424
f 146/146/146 141/141/141 149/149/149
f 147/147/147 141/141/141 142/142/142
f 137/137/137 142/142/142 141/141/141
f 137/137/137 135/135/135 142/142/142
f 135/135/135 132/132/132 139/139/139
f 1111/1111/1111 1122/1122/1122 1112/1112/1112
f 1520/1520/1520 1525/1525/1525 1519/1519/1519
f 749/749/749 767/767/767 742/742/742
f 1509/1509/1509 1524/1524/1524 1520/1520/1520
f 1125/1125/1125 1126/1126/1126 1121/1121/1121
f 1121/1121/1121 1126/1126/1126 1136/1136/1136
f 701/701/701 704/704/704 681/681/681
f 1688/1688/1688 1707/1707/1707 1687/1687/1687
f 111/111/111 116/116/116 151/151/151
f 117/117/117 122/122/122 116/116/116
f 124/124/124 122/122/122 117/117/117
f 123/123/123 124/124/124 117/117/117
f 395/395/395 401/401/401 402/402/402
f 187/187/187 181/181/181 184/184/184
f 400/400/400 411/411/411 401/401/401
f 283/283/283 256/256/256 281/281/281
f 264/264/264 256/256/256 283/283/283
f 137/137/137 136/136/136 135/135/135
f 776/776/776 773/773/773 755/755/755
f 755/755/755 767/767/767 749/749/749
f 1111/1111/1111 1123/1123/1123 1122/1122/1122
f 1128/1128/1128 1124/1124/1124 1123/1123/1123
f 1123/1123/1123 1124/1124/1124 1122/1122/1122
f 1124/1124/1124 1121/1121/1121 1122/1122/1122
f 1125/1125/1125 1121/1121/1121 1124/1124/1124
f 1687/1687/1687 1710/1710/1710 1712/1712/1712
f 1127/1127/1127 1125/1125/1125 1124/1124/1124
f 740/740/740 741/741/741 742/742/742
f 1687/1687/1687 1707/1707/1707 1710/1710/1710
f 1707/1707/1707 1709/1709/1709 1710/1710/1710
f 400/400/400 401/401/401 395/395/395
f 180/180/180 181/181/181 187/187/187
f 145/145/145 146/146/146 148/148/148
f 145/145/145 141/141/141 146/146/146
f 431/431/431 425/425/425 427/427/427
f 138/138/138 137/137/137 141/141/141
f 136/136/136 131/131/131 135/135/135
f 131/131/131 132/132/132 135/135/135
f 131/131/131 105/105/105 132/132/132
f 773/773/773 780/780/780 767/767/767
f 780/780/780 740/740/740 767/767/767
f 1128/1128/1128 1127/1127/1127 1124/1124/1124
f 110/110/110 116/116/116 111/111/111
f 117/117/117 116/116/116 110/110/110
f 123/123/123 117/117/117 118/118/118
f 394/394/394 400/400/400 395/395/395
f 120/120/120 125/125/125 123/123/123
f 140/140/140 145/145/145 148/148/148
f 118/118/118 117/117/117 115/115/115
f 176/176/176 175/175/175 177/177/177
f 393/393/393 394/394/394 395/395/395
f 120/120/120 123/123/123 118/118/118
f 131/131/131 136/136/136 128/128/128
f 127/127/127 105/105/105 131/131/131
f 110/110/110 111/111/111 104/104/104
f 115/115/115 117/117/117 112/112/112
f 121/121/121 120/120/120 119/119/119
f 140/140/140 141/141/141 145/145/145
f 432/432/432 425/425/425 431/431/431
f 432/432/432 433/433/433 425/425/425
f 134/134/134 128/128/128 137/137/137
f 128/128/128 136/136/136 137/137/137
f 128/128/128 127/127/127 131/131/131
f 106/106/106 105/105/105 127/127/127
f 99/99/99 105/105/105 106/106/106
f 99/99/99 104/104/104 105/105/105
f 99/99/99 98/98/98 104/104/104
f 98/98/98 110/110/110 104/104/104
f 109/109/109 110/110/110 98/98/98
f 112/112/112 110/110/110 109/109/109
f 396/396/396 393/393/393 397/397/397
f 393/393/393 396/396/396 394/394/394
f 185/185/185 179/179/179 186/186/186
f 119/119/119 120/120/120 118/118/118
f 138/138/138 141/141/141 140/140/140
f 134/134/134 137/137/137 138/138/138
f 121/121/121 114/114/114 150/150/150
f 121/121/121 119/119/119 114/114/114
f 133/133/133 138/138/138 140/140/140
f 133/133/133 134/134/134 138/138/138
f 106/106/106 127/127/127 128/128/128
f 398/398/398 396/396/396 397/397/397
f 113/113/113 118/118/118 115/115/115
f 119/119/119 118/118/118 113/113/113
f 133/133/133 129/129/129 134/134/134
f 128/128/128 134/134/134 129/129/129
f 102/102/102 106/106/106 128/128/128
f 97/97/97 98/98/98 99/99/99
f 97/97/97 109/109/109 98/98/98
f 112/112/112 109/109/109 97/97/97
f 405/405/405 399/399/399 404/404/404
f 399/399/399 398/398/398 397/397/397
f 399/399/399 397/397/397 404/404/404
f 113/113/113 115/115/115 112/112/112
f 102/102/102 128/128/128 129/129/129
f 100/100/100 106/106/106 102/102/102
f 100/100/100 99/99/99 106/106/106
f 100/100/100 97/97/97 99/99/99
f 107/107/107 112/112/112 97/97/97
f 113/113/113 112/112/112 107/107/107
f 130/130/130 129/129/129 133/133/133
f 407/407/407 399/399/399 405/405/405
f 114/114/114 113/113/113 108/108/108
f 108/108/108 113/113/113 107/107/107
f 126/126/126 129/129/129 130/130/130
f 126/126/126 102/102/102 129/129/129
f 103/103/103 102/102/102 126/126/126
f 101/101/101 102/102/102 103/103/103
f 101/101/101 100/100/100 102/102/102
f 101/101/101 97/97/97 100/100/100
f 108/108/108 107/107/107 101/101/101
f 107/107/107 97/97/97 101/101/101

