# https://github.com/mikedh/trimesh
mtllib sam3_lamp_02.mtl
usemtl material_0
v 0.05499081 0.08572444 -0.13112293
v 0.09333960 0.12055856 -0.09713425
v 0.07730039 0.10632039 -0.11065657
v 0.01117142 0.12064906 0.12229918
v -0.01350972 0.12985162 0.12006422
v -0.01169735 0.07855562 0.12986009
v 0.01522961 0.06747112 0.13169898
v 0.00885398 0.01195877 0.13958840
v -0.01459811 0.01086466 0.13873440
v -0.00559785 0.19903737 0.10942587
v 0.03131483 0.06025077 0.13078696
v 0.03032066 0.00946821 0.13753231
v 0.03550072 0.11167275 0.12072453
v 0.01622977 0.20077182 0.10865466
v 0.00342314 0.17668340 0.11372823
v 0.03082843 0.19932158 0.10618509
v 0.05741399 0.00844736 0.13040486
v 0.05871676 0.06694917 0.12104399
v 0.05924594 0.11540626 0.11086837
v 0.06201698 0.19840638 0.09326564
v 0.07261813 0.05928767 0.11604930
v 0.09303573 0.00719553 0.11328576
v 0.06804354 0.14636229 0.09999844
v 0.08931302 0.06628741 0.10446446
v 0.08985965 0.14437608 0.08343250
v 0.08462620 0.19878280 0.07600368
v 0.02605818 0.20572212 0.10292714
v 0.05141073 0.20295413 0.09463680
v -0.00067093 0.20720305 0.10461570
v -0.04158441 0.09683865 0.11959931
v -0.04228277 0.01585191 0.13168579
v -0.04790559 0.04778650 0.12550266
v -0.03359786 0.16760720 0.10723139
v -0.04398218 0.19840235 0.09617776
v -0.02230782 0.20837399 0.09795689
v -0.06431212 0.09425428 0.10934500
v -0.06494129 0.06983659 0.11385089
v -0.05389132 0.15651408 0.09944557
v -0.07285216 0.02785508 0.11522819
v -0.06853528 0.01664489 0.11777698
v -0.06248748 0.19652292 0.08270449
v -0.04669316 0.20924158 0.08634481
v -0.08326414 0.05718466 0.10190006
v -0.08135191 0.14474042 0.07996165
v -0.08925256 0.09697906 0.08603683
v -0.09553964 0.02582405 0.09570263
v -0.10336655 0.06117037 0.08042418
v -0.07909671 0.19434290 0.06613620
v -0.10972355 0.02572592 0.07966477
v -0.07866243 0.20772542 0.05601999
v 0.04645117 0.11769085 -0.12815860
v 0.07371955 0.16262580 -0.09890638
v 0.05499081 0.08572444 -0.13112293
v 0.09333960 0.12055856 -0.09713425
v 0.06837752 0.18550380 -0.09489667
v 0.08585891 0.17470790 -0.08569563
v 0.04508952 0.17892170 -0.10910771
v 0.07845368 0.21027842 -0.07628937
v 0.06308378 0.20799913 -0.08855064
v 0.03987569 0.21392712 -0.09588954
v 0.09609847 0.20366403 -0.06131145
v 0.02468136 0.16737181 -0.11801096
v 0.00639268 0.10595695 -0.13957280
v 0.02252403 0.09621534 -0.13939120
v 0.01735482 0.20905645 -0.10270634
v 0.00528928 0.17889749 -0.11651446
v 0.00768011 0.07516065 -0.14535534
v 0.04534905 0.05906549 -0.14034094
v 0.03688276 0.03800773 -0.14519295
v 0.00240763 0.04177590 -0.14895910
v 0.00773000 0.21595728 -0.09957296
v -0.01877099 0.16234195 -0.12001888
v -0.01208250 0.08775059 -0.14194112
v -0.03132008 0.12627515 -0.12806338
v -0.01634901 0.20629358 -0.10176188
v -0.01608219 0.04046358 -0.14606014
v -0.03055400 0.07761133 -0.13983449
v -0.03402352 0.04035424 -0.14228207
v -0.03866288 0.17416732 -0.10932192
v -0.03222519 0.21645407 -0.09010281
v -0.04976388 0.11114589 -0.12492638
v -0.05130005 0.16625772 -0.10635155
v -0.05230128 0.04125979 -0.13588533
v -0.04819890 0.08210162 -0.13188452
v -0.05708607 0.18295041 -0.09533163
v -0.06419563 0.08965380 -0.12155592
v -0.06662317 0.13802844 -0.10628402
v -0.05296655 0.21501403 -0.07815520
v -0.07758566 0.04021016 -0.12049419
v -0.08166854 0.09293466 -0.10796036
v -0.11593596 0.13773209 -0.00555761
v -0.10868994 0.15325174 -0.03136842
v -0.11946487 0.10477919 -0.03842981
v -0.12763278 0.07572574 -0.02435271
v -0.12822054 0.08285001 -0.00096933
v -0.12577578 0.06279366 -0.04896034
v -0.13326694 0.03507940 -0.02759849
v -0.13437022 0.03890634 -0.00109574
v -0.10091696 0.18797040 -0.00473405
v -0.09736013 0.18943314 -0.02606679
v -0.10830283 0.16105439 0.01803967
v -0.09904373 0.18951148 0.02095757
v -0.11961488 0.11043946 0.02005315
v -0.12729244 0.03681653 -0.05335926
v -0.08697037 0.21341264 -0.02175927
v -0.09636419 0.17109227 -0.05119212
v -0.10814728 0.12971477 -0.05257782
v -0.12661946 0.06844938 0.02685635
v -0.13395929 0.03299938 -0.00852330
v -0.13125350 0.03135814 0.02489187
v -0.08863972 0.20976079 0.02827610
v -0.09243260 0.19026820 0.04970898
v -0.11944622 0.08401173 0.04357222
v -0.10338898 0.13640012 0.05403253
v -0.12560675 0.02752450 0.04706383
v -0.12360284 0.03345343 0.05337439
v -0.11154811 0.08661617 0.06324633
v -0.08747894 0.21172605 0.01790054
v -0.08321642 0.20138554 -0.05035385
v -0.07999928 0.21469720 -0.03984358
v -0.10443944 0.09244745 -0.08142762
v -0.09430250 0.14117096 -0.07509630
v -0.11477210 0.04074400 -0.07975290
v -0.07921637 0.17484412 -0.07814272
v -0.07866243 0.20772542 0.05601999
v -0.06926490 0.21371837 -0.06117761
v -0.09917219 0.07181510 -0.09440223
v -0.08085079 0.13587099 -0.09494177
v -0.06647421 0.19372581 -0.08042206
v -0.09755041 0.03977196 -0.10252807
v -0.08166854 0.09293466 -0.10796036
v -0.05296655 0.21501403 -0.07815520
v -0.05708607 0.18295041 -0.09533163
v -0.06662317 0.13802844 -0.10628402
v -0.07758566 0.04021016 -0.12049419
v -0.10972355 0.02572592 0.07966477
v -0.09422010 0.14050199 0.06612387
v -0.07909671 0.19434290 0.06613620
v -0.10336655 0.06117037 0.08042418
v -0.08135191 0.14474042 0.07996165
v -0.08925256 0.09697906 0.08603683
v 0.11962285 0.12786005 -0.03644019
v 0.10039318 0.16088729 -0.06281026
v 0.11114401 0.10639617 -0.06740637
v 0.10770473 0.18569033 -0.03244979
v 0.09689818 0.20521256 -0.04310232
v 0.12337801 0.06514294 -0.06581040
v 0.12948877 0.06588323 -0.04834741
v 0.13614447 0.02319698 -0.05003149
v 0.12865682 0.02589895 -0.06705622
v 0.10393643 0.20461524 -0.02484057
v 0.10871048 0.08156534 -0.08279189
v 0.11979834 0.02693680 -0.08233299
v 0.08427167 0.20799084 -0.06203986
v 0.08710041 0.16215579 -0.08188412
v 0.12384771 0.11864694 -0.02691046
v 0.11096394 0.18465105 -0.01649440
v 0.14132702 0.02002522 -0.02859679
v 0.13222954 0.07383569 -0.02450488
v 0.14121883 0.04482685 0.00328106
v 0.10837191 0.20276785 0.00345680
v 0.12814175 0.11388016 0.00178914
v 0.11619621 0.17105845 0.00211878
v 0.13429977 0.07813956 0.00336342
v 0.14438054 0.01781917 0.00221058
v 0.11126015 0.18483940 0.01627790
v 0.10563262 0.20299420 0.02268573
v 0.10458688 0.03814541 -0.09787601
v 0.10985944 0.02920771 -0.09654740
v 0.09494936 0.08169114 -0.09999393
v 0.09076382 0.10809150 -0.09523804
v 0.07509014 0.18266542 -0.08478675
v 0.07343102 0.20820257 -0.07306875
v 0.07603081 0.15356649 -0.09527541
v 0.08828619 0.03255981 -0.11555177
v 0.08700836 0.04905220 -0.11184270
v 0.06198677 0.17599300 -0.09651714
v 0.07029432 0.06704648 -0.12008138
v 0.06386583 0.03571675 -0.13101386
v 0.04755896 0.11687614 -0.12183472
v 0.05019666 0.07451638 -0.13108587
v 0.05665434 0.20880671 -0.08403919
v 0.05042012 0.21335593 -0.08752936
v 0.14058094 0.01414831 0.02579231
v 0.12443933 0.11516099 0.01958713
v 0.10743993 0.18180193 0.03256517
v 0.12895761 0.06149837 0.04156097
v 0.11895357 0.11871324 0.03699346
v 0.13478343 0.01168025 0.04861231
v 0.09827167 0.19715425 0.04538602
v 0.10620514 0.15216057 0.05093756
v 0.11334442 0.08730235 0.06461055
v 0.10922541 0.06299991 0.08114614
v 0.12450828 0.00952005 0.06870907
v 0.09284565 0.14239240 0.07753905
v 0.08604553 0.19793169 0.06371170
v 0.09820225 0.11098095 0.07979640
v 0.11436628 0.00864287 0.08563171
v 0.10053025 0.20085716 0.04416582
v 0.09751534 0.20853114 -0.04562658
v 0.10703088 0.20726638 -0.03019106
v 0.08213264 0.20273452 0.07164136
v -0.03607768 0.10491645 0.11625639
v -0.04264871 0.12655969 0.10901365
v -0.00818934 0.13420512 0.11602274
v -0.01140709 0.08165851 0.12604703
v -0.03383772 0.05345617 0.12531050
v -0.00751826 0.17203912 0.11008195
v -0.03123282 0.17271364 0.10226627
v -0.04906246 0.08024296 0.11599009
v -0.04507439 0.01477493 0.12727961
v -0.01443195 0.01444556 0.13352183
v -0.00311281 0.19666623 0.10428111
v -0.04253038 0.19603337 0.09040029
v -0.05012465 0.15728836 0.09705941
v -0.06245740 0.08586466 0.10844317
v -0.00488369 0.20426776 0.10031500
v -0.03165338 0.20481570 0.09050918
v -0.06202713 0.01536384 0.11783995
v -0.07805122 0.01723317 0.10784382
v -0.06266702 0.18724741 0.07929587
v 0.00984487 0.08625089 0.12612295
v 0.01034386 0.11067852 0.12042879
v 0.01422980 0.17202838 0.10984449
v 0.02432978 0.01084223 0.13374646
v -0.02889870 0.01217777 0.13389556
v 0.03181764 0.12879583 0.11426527
v 0.02947615 0.07344066 0.12592430
v 0.02437353 0.20201731 0.10051031
v 0.03206914 0.17314702 0.10572465
v 0.04737935 0.00975291 0.12895916
v 0.05244841 0.05087389 0.12190378
v 0.05613810 0.09397785 0.11303990
v 0.06803056 0.00771306 0.12158448
v 0.04290853 0.20066600 0.09379211
v 0.07274578 0.06431992 0.11138434
v 0.06217043 0.17592897 0.09234940
v 0.05828831 0.20100951 0.08724789
v 0.06830087 0.13665140 0.09770274
v 0.08728201 0.05370319 0.10498291
v 0.09316930 0.00780126 0.10739653
v -0.02109253 0.20542535 0.09467529
v -0.04669316 0.20924158 0.08634481
v -0.04520782 0.20498583 0.08296629
v 0.07321255 0.20071417 0.07636560
v 0.09284565 0.14239240 0.07753905
v 0.08598081 0.11137797 0.09077960
v 0.09820225 0.11098095 0.07979640
v 0.10175685 0.03918952 0.09396064
v 0.10922541 0.06299991 0.08114614
v 0.11436628 0.00864287 0.08563171
v 0.08604553 0.19793169 0.06371170
v 0.02605818 0.20572212 0.10292714
v -0.08839516 0.06445141 0.09056970
v -0.07792315 0.10149375 0.09081157
v -0.09326429 0.01969271 0.09398938
v -0.06052991 0.20270883 0.07094631
v -0.02230782 0.20837399 0.09795689
v -0.00067093 0.20720305 0.10461570
v -0.09612634 0.10758390 -0.08065785
v -0.08536373 0.14278315 -0.07986159
v -0.09228063 0.15009218 -0.06421643
v -0.10742514 0.09385324 -0.06563549
v -0.11035530 0.12172858 -0.04077836
v -0.09272764 0.17021628 -0.04782549
v -0.12212878 0.06478833 -0.04594131
v -0.10784259 0.06297839 -0.07935906
v -0.12172163 0.03738207 -0.05980996
v -0.10226111 0.16031878 -0.02784991
v -0.09444318 0.18578257 -0.02363266
v -0.12944856 0.03474741 -0.03577852
v -0.07433627 0.21248339 -0.04586907
v -0.08242006 0.21178435 -0.02334345
v -0.12598106 0.06344442 -0.02793518
v -0.11319280 0.12364344 -0.02113284
v -0.07463504 0.17601521 -0.07532301
v -0.10926057 0.04028547 -0.08251391
v -0.09291870 0.08807447 -0.09318157
v -0.09829691 0.18229654 -0.00043346
v -0.11149094 0.13660713 -0.00029543
v -0.12265738 0.09015891 0.00055470
v -0.12731636 0.06459387 -0.00115764
v -0.08563711 0.20907405 0.00032423
v -0.08747894 0.21172605 0.01790054
v -0.13110913 0.03479223 -0.00261750
v -0.10118384 0.16937476 0.01907743
v -0.11250919 0.12384626 0.01791973
v -0.09529686 0.18692595 0.01902106
v -0.12312575 0.07356445 0.02180123
v -0.12917490 0.03348509 0.01867512
v -0.08461124 0.20761618 0.02205321
v -0.06640909 0.20815863 -0.06096764
v -0.06543767 0.21494414 -0.06093363
v -0.07779232 0.13521406 -0.09237753
v -0.07983696 0.20573698 0.04598749
v -0.08748776 0.18661232 0.04863729
v -0.10971596 0.09502691 0.05352896
v -0.09879149 0.13742168 0.05416919
v -0.12244460 0.02870463 0.04910353
v -0.11466286 0.06862567 0.05362676
v -0.10925473 0.07431034 0.06361870
v -0.06491313 0.17662618 -0.08603669
v -0.09202474 0.04203315 -0.10260788
v -0.05162707 0.20867531 -0.07683096
v -0.05053181 0.21454111 -0.07731716
v -0.07939546 0.09515240 -0.10422873
v -0.13395929 0.03299938 -0.00852330
v -0.12560675 0.02752450 0.04706383
v -0.10623585 0.03569291 0.07707883
v -0.10961538 0.02442559 0.07410076
v -0.08161826 0.20885499 0.04249257
v -0.07866243 0.20772542 0.05601999
v -0.09550302 0.10107975 0.07243425
v -0.07612050 0.18562499 0.06518404
v -0.08417012 0.13834672 0.07443430
v -0.06909907 0.20466340 0.06139784
v -0.08839516 0.06445141 0.09056970
v -0.09326429 0.01969271 0.09398938
v -0.06266702 0.18724741 0.07929587
v -0.06052991 0.20270883 0.07094631
v -0.07792315 0.10149375 0.09081157
v -0.05997717 0.20672524 0.07223692
v 0.08161587 0.06997043 -0.11844053
v 0.07730039 0.10632039 -0.11065657
v 0.09688338 0.07697510 -0.10881897
v 0.09333960 0.12055856 -0.09713425
v 0.05499081 0.08572444 -0.13112293
v 0.06686439 0.03460316 -0.13408186
v 0.09143203 0.04269635 -0.11679263
v 0.04534905 0.05906549 -0.14034094
v 0.08561075 0.03313127 -0.12373929
v 0.04645117 0.11769085 -0.12815860
v 0.03688276 0.03800773 -0.14519295
v 0.02252403 0.09621534 -0.13939120
v 0.10976786 0.04075962 -0.10005624
v 0.11034465 0.02900608 -0.10263056
v 0.11001044 0.07299813 -0.09537796
v 0.12597947 0.02651616 -0.08162612
v 0.10887053 0.12425599 -0.07579541
v 0.08585891 0.17470790 -0.08569563
v 0.09609847 0.20366403 -0.06131145
v 0.12053988 0.07847615 -0.07717029
v 0.10314570 0.20239754 -0.04892042
v 0.13436878 0.02505797 -0.06582344
v 0.12007491 0.14959694 -0.03651814
v 0.11095269 0.20403503 -0.03047387
v 0.12688741 0.11157178 -0.04289545
v 0.13355230 0.06176116 -0.05302484
v 0.14089251 0.02370346 -0.04862561
v 0.09751534 0.20853114 -0.04562658
v 0.10703088 0.20726638 -0.03019106
v 0.12007720 0.15885262 0.01893823
v 0.11095219 0.17058139 0.04629565
v 0.11941612 0.13639618 0.03768557
v 0.13650540 0.06657785 0.02294226
v 0.13139309 0.06584245 0.04265800
v 0.13335763 0.10870860 0.00155148
v 0.13838753 0.01122171 0.05011920
v 0.14639099 0.01611379 0.01714326
v 0.14897670 0.01798256 0.00190670
v 0.11445779 0.19766462 0.02217479
v 0.10805731 0.19467768 0.04691468
v 0.12442360 0.15129140 0.00069399
v 0.11709198 0.19998011 0.00053780
v 0.11926293 0.08613577 0.06040465
v 0.10929994 0.13558993 0.05979998
v 0.12077819 0.00922624 0.08413155
v 0.10399143 0.10099416 0.08127046
v 0.09634856 0.16691339 0.07012372
v 0.11197887 0.20384607 0.02097931
v 0.08462620 0.19878280 0.07600368
v 0.08985965 0.14437608 0.08343250
v 0.10677517 0.00872365 0.10037764
v 0.08931302 0.06628741 0.10446446
v 0.09303573 0.00719553 0.11328576
v 0.10275454 0.20110570 0.04760975
v 0.13136983 0.10577739 -0.02547356
v 0.14497375 0.02011106 -0.03033135
v 0.11214989 0.20570883 0.00183771
v -0.01608219 0.04046358 -0.14606014
v 0.02309630 0.03934675 -0.14425905
v -0.00425189 0.04321690 -0.14408551
v 0.00449366 0.07127640 -0.14188233
v 0.02992703 0.06176883 -0.14011306
v 0.00851003 0.09144109 -0.13840373
v 0.03001565 0.10532351 -0.13042773
v 0.00718381 0.13167134 -0.12729074
v 0.04562110 0.15576594 -0.11163118
v 0.02597143 0.17400740 -0.11076736
v 0.00345388 0.16482687 -0.11671146
v 0.00521976 0.18768206 -0.10778125
v 0.02160245 0.20412268 -0.09835660
v 0.04600232 0.18162364 -0.10242707
v 0.02793381 0.21356893 -0.09457485
v 0.00962065 0.21493714 -0.09579705
v -0.00015377 0.20076889 -0.10028429
v 0.04755896 0.11687614 -0.12183472
v 0.05019666 0.07451638 -0.13108587
v 0.04833372 0.03778996 -0.13798307
v -0.01774758 0.15470205 -0.11761619
v -0.02670207 0.11441493 -0.12843047
v -0.01902007 0.18286231 -0.10692201
v -0.03120927 0.07761225 -0.13477084
v -0.03202673 0.04224023 -0.13905883
v -0.00992523 0.21260898 -0.09237651
v -0.03445091 0.16432638 -0.10934665
v 0.05665434 0.20880671 -0.08403919
v 0.06198677 0.17599300 -0.09651714
v 0.06386583 0.03571675 -0.13101386
v 0.07603081 0.15356649 -0.09527541
v -0.02128351 0.21118523 -0.08875787
v -0.04508629 0.18564907 -0.09574191
v -0.03358386 0.21108900 -0.08481324
v -0.05010771 0.09716293 -0.12323120
v -0.04963918 0.04200554 -0.13283780
v -0.05039927 0.16092379 -0.10369652
v -0.06398545 0.12667063 -0.10694835
v -0.05162707 0.20867531 -0.07683096
v -0.05053181 0.21454111 -0.07731716
v -0.06446698 0.07449362 -0.11883542
v -0.06737748 0.04113637 -0.12382655
v -0.07939546 0.09515240 -0.10422873
v -0.06491313 0.17662618 -0.08603669
v -0.07779232 0.13521406 -0.09237753
v -0.09202474 0.04203315 -0.10260788
v 0.05042012 0.21335593 -0.08752936
v -0.10972355 0.02572592 0.07966477
v -0.12560675 0.02752450 0.04706383
v -0.10961538 0.02442559 0.07410076
v -0.09326429 0.01969271 0.09398938
v -0.09553964 0.02582405 0.09570263
v -0.06853528 0.01664489 0.11777698
v -0.01608219 0.04046358 -0.14606014
v 0.00240763 0.04177590 -0.14895910
v 0.03688276 0.03800773 -0.14519295
v 0.14438054 0.01781917 0.00221058
v 0.14132702 0.02002522 -0.02859679
v 0.14497375 0.02011106 -0.03033135
v 0.14897670 0.01798256 0.00190670
v 0.14639099 0.01611379 0.01714326
v 0.13614447 0.02319698 -0.05003149
v 0.14058094 0.01414831 0.02579231
v 0.13838753 0.01122171 0.05011920
v 0.14089251 0.02370346 -0.04862561
v 0.13436878 0.02505797 -0.06582344
v 0.13478343 0.01168025 0.04861231
v 0.12450828 0.00952005 0.06870907
v 0.12865682 0.02589895 -0.06705622
v 0.12077819 0.00922624 0.08413155
v 0.11436628 0.00864287 0.08563171
v 0.09303573 0.00719553 0.11328576
v 0.09316930 0.00780126 0.10739653
v 0.06803056 0.00771306 0.12158448
v 0.11979834 0.02693680 -0.08233299
v 0.12597947 0.02651616 -0.08162612
v 0.10985944 0.02920771 -0.09654740
v 0.11034465 0.02900608 -0.10263056
v 0.08828619 0.03255981 -0.11555177
v 0.08561075 0.03313127 -0.12373929
v 0.06686439 0.03460316 -0.13408186
v 0.05741399 0.00844736 0.13040486
v 0.04737935 0.00975291 0.12895916
v 0.03032066 0.00946821 0.13753231
v 0.02432978 0.01084223 0.13374646
v -0.01459811 0.01086466 0.13873440
v -0.02889870 0.01217777 0.13389556
v 0.06386583 0.03571675 -0.13101386
v 0.04833372 0.03778996 -0.13798307
v 0.02309630 0.03934675 -0.14425905
v 0.10677517 0.00872365 0.10037764
v -0.08747894 0.21172605 0.01790054
v -0.08242006 0.21178435 -0.02334345
v -0.08697037 0.21341264 -0.02175927
v -0.07999928 0.21469720 -0.03984358
v -0.07433627 0.21248339 -0.04586907
v -0.06543767 0.21494414 -0.06093363
v -0.13125350 0.03135814 0.02489187
v -0.13395929 0.03299938 -0.00852330
v -0.12560675 0.02752450 0.04706383
v 0.08604553 0.19793169 0.06371170
v 0.07321255 0.20071417 0.07636560
v 0.08213264 0.20273452 0.07164136
v 0.05141073 0.20295413 0.09463680
v 0.05828831 0.20100951 0.08724789
v 0.04290853 0.20066600 0.09379211
v 0.02437353 0.20201731 0.10051031
v 0.02605818 0.20572212 0.10292714
v 0.10563262 0.20299420 0.02268573
v 0.11214989 0.20570883 0.00183771
v 0.10837191 0.20276785 0.00345680
v 0.10703088 0.20726638 -0.03019106
v 0.11197887 0.20384607 0.02097931
v 0.10053025 0.20085716 0.04416582
v 0.10275454 0.20110570 0.04760975
v 0.10393643 0.20461524 -0.02484057
v 0.09689818 0.20521256 -0.04310232
v 0.08462620 0.19878280 0.07600368
v 0.06201698 0.19840638 0.09326564
v 0.11095269 0.20403503 -0.03047387
v -0.07866243 0.20772542 0.05601999
v -0.08747894 0.21172605 0.01790054
v -0.08863972 0.20976079 0.02827610
v -0.00992523 0.21260898 -0.09237651
v 0.00962065 0.21493714 -0.09579705
v -0.03222519 0.21645407 -0.09010281
v -0.02128351 0.21118523 -0.08875787
v -0.03358386 0.21108900 -0.08481324
v -0.05053181 0.21454111 -0.07731716
v 0.05042012 0.21335593 -0.08752936
v 0.03987569 0.21392712 -0.09588954
v 0.02793381 0.21356893 -0.09457485
v 0.07845368 0.21027842 -0.07628937
v 0.00773000 0.21595728 -0.09957296
v 0.07343102 0.20820257 -0.07306875
v 0.08427167 0.20799084 -0.06203986
v 0.09751534 0.20853114 -0.04562658
v 0.09609847 0.20366403 -0.06131145
v -0.12729244 0.03681653 -0.05335926
v -0.11477210 0.04074400 -0.07975290
v -0.12172163 0.03738207 -0.05980996
v -0.10926057 0.04028547 -0.08251391
v -0.09755041 0.03977196 -0.10252807
v -0.13326694 0.03507940 -0.02759849
v -0.12944856 0.03474741 -0.03577852
v -0.13110913 0.03479223 -0.00261750
v -0.13395929 0.03299938 -0.00852330
v -0.07983696 0.20573698 0.04598749
v -0.07866243 0.20772542 0.05601999
v -0.06909907 0.20466340 0.06139784
v -0.05997717 0.20672524 0.07223692
v -0.04669316 0.20924158 0.08634481
v -0.04520782 0.20498583 0.08296629
v -0.03165338 0.20481570 0.09050918
v -0.06052991 0.20270883 0.07094631
v -0.06853528 0.01664489 0.11777698
v -0.06202713 0.01536384 0.11783995
v -0.04228277 0.01585191 0.13168579
v -0.04507439 0.01477493 0.12727961
v -0.02889870 0.01217777 0.13389556
v -0.07805122 0.01723317 0.10784382
v -0.09326429 0.01969271 0.09398938
v -0.01459811 0.01086466 0.13873440
v -0.06737748 0.04113637 -0.12382655
v -0.05230128 0.04125979 -0.13588533
v -0.04963918 0.04200554 -0.13283780
v -0.07758566 0.04021016 -0.12049419
v -0.09202474 0.04203315 -0.10260788
v -0.03402352 0.04035424 -0.14228207
v -0.03202673 0.04224023 -0.13905883
v -0.00425189 0.04321690 -0.14408551
v -0.09755041 0.03977196 -0.10252807
v -0.10926057 0.04028547 -0.08251391
v -0.01608219 0.04046358 -0.14606014
v -0.05053181 0.21454111 -0.07731716
v -0.03222519 0.21645407 -0.09010281
v -0.05296655 0.21501403 -0.07815520
v -0.06543767 0.21494414 -0.06093363
v -0.06926490 0.21371837 -0.06117761
v -0.07999928 0.21469720 -0.03984358
v -0.08336747 -0.14071743 -0.03254801
v -0.08001261 -0.14036722 -0.05270777
v -0.08044843 -0.16425867 -0.04946860
v -0.08224472 -0.16533215 -0.03215269
v -0.08110984 -0.17550199 -0.05086623
v -0.08153677 -0.16931662 -0.01971440
v -0.08088373 -0.18680732 -0.03487545
v -0.08153824 -0.18873689 -0.05653770
v -0.08143236 -0.14553848 -0.01416361
v -0.08015540 -0.18549471 -0.01988085
v -0.08022148 -0.20276964 -0.02924833
v -0.08272557 -0.20191374 -0.03830710
v -0.07990324 -0.20435418 -0.05346382
v -0.07513264 -0.20527124 -0.07127823
v -0.07401986 -0.16165878 -0.06960973
v -0.07517222 -0.18738310 -0.07314736
v -0.07496710 -0.14013840 -0.06712101
v -0.08792588 -0.10545774 -0.06620589
v -0.09899256 -0.09584507 -0.03997413
v -0.08838716 -0.09156308 -0.06963710
v -0.09605387 -0.07710607 -0.04340605
v -0.10163794 -0.08726905 -0.01455914
v -0.10067760 -0.10003120 -0.02628940
v -0.10085492 -0.09946177 0.00127057
v -0.09540315 -0.11611304 -0.02966170
v -0.09803464 -0.11278962 -0.00226235
v -0.08991341 -0.07602376 -0.06032523
v -0.07853460 -0.11066226 -0.08139975
v -0.09308739 -0.11428738 0.01920731
v -0.09896579 -0.08198036 0.00180656
v -0.06709524 -0.14040306 -0.08017570
v -0.06620830 -0.20120613 -0.08546899
v -0.06412757 -0.17500077 -0.08535882
v -0.07012767 -0.09219567 -0.09590192
v -0.07841263 -0.07683913 -0.08257651
v -0.06175983 -0.18638660 -0.09127158
v -0.06403667 -0.10881619 -0.09986957
v -0.09733710 -0.07507523 -0.01742091
v -0.08698898 -0.12825765 0.01543862
v -0.09142008 -0.10512070 0.02843072
v -0.09218747 -0.09096824 0.02683192
v -0.07420921 -0.16182643 0.00065197
v -0.07367323 -0.18681207 -0.00442359
v -0.07273999 -0.15063408 0.00639924
v -0.08159123 -0.12719224 0.03036652
v -0.07397543 -0.19889070 -0.01358331
v -0.06518750 -0.07500743 -0.09713309
v -0.06638434 -0.17817707 0.00430687
v -0.07759207 -0.10631994 0.04787297
v -0.06965055 -0.12115642 0.05041577
v -0.06479380 -0.13840613 0.03926250
v -0.05367531 -0.15544833 0.02563286
v -0.05220128 -0.16909076 0.02159560
v -0.05871063 -0.19439645 0.00696736
v -0.05914134 -0.11125758 0.06302118
v -0.05153614 -0.12472320 0.06253180
v 0.01352875 -0.15481803 -0.09171325
v 0.00356946 -0.15335305 -0.09784783
v 0.00836657 -0.16986401 -0.08576687
v -0.00880401 -0.17182446 -0.09709220
v 0.00238162 -0.13831489 -0.10993404
v 0.02369616 -0.16702491 -0.07086506
v 0.04281856 -0.13803849 -0.09367634
v 0.02504846 -0.13427567 -0.10652915
v 0.04190809 -0.12183143 -0.10572660
v 0.04555812 -0.14711295 -0.08008987
v 0.06082885 -0.13462035 -0.08027705
v 0.05988785 -0.11950131 -0.09262562
v 0.01954396 -0.11886520 -0.11643528
v 0.06393877 -0.14804910 -0.05465627
v 0.04677850 -0.15969591 -0.05629929
v 0.04114198 -0.16915046 -0.05172648
v 0.07739657 -0.13230200 -0.05756004
v 0.07518589 -0.12019938 -0.07389399
v 0.05948306 -0.15776901 -0.03209957
v 0.04869373 -0.16873895 -0.03129165
v 0.07705944 -0.14139964 -0.03422880
v -0.02153712 -0.14444788 -0.10668640
v -0.00386052 -0.12181108 -0.11888150
v 0.02198560 -0.10787469 -0.11742608
v -0.01816853 -0.15342207 -0.10392167
v -0.02352441 -0.17419127 -0.10026833
v 0.04367595 -0.10564169 -0.10683788
v 0.03667632 -0.17803003 -0.05547865
v 0.04150603 -0.18569949 -0.04758338
v -0.03694188 -0.15911946 -0.10121130
v 0.05815697 -0.10345817 -0.09437489
v 0.07428161 -0.10893337 -0.07566725
v -0.02814473 -0.11181033 -0.11854880
v -0.00826178 -0.10091872 -0.12200969
v 0.02297927 -0.09768283 -0.11564111
v -0.00389766 -0.09370200 -0.12087692
v 0.02840004 -0.19387513 -0.06785811
v 0.02503541 -0.17931679 -0.07353532
v 0.00464811 -0.19840896 -0.09140182
v 0.00421983 -0.18667620 -0.09173688
v -0.01522890 -0.18974398 -0.10012312
v -0.01344999 -0.20426121 -0.09893526
v -0.03927536 -0.19391817 -0.10082538
v -0.04587107 -0.20490420 -0.09911231
v -0.04552876 -0.17833437 -0.09802796
v -0.03702110 -0.12359890 -0.11120389
v -0.03575431 -0.09940793 -0.11818440
v -0.03522801 -0.14043124 -0.10388722
v -0.03124723 -0.08582401 -0.11762083
v 0.01197829 -0.09001093 -0.11543187
v 0.03870619 -0.09355672 -0.10356959
v -0.05411012 -0.19159506 -0.09512191
v -0.02996337 -0.07991333 -0.11444113
v -0.05058330 -0.07757649 -0.10695764
v 0.01564246 -0.16118915 0.02893189
v 0.04671511 -0.14561360 0.03455776
v 0.03174946 -0.16073270 0.01990637
v 0.03354970 -0.14066195 0.04988539
v 0.00745961 -0.14405069 0.05458037
v -0.00275075 -0.15894930 0.03675443
v 0.04380793 -0.13229300 0.05350525
v 0.01300150 -0.12769090 0.06761988
v -0.01710000 -0.14270270 0.05642264
v -0.00653690 -0.12915854 0.06828961
v -0.00297098 -0.18087025 0.02158084
v 0.01278484 -0.18217960 0.01473009
v -0.01905792 -0.17972262 0.02484630
v 0.06319270 -0.13025613 0.03990323
v 0.03320263 -0.18256357 -0.00209457
v -0.03165745 -0.13351835 0.06296618
v -0.03151622 -0.15219457 0.04180152
v -0.02418365 -0.16164352 0.03473317
v -0.03751500 -0.17040472 0.02778723
v 0.04688561 -0.11925540 0.05834205
v -0.03053392 -0.12021063 0.07021739
v -0.03066674 -0.18390690 0.02178617
v 0.00260876 -0.19441907 0.01574354
v -0.00189222 -0.11476938 0.07261698
v -0.04736343 -0.13922717 0.05057907
v -0.01523181 -0.11229490 0.07339236
v 0.01732248 -0.11216421 0.07054915
v -0.04613481 -0.12708065 0.06194990
v -0.04839746 -0.15855610 0.02661729
v -0.04996714 -0.18290217 0.01444404
v -0.05403457 -0.16644827 0.01953154
v -0.04803073 -0.11428248 0.06689905
v -0.05030397 -0.15065007 0.03170890
v -0.06460214 -0.12661627 0.04958627
v 0.02559197 -0.19402662 0.00012293
v -0.06281818 -0.13958251 0.03733221
v -0.06686585 -0.11687457 0.05302576
v -0.04025385 -0.10533497 0.06957921
v -0.02082766 -0.19570187 0.01991409
v -0.03978164 -0.19497569 0.01739035
v -0.05871063 -0.19439645 0.00696736
v -0.06501154 -0.14779498 0.01843897
v -0.06496412 -0.17709261 0.00429489
v -0.07932420 -0.12293980 0.03581227
v -0.06964902 -0.15345444 0.00619390
v -0.07042076 -0.10455603 0.05316260
v -0.08232416 -0.13025302 0.02045118
v 0.04202381 -0.10836899 0.05990073
v -0.05095645 -0.09464882 0.06212738
v -0.06828044 -0.09229196 0.05152788
v 0.04004474 -0.17292650 -0.05368935
v 0.04288870 -0.16397369 -0.05745279
v 0.04887687 -0.16578467 -0.04277274
v 0.02568361 -0.16274984 -0.07732869
v 0.04150603 -0.18569949 -0.04758338
v 0.02840004 -0.19387513 -0.06785811
v 0.02711560 -0.18006247 -0.07294554
v 0.00464811 -0.19840896 -0.09140182
v 0.00117451 -0.18812911 -0.09525858
v 0.00866249 -0.17085041 -0.08788327
v 0.02083755 -0.16908316 -0.07655195
v 0.01208229 -0.15575626 -0.09421086
v -0.01404006 -0.17041314 -0.10155647
v 0.04391688 -0.18545106 -0.03636359
v 0.05201452 -0.16578346 -0.03074785
v 0.05206396 -0.16580181 -0.01962361
v 0.03951127 -0.19223213 -0.01962117
v -0.02163973 -0.11594027 -0.12172876
v -0.01081478 -0.09413825 -0.12439279
v 0.00291890 -0.10870136 -0.12396000
v -0.03359772 -0.09604503 -0.12154862
v -0.00750840 -0.12973925 -0.11811873
v -0.04427116 -0.10177546 -0.11677851
v -0.04323009 -0.11761632 -0.11290730
v -0.01843032 -0.14747453 -0.10784923
v -0.03352970 -0.14345124 -0.10580389
v 0.02284357 -0.12048660 -0.11695393
v 0.00702459 -0.13801835 -0.11172721
v -0.00500111 -0.14993216 -0.10475409
v 0.02652776 -0.10753058 -0.11831815
v 0.02630906 -0.13533650 -0.10706685
v 0.04191739 -0.12129168 -0.10744526
v 0.02324799 -0.09624656 -0.11797755
v 0.04557505 -0.10516748 -0.10831188
v 0.05464619 -0.12256173 -0.09802451
v 0.05174487 -0.14030357 -0.08571601
v 0.03743655 -0.14300485 -0.09335902
v 0.07370687 -0.12812947 -0.07315299
v 0.06145722 -0.10552063 -0.09450716
v 0.07673434 -0.11138213 -0.07793920
v 0.06990045 -0.14359933 -0.05665131
v 0.08275536 -0.13272692 -0.04774618
v 0.08845215 -0.11703949 -0.05143793
v 0.06600625 -0.15491876 -0.02986830
v 0.08153260 -0.13875355 -0.03228544
v 0.08358542 -0.10789802 -0.06342484
v 0.09005781 -0.12235026 -0.03389137
v 0.08825228 -0.12554181 -0.00691813
v 0.09087226 -0.11179338 -0.02259516
v -0.03669486 -0.18629248 -0.10336868
v -0.03583348 -0.16741148 -0.10353644
v -0.02198937 -0.18730184 -0.10340460
v -0.03184227 -0.20348437 -0.10271850
v -0.01344999 -0.20426121 -0.09893526
v -0.04973802 -0.18936093 -0.09900240
v -0.04587107 -0.20490420 -0.09911231
v -0.04600469 -0.16307312 -0.09936132
v -0.05000275 -0.14023151 -0.09689955
v -0.06175983 -0.18638660 -0.09127158
v -0.06620830 -0.20120613 -0.08546899
v -0.06412757 -0.17500077 -0.08535882
v -0.06403667 -0.10881619 -0.09986957
v -0.05056595 -0.08712458 -0.11311242
v -0.03125320 -0.08129435 -0.11868608
v -0.07012767 -0.09219567 -0.09590192
v -0.04962869 -0.07335038 -0.10735894
v -0.06709524 -0.14040306 -0.08017570
v -0.06518750 -0.07500743 -0.09713309
v 0.00180957 -0.08719766 -0.11953703
v 0.00599575 -0.14897212 0.05095558
v 0.00760447 -0.13745981 0.06363392
v -0.02144955 -0.14405274 0.05686501
v -0.02076943 -0.16034707 0.03767313
v -0.00466135 -0.16154274 0.03664095
v -0.01174226 -0.12805218 0.07093138
v -0.02969095 -0.12898807 0.06843803
v -0.03853733 -0.15861826 0.03328239
v -0.04601698 -0.13919741 0.05321780
v -0.05153614 -0.12472320 0.06253180
v 0.00959827 -0.12248672 0.07324895
v 0.01617605 -0.16189489 0.02972245
v 0.03792168 -0.14102796 0.04942894
v 0.03186347 -0.13037980 0.06251200
v 0.00813517 -0.18061192 0.01970629
v -0.01697554 -0.17824048 0.02756069
v -0.02982431 -0.17150195 0.03290999
v -0.04083641 -0.18021163 0.02274243
v -0.01985752 -0.11348729 0.07655990
v 0.02697417 -0.11647528 0.07078363
v 0.05073766 -0.12968975 0.05259177
v 0.00260876 -0.19441907 0.01574354
v -0.02082766 -0.19570187 0.01991409
v -0.03978164 -0.19497569 0.01739035
v 0.00083826 -0.11161290 0.07660072
v 0.02993810 -0.16319634 0.02045701
v 0.05484056 -0.14303192 0.03455530
v 0.03062565 -0.17979847 0.00477086
v 0.05565177 -0.11706986 0.05591603
v 0.02559197 -0.19402662 0.00012293
v 0.06824782 -0.12716511 0.03925029
v 0.04557717 -0.16257143 0.00321666
v 0.06291329 -0.14505672 0.01934462
v 0.08063437 -0.12579024 0.02248717
v 0.04290890 -0.17952779 -0.01157628
v -0.04674063 -0.10949622 0.07063690
v 0.04075564 -0.10962840 0.06441174
v 0.03951127 -0.19223213 -0.01962117
v 0.07172913 -0.14466648 -0.00050494
v 0.05172803 -0.16245793 -0.00993890
v 0.07790489 -0.11509473 0.03312830
v 0.06600625 -0.15491876 -0.02986830
v 0.05206396 -0.16580181 -0.01962361
v 0.08825228 -0.12554181 -0.00691813
v 0.08153260 -0.13875355 -0.03228544
v 0.05201452 -0.16578346 -0.03074785
v -0.06479380 -0.13840613 0.03926250
v -0.05367531 -0.15544833 0.02563286
v -0.06965055 -0.12115642 0.05041577
v -0.05220128 -0.16909076 0.02159560
v -0.06638434 -0.17817707 0.00430687
v -0.05871063 -0.19439645 0.00696736
v 0.08776093 -0.11598258 0.00827997
v -0.05914134 -0.11125758 0.06302118
v 0.09087226 -0.11179338 -0.02259516
v 0.09005781 -0.12235026 -0.03389137
v -0.02130499 -0.02382725 -0.00302113
v -0.03033786 -0.02272663 -0.02845958
v -0.04333865 -0.02439598 -0.00675859
v -0.04658575 -0.02285561 -0.03302645
v -0.01165999 -0.02390330 -0.04745751
v -0.01995892 -0.02494012 -0.06292129
v 0.01444251 -0.02467362 -0.03912718
v 0.02522934 -0.02828923 -0.05513762
v 0.04338429 -0.02973725 -0.02651880
v 0.03715836 -0.02861669 -0.00660429
v 0.02024129 -0.02511169 -0.01527653
v 0.00364778 -0.02417769 0.00182168
v 0.01859582 -0.03055395 0.02149697
v -0.01421270 -0.02917050 0.02504772
v -0.00719736 -0.02371857 0.00246116
v 0.00642259 -0.02981162 -0.06988104
v -0.04633807 -0.02647807 -0.04834720
v -0.03328859 -0.03111170 0.02001207
v 0.03866731 -0.03259477 0.00473268
v -0.00743713 -0.03243731 0.03080221
v 0.03935066 -0.03242367 -0.04651437
v -0.00994630 -0.01977306 -0.03548139
v -0.02277363 -0.02060635 -0.02039699
v 0.00143760 -0.02024578 -0.03665055
v 0.01054086 -0.02066036 -0.02989974
v -0.04965286 -0.02872369 -0.00181888
v -0.01082552 -0.03036997 -0.07280061
v -0.03114506 -0.02935805 -0.06576341
v 0.02315463 -0.03257444 -0.06431586
v 0.01460385 -0.02116630 -0.01819544
v 0.00892400 -0.02010073 -0.00750412
v -0.00016094 -0.01236062 -0.00457831
v -0.01310218 -0.01533357 -0.00629093
v 0.01232827 -0.02538285 -0.03457857
v -0.00535630 -0.02568923 -0.04454300
v -0.01432235 -0.02763324 -0.06424338
v 0.01997589 -0.02969573 -0.05593533
v -0.02509439 -0.02506124 -0.03357844
v -0.04290988 -0.02529208 -0.04111803
v -0.04307480 -0.02715393 -0.00268587
v -0.02328905 -0.02570469 -0.00475869
v -0.02712856 -0.02946448 -0.06523845
v 0.00675613 -0.02970810 0.01600165
v -0.01697099 -0.03179835 0.02498130
v 0.03097611 -0.02952483 -0.01252447
v 0.03498294 -0.03009333 -0.03515239
v 0.01593613 -0.02612968 -0.01038843
v 0.02423013 -0.02979069 0.00421997
v -0.00228375 -0.02616571 0.00325475
v 0.04233757 -0.03299656 -0.01506600
v 0.03032862 -0.03344463 0.01148079
v 0.01386596 -0.03356605 0.02339693
v -0.05226225 -0.02874102 -0.02896826
v -0.04986660 -0.02882397 -0.01092148
v 0.03970134 -0.03325845 -0.04245244
v 0.02035278 -0.03254164 -0.06337459
v -0.04611149 -0.02898746 -0.04884347
v -0.03150366 -0.03392014 0.02046937
v -0.00772639 -0.03322925 -0.07260311
v -0.00581401 -0.02089824 -0.03472846
v 0.00696996 -0.01915668 -0.02998282
v 0.00039702 -0.03622208 0.02922570
v -0.01426300 -0.02031904 -0.03003478
v -0.04432209 -0.03334467 0.00807802
v 0.00966692 -0.01828094 -0.01443597
v 0.05457365 -0.06522758 -0.03502385
v 0.04930307 -0.04789456 -0.05260911
v 0.05645802 -0.04691451 -0.03274284
v 0.04360224 -0.06343550 -0.05984396
v 0.05002371 -0.08174986 -0.05227280
v 0.05673010 -0.08220253 -0.03459610
v 0.03559798 -0.07910257 -0.07243073
v 0.02690172 -0.05008479 -0.07547110
v 0.04281672 -0.04505303 -0.05823581
v 0.05721878 -0.05049779 -0.01472061
v 0.05545243 -0.06705002 -0.01479732
v 0.05760562 -0.08192804 -0.01905958
v 0.06125991 -0.08720507 -0.01399980
v 0.05312905 -0.04375635 -0.01040851
v 0.05118876 -0.08028325 0.00371101
v 0.05106564 -0.06493534 0.00277691
v 0.05013536 -0.04832323 0.00667736
v 0.05292781 -0.08611821 0.00900411
v 0.04989177 -0.03949403 -0.02874250
v 0.04338429 -0.02973725 -0.02651880
v 0.03935066 -0.03242367 -0.04651437
v 0.03866731 -0.03259477 0.00473268
v 0.05495432 -0.08323853 -0.03368584
v 0.05279311 -0.06699608 -0.00963521
v 0.05200314 -0.06717483 -0.04185319
v 0.05413850 -0.08329102 -0.00966684
v 0.05454615 -0.05077262 -0.01030845
v 0.05304240 -0.04931721 -0.03898239
v 0.05277444 -0.04628693 -0.01551533
v 0.04845085 -0.08289101 -0.05057252
v 0.04874959 -0.04893269 -0.04883695
v 0.04792326 -0.08364348 0.00720636
v 0.04427970 -0.06428949 0.01210111
v 0.04761789 -0.04720310 0.00435242
v 0.03609068 -0.08317247 0.02349049
v 0.03300418 -0.04918990 0.02466816
v 0.04233757 -0.03299656 -0.01506600
v 0.04708352 -0.04095476 -0.03443209
v 0.06013648 -0.08900839 -0.02943274
v 0.05553049 -0.08894397 0.00191327
v 0.03970134 -0.03325845 -0.04245244
v 0.03323051 -0.04334241 -0.06355149
v 0.03922501 -0.08230165 -0.06533640
v 0.03729894 -0.05094446 -0.06523415
v 0.03692847 -0.08797610 0.02918668
v 0.03032862 -0.03344463 0.01148079
v 0.02474842 -0.07839506 -0.07911369
v 0.01075282 -0.06501548 0.03585258
v -0.01122131 -0.06587573 0.03896812
v 0.01083214 -0.04989171 0.03558142
v -0.00881678 -0.05038536 0.03823698
v -0.02659204 -0.04989737 0.03589155
v -0.03335880 -0.06851363 0.03596851
v -0.00436250 -0.07948582 0.04226333
v -0.02801283 -0.07972544 0.04264766
v 0.01463925 -0.08164199 0.03697309
v 0.00039702 -0.03622208 0.02922570
v -0.04440071 -0.07507828 0.03604464
v -0.01697099 -0.03179835 0.02498130
v -0.00342495 -0.08547402 0.04688384
v 0.01386596 -0.03356605 0.02339693
v 0.03692847 -0.08797610 0.02918668
v 0.02923113 -0.06564840 0.02669495
v 0.03300418 -0.04918990 0.02466816
v 0.03609068 -0.08317247 0.02349049
v 0.04427970 -0.06428949 0.01210111
v 0.03032862 -0.03344463 0.01148079
v -0.05191126 -0.06067693 0.02356849
v -0.03948931 -0.04709138 0.02851020
v -0.03150366 -0.03392014 0.02046937
v -0.07359184 -0.05782862 -0.02948520
v -0.06726300 -0.04610002 -0.01404615
v -0.06689437 -0.04582819 -0.04007547
v -0.07321686 -0.05852257 -0.01238667
v -0.06031080 -0.03746934 -0.02560253
v -0.06988636 -0.05807357 -0.04857538
v -0.05693821 -0.03747515 -0.00670187
v -0.05559892 -0.02878531 -0.02602501
v -0.04965286 -0.02872369 -0.00181888
v -0.05840014 -0.04390622 0.00507143
v -0.06932358 -0.05998933 0.00165297
v -0.05640313 -0.03714753 -0.04381611
v -0.04633807 -0.02647807 -0.04834720
v -0.04658575 -0.02285561 -0.03302645
v -0.04333865 -0.02439598 -0.00675859
v -0.05373567 -0.04441889 -0.06324369
v -0.04684548 -0.03751594 -0.06021461
v -0.06043291 -0.05827148 -0.06477115
v -0.03114506 -0.02935805 -0.06576341
v -0.08582418 -0.06686027 -0.05278626
v -0.07380115 -0.06580365 -0.07576728
v -0.08991341 -0.07602376 -0.06032523
v -0.09605387 -0.07710607 -0.04340605
v -0.09057222 -0.06692263 -0.02824702
v -0.09733710 -0.07507523 -0.01742091
v -0.07841263 -0.07683913 -0.08257651
v -0.06518750 -0.07500743 -0.09713309
v -0.05969132 -0.06580836 -0.09132934
v -0.04962869 -0.07335038 -0.10735894
v -0.03341218 -0.04581250 -0.07977470
v -0.04728414 -0.05838034 -0.07722127
v -0.03938992 -0.06881434 -0.10547511
v -0.03125320 -0.08129435 -0.11868608
v -0.03370949 -0.06154109 -0.08609261
v -0.01806025 -0.07664189 -0.11355098
v 0.00180957 -0.08719766 -0.11953703
v -0.02254908 0.05161545 -0.00645274
v -0.01911127 0.05340669 0.00683332
v -0.01891146 0.06533245 0.00705189
v -0.02175385 0.06370169 -0.00514517
v -0.02387624 0.07886925 -0.00360625
v -0.01814517 0.07581037 0.01204942
v -0.02363291 0.10048776 0.00288262
v -0.01334651 0.03939949 0.00491690
v -0.01249357 0.09778272 0.01833809
v -0.00996366 0.05061542 0.01643463
v -0.01085873 0.02950226 -0.00499973
v -0.00816641 0.07601291 0.02086232
v -0.00110273 0.06326717 0.02133071
v 0.00234974 0.09927243 0.02596539
v -0.00802697 0.11125780 0.01405334
v 0.00192017 0.05432815 0.02103699
v 0.00265748 0.07916115 0.02419664
v -0.01530138 0.11284632 0.00057099
v -0.01405339 0.03439911 -0.01663706
v -0.01118350 0.00044923 -0.00883954
v -0.01541790 -0.00846827 -0.01831260
v -0.01310218 -0.01533357 -0.00629093
v -0.00109901 0.01199805 -0.00452099
v -0.02277363 -0.02060635 -0.02039699
v -0.00676410 0.01942620 -0.00441001
v -0.00013141 0.02703650 0.00013777
v 0.00163998 0.03993016 0.01338860
v -0.01874099 0.05836339 -0.01765375
v 0.00218245 0.11410610 0.01670508
v -0.00007155 0.12191548 0.00150513
v -0.00609408 -0.06280614 0.04076088
v 0.01160388 -0.04874389 0.03830020
v -0.01212723 -0.04789994 0.04065298
v -0.02463140 -0.06217796 0.03895221
v -0.02453982 -0.07548598 0.04259762
v -0.00556792 -0.08169504 0.04546546
v -0.02967431 -0.04807587 0.03633545
v -0.03989503 -0.06946449 0.03578310
v -0.03791253 -0.07766455 0.04386419
v 0.02208740 -0.06346195 0.03300600
v 0.01920384 -0.08128526 0.03678988
v 0.00495338 -0.04014292 0.03302109
v 0.03750262 -0.04799328 0.02367129
v 0.03946284 -0.08024713 0.02213502
v 0.02478724 -0.04645954 0.03132651
v 0.04179279 -0.06488467 0.01720705
v 0.03080376 -0.04014060 0.02100265
v 0.01859582 -0.03055395 0.02149697
v -0.00743713 -0.03243731 0.03080221
v 0.05013536 -0.04832323 0.00667736
v 0.03866731 -0.03259477 0.00473268
v 0.05106564 -0.06493534 0.00277691
v 0.05118876 -0.08028325 0.00371101
v -0.01552371 -0.06676298 -0.09136479
v -0.01051288 -0.04683585 -0.08594293
v 0.00900991 -0.07360986 -0.08879307
v 0.00960990 -0.04693707 -0.08282959
v 0.02690172 -0.05008479 -0.07547110
v 0.02881523 -0.04249924 -0.06973014
v 0.03559798 -0.07910257 -0.07243073
v 0.04281672 -0.04505303 -0.05823581
v 0.02315463 -0.03257444 -0.06431586
v 0.00642259 -0.02981162 -0.06988104
v -0.01082552 -0.03036997 -0.07280061
v 0.03935066 -0.03242367 -0.04651437
v 0.02377089 -0.07951179 -0.08362439
v 0.00103539 -0.07496699 -0.09537954
v 0.04319951 -0.08335037 -0.06985454
v -0.03341218 -0.04581250 -0.07977470
v -0.03370949 -0.06154109 -0.08609261
v -0.03114506 -0.02935805 -0.06576341
v 0.01038853 0.03011410 -0.01578236
v 0.02242449 0.06164544 -0.01326610
v 0.02194867 0.04959516 -0.00206922
v 0.00777867 0.03533415 -0.02202026
v 0.01316612 0.05413391 -0.02309770
v 0.00709690 -0.00994803 -0.02687022
v 0.01400313 0.07600202 -0.02348110
v 0.02252282 0.08141555 -0.01482752
v 0.01070219 -0.01160502 -0.01851144
v 0.02651957 0.07945817 -0.00181592
v 0.02265499 0.09687103 -0.00078995
v -0.00005151 0.03459699 -0.02696089
v 0.01128609 0.09880787 -0.01808058
v 0.01012409 0.11239555 -0.00841922
v 0.01054086 -0.02066036 -0.02989974
v 0.01460385 -0.02116630 -0.01819544
v 0.00143760 -0.02024578 -0.03665055
v 0.01399182 0.11414866 0.00644667
v 0.00957117 0.02871402 -0.00637163
v 0.00690627 0.00511165 -0.01039481
v 0.00892400 -0.02010073 -0.00750412
v -0.00007155 0.12191548 0.00150513
v 0.07790489 -0.11509473 0.03312830
v 0.05392550 -0.10340761 0.05155154
v 0.05565177 -0.11706986 0.05591603
v 0.06765894 -0.10164613 0.03555922
v 0.04075564 -0.10962840 0.06441174
v 0.07723635 -0.10296930 0.02208486
v 0.03391173 -0.10092626 0.06197204
v 0.01155029 -0.10269233 0.07175241
v 0.03209730 -0.09318291 0.05259663
v 0.06050155 -0.09306031 0.02751494
v 0.00125385 -0.09143846 0.06252342
v -0.01649920 -0.09085090 0.06532165
v -0.00556792 -0.08169504 0.04546546
v 0.02334440 -0.08748956 0.04283226
v 0.01920384 -0.08128526 0.03678988
v 0.04128457 -0.08631686 0.02644763
v -0.03791253 -0.07766455 0.04386419
v 0.07497378 -0.09404914 -0.00902125
v -0.05282699 -0.08551197 0.05599855
v -0.06383672 -0.06593135 0.02108835
v -0.03219227 -0.09342828 0.06771255
v 0.08533935 -0.10336623 -0.00408013
v 0.03946284 -0.08024713 0.02213502
v -0.02046796 -0.10325374 0.07506239
v 0.05292781 -0.08611821 0.00900411
v 0.05118876 -0.08028325 0.00371101
v 0.00083826 -0.11161290 0.07660072
v 0.08776093 -0.11598258 0.00827997
v 0.02697417 -0.11647528 0.07078363
v 0.09087226 -0.11179338 -0.02259516
v -0.07202768 -0.08243334 0.04255786
v -0.08754735 -0.07584357 0.01908085
v -0.09218747 -0.09096824 0.02683192
v -0.06786661 -0.09302584 0.05510100
v -0.09896579 -0.08198036 0.00180656
v -0.08968350 -0.07003525 0.00182066
v -0.09733710 -0.07507523 -0.01742091
v -0.09057222 -0.06692263 -0.02824702
v -0.06932358 -0.05998933 0.00165297
v -0.05686673 -0.05818238 0.01916129
v -0.07321686 -0.05852257 -0.01238667
v -0.07359184 -0.05782862 -0.02948520
v -0.08582418 -0.06686027 -0.05278626
v -0.06988636 -0.05807357 -0.04857538
v -0.03989503 -0.06946449 0.03578310
v -0.04453260 -0.09867610 0.06849153
v -0.05840014 -0.04390622 0.00507143
v -0.04751157 -0.04593664 0.02336977
v -0.03834318 -0.03909744 0.02294671
v -0.03328859 -0.03111170 0.02001207
v -0.04965286 -0.02872369 -0.00181888
v -0.02967431 -0.04807587 0.03633545
v -0.01798669 -0.04031049 0.03301019
v -0.00743713 -0.03243731 0.03080221
v -0.01421270 -0.02917050 0.02504772
v -0.01212723 -0.04789994 0.04065298
v -0.07759207 -0.10631994 0.04787297
v 0.00495338 -0.04014292 0.03302109
v -0.04674063 -0.10949622 0.07063690
v -0.05914134 -0.11125758 0.06302118
v -0.01985752 -0.11348729 0.07655990
v 0.06086479 -0.08723237 -0.04454729
v 0.06125991 -0.08720507 -0.01399980
v 0.07456647 -0.09327608 -0.04931100
v 0.06018813 -0.08898579 -0.07193300
v 0.04319951 -0.08335037 -0.06985454
v 0.02377089 -0.07951179 -0.08362439
v 0.03749900 -0.08647329 -0.09635272
v 0.00103539 -0.07496699 -0.09537954
v 0.00804259 -0.08209944 -0.11095220
v -0.01806025 -0.07664189 -0.11355098
v -0.03370949 -0.06154109 -0.08609261
v 0.06943602 -0.09536626 -0.07569965
v -0.03938992 -0.06881434 -0.10547511
v 0.05212855 -0.09343749 -0.09546947
v -0.05969132 -0.06580836 -0.09132934
v 0.08625071 -0.10238840 -0.04363091
v 0.02756617 -0.08922792 -0.11037152
v -0.04728414 -0.05838034 -0.07722127
v 0.05002371 -0.08174986 -0.05227280
v 0.05673010 -0.08220253 -0.03459610
v 0.03559798 -0.07910257 -0.07243073
v 0.05760562 -0.08192804 -0.01905958
v 0.00180957 -0.08719766 -0.11953703
v 0.08358542 -0.10789802 -0.06342484
v 0.02324799 -0.09624656 -0.11797755
v 0.06145722 -0.10552063 -0.09450716
v 0.04557505 -0.10516748 -0.10831188
v 0.07673434 -0.11138213 -0.07793920
v 0.08845215 -0.11703949 -0.05143793
v -0.04938613 -0.06059857 -0.07418304
v -0.05310711 -0.04666170 -0.06355242
v -0.06138710 -0.06020716 -0.06187948
v -0.03650311 -0.04664444 -0.07660409
v -0.03819681 -0.06235586 -0.08249494
v -0.06073852 -0.04561727 -0.05126549
v -0.04289909 -0.03812917 -0.06192757
v -0.02712856 -0.02946448 -0.06523845
v -0.04611149 -0.02898746 -0.04884347
v -0.05314331 -0.03801135 -0.04806640
v -0.02234936 -0.04874405 -0.08277857
v -0.00772639 -0.03322925 -0.07260311
v -0.01688693 -0.06560561 -0.08835503
v -0.01580699 -0.07068942 -0.09245604
v -0.00432893 -0.05116744 -0.08522244
v 0.00584227 -0.04255946 -0.07839599
v -0.01432235 -0.02763324 -0.06424338
v 0.00393152 -0.07601332 -0.08934052
v 0.01911898 -0.04756499 -0.07682830
v 0.02035278 -0.03254164 -0.06337459
v 0.03323051 -0.04334241 -0.06355149
v 0.03729894 -0.05094446 -0.06523415
v 0.02474842 -0.07839506 -0.07911369
v 0.03970134 -0.03325845 -0.04245244
v -0.07207502 -0.06021324 -0.01144796
v -0.06267101 -0.04568942 -0.00522525
v -0.06641460 -0.06125160 0.00584674
v -0.05153835 -0.04610738 0.01612562
v -0.04432209 -0.03334467 0.00807802
v -0.06771158 -0.04703198 -0.02920029
v -0.05763461 -0.03945500 -0.01227329
v -0.04986660 -0.02882397 -0.01092148
v -0.05226225 -0.02874102 -0.02896826
v -0.04307480 -0.02715393 -0.00268587
v -0.05784262 -0.03845893 -0.03179847
v -0.08400217 -0.07161389 0.01093979
v -0.09236500 -0.07181602 -0.01435995
v -0.09415054 -0.07898290 0.00409981
v -0.09298004 -0.08619227 0.01743396
v -0.07825597 -0.08639937 0.03763897
v -0.08768249 -0.06812017 -0.03902205
v -0.09421142 -0.07468344 -0.02956069
v -0.09108463 -0.07465880 -0.04838169
v -0.06073852 -0.04561727 -0.05126549
v -0.05314331 -0.03801135 -0.04806640
v -0.07915580 -0.06867305 -0.06733312
v -0.04611149 -0.02898746 -0.04884347
v -0.04290988 -0.02529208 -0.04111803
v -0.07364403 -0.06112884 -0.03852153
v -0.07010878 -0.05522907 -0.03432448
v -0.09936491 -0.09119125 -0.00751082
v -0.06138710 -0.06020716 -0.06187948
v -0.08695509 -0.08002851 -0.06376930
v -0.07488609 -0.07334933 -0.08099420
v -0.06542658 -0.06747754 -0.08381587
v -0.06036367 -0.07451592 -0.09791405
v -0.08444307 -0.09487001 0.03555199
v -0.03150366 -0.03392014 0.02046937
v -0.03948931 -0.04709138 0.02851020
v -0.05191126 -0.06067693 0.02356849
v -0.06828044 -0.09229196 0.05152788
v -0.07255930 -0.08540709 -0.08979746
v -0.07042076 -0.10455603 0.05316260
v -0.07828322 -0.14730774 -0.01158620
v -0.08925004 -0.12641215 -0.01875276
v -0.07593893 -0.14486253 0.00269070
v -0.06964902 -0.15345444 0.00619390
v -0.08074577 -0.14331071 -0.02872659
v -0.08997075 -0.12414126 0.00442246
v -0.08232416 -0.13025302 0.02045118
v -0.09784918 -0.10455327 -0.01455144
v -0.09455508 -0.10816592 0.01338590
v -0.08920512 -0.12132242 -0.04039886
v -0.07952336 -0.14027466 -0.04642284
v -0.09553932 -0.09728315 -0.04143281
v -0.07272694 -0.14027178 -0.06794356
v -0.08610965 -0.11244401 -0.06117263
v -0.08856092 -0.10855006 0.02839051
v -0.07932420 -0.12293980 0.03581227
v -0.08004070 -0.17489170 -0.04237011
v -0.07972466 -0.16713774 -0.02229856
v -0.07794727 -0.18470073 -0.02648314
v -0.07902610 -0.18377703 -0.05317600
v -0.07554789 -0.17194770 -0.00884310
v -0.07441772 -0.19047020 -0.01049774
v -0.09538050 -0.08627417 -0.04255772
v -0.07369474 -0.16588381 -0.06556889
v -0.08516654 -0.09076039 -0.07107265
v -0.07485007 -0.18860874 -0.07083915
v -0.07990324 -0.20435418 -0.05346382
v -0.08022148 -0.20276964 -0.02924833
v -0.07971437 -0.18909283 -0.03125064
v -0.07397543 -0.19889070 -0.01358331
v -0.07513264 -0.20527124 -0.07127823
v -0.07779066 -0.10937588 -0.07965004
v -0.06313345 -0.17391457 -0.08416909
v -0.06318892 -0.14014636 -0.08294458
v -0.06620830 -0.20120613 -0.08546899
v -0.06656646 -0.11044247 -0.09457729
v -0.05552486 -0.09340347 -0.10741889
v -0.06501154 -0.14779498 0.01843897
v -0.06496412 -0.17709261 0.00429489
v -0.05871063 -0.19439645 0.00696736
v -0.05041387 -0.11004573 -0.10858980
v -0.04660517 -0.14141563 -0.09676360
v -0.05411012 -0.19159506 -0.09512191
v -0.04552876 -0.17833437 -0.09802796
v -0.05058330 -0.07757649 -0.10695764
v -0.04587107 -0.20490420 -0.09911231
v -0.03702110 -0.12359890 -0.11120389
v -0.03575431 -0.09940793 -0.11818440
v -0.02814473 -0.11181033 -0.11854880
v -0.03522801 -0.14043124 -0.10388722
v -0.03694188 -0.15911946 -0.10121130
v -0.03124723 -0.08582401 -0.11762083
v -0.01523181 -0.11229490 0.07339236
v -0.02735978 -0.09695168 0.06766377
v 0.00147958 -0.10433596 0.07049572
v -0.04025385 -0.10533497 0.06957921
v -0.05095645 -0.09464882 0.06212738
v -0.00189222 -0.11476938 0.07261698
v 0.01732248 -0.11216421 0.07054915
v 0.00852660 -0.09835368 0.06526621
v 0.04202381 -0.10836899 0.05990073
v -0.00585052 -0.09224485 0.06133099
v 0.04497968 -0.10281542 0.05477943
v -0.04074360 -0.08682019 0.05591740
v -0.06432995 -0.08312425 0.04506148
v -0.04440071 -0.07507828 0.03604464
v -0.06375644 -0.06686115 0.01904046
v -0.08400217 -0.07161389 0.01093979
v -0.06641460 -0.06125160 0.00584674
v -0.06828044 -0.09229196 0.05152788
v -0.07825597 -0.08639937 0.03763897
v -0.05191126 -0.06067693 0.02356849
v 0.05931197 -0.11404013 0.04878018
v 0.07514808 -0.10987660 0.02911649
v 0.04688561 -0.11925540 0.05834205
v 0.03300709 -0.09563677 0.05109509
v -0.00342495 -0.08547402 0.04688384
v 0.03692847 -0.08797610 0.02918668
v 0.04809665 -0.09443116 0.03713976
v -0.02801283 -0.07972544 0.04264766
v 0.06981917 -0.09682602 0.01335151
v 0.05553049 -0.08894397 0.00191327
v 0.06527977 -0.10110846 0.03193307
v 0.06013648 -0.08900839 -0.02943274
v 0.07690375 -0.09779829 -0.01039255
v 0.06906155 -0.09400957 -0.06096578
v 0.04632248 -0.08707568 -0.06482401
v 0.05243474 -0.09046969 -0.08140273
v 0.03966380 -0.08924911 -0.09495991
v 0.02817784 -0.08348847 -0.08184288
v 0.00393152 -0.07601332 -0.08934052
v 0.07908271 -0.09940802 -0.04591049
v 0.00265319 -0.08296170 -0.11130717
v -0.01580699 -0.07068942 -0.09245604
v 0.06540108 -0.09722682 -0.07884610
v -0.04090174 -0.07042103 -0.10284044
v -0.03819681 -0.06235586 -0.08249494
v -0.04938613 -0.06059857 -0.07418304
v 0.03870619 -0.09355672 -0.10356959
v -0.06542658 -0.06747754 -0.08381587
v -0.06138710 -0.06020716 -0.06187948
v 0.07818772 -0.10277138 -0.06284945
v 0.08583037 -0.10676794 -0.02750082
v 0.03922501 -0.08230165 -0.06533640
v 0.04845085 -0.08289101 -0.05057252
v 0.08495804 -0.11050210 0.00265450
v -0.02996337 -0.07991333 -0.11444113
v 0.05815697 -0.10345817 -0.09437489
v 0.01197829 -0.09001093 -0.11543187
v 0.02474842 -0.07839506 -0.07911369
v 0.08468126 -0.11092486 -0.05290743
v -0.05058330 -0.07757649 -0.10695764
v -0.06036367 -0.07451592 -0.09791405
v 0.07428161 -0.10893337 -0.07566725
v -0.00389766 -0.09370200 -0.12087692
v 0.00696996 -0.01915668 -0.02998282
v 0.00289482 0.00370958 -0.01973038
v 0.00103130 -0.00465499 -0.02537957
v -0.00520025 0.00656332 -0.02180576
v -0.00581401 -0.02089824 -0.03472846
v -0.00856775 -0.00563526 -0.02441756
v -0.01426300 -0.02031904 -0.03003478
v -0.00512689 0.00885640 -0.01557444
v 0.00966692 -0.01828094 -0.01443597
v -0.00041578 -0.01873520 -0.00479572
v -0.00565772 -0.00433652 -0.01072256
v 0.00059577 0.00391893 -0.01422678
v -0.00512689 0.00885640 -0.01557444
v -0.01395298 -0.01894330 -0.00807080
v -0.00228375 -0.02616571 0.00325475
v -0.02328905 -0.02570469 -0.00475869
v 0.00966692 -0.01828094 -0.01443597
v 0.00289482 0.00370958 -0.01973038
v 0.08796772 -0.11632322 -0.02346069
v 0.08583037 -0.10676794 -0.02750082
v 0.08610791 -0.11968344 -0.04842431
v 0.08468126 -0.11092486 -0.05290743
v 0.08495804 -0.11050210 0.00265450
v 0.08472925 -0.12400606 0.00294940
v 0.08629678 -0.12749614 -0.02903721
v 0.07593168 -0.11844377 0.02967693
v 0.07514808 -0.10987660 0.02911649
v 0.07678465 -0.12933785 0.02054736
v 0.07590029 -0.14145884 -0.01342286
v 0.07705944 -0.14139964 -0.03422880
v 0.07739657 -0.13230200 -0.05756004
v 0.07518589 -0.12019938 -0.07389399
v 0.07428161 -0.10893337 -0.07566725
v 0.06578370 -0.14935677 -0.00419191
v 0.05948306 -0.15776901 -0.03209957
v 0.04885697 -0.16514105 -0.01058514
v 0.04869373 -0.16873895 -0.03129165
v 0.04240574 -0.18184450 -0.01950812
v 0.04391688 -0.18545106 -0.03636359
v 0.03951127 -0.19223213 -0.01962117
v 0.04467496 -0.16121133 0.00439396
v 0.06165604 -0.14443249 0.01918790
v 0.03320263 -0.18256357 -0.00209457
v 0.06319270 -0.13025613 0.03990323
v 0.02559197 -0.19402662 0.00012293
v 0.04671511 -0.14561360 0.03455776
v 0.03174946 -0.16073270 0.01990637
v 0.04114198 -0.16915046 -0.05172648
v 0.04150603 -0.18569949 -0.04758338
v 0.05931197 -0.11404013 0.04878018
v 0.04688561 -0.11925540 0.05834205
v 0.01399182 0.11414866 0.00644667
v -0.00007155 0.12191548 0.00150513
v 0.00218245 0.11410610 0.01670508
v 0.01333483 0.10245447 0.01727626
v 0.00234974 0.09927243 0.02596539
v 0.02265499 0.09687103 -0.00078995
v 0.02356532 0.07848613 0.00941217
v 0.02651957 0.07945817 -0.00181592
v 0.02194867 0.04959516 -0.00206922
v 0.01391609 0.05154862 0.01514930
v 0.00163998 0.03993016 0.01338860
v 0.01311296 0.03818783 0.00510878
v -0.00013141 0.02703650 0.00013777
v 0.00957117 0.02871402 -0.00637163
v 0.00192017 0.05432815 0.02103699
v -0.00109901 0.01199805 -0.00452099
v 0.02064071 0.05334651 0.00593492
v 0.00690627 0.00511165 -0.01039481
v 0.01598866 0.06212360 0.01501058
v 0.01604176 0.07567422 0.01888033
v -0.00016094 -0.01236062 -0.00457831
v -0.00110273 0.06326717 0.02133071
v 0.00265748 0.07916115 0.02419664
v 0.00892400 -0.02010073 -0.00750412
v -0.00996366 0.05061542 0.01643463
v -0.01310218 -0.01533357 -0.00629093
v -0.00007155 0.12191548 0.00150513
v -0.01169875 0.11170273 -0.00846863
v -0.01530138 0.11284632 0.00057099
v -0.00097281 0.11648887 -0.00913906
v -0.01994608 0.09981304 -0.00700049
v -0.02363291 0.10048776 0.00288262
v -0.02387624 0.07886925 -0.00360625
v -0.01874082 0.07906806 -0.01778284
v -0.01874099 0.05836339 -0.01765375
v -0.01139701 0.05641506 -0.02539167
v 0.00005511 0.05418050 -0.02834559
v -0.00005151 0.03459699 -0.02696089
v -0.00733475 0.03496605 -0.02529450
v -0.00064238 0.08482319 -0.02559951
v -0.00333998 -0.00568703 -0.03125562
v -0.01078440 0.09558610 -0.01892672
v -0.01269641 -0.01263319 -0.02708002
v -0.00154927 0.10225157 -0.01963613
v -0.01405339 0.03439911 -0.01663706
v -0.00994630 -0.01977306 -0.03548139
v 0.00143760 -0.02024578 -0.03665055
v -0.02277363 -0.02060635 -0.02039699
v 0.01400313 0.07600202 -0.02348110
v 0.01128609 0.09880787 -0.01808058
v 0.01316612 0.05413391 -0.02309770
v 0.00709690 -0.00994803 -0.02687022
v 0.01012409 0.11239555 -0.00841922
v -0.01541790 -0.00846827 -0.01831260
v -0.00856775 -0.00563526 -0.02441756
v -0.00520025 0.00656332 -0.02180576
v -0.01059676 -0.00608184 -0.01645173
v -0.00512689 0.00885640 -0.01557444
v -0.01426300 -0.02031904 -0.03003478
v -0.01954519 -0.02159323 -0.01962015
v -0.01395298 -0.01894330 -0.00807080
v -0.02328905 -0.02570469 -0.00475869
v -0.02509439 -0.02506124 -0.03357844
v -0.00565772 -0.00433652 -0.01072256
v 0.01665597 0.06527491 -0.01255751
v 0.01701565 0.09053784 -0.00840148
v 0.01479782 0.08872789 -0.01473342
v 0.01590432 0.06468039 -0.00268091
v 0.01470446 0.09026275 -0.00198493
v 0.00894823 0.09557825 -0.00904672
v 0.00809756 0.09062745 -0.01697868
v 0.00153290 0.06520915 -0.00172914
v -0.00129523 0.08767135 -0.00871495
v 0.00446873 0.09119969 -0.00057224
v -0.00176345 0.06811592 -0.00861336
v 0.00838277 0.06769141 0.00111105
v 0.00135782 0.09135140 -0.01440955
v 0.00894823 0.09557825 -0.00904672
v 0.00117307 0.06477264 -0.01443763
v 0.00838277 0.06769141 0.00111105
v 0.00446873 0.09119969 -0.00057224
v 0.01470446 0.09026275 -0.00198493
v 0.01590432 0.06468039 -0.00268091
v 0.00894823 0.09557825 -0.00904672
v 0.00117307 0.06477264 -0.01443763
v 0.00809756 0.09062745 -0.01697868
v 0.00135782 0.09135140 -0.01440955
v 0.00869125 0.06546935 -0.01763744
v 0.01479782 0.08872789 -0.01473342
v 0.01665597 0.06527491 -0.01255751
v 0.00894823 0.09557825 -0.00904672
v 0.00831490 0.06176791 -0.00837705
v 0.01665597 0.06527491 -0.01255751
v 0.00869125 0.06546935 -0.01763744
v 0.00117307 0.06477264 -0.01443763
v 0.01590432 0.06468039 -0.00268091
v 0.00153290 0.06520915 -0.00172914
v 0.00838277 0.06769141 0.00111105
v -0.00176345 0.06811592 -0.00861336
vn 0.40104352 -0.82665329 0.39472576
vn 0.40104352 -0.82665329 0.39472576
vn 0.40104352 -0.82665329 0.39472576
vn 0.05202125 0.17079993 0.98393149
vn -0.14127501 0.17853109 0.97373920
vn -0.11787530 0.15942635 0.98014726
vn 0.06506946 0.15744072 0.98538236
vn 0.02028756 -0.24878149 0.96834714
vn -0.12682511 0.10985137 0.98582355
vn -0.15173496 0.36684078 0.91782588
vn 0.20520151 0.14792721 0.96747604
vn 0.18080840 0.10084311 0.97833481
vn 0.24281197 0.17594666 0.95398382
vn 0.10189854 0.42546845 0.89921815
vn -0.03097980 0.15281863 0.98776855
vn 0.28412977 0.38389385 0.87857600
vn 0.34819591 0.12772717 0.92867937
vn 0.36025231 0.16201686 0.91867775
vn 0.39748623 0.18178510 0.89942141
vn 0.47884354 0.22284975 0.84914478
vn 0.45854014 0.15721089 0.87465746
vn 0.45373384 0.13108027 0.88144402
vn 0.53881287 0.17777447 0.82345427
vn 0.52169504 0.17541763 0.83490295
vn 0.60342460 0.18593360 0.77544016
vn 0.59682745 0.16463590 0.78529741
vn 0.21327042 0.59686972 0.77347415
vn 0.31809999 0.49878935 0.80623916
vn -0.07646024 0.56689745 0.82023235
vn -0.32771786 0.17684493 0.92807698
vn -0.31790953 0.11524751 0.94109061
vn -0.34804496 0.13255190 0.92805964
vn -0.34979932 0.19124469 0.91709645
vn -0.44140092 0.37586976 0.81479271
vn -0.28726517 0.52191040 0.80317386
vn -0.54197958 0.18903734 0.81885470
vn -0.50621691 0.15795044 0.84781843
vn -0.50252430 0.20947546 0.83880234
vn -0.57051052 0.04246237 0.82019186
vn -0.52590899 -0.00914854 0.85049165
vn -0.62460299 0.37244904 0.68640573
vn -0.48872988 0.54083147 0.68457610
vn -0.66048726 0.14920997 0.73586206
vn -0.66346634 0.20360701 0.71996986
vn -0.66773518 0.19111463 0.71944766
vn -0.69941682 0.10250971 0.70732445
vn -0.71386877 0.14990915 0.68404578
vn -0.68147437 0.36317195 0.63537297
vn -0.74408268 0.11936805 0.65733723
vn -0.62806184 0.50447582 0.59248838
vn 0.37482801 0.25481648 -0.89138798
vn 0.53619686 0.24898062 -0.80653678
vn 0.52877455 0.21517926 -0.82103311
vn 0.54302045 0.21911475 -0.81062785
vn 0.50708553 0.30847471 -0.80480285
vn 0.60157518 0.28537172 -0.74610340
vn 0.31886552 0.32855877 -0.88902976
vn 0.60556829 0.36553965 -0.70687185
vn 0.43568761 0.51751694 -0.73644587
vn 0.27160923 0.41838778 -0.86670646
vn 0.68003525 0.31646382 -0.66136428
vn 0.17258026 0.31808799 -0.93222105
vn 0.02372785 0.25353790 -0.96703440
vn 0.16613494 0.21703741 -0.96192201
vn 0.11093501 0.44901782 -0.88660951
vn 0.00494221 0.36020147 -0.93286144
vn 0.04723712 0.14053639 -0.98894802
vn 0.19120165 0.14504401 -0.97077503
vn 0.16010659 0.12156406 -0.97958566
vn -0.02369394 0.09808920 -0.99489553
vn -0.03005799 0.47978903 -0.87686886
vn -0.18576865 0.32570134 -0.92704296
vn -0.14627709 0.18552710 -0.97169064
vn -0.27390280 0.26637612 -0.92413258
vn -0.20318322 0.48333312 -0.85153137
vn -0.17913886 0.09309683 -0.97940913
vn -0.27414323 0.14804665 -0.95022507
vn -0.26783911 0.08797177 -0.95943899
vn -0.34979223 0.36737797 -0.86178816
vn -0.36438869 0.47911371 -0.79854301
vn -0.43438486 0.23143404 -0.87048727
vn -0.47312937 0.31652624 -0.82216771
vn -0.43199945 0.11499462 -0.89451256
vn -0.42420020 0.16078792 -0.89117980
vn -0.45353886 0.40641252 -0.79317802
vn -0.53551258 0.17421651 -0.82636244
vn -0.51885849 0.25884116 -0.81473132
vn -0.46622066 0.46354833 -0.75349933
vn -0.53763897 0.12770305 -0.83344842
vn -0.58147858 0.18561681 -0.79210420
vn -0.96963211 0.24365529 -0.02111103
vn -0.93759036 0.27787920 -0.20906331
vn -0.94804684 0.22223095 -0.22764136
vn -0.97768879 0.17464907 -0.11671472
vn -0.98312973 0.18050071 0.02958758
vn -0.94185771 0.15897797 -0.29602376
vn -0.98550994 0.11712324 -0.12268783
vn -0.99874042 0.01726921 0.04710998
vn -0.92652504 0.37468106 -0.03413880
vn -0.90245080 0.37453971 -0.21284396
vn -0.95482525 0.25583050 0.15119358
vn -0.92513573 0.36072019 0.11834197
vn -0.95769481 0.21760860 0.18832724
vn -0.94152626 0.10896118 -0.31883499
vn -0.87861938 0.44688374 -0.16829409
vn -0.86587958 0.32897319 -0.37686761
vn -0.89986187 0.24510798 -0.36079175
vn -0.96773132 0.14628721 0.20517343
vn -0.99847533 -0.05377105 -0.01247776
vn -0.97494229 0.09083891 0.20306607
vn -0.87495527 0.45963159 0.15228943
vn -0.85679691 0.33501542 0.39199965
vn -0.93801710 0.18222919 0.29481595
vn -0.88382943 0.22346358 0.41098609
vn -0.95575520 0.03118134 0.29250592
vn -0.92562565 0.01709672 0.37805404
vn -0.85013951 0.18380534 0.49343531
vn -0.82902534 0.55905655 0.01314397
vn -0.81108189 0.42714980 -0.39961133
vn -0.82102542 0.46258240 -0.33456655
vn -0.83062321 0.20337619 -0.51836591
vn -0.82166553 0.26767467 -0.50320576
vn -0.85495027 0.13657201 -0.50040795
vn -0.73800820 0.34988071 -0.57699860
vn -0.78069547 0.46480734 0.41769452
vn -0.72478981 0.45702221 -0.51556807
vn -0.76194913 0.15331277 -0.62922867
vn -0.69735376 0.26333722 -0.66659676
vn -0.65734401 0.42287003 -0.62376261
vn -0.72779303 0.12199196 -0.67485945
vn -0.71656900 0.18971279 -0.67122122
vn -0.63009019 0.46594790 -0.62119153
vn -0.63098990 0.36243706 -0.68592356
vn -0.62420104 0.27808600 -0.73009673
vn -0.66529497 0.12351469 -0.73629255
vn -0.86089535 0.07900739 0.50261022
vn -0.77798908 0.21268919 0.59118212
vn -0.77053823 0.30598297 0.55914691
vn -0.78808911 0.14968426 0.59708473
vn -0.74724465 0.20717150 0.63143123
vn -0.74477377 0.20127337 0.63623978
vn -0.92947807 -0.21522337 0.29958207
vn -0.84780161 -0.23906691 0.47337030
vn -0.86819411 -0.22290163 0.44334394
vn -0.92225855 -0.24841815 0.29618845
vn -0.85752222 0.09500564 0.50559823
vn -0.87986164 -0.18186262 0.43905521
vn -0.94852825 -0.18073683 0.26005451
vn -0.94752081 -0.15162637 0.28144938
vn -0.89192082 -0.13368792 0.43197776
vn -0.92980070 -0.28960831 0.22715124
vn -0.79950536 -0.19423306 0.56838781
vn -0.81789875 -0.17471429 0.54819391
vn -0.76775622 -0.26951768 0.58130079
vn -0.73314901 -0.25986202 0.62846182
vn -0.96565866 -0.19695393 0.16944763
vn -0.96052666 -0.23911814 0.14216560
vn -0.97566079 -0.15674845 0.15334912
vn -0.97410700 -0.17768188 0.13980234
vn -0.98469469 -0.16481898 -0.05666633
vn -0.96706802 -0.25443824 -0.00637334
vn -0.98096788 -0.19063331 -0.03689120
vn -0.97772248 -0.20694841 -0.03508704
vn -0.98144942 -0.18296761 -0.05727030
vn -0.99226452 -0.11423553 -0.04859392
vn -0.96418186 -0.18098364 -0.19390271
vn -0.95005402 -0.20056633 -0.23910355
vn -0.71654512 -0.21512309 0.66353986
vn -0.74896356 -0.35904650 0.55690142
vn -0.66809601 -0.18988983 0.71943699
vn -0.65585916 -0.21333045 0.72411248
vn -0.60528555 -0.33615396 0.72154690
vn -0.60476747 -0.35268408 0.71405199
vn -0.62222624 -0.23296372 0.74737033
vn -0.61464153 -0.22646765 0.75559790
vn -0.61206583 -0.16802372 0.77275058
vn -0.52896284 -0.33329314 0.78045756
vn -0.54478207 -0.18620245 0.81764365
vn -0.54858109 -0.18636782 0.81506185
vn -0.53857222 -0.20206147 0.81799213
vn -0.52710791 -0.20224136 0.82538215
vn -0.53795049 -0.21767584 0.81438719
vn -0.54664657 -0.11251955 0.82976917
vn -0.95877762 -0.15487923 -0.23823915
vn -0.95716102 -0.18953856 -0.21890162
vn -0.92716497 -0.20122829 -0.31602578
vn -0.93140072 -0.17026650 -0.32171730
vn -0.92706484 -0.18730042 -0.32476044
vn -0.91850486 -0.15340926 -0.36443713
vn -0.88659290 0.05043499 -0.45979271
vn -0.87439145 -0.20315524 -0.44064446
vn -0.87035334 -0.18693113 -0.45556758
vn -0.86794608 -0.16095308 -0.46985499
vn -0.86434286 -0.13429619 -0.48464003
vn -0.83856161 -0.20656999 -0.50412624
vn -0.82799963 0.08042213 -0.55493143
vn -0.82469307 -0.18449753 -0.53464195
vn -0.84844945 -0.12272868 -0.51485066
vn -0.85645098 0.42173664 -0.29770777
vn -0.68809089 0.51601557 0.51015571
vn -0.71765159 0.50122207 0.48347972
vn -0.79397001 0.26027406 -0.54942609
vn 0.28660273 -0.19306830 -0.93839411
vn 0.36948857 -0.21439358 -0.90416458
vn 0.09009684 -0.17880201 -0.97975119
vn 0.12026257 -0.15722945 -0.98021213
vn 0.25102609 -0.13267021 -0.95884541
vn 0.14469686 -0.21215288 -0.96646468
vn 0.35570748 -0.24712015 -0.90133447
vn 0.38215197 -0.15321354 -0.91130976
vn 0.33328024 -0.16772414 -0.92778925
vn 0.05102642 -0.14838261 -0.98761273
vn 0.11350165 -0.34690153 -0.93100843
vn 0.45331042 -0.36435952 -0.81348129
vn 0.50558185 -0.23104117 -0.83126829
vn 0.54201895 -0.17298528 -0.82236947
vn 0.22595319 0.19718927 -0.95397146
vn 0.36121091 -0.07953840 -0.92908574
vn 0.49707353 -0.11165837 -0.86049422
vn 0.58849491 -0.12174171 -0.79928262
vn 0.57619679 -0.31905890 -0.75246174
vn -0.03527575 -0.17662849 -0.98364526
vn -0.04693251 -0.21789304 -0.97484356
vn -0.10470665 -0.19897914 -0.97439408
vn -0.10922819 -0.10520081 -0.98843411
vn 0.10521417 -0.77407005 -0.62429604
vn -0.20366159 -0.18423321 -0.96155087
vn -0.20443953 -0.15101814 -0.96715976
vn -0.12537672 0.02183180 -0.99186897
vn -0.29688233 -0.21234868 -0.93100425
vn -0.28308405 -0.11375007 -0.95232575
vn -0.33841334 -0.13749565 -0.93089815
vn -0.37189803 -0.18387657 -0.90987981
vn -0.41691330 -0.11683188 -0.90140646
vn -0.36484565 -0.24569518 -0.89806544
vn -0.44391510 -0.16095000 -0.88149559
vn -0.49219133 -0.21816769 -0.84270431
vn -0.47598233 -0.24545266 -0.84450803
vn -0.50226089 -0.20074362 -0.84109215
vn -0.58772558 -0.15027136 -0.79498249
vn -0.60319167 -0.11031987 -0.78992996
vn 0.31792716 0.55686653 -0.76734737
vn 0.32956515 0.57322941 -0.75019655
vn 0.52669132 -0.45492586 -0.71807988
vn -0.63868862 -0.24199883 -0.73042003
vn -0.61760090 -0.20316436 -0.75979824
vn -0.62568859 -0.19402861 -0.75555721
vn -0.66572688 -0.17813366 -0.72462136
vn -0.70773099 -0.12971409 -0.69447182
vn -0.69944754 -0.16379979 -0.69565995
vn -0.71860763 -0.10938224 -0.68675949
vn -0.70667766 -0.25120022 -0.66144171
vn 0.04179647 0.57646273 -0.81605378
vn 0.64422757 -0.14746308 -0.75048350
vn 0.64111522 -0.20110610 -0.74062650
vn 0.65635448 -0.12820617 -0.74347964
vn 0.59284204 -0.44456583 -0.67149054
vn 0.27996986 0.75618915 -0.59143456
vn 0.06919388 0.79112284 -0.60773090
vn 0.82590252 -0.23987096 0.51024205
vn 0.77556611 -0.29148761 0.55993944
vn 0.84848771 -0.29810230 0.43726838
vn 0.88759023 -0.21985509 0.40478059
vn 0.93070858 -0.24556990 0.27106634
vn 0.86221091 -0.34198550 0.37368203
vn 0.93857195 -0.18844101 0.28908940
vn 0.84899349 -0.16169626 0.50305504
vn 0.91636879 -0.15034922 0.37103014
vn 0.93768753 -0.29154027 0.18906712
vn 0.90728249 -0.37418356 0.19189877
vn 0.97579701 -0.14115676 0.16701783
vn 0.83419357 -0.36772053 0.41097773
vn 0.89364976 -0.40355437 0.19630073
vn 0.97661462 -0.17719636 0.12175929
vn 0.96359001 -0.24080579 0.11621903
vn 0.75010696 -0.37286272 0.54618033
vn 0.82591564 -0.12093710 0.55067011
vn 0.74918736 -0.18362333 0.63639671
vn 0.93552983 -0.35253583 0.02241478
vn 0.96764556 -0.25212747 -0.00968555
vn 0.97748929 -0.20890340 -0.02956456
vn 0.98786528 -0.15256224 -0.02910248
vn 0.96468055 -0.25566023 0.06347671
vn 0.85530706 0.51722026 -0.03054550
vn 0.90261447 -0.42567436 -0.06394109
vn 0.94739784 -0.27315621 -0.16680235
vn 0.95475106 -0.23053289 -0.18789625
vn 0.91618866 -0.37410176 -0.14368787
vn 0.96496265 -0.17328108 -0.19702982
vn 0.96657330 -0.19151449 -0.17046483
vn 0.98853076 0.02672173 -0.14863674
vn 0.76418086 -0.29418189 0.57400752
vn 0.79743187 -0.11712739 0.59193208
vn 0.73316910 -0.27212257 0.62322739
vn 0.94853200 -0.05793110 -0.31133748
vn 0.85372294 -0.32356336 -0.40799987
vn 0.89421649 -0.21577130 -0.39219845
vn 0.87386244 -0.23275800 -0.42683504
vn 0.77208081 -0.50178900 -0.38999874
vn 0.92227508 -0.14258132 -0.35927601
vn 0.83912197 -0.16139805 -0.51944680
vn 0.69256567 -0.38378055 0.61079070
vn 0.74278235 -0.12041980 0.65861480
vn 0.71212742 -0.25167465 0.65538874
vn 0.73131608 -0.08609480 0.67658295
vn 0.68021261 -0.19813447 0.70572908
vn 0.77180129 -0.62353036 -0.12463008
vn 0.51132873 -0.81452166 -0.27403902
vn 0.79659874 -0.11869966 -0.59274011
vn 0.82567924 -0.11212523 -0.55288491
vn 0.88926076 0.43125323 -0.15243343
vn 0.92185993 0.34703568 -0.17245436
vn 0.76376390 -0.19846732 -0.61422750
vn 0.73787279 -0.31663485 -0.59605883
vn 0.73039283 -0.22075128 -0.64637078
vn 0.71443392 -0.33762556 -0.61285656
vn 0.73695608 -0.16641173 -0.65513577
vn 0.73736608 -0.10710302 -0.66694843
vn 0.69460906 -0.32923551 -0.63962663
vn 0.72945357 -0.16585811 -0.66361780
vn 0.70309975 -0.19269797 -0.68448392
vn 0.75074077 0.10619460 -0.65200537
vn 0.49647933 0.17816880 -0.84956704
vn 0.48450311 0.25156398 -0.83783787
vn 0.60567719 0.18296251 -0.77438999
vn 0.70694928 0.24676673 -0.66281891
vn 0.43534085 0.18855258 -0.88029896
vn 0.46339360 0.15245792 -0.87293926
vn 0.61143472 0.13064943 -0.78043469
vn 0.38144682 0.13764025 -0.91408615
vn 0.53973174 0.25990429 -0.80071181
vn 0.29785186 0.18884846 -0.93574598
vn 0.35382252 0.07260453 -0.93249033
vn 0.27148467 0.19091737 -0.94331682
vn 0.73560170 0.11989273 -0.66672023
vn 0.73140763 0.17996031 -0.65776680
vn 0.77824764 0.16039213 -0.60712847
vn 0.84647430 0.12729489 -0.51698865
vn 0.83070628 0.23308741 -0.50556634
vn 0.76693426 0.23243010 -0.59815390
vn 0.81321967 0.33847085 -0.47340391
vn 0.86920220 0.18791108 -0.45735868
vn 0.79339341 0.47263742 -0.38358932
vn 0.90860339 0.13942203 -0.39370213
vn 0.94340674 0.20074403 -0.26398022
vn 0.86908024 0.39861257 -0.29292927
vn 0.93758715 0.20378993 -0.28178007
vn 0.94276873 0.16642136 -0.28894817
vn 0.95585824 0.15486956 -0.24970070
vn 0.61316918 0.72929582 -0.30356410
vn 0.59259742 0.74584711 -0.30420452
vn 0.96513684 0.15969129 0.20738749
vn 0.90862443 0.12659816 0.39796300
vn 0.93124183 0.16783404 0.32345075
vn 0.95970655 0.16909095 0.22443614
vn 0.92493750 0.16631930 0.34180186
vn 0.98095766 0.18589443 0.05626124
vn 0.91287362 0.16792756 0.37210494
vn 0.96184715 0.16272206 0.21993541
vn 0.98474037 0.16728982 0.04796378
vn 0.94106800 0.26257597 0.21317807
vn 0.85003171 0.32145064 0.41727158
vn 0.98277483 0.18390083 0.01827880
vn 0.91836007 0.39573552 -0.00285891
vn 0.87455254 0.17282322 0.45308938
vn 0.86668875 0.16890706 0.46938366
vn 0.81479721 0.16362837 0.55617557
vn 0.77270325 0.18048624 0.60856750
vn 0.78902848 0.16129562 0.59280501
vn 0.87223067 0.44521539 0.20247697
vn 0.76915742 0.21572297 0.60154839
vn 0.71168211 0.18960112 0.67643181
vn 0.70770830 0.15523992 0.68923836
vn 0.69644426 0.16632988 0.69806859
vn 0.66791138 0.15087177 0.72878810
vn 0.72170445 0.54990745 0.42040991
vn 0.97279453 0.18466358 -0.13989340
vn 0.97584534 0.16320083 -0.14522868
vn 0.75825051 0.65188831 0.00988919
vn -0.05361629 -0.41950937 0.90616620
vn -0.13804157 -0.11970865 0.98316548
vn 0.03023873 -0.25242853 0.96714294
vn 0.03054805 -0.14543693 0.98889581
vn -0.22267965 -0.15883673 0.96186520
vn -0.03676221 -0.21720251 0.97543406
vn -0.24238737 -0.24383062 0.93903940
vn -0.04452250 -0.28343129 0.95795848
vn -0.34721222 -0.27425244 0.89678831
vn -0.18184593 -0.34239631 0.92179001
vn 0.00492465 -0.33307131 0.94288878
vn 0.00309379 -0.41602346 0.90934862
vn -0.10079706 -0.34720102 0.93235798
vn -0.33721499 -0.35844888 0.87051735
vn -0.19964149 -0.32048016 0.92597826
vn 0.02412496 -0.33368667 0.94237529
vn 0.11931480 -0.44495766 0.88756783
vn -0.32535467 -0.24629394 0.91295325
vn -0.31475184 -0.18948976 0.93006715
vn -0.35029544 -0.13847271 0.92634681
vn 0.18459233 -0.31207334 0.93195274
vn 0.24941068 -0.25069338 0.93538609
vn 0.21727560 -0.42083744 0.88073104
vn 0.27432566 -0.16160991 0.94795974
vn 0.25798433 -0.12214426 0.95839703
vn 0.28775556 -0.35625133 0.88897791
vn 0.32687761 -0.33063359 0.88534313
vn -0.38667893 -0.27263485 0.88099355
vn -0.44542422 -0.30893335 0.84033175
vn -0.42118165 -0.14672160 0.89503005
vn -0.47060073 -0.24781390 0.84683128
vn 0.25895229 -0.47944333 0.83849735
vn 0.42758623 -0.42927252 0.79554706
vn 0.34272500 -0.46314162 0.81733678
vn 0.44999137 -0.20219303 0.86984237
vn 0.40765609 -0.14743679 0.90115421
vn 0.47488900 -0.31482492 0.82180637
vn 0.54491399 -0.25483471 0.79882915
vn 0.45209136 -0.30206735 0.83926678
vn 0.40454522 0.00026564 0.91451796
vn 0.54833097 -0.15407766 0.82194478
vn 0.54959041 -0.17033044 0.81788626
vn 0.57213109 -0.18005037 0.80015491
vn 0.55979736 -0.36423465 0.74428492
vn 0.60931831 -0.28030785 0.74172684
vn 0.62587624 -0.14859136 0.76563669
vn -0.28150891 0.31073024 0.90785431
vn -0.51055054 -0.82663374 0.23667447
vn -0.48630649 -0.85290904 0.18987409
vn -0.48474389 -0.85374772 0.19010047
vn -0.66198918 -0.45023809 0.59921281
vn -0.66867810 -0.41965981 0.61380391
vn -0.65579426 -0.41886757 0.62807950
vn -0.03442250 -0.89757970 -0.43950629
vn -0.02918690 -0.82747475 -0.56074385
vn -0.09713497 -0.98827282 0.11782030
vn 0.03723001 -0.99468048 -0.09604519
vn -0.02315524 -0.99492510 -0.09791772
vn -0.01264391 -0.99321140 -0.11563407
vn 0.02930860 -0.99533789 -0.09188847
vn 0.13181818 -0.98322174 -0.12609114
vn 0.11681917 -0.98091484 -0.15543284
vn 0.16213809 -0.98098213 -0.10670193
vn -0.04536491 -0.99129490 -0.12359794
vn 0.16140363 -0.96708670 -0.19670329
vn -0.10209356 -0.99183938 -0.07636458
vn -0.07024655 -0.98864660 -0.13282813
vn 0.12649578 -0.99194830 0.00611541
vn -0.14237290 -0.98969194 -0.01548618
vn 0.10211412 -0.99468034 0.01355476
vn 0.08907493 -0.99594046 0.01297115
vn -0.03959007 -0.99590559 -0.08126915
vn -0.06330169 -0.99261009 -0.10352826
vn -0.00637699 -0.99764412 0.06830472
vn -0.06129073 -0.99325749 -0.09840222
vn -0.06692363 -0.99545380 -0.06777137
vn -0.17008790 -0.98538122 0.00969343
vn -0.17132881 -0.98507644 0.01645720
vn -0.13559183 -0.99062683 -0.01653321
vn -0.06709261 -0.99660897 -0.04763544
vn -0.19926480 -0.96941263 0.14329232
vn -0.10591614 -0.99184408 -0.07090199
vn -0.09809816 -0.97558854 -0.19647838
vn -0.07934808 -0.97043638 -0.22794105
vn -0.04922837 -0.96252522 -0.26668665
vn -0.02562304 -0.98035611 -0.19556420
vn -0.02515386 -0.98109223 -0.19189923
vn -0.20546759 -0.96706913 0.15020111
vn -0.21306765 -0.92929554 0.30168192
vn -0.05232816 -0.87475287 0.48173559
vn 0.37836062 -0.87603099 0.29901997
vn 0.35022015 0.93562021 0.04427945
vn 0.39298610 0.90578512 0.15847787
vn 0.36635805 0.92490531 0.10164619
vn 0.56292726 0.78628544 0.25469219
vn 0.70512011 0.53402828 0.46649696
vn 0.72165813 0.47472932 0.50382697
vn -0.58033349 -0.81434889 0.00699452
vn -0.58033349 -0.81434889 0.00699452
vn -0.58033349 -0.81434889 0.00699452
vn -0.46930763 0.63343199 -0.61523513
vn -0.47307107 0.60951612 -0.63615554
vn 0.07597200 0.99689583 -0.02066278
vn -0.11683569 0.93408549 -0.33739252
vn -0.36668951 0.75716942 -0.54058605
vn -0.16307898 0.81255168 -0.55961149
vn -0.18691380 0.62075168 -0.76140041
vn -0.19017925 0.59560001 -0.78044377
vn -0.14696767 0.98676339 0.06854568
vn -0.51635481 0.85471749 0.05325150
vn -0.61353998 0.78962810 -0.00749367
vn -0.07179157 0.99176134 0.10609155
vn -0.11215150 0.98997662 0.08583901
vn -0.11335106 0.99353674 0.00602422
vn -0.02382145 0.99969259 -0.00687449
vn -0.47967676 0.86437684 0.15087372
vn -0.42476120 0.88457194 0.19264063
vn 0.43082492 0.77753000 0.45807968
vn 0.39075278 0.76223381 0.51605414
vn 0.63188809 0.77245997 -0.06342740
vn -0.23609992 0.95924201 0.15527908
vn -0.23609992 0.95924201 0.15527908
vn -0.23609992 0.95924201 0.15527908
vn 0.14504895 0.28008570 0.94895353
vn 0.06550196 0.96033736 0.27103811
vn 0.28078061 0.62308658 0.73001737
vn 0.19023077 0.59448080 0.78128409
vn 0.35091633 0.61086480 0.70971961
vn 0.42562275 0.57836491 0.69594490
vn 0.13088430 0.98808863 -0.08093302
vn -0.00344264 0.99481088 0.10168313
vn 0.01257523 0.94002167 0.34088285
vn -0.08941548 0.96269534 0.25538707
vn 0.06095488 0.96927761 0.23829693
vn -0.14557228 0.91934292 0.36553702
vn -0.39303902 0.86920161 0.30001481
vn 0.39563872 0.89750773 -0.19480728
vn 0.54365438 0.78644946 -0.29315041
vn 0.01472396 -0.99709727 -0.07470104
vn -0.17777133 -0.96404483 -0.19752196
vn -0.14228886 -0.96912740 -0.20136029
vn -0.11816748 -0.99042317 -0.07140300
vn -0.09896686 -0.99456354 -0.03238709
vn -0.08155622 -0.99641407 -0.02252942
vn -0.63630288 -0.72351784 -0.26765759
vn 0.48033438 -0.87556891 -0.05155549
vn 0.62116870 -0.78116980 -0.06263530
vn 0.40886105 0.88486895 -0.22324779
vn 0.43505187 0.85467281 -0.28330949
vn 0.50979702 0.69015689 -0.51360536
vn 0.58765621 0.41630396 -0.69379478
vn 0.44340162 0.64245078 -0.62502160
vn 0.45424217 0.62220735 -0.63759083
vn 0.37444864 0.65317153 -0.65814525
vn 0.59217541 0.17150604 -0.78734615
vn -0.20068810 -0.96553266 0.16574370
vn -0.19032540 -0.94300787 0.27296959
vn -0.28891141 -0.86627102 0.40755946
vn -0.25150763 -0.89132351 0.37720858
vn -0.29701410 -0.67688269 0.67350757
vn -0.53861552 -0.69605159 0.47476890
vn -0.55988232 -0.66288517 0.49710667
vn -0.29496547 -0.65751294 0.69330520
vn 0.14453988 -0.97388132 0.17510966
vn 0.08214889 -0.98183252 0.17104520
vn 0.07335807 -0.97720591 0.19921647
vn 0.17275988 -0.95692239 0.23335287
vn 0.34981655 -0.87657934 0.33051028
vn 0.13169543 -0.89618974 0.42367471
vn 0.13273091 -0.88911521 0.43801444
vn 0.11279977 -0.86412379 0.49047557
vn 0.36725967 -0.88766713 0.27779020
vn 0.37063955 -0.89726461 0.23988025
vn 0.11289161 -0.85186619 0.51144841
vn 0.11293916 0.96920732 0.21881939
vn 0.09153223 0.95728276 0.27428373
vn 0.11206015 0.98258700 0.14820701
vn -0.27354471 0.94315089 -0.18878477
vn -0.28807464 0.93791466 -0.19320737
vn -0.28864960 0.93873432 -0.18830635
vn -0.96480651 -0.25452653 -0.06606543
vn -0.94837188 -0.18159655 -0.26002590
vn -0.97886333 0.02747430 -0.20266165
vn -0.99804848 -0.06191426 -0.00811527
vn -0.98649702 0.05734495 -0.15341184
vn -0.97946325 -0.06483363 0.19091447
vn -0.99883279 0.00713629 0.04777160
vn -0.97817275 0.02589031 -0.20617410
vn -0.94631817 -0.28654694 0.14957528
vn -0.96004893 -0.10563137 0.25912944
vn -0.96010311 -0.14860362 0.23689444
vn -0.89858636 -0.43117150 0.08144743
vn -0.96282716 -0.18959831 -0.19239630
vn -0.90678285 -0.07768090 -0.41437971
vn -0.90097445 0.03735005 -0.43226151
vn -0.88100465 0.04562699 -0.47090230
vn -0.89479346 -0.16454719 -0.41505288
vn -0.89825850 -0.22450120 -0.37779741
vn -0.96789238 -0.07771810 -0.23904860
vn -0.89260947 0.01167272 -0.45067958
vn -0.96171254 0.13464992 -0.23870147
vn -0.98941545 0.14492454 -0.00734516
vn -0.98354050 -0.14955250 -0.10140090
vn -0.98389662 -0.07414697 0.16263352
vn -0.92407670 -0.35371575 -0.14480135
vn -0.93600264 -0.34416781 0.07380777
vn -0.91706255 0.13480381 -0.37526552
vn -0.81340779 -0.22148870 -0.53787594
vn -0.89696600 -0.31290621 0.31231666
vn -0.97224876 0.15246487 0.17744523
vn -0.82919543 -0.17055798 -0.53230153
vn -0.81922333 -0.02038412 -0.57311223
vn -0.80855684 0.10120049 -0.57965015
vn -0.79079861 -0.00111061 -0.61207542
vn -0.81452215 0.11616501 -0.56838311
vn -0.80354931 0.07459507 -0.59054558
vn -0.75819766 -0.21258239 -0.61639681
vn -0.94480258 0.32630565 -0.02954169
vn -0.82313452 -0.51473311 0.23979032
vn -0.87369451 -0.13242171 0.46810511
vn -0.91586875 0.02047356 0.40095544
vn -0.84186242 -0.16641599 0.51339399
vn -0.83864863 -0.06460553 0.54082770
vn -0.79535563 -0.42494405 0.43224066
vn -0.74800425 -0.48695271 0.45096198
vn -0.81712652 -0.33520362 0.46898059
vn -0.74017899 0.16606746 -0.65158012
vn -0.74996948 -0.16827689 0.63970982
vn -0.75838252 -0.24297038 0.60483167
vn -0.68234266 -0.34480630 0.64460617
vn -0.63272350 -0.62612749 0.45565923
vn -0.67314261 -0.49420112 0.55013115
vn -0.70958122 -0.24487420 0.66070502
vn -0.66976231 -0.30335705 0.67778533
vn -0.60008327 -0.30475360 0.73961159
vn -0.56761389 -0.34770270 0.74626892
vn -0.40918996 0.58953089 0.69643156
vn -0.33783995 0.46752848 0.81687287
vn -0.61831723 0.14813320 0.77184219
vn -0.36431263 0.10278447 0.92558720
vn -0.12973956 0.54382323 0.82911033
vn -0.68354310 0.30314860 0.66398024
vn -0.46736397 0.60443254 0.64516061
vn -0.30950275 0.55216274 0.77416042
vn -0.49383060 0.31651475 0.80990724
vn -0.49728648 0.71034102 0.49811826
vn -0.62654604 0.57116721 0.53029057
vn -0.67840510 0.24200915 0.69368443
vn -0.24889967 0.28005099 0.92715716
vn -0.62396787 0.71553335 0.31412755
vn -0.59171156 0.70659020 0.38808211
vn -0.73132671 0.43977438 0.52130580
vn -0.69742617 0.61275100 0.37166241
vn -0.75268596 0.32541159 0.57233831
vn -0.63948298 0.72964916 0.24222640
vn -0.69490084 0.65759043 0.29101142
vn -0.68402648 0.69791960 0.21216974
vn 0.07805283 0.35050646 0.93330219
vn -0.01673484 0.30324645 0.95276521
vn -0.29366459 0.01381247 0.95580873
vn -0.12994707 0.22478732 0.96570411
vn -0.04864723 0.05443690 0.99733147
vn -0.54635675 -0.14232728 0.82537098
vn -0.80032980 0.04707090 0.59770941
vn -0.82109119 0.06653060 0.56690646
vn 0.11097995 0.15810233 0.98116620
vn -0.68459379 -0.07416430 0.72514205
vn -0.76870842 0.02119694 0.63924804
vn 0.15404599 0.21244081 0.96495530
vn -0.00540001 -0.00653206 0.99996409
vn -0.35453807 -0.33873958 0.87152639
vn -0.10432901 -0.14672677 0.98365986
vn -0.78909551 0.05728523 0.61159355
vn -0.74938461 -0.07782498 0.65754542
vn -0.52893184 0.02485799 0.84830018
vn -0.53533666 -0.04738326 0.84330866
vn -0.21114846 0.00787396 0.97742229
vn -0.21334287 0.06493339 0.97481715
vn 0.13739135 0.01265850 0.99043595
vn 0.18576403 0.04155336 0.98171536
vn 0.18292242 -0.02252286 0.98286932
vn 0.25528789 0.38204414 0.88818375
vn 0.13643758 -0.02470316 0.99034062
vn 0.27151401 0.28478571 0.91933522
vn 0.09963241 -0.35578093 0.92924341
vn -0.26766734 -0.40762669 0.87303761
vn -0.49700744 -0.43891722 0.74855546
vn 0.35285442 -0.04167176 0.93474982
vn 0.12842395 -0.49132267 0.86145767
vn 0.24480435 -0.50004383 0.83067864
vn -0.29343711 0.68385114 -0.66801369
vn -0.37158837 0.75458047 -0.54086080
vn -0.39280450 0.69137099 -0.60639161
vn -0.28387516 0.72002882 -0.63322460
vn -0.11866947 0.72358442 -0.67995820
vn -0.09129568 0.68382924 -0.72390792
vn -0.41294127 0.55538469 -0.72182225
vn -0.18381545 0.44784228 -0.87501381
vn 0.06607027 0.72242567 -0.68828474
vn -0.00526895 0.48889831 -0.87232487
vn -0.22627787 0.44117054 -0.86842782
vn -0.45080839 0.45179892 -0.76983734
vn 0.00064340 0.50688120 -0.86201568
vn -0.50151117 0.59803932 -0.62516839
vn -0.56689781 0.43759426 -0.69795282
vn 0.19521720 0.59884976 -0.77670407
vn 0.22412336 0.73035742 -0.64524938
vn 0.11734124 0.54745667 -0.82856637
vn 0.30933059 0.39126645 -0.86673246
vn -0.41961343 0.27865904 -0.86387135
vn 0.17476746 0.28964434 -0.94104330
vn 0.15399104 0.35448486 -0.92229456
vn -0.33182689 0.30568536 -0.89243900
vn -0.05212414 0.27713089 -0.95941729
vn 0.37821039 0.68813689 -0.61921282
vn 0.05729351 0.24813570 -0.96702954
vn -0.25591167 0.21116101 -0.94335584
vn 0.39167970 0.48761643 -0.78026741
vn 0.52511107 0.43933247 -0.72886579
vn 0.49955815 0.26483178 -0.82480651
vn 0.62048139 0.26905588 -0.73662187
vn 0.42108060 0.14923436 -0.89466208
vn 0.48125594 0.66790962 -0.56770544
vn 0.57705683 0.49882215 -0.64666983
vn -0.58807937 0.29351678 -0.75366475
vn 0.55246901 0.68148771 -0.47995051
vn 0.63293708 0.28637761 -0.71929029
vn 0.32206122 -0.01058536 -0.94665966
vn -0.08892254 0.08335857 -0.99254427
vn 0.33097895 0.16244624 -0.92955051
vn 0.53910066 0.13109230 -0.83197674
vn 0.61244222 0.64465745 -0.45752737
vn 0.65392738 0.21725355 -0.72469295
vn 0.68056032 0.51969499 -0.51648307
vn 0.70460398 0.32887376 -0.62878874
vn 0.58976275 0.01771263 -0.80738229
vn 0.65313939 0.64357734 -0.39902023
vn -0.39000235 -0.04247352 -0.91983377
vn 0.47556396 -0.14997494 -0.86680242
vn 0.49166232 -0.19880915 -0.84778717
vn 0.80759073 -0.25254768 -0.53293234
vn 0.63935946 -0.61517539 -0.46127944
vn 0.77851000 -0.54882348 -0.30449132
vn 0.52185773 -0.61762681 -0.58838902
vn 0.88938928 -0.20659653 -0.40780458
vn 0.78831008 -0.15273178 -0.59602032
vn 0.76010771 0.01808502 -0.64954539
vn 0.57478995 -0.13118492 -0.80771717
vn 0.50561894 -0.03135197 -0.86218707
vn 0.60552565 -0.16577000 -0.77836944
vn 0.68373964 -0.20078925 -0.70155811
vn 0.41188198 -0.55382985 -0.72361988
vn 0.27137221 -0.12965216 -0.95370197
vn 0.92862993 -0.36070743 -0.08681358
vn 0.83856604 -0.52992428 -0.12644074
vn 0.91593622 -0.40057985 0.02442612
vn 0.90146175 -0.42812985 0.06380860
vn -0.18302857 -0.24698802 -0.95157630
vn 0.01622030 0.20309333 -0.97902503
vn 0.11603502 -0.09323627 -0.98885938
vn -0.26690422 0.03873906 -0.96294414
vn 0.00318171 -0.40369035 -0.91489014
vn -0.48017026 -0.12351450 -0.86843577
vn -0.46993680 -0.30828352 -0.82711588
vn -0.03404508 -0.33686800 -0.94093617
vn -0.34076772 -0.23366076 -0.91064813
vn 0.29455474 -0.32776396 -0.89766825
vn 0.19290538 -0.55290703 -0.81060553
vn 0.22894121 -0.46054569 -0.85760340
vn 0.36188941 -0.02935907 -0.93175860
vn 0.35220411 -0.56165526 -0.74866257
vn 0.48769951 -0.34409151 -0.80234046
vn 0.28481664 0.14772604 -0.94713067
vn 0.54479112 -0.10500622 -0.83197135
vn 0.60926911 -0.34812231 -0.71246193
vn 0.53586328 -0.63061701 -0.56140248
vn 0.42778601 -0.64091612 -0.63735834
vn 0.74156899 -0.45469516 -0.49328262
vn 0.68272535 -0.12425564 -0.72003239
vn 0.79570966 -0.24260666 -0.55496680
vn 0.65646024 -0.67626610 -0.33425156
vn 0.81802771 -0.51718954 -0.25168561
vn 0.90719603 -0.28792494 -0.30674841
vn 0.65319364 -0.73038540 -0.19968788
vn 0.80791712 -0.57630674 -0.12304658
vn 0.90816530 -0.05979436 -0.41431922
vn 0.95960286 -0.26651471 -0.09017906
vn 0.88750140 -0.46077910 0.00488701
vn 0.99613578 0.01562744 -0.08642502
vn -0.17753122 -0.03256778 -0.98357613
vn -0.19483849 -0.05015066 -0.97955238
vn 0.16382886 -0.04737028 -0.98535078
vn -0.02327601 -0.58094388 -0.81361074
vn 0.29146180 -0.19463017 -0.93657307
vn -0.45574625 -0.02936903 -0.88962510
vn -0.36801784 -0.17378579 -0.91343384
vn -0.38106202 0.01230210 -0.92446763
vn -0.59912789 -0.18688995 -0.77853575
vn -0.51772433 0.12384022 -0.84653714
vn -0.56930363 -0.14590297 -0.80907707
vn -0.64620155 0.08838165 -0.75803182
vn -0.63107090 -0.20662830 -0.74769932
vn -0.52282031 0.16513230 -0.83629555
vn -0.22853019 0.29070449 -0.92912047
vn -0.66498829 0.03295264 -0.74612647
vn -0.47032830 0.36719517 -0.80247056
vn -0.69240766 -0.13354449 -0.70903985
vn -0.63438489 0.21404626 -0.74279204
vn 0.16257536 0.34977106 -0.92262097
vn 0.11992815 -0.76519211 0.63253322
vn 0.11267526 -0.65702288 0.74540273
vn -0.11587103 -0.71239880 0.69214294
vn -0.09177215 -0.58189880 0.80806662
vn 0.11334520 -0.66570181 0.73755947
vn -0.03432478 -0.51181586 0.85840919
vn -0.20754285 -0.51470622 0.83186746
vn -0.37971586 -0.53380927 0.75555512
vn -0.36496830 -0.67002336 0.64642620
vn -0.41133926 -0.48743660 0.77019840
vn 0.14147122 -0.37171140 0.91750560
vn 0.29886760 -0.68946666 0.65978321
vn 0.33019577 -0.72517840 0.60422432
vn 0.32612948 -0.53156263 0.78171653
vn 0.36700642 -0.48961527 0.79093816
vn 0.07100542 -0.50455897 0.86045248
vn -0.19025391 -0.46961586 0.86212783
vn -0.37270533 -0.40128402 0.83669701
vn -0.11514197 -0.35474750 0.92784511
vn 0.32977438 -0.32580601 0.88605829
vn 0.48514199 -0.52446374 0.69969639
vn 0.34906090 -0.40603480 0.84456630
vn 0.00278918 -0.40165237 0.91578797
vn -0.31134324 -0.34888873 0.88393554
vn 0.06384942 -0.24663321 0.96700326
vn 0.44412535 -0.68970013 0.57189720
vn 0.49070268 -0.72649456 0.48105772
vn 0.61226738 -0.49956936 0.61282878
vn 0.53795415 -0.33633017 0.77297306
vn 0.62484935 -0.44628853 0.64061677
vn 0.66718400 -0.46830803 0.57926945
vn 0.62255608 -0.67392519 0.39780494
vn 0.58856709 -0.73446583 0.33785902
vn 0.82065255 -0.43507046 0.37046334
vn 0.79412396 -0.46629719 0.38978721
vn -0.35039195 -0.33184647 0.87584439
vn 0.45657541 -0.09585420 0.88450600
vn 0.77693102 -0.47177752 0.41689826
vn 0.68545859 -0.70151387 0.19499953
vn 0.72344087 -0.64134157 0.25556663
vn 0.80120338 -0.26126322 0.53834438
vn 0.67319761 -0.73052931 0.11459456
vn 0.76141231 -0.62107070 0.18580228
vn 0.92023910 -0.36718536 0.13540647
vn 0.74511473 -0.65823510 0.10738059
vn 0.61346898 -0.78970854 -0.00402878
vn -0.47542818 -0.65224413 0.59037754
vn -0.46523318 -0.55218080 0.69184858
vn -0.53397900 -0.55995109 0.63349917
vn -0.49823761 -0.39670427 0.77096369
vn -0.57868708 -0.25887316 0.77337310
vn -0.55345445 -0.20136853 0.80817009
vn 0.94261403 -0.24208274 0.22994507
vn -0.46919578 -0.29524329 0.83227803
vn 0.99094256 -0.11991169 0.06044861
vn 0.99011283 -0.13074926 0.05080563
vn -0.24576210 0.92769872 0.28102683
vn -0.09206958 0.99550590 -0.02216270
vn -0.13951782 0.97158251 0.19121246
vn -0.05220980 0.99718747 -0.05377067
vn 0.00297236 0.98460882 -0.17474737
vn -0.07082952 0.93731071 -0.34122106
vn 0.22259381 0.96045318 -0.16727725
vn 0.31192955 0.90108545 -0.30123905
vn 0.24937445 0.96780867 -0.03404054
vn 0.41184770 0.90074874 0.13796077
vn 0.33641186 0.94015326 0.05421173
vn 0.23885723 0.85369624 0.46276338
vn 0.14484674 0.95904193 0.24342967
vn -0.00972987 0.95735522 0.28874957
vn -0.07576190 0.84698076 0.52619742
vn 0.12771201 0.94338248 -0.30613583
vn -0.19464690 0.94787360 -0.25228598
vn -0.19530076 0.93145991 0.30698542
vn 0.37759310 0.88829734 0.26144079
vn 0.08321374 0.90551378 0.41607723
vn 0.40371082 0.88352077 -0.23750500
vn -0.12695949 0.95186105 -0.27900147
vn -0.40917697 0.90626514 0.10610235
vn 0.16592555 0.88926392 -0.42623749
vn 0.46048954 0.86646441 -0.19284403
vn -0.33196334 0.87798681 0.34487606
vn 0.00081136 0.87667329 -0.48108553
vn -0.23427715 0.87099395 -0.43183764
vn 0.34330454 0.81890111 -0.45993799
vn 0.58426535 0.81091851 -0.03232892
vn 0.62146988 0.56968589 0.53780403
vn 0.15707104 0.59326474 0.78953508
vn -0.42603594 0.67539196 0.60194608
vn -0.35001625 -0.91342733 0.20769962
vn -0.00814652 -0.97018662 0.24222213
vn -0.03364563 -0.97151794 0.23456527
vn -0.22959222 -0.94249118 0.24289461
vn 0.05264829 -0.99350681 0.10085816
vn 0.12191128 -0.98801675 0.09466017
vn 0.15882158 -0.97288809 -0.16812042
vn 0.05841230 -0.98324968 -0.17265012
vn 0.13721468 -0.95706749 0.25533108
vn -0.09118093 -0.95292020 -0.28918701
vn 0.04021814 -0.95740872 -0.28592141
vn -0.27058763 -0.96003630 -0.07150270
vn -0.27945500 -0.95800271 0.06430944
vn -0.36477947 -0.91622212 -0.16574973
vn -0.24066878 -0.95088627 -0.19466339
vn -0.03246479 -0.94771972 -0.31744822
vn -0.32965974 -0.94167468 -0.06762578
vn -0.26709179 -0.93380240 -0.23806525
vn -0.14838592 -0.91927347 -0.36457908
vn 0.29304433 -0.95505024 -0.04476669
vn 0.28683042 -0.95703931 -0.04247440
vn -0.37129012 -0.91216067 0.17351242
vn -0.21608178 -0.90932246 0.35558590
vn 0.25962549 -0.90864529 0.32704487
vn 0.26894172 -0.87998296 -0.39153588
vn -0.13497001 -0.86933322 0.47543963
vn 0.09394997 -0.88963830 0.44689719
vn -0.53863541 -0.76754899 0.34747726
vn -0.07598149 -0.82937444 -0.55350234
vn 0.21203679 -0.84768321 0.48628549
vn 0.37733209 -0.82099842 -0.42846480
vn -0.73397397 -0.66277451 -0.14836495
vn 0.97516518 0.01669947 -0.22084838
vn 0.82015722 0.33876127 -0.46106717
vn 0.92117035 0.34473943 -0.18055446
vn 0.81615664 0.06012221 -0.57469440
vn 0.88988987 0.11044940 -0.44260248
vn 0.96942972 0.16375171 -0.18273312
vn 0.77660712 0.10260036 -0.62157425
vn 0.72289738 0.12281379 -0.67995305
vn 0.72878115 0.37909854 -0.57023006
vn 0.97932255 0.16356829 0.11904942
vn 0.99286052 -0.00308547 0.11924124
vn 0.94961309 0.31243875 0.02483949
vn 0.84554313 0.53085284 -0.05702692
vn 0.82122217 0.54333146 0.17431315
vn 0.93072164 0.28115955 0.23389430
vn 0.96304607 -0.02085867 0.26852779
vn 0.89405839 0.32284781 0.31053001
vn 0.86721460 0.45062713 0.21183492
vn 0.77281791 0.62232667 -0.12434628
vn 0.79000620 0.60971922 -0.06428588
vn 0.81174871 0.51418144 -0.27691421
vn 0.73417793 0.63865640 0.23043604
vn -0.91910191 -0.35434197 0.17231784
vn -0.98257988 -0.00381348 -0.18580160
vn -0.95298331 -0.02405846 0.30206623
vn -0.92822958 -0.33004678 -0.17163615
vn -0.96078536 -0.20492046 -0.18681302
vn -0.92565622 -0.30961484 0.21748382
vn -0.85638262 -0.51346371 -0.05444104
vn -0.88150094 -0.09843175 0.46180871
vn -0.80907500 -0.35927298 0.46510274
vn -0.82227921 -0.34850998 -0.44988631
vn -0.87446966 -0.04394381 -0.48308566
vn -0.82225421 -0.37051668 -0.43199004
vn -0.72360271 -0.46241445 -0.51241780
vn -0.73788490 -0.36666615 -0.56664081
vn -0.75888956 -0.64106025 -0.11457924
vn -0.76795374 -0.61808291 0.16798980
vn -0.77951738 -0.62539715 0.03508629
vn -0.72092875 -0.63332526 -0.28135539
vn -0.82889324 -0.45294265 0.32829705
vn -0.70088277 -0.53089608 0.47635354
vn -0.79078698 -0.05921103 0.60922082
vn -0.78236562 -0.21769315 0.58353554
vn -0.65077171 -0.61406617 -0.44656346
vn -0.66374905 -0.60939165 -0.43368077
vn -0.69504502 -0.04503211 0.71755455
vn -0.30718226 -0.09896036 -0.94649137
vn 0.00109334 -0.17498684 -0.98457016
vn -0.28016600 -0.26898011 -0.92149700
vn 0.00103747 -0.28994636 -0.95704234
vn 0.25721034 -0.34069773 -0.90430520
vn 0.28595100 -0.32233357 -0.90240407
vn -0.13444706 -0.43605485 -0.88982029
vn 0.13064212 -0.41022451 -0.90257880
vn -0.39910002 -0.27658040 -0.87419818
vn -0.09168115 -0.54107025 -0.83596504
vn 0.28297399 -0.48556200 -0.82713679
vn 0.17709046 -0.58297306 -0.79295736
vn -0.17194333 -0.59553765 -0.78471039
vn -0.35359410 -0.56038751 -0.74895731
vn -0.40556942 -0.68951988 -0.60006314
vn -0.56631801 -0.04695359 -0.82284827
vn -0.52750136 -0.23942799 -0.81511751
vn -0.56387018 -0.35774328 -0.74435890
vn -0.69394848 -0.03739365 -0.71905301
vn -0.45941241 -0.61490293 -0.64096383
vn 0.44777395 -0.28236112 -0.84839300
vn 0.41447731 -0.36427612 -0.83397330
vn 0.30383994 -0.61166355 -0.73044438
vn -0.89789498 0.43792890 -0.04475363
vn -0.81398481 0.55946337 0.15629930
vn -0.80318976 0.56082940 -0.20088950
vn -0.86907072 0.45860013 0.18547781
vn -0.80689978 0.59068242 -0.00264977
vn -0.70854789 0.62529894 -0.32704910
vn -0.77376224 0.60043082 0.20192780
vn -0.73543450 0.67759574 -0.00032921
vn -0.69781950 0.69597039 0.16933151
vn -0.79178030 0.55011698 0.26543411
vn -0.82081805 0.49804931 0.27965088
vn -0.71586916 0.63633266 -0.28742320
vn -0.68825747 0.60816953 -0.39551419
vn -0.59352478 0.80045398 -0.08367652
vn -0.50055522 0.85840117 0.11221362
vn -0.63479162 0.56488672 -0.52720261
vn -0.57618251 0.68041839 -0.45281843
vn -0.55260131 0.72444529 -0.41208107
vn -0.50270868 0.63138633 -0.59045345
vn -0.67085623 0.69827235 -0.24973514
vn -0.53638818 0.76961076 -0.34639140
vn -0.74810386 0.58026501 -0.32192101
vn -0.78432581 0.59932980 -0.16011500
vn -0.80314984 0.58668409 -0.10369242
vn -0.81921566 0.56718385 -0.08478311
vn -0.68079728 0.56905490 -0.46118499
vn -0.53215707 0.64208956 -0.55184224
vn -0.42698583 0.77272271 -0.46966234
vn -0.26826801 0.74172873 -0.61471194
vn -0.49509242 0.48347080 -0.72189991
vn -0.47650909 0.61997223 -0.62335666
vn -0.15513239 0.72644102 -0.66949039
vn -0.00511223 0.69345207 -0.72048462
vn -0.45817404 0.33875528 -0.82177941
vn 0.06429695 0.65176182 -0.75569334
vn 0.08927743 0.61315939 -0.78489815
vn -0.98234117 -0.18389099 -0.03449520
vn -0.86636377 -0.17183928 0.46891905
vn -0.86232917 -0.08689369 0.49883654
vn -0.99884565 -0.04708787 0.00949237
vn -0.96504364 -0.10961766 0.23806458
vn -0.79927177 -0.13672808 0.58520943
vn -0.82244567 0.23308843 0.51889585
vn -0.66504133 -0.54796942 0.50739486
vn -0.63305889 0.19873508 0.74815828
vn -0.59462733 -0.21866163 0.77369596
vn -0.79552399 -0.36405712 0.48435936
vn -0.50137821 -0.14942700 0.85222736
vn -0.48570347 -0.11600544 0.86639188
vn -0.41679556 0.21261008 0.88378641
vn -0.51454185 0.61343468 0.59911983
vn -0.31961264 -0.13888240 0.93731501
vn -0.26732238 -0.09637111 0.95877597
vn -0.62292960 0.66357079 0.41428555
vn -0.96222968 -0.26602953 0.05781296
vn -0.77854246 0.08929543 0.62120686
vn -0.90312867 0.23474153 0.35952054
vn -0.85884787 0.28397553 0.42630768
vn -0.29153394 -0.15304527 0.94423785
vn -0.81300462 0.42419193 0.39885423
vn -0.36862010 -0.16837291 0.91420446
vn -0.41596109 -0.45950747 0.78474790
vn -0.36664615 -0.62645506 0.68784057
vn -0.94498622 -0.07479682 -0.31844385
vn -0.35601500 0.66292637 0.65862125
vn -0.43524330 0.80337161 0.40639553
vn 0.07859342 0.11317629 0.99046161
vn 0.27788698 0.26851450 0.92232250
vn -0.03994028 0.11484694 0.99257995
vn -0.19938689 0.14705014 0.96882461
vn -0.07964248 0.38917177 0.91771586
vn 0.12151553 0.24208209 0.96261635
vn -0.24096257 0.09309236 0.96605945
vn -0.20329365 0.38450166 0.90046109
vn -0.03598705 0.65812410 0.75204894
vn 0.47052506 0.03957069 0.88149891
vn 0.43607038 0.11882825 0.89203278
vn 0.21926547 0.59730393 0.77146009
vn 0.65936096 0.29279239 0.69247075
vn 0.71071639 0.09287704 0.69732064
vn 0.45292145 0.30547079 0.83758567
vn 0.76106558 0.00495875 0.64865599
vn 0.50137430 0.62097077 0.60251068
vn 0.39871914 0.52744245 0.75021831
vn 0.23207376 0.59479563 0.76964922
vn 0.78410194 0.22255875 0.57935460
vn 0.60538788 0.56903874 0.55650735
vn 0.84191017 -0.01503217 0.53940828
vn 0.84300885 0.03941167 0.53645391
vn -0.15559372 0.08768559 -0.98392166
vn -0.02521169 0.44395769 -0.89569299
vn 0.40782743 0.43871223 -0.80075488
vn 0.27303858 0.41252846 -0.86906283
vn 0.48677166 0.31229473 -0.81579738
vn 0.52063982 0.52222965 -0.67543347
vn 0.55204677 0.47913994 -0.68239965
vn 0.57089132 0.59801511 -0.56254868
vn 0.45484471 0.61585809 -0.64330016
vn 0.22646107 0.61620328 -0.75432679
vn -0.06938883 0.62150656 -0.78032992
vn 0.56275277 0.63393463 -0.53050561
vn 0.47398099 0.69633269 -0.53894601
vn 0.29566274 0.76777647 -0.56842135
vn 0.53699632 0.60347938 -0.58944685
vn -0.18687349 0.51484302 -0.83666897
vn -0.16784014 0.34706647 -0.92269960
vn -0.19914545 0.63079794 -0.74995670
vn 0.95639061 -0.18988666 -0.22194606
vn 0.89738965 -0.14553737 -0.41654614
vn 0.92746418 -0.30227170 -0.22009544
vn 0.71070566 -0.12695306 -0.69193959
vn 0.76101602 -0.19205355 -0.61965317
vn 0.85142224 0.23651360 -0.46812550
vn 0.69860490 0.05566223 -0.71333927
vn 0.83264134 0.15878315 -0.53056225
vn 0.97775437 0.20889439 -0.01896133
vn 0.96610100 0.06686141 -0.24935600
vn 0.83236008 0.40032528 -0.38329669
vn 0.53506359 -0.02355769 -0.84448327
vn 0.75455097 0.38023703 -0.53485758
vn 0.73286491 0.59137725 -0.33642529
vn 0.75028623 0.38823498 -0.53511137
vn 0.92371526 0.37882210 0.05695555
vn 0.56050592 0.38722685 -0.73204404
vn 0.69236307 0.67325823 -0.25953175
vn 0.94526755 -0.32453920 0.03381662
vn 0.92305002 -0.01316209 0.38445469
vn 0.91628796 0.23159405 0.32677296
vn 0.53178565 0.81381439 -0.23432917
vn 0.76711605 0.40209887 0.49984944
vn 0.53672787 0.56828163 0.62368195
vn 0.62971389 0.30746357 0.71339089
vn 0.60614469 0.62191142 0.49579713
vn 0.42407406 0.44224316 0.79030512
vn 0.73019517 0.60800630 0.31167828
vn 0.32438347 0.64853176 0.68860869
vn 0.21825091 0.50523978 0.83492473
vn 0.27550610 0.83911079 0.46903035
vn 0.43247475 0.85086237 0.29832670
vn 0.16756078 0.80707445 0.56617508
vn 0.05991391 0.76299382 0.64362315
vn 0.14628328 0.87465454 0.46214785
vn 0.25578469 0.85891949 0.44365696
vn 0.31025389 0.74773723 0.58705328
vn 0.42627345 0.78988586 0.44087557
vn -0.05860641 0.83739946 0.54344036
vn 0.53676529 0.83913125 0.08798730
vn -0.19678451 0.73096995 0.65342083
vn -0.41002854 0.75356628 0.51382337
vn -0.08953585 0.64755804 0.75673768
vn 0.80512582 0.57582919 0.14210267
vn 0.59657115 0.58158271 0.55305010
vn -0.05260267 0.37302155 0.92633033
vn 0.54735883 0.79225756 0.26967809
vn 0.67939753 0.59367793 0.43123719
vn 0.11577182 0.31465806 0.94211846
vn 0.88979889 0.38223216 0.24931209
vn 0.28387757 0.25265944 0.92497391
vn 0.90754465 0.41931306 0.02322209
vn -0.46932538 0.66150245 0.58493435
vn -0.60995618 0.66850997 0.42549721
vn -0.72262284 0.43189208 0.53970869
vn -0.54572409 0.34977171 0.76147552
vn -0.78494736 0.56498033 0.25427322
vn -0.60899133 0.75738239 0.23558751
vn -0.72465933 0.68026127 0.11006112
vn -0.53089465 0.84718686 0.02062244
vn -0.53688877 0.76075848 0.36468752
vn -0.63603750 0.46471246 0.61603460
vn -0.47293266 0.87213319 0.12537302
vn -0.47015064 0.88206643 -0.03028513
vn -0.46742975 0.87888128 -0.09527395
vn -0.45984143 0.88228681 -0.10057758
vn -0.44277949 0.47789078 0.75866114
vn -0.28158066 0.40521548 0.86977741
vn -0.69091863 0.51847898 0.50379658
vn -0.60180899 0.49963986 0.62304571
vn -0.47341194 0.61925472 0.62642216
vn -0.45960024 0.57498465 0.67687537
vn -0.61304739 0.59109683 0.52419217
vn -0.38095801 0.54668881 0.74565564
vn -0.19525796 0.60682877 0.77047594
vn -0.11620943 0.42874414 0.89592066
vn -0.25025444 0.68543446 0.68377797
vn -0.07735526 0.67716996 0.73174928
vn -0.68802314 0.13562909 0.71290176
vn -0.00408419 0.50289221 0.86433948
vn -0.36418020 0.20963721 0.90742770
vn -0.52214209 0.38445297 0.76129071
vn -0.09900344 0.13829608 0.98543012
vn 0.48298617 0.87133995 -0.08655081
vn 0.55152830 0.82671407 0.11117730
vn 0.53836924 0.83857783 -0.08334132
vn 0.40246424 0.89736223 -0.18100708
vn 0.40599873 0.89303953 -0.19402429
vn 0.29438437 0.93654368 -0.19032545
vn 0.35540508 0.87816947 -0.32016497
vn 0.25700140 0.91670033 -0.30595878
vn 0.26793923 0.83912356 -0.47337113
vn 0.22923051 0.89076676 -0.39241299
vn 0.05176959 0.92587486 -0.37426683
vn 0.65099192 0.66286722 -0.36988723
vn 0.07152147 0.92677960 -0.36873330
vn 0.54036691 0.65741035 -0.52518114
vn -0.07792268 0.92643090 -0.36831215
vn 0.83519290 0.54008769 -0.10372125
vn 0.40657639 0.68514757 -0.60437443
vn -0.06393960 0.90511923 -0.42032238
vn 0.57820674 0.76839553 -0.27430872
vn 0.70968408 0.70196584 -0.05993725
vn 0.53901714 0.79386902 -0.28148268
vn 0.69190839 0.68825698 0.21809426
vn 0.25077402 0.72891019 -0.63702616
vn 0.82331376 0.48007002 -0.30279899
vn 0.39429977 0.55631041 -0.73146867
vn 0.67341770 0.44504399 -0.59029183
vn 0.53370778 0.47088040 -0.70244406
vn 0.76065104 0.41627716 -0.49811978
vn 0.95839467 0.23235621 -0.16580182
vn 0.58565131 -0.36249240 0.72499090
vn 0.61838355 -0.54445415 0.56671991
vn 0.71373930 -0.36225375 0.59945678
vn 0.40045902 -0.50222363 0.76642286
vn 0.32941474 -0.38119110 0.86381669
vn 0.64731948 -0.60979080 0.45731026
vn 0.51752310 -0.65843805 0.54646973
vn 0.30076028 -0.67978099 0.66891035
vn 0.61908351 -0.56424371 0.54622765
vn 0.61474359 -0.64085409 0.45977858
vn 0.21637086 -0.41914931 0.88175819
vn 0.01159914 -0.66476387 0.74696349
vn 0.04546631 -0.43713307 0.89824690
vn -0.15417843 -0.63998669 0.75275896
vn -0.08569911 -0.37855874 0.92160129
vn -0.20648679 -0.56950692 0.79562873
vn 0.06884460 -0.80306918 0.59189553
vn -0.28974918 -0.23529129 0.92773025
vn -0.42157606 -0.38780010 0.81968574
vn -0.42208387 -0.64393299 0.63811873
vn -0.53073753 -0.56470583 0.63200080
vn -0.55165887 -0.30683908 0.77557867
vn -0.48504908 -0.15240041 0.86110481
vn -0.55583318 -0.67076215 0.49104746
vn 0.70552986 -0.69279280 -0.14921714
vn 0.76686102 -0.59190034 -0.24814949
vn 0.70833196 -0.60695017 -0.36038497
vn 0.67022174 -0.51240115 -0.53688722
vn 0.62945860 -0.65072862 -0.42465767
vn 0.82627970 -0.56174106 0.04133812
vn 0.76102887 -0.63453365 -0.13491521
vn 0.77082512 -0.58159943 -0.25994370
vn 0.81097904 -0.57954492 0.08025380
vn 0.59786159 -0.72285755 -0.34646570
vn 0.76324407 -0.64025370 0.08679681
vn 0.61022745 -0.73308852 -0.30033928
vn 0.74986317 -0.65695185 -0.07822720
vn 0.84361522 -0.48860054 -0.22267210
vn 0.86072667 -0.32003778 -0.39588562
vn 0.69898831 -0.41320647 -0.58367436
vn 0.61952402 -0.77857092 0.10008652
vn 0.89076995 -0.44968714 0.06565345
vn 0.85852400 -0.44752065 0.25032340
vn 0.82278914 -0.50387027 0.26293113
vn 0.73215129 -0.64862312 0.20794841
vn 0.62355679 -0.71766899 0.31004541
vn 0.69515064 -0.68320516 0.22359852
vn 0.53286504 -0.82787097 0.17516991
vn 0.58910719 -0.79530189 0.14299514
vn 0.88077966 -0.45020694 0.14676818
vn 0.99391296 -0.09182431 -0.06087134
vn 0.55649776 -0.79091971 0.25447252
vn 0.88543787 -0.24907259 0.39238071
vn 0.72014361 -0.47467987 0.50603577
vn 0.51435416 -0.74166803 0.43054423
vn 0.65612864 -0.29951881 0.69266420
vn 0.80160831 -0.16835904 -0.57365438
vn 0.51606561 -0.64921704 -0.55874280
vn 0.57755875 -0.54762373 -0.60542063
vn 0.70201622 -0.33814961 -0.62675998
vn 0.70092043 -0.24627744 -0.66937133
vn 0.76857291 -0.12377190 0.62767524
vn 0.75917568 -0.03929517 -0.64969852
vn 0.94279698 0.25223195 -0.21797454
vn 0.90975984 0.41482703 0.01598677
vn 0.80910851 0.53343174 -0.24656440
vn 0.84678081 0.29477362 -0.44279879
vn 0.97271472 0.23127962 0.01832483
vn 0.88566662 0.44866588 -0.11955573
vn 0.82193235 0.49555964 -0.28079862
vn 0.97553539 0.21733949 0.03307942
vn 0.94828877 0.19552488 -0.25003687
vn 0.92282760 0.33757519 0.18555919
vn 0.95438866 0.21059140 0.21164487
vn 0.96826633 0.11146566 0.22368665
vn 0.89084117 0.16886337 0.42176672
vn 0.90353016 0.24604931 0.35084610
vn 0.87533644 0.17047773 -0.45246376
vn 0.82983068 0.28532860 -0.47955045
vn 0.99673191 0.04671366 0.06590395
vn 0.98507843 0.08095134 -0.15187946
vn 0.98648925 -0.01336957 -0.16327958
vn 0.98663056 -0.06666927 0.14871228
vn 0.90628832 0.11659763 -0.40625911
vn 0.88353611 0.15084557 -0.44340675
vn 0.96826484 -0.10174941 0.22827673
vn 0.92394468 -0.04969733 0.37928406
vn 0.89003666 -0.02044370 0.45543034
vn 0.90477624 -0.08790479 0.41671658
vn 0.98954732 -0.03878301 0.13889557
vn 0.98393674 -0.06299107 -0.16703477
vn 0.98327926 -0.14236942 -0.11354668
vn 0.90424209 0.13670725 -0.40454588
vn 0.92047143 -0.02588509 0.38995168
vn 0.83145203 0.19821564 0.51903572
vn 0.73831440 -0.08484381 0.66909892
vn 0.74744307 0.16487909 0.64354001
vn 0.74385422 -0.04894611 0.66654720
vn 0.71874654 0.20928249 0.66302659
vn 0.59313924 -0.04284663 0.80395896
vn 0.71257775 0.58635130 -0.38525980
vn 0.78175027 0.16454728 -0.60149040
vn 0.75062994 0.19566619 -0.63108592
vn 0.54329394 0.22856908 0.80782911
vn 0.56799847 0.18393138 0.80221380
vn 0.61142893 -0.05485813 0.78939550
vn 0.56831775 -0.08682039 0.81821584
vn 0.53451911 -0.19414918 0.82255420
vn 0.56720481 0.10626566 0.81669230
vn 0.46797247 0.31442163 0.82591816
vn 0.44246569 0.04149600 0.89582487
vn 0.41916146 0.23138509 0.87793201
vn 0.49636793 0.25907649 0.82855190
vn 0.42168781 0.00237170 0.90673798
vn 0.41701167 -0.17536291 0.89182348
vn -0.00450796 -0.30321947 -0.95291009
vn 0.03305719 -0.56078956 -0.82729818
vn -0.10248486 -0.40234826 -0.90973223
vn 0.12733505 -0.40293056 -0.90632927
vn 0.17831394 -0.66722799 -0.72319496
vn -0.08614288 -0.17168883 -0.98137778
vn -0.23311305 -0.43061158 -0.87191283
vn -0.20586781 -0.66816247 -0.71496668
vn -0.43304094 -0.42415253 -0.79534280
vn -0.10753123 -0.80011858 -0.59012480
vn -0.45504776 -0.61651648 -0.64252546
vn 0.05162516 -0.79606209 -0.60300911
vn 0.30086416 -0.75288180 -0.58536293
vn 0.12666769 -0.81381880 -0.56714571
vn 0.41426679 -0.75395143 -0.50984338
vn 0.38659327 -0.79494010 -0.46756377
vn 0.42401330 -0.79954624 -0.42536869
vn 0.39263733 -0.63706021 -0.66331758
vn 0.45233652 -0.71488089 -0.53323259
vn 0.52485287 -0.50196576 -0.68742988
vn -0.62133100 -0.40651135 -0.66984798
vn -0.69003225 -0.60269960 -0.40076013
vn -0.56729978 -0.13708983 -0.81202053
vn -0.26272909 -0.83869723 -0.47703289
vn -0.14625057 -0.88548022 -0.44106183
vn -0.28770769 -0.90918580 -0.30100742
vn -0.36727011 -0.85815362 -0.35872696
vn -0.07804230 -0.84611628 -0.52725387
vn -0.56032738 -0.79934724 -0.21697285
vn -0.40233026 -0.90724955 -0.12259128
vn -0.56602905 -0.69987436 -0.43564549
vn -0.45295815 -0.89140079 0.01528197
vn -0.61359037 -0.78476716 -0.08744921
vn -0.49864590 -0.85471701 0.14426050
vn -0.42674374 -0.88137077 0.20267055
vn -0.37531249 -0.89631624 0.23613075
vn -0.40436742 -0.85297537 0.33003031
vn -0.42678421 -0.84853831 0.31279063
vn -0.30556686 -0.90048708 0.30943806
vn -0.70012312 -0.70977120 0.07779750
vn -0.22329362 -0.79884289 0.55856064
vn -0.20455029 -0.90320688 0.37732811
vn -0.63339019 -0.65784754 0.40749660
vn 0.07943334 -0.84152400 0.53434792
vn 0.01279175 -0.93012827 0.36701196
vn 0.19063218 -0.92758873 0.32130751
vn -0.43214773 -0.78225328 0.44869605
vn 0.22127639 -0.89919654 0.37746834
vn 0.24123004 -0.93358690 0.26499731
vn -0.80440796 -0.51126326 0.30255199
vn -0.76706393 -0.64153226 -0.00702024
vn -0.54327849 -0.74676605 0.38365213
vn -0.75437069 -0.59080415 0.28613863
vn -0.75191300 -0.63245852 -0.18607273
vn -0.07209157 -0.77515905 0.62763943
vn -0.59086848 -0.62706790 0.50760249
vn -0.27646789 -0.72874704 0.62649283
vn -0.49013633 -0.64447364 0.58687316
vn -0.87258170 -0.45198745 0.18522560
vn 0.26858876 -0.74537882 0.61013973
vn 0.18917133 -0.84971030 0.49214491
vn -0.78653064 -0.41090008 0.46101049
vn -0.12770701 -0.60737898 0.78408016
vn -0.63762558 -0.38310339 0.66833032
vn -0.54682138 -0.54900936 0.63211953
vn -0.21225475 -0.43279114 0.87615053
vn -0.28749612 -0.66559020 0.68872031
vn 0.10770438 -0.47303130 0.87443762
vn 0.18016366 -0.41793837 0.89043168
vn 0.40695866 -0.45978335 0.78929331
vn -0.38717341 -0.86379220 0.32242795
vn -0.95155356 -0.24990523 0.17914576
vn -0.26816668 -0.53860176 -0.79874576
vn 0.03614284 -0.35941314 -0.93247836
vn -0.53497149 -0.53250090 -0.65593315
vn -0.33146581 -0.58599771 -0.73941673
vn 0.23219448 -0.58545631 -0.77674103
vn 0.00550650 -0.71703167 -0.69701884
vn 0.24813003 -0.68039948 -0.68955640
vn -0.68081164 -0.33261929 -0.65257943
vn -0.79957941 -0.51159460 -0.31455322
vn -0.99928371 -0.03454103 -0.01545911
vn -0.98012769 -0.19517750 0.03543239
vn -0.96397387 0.16098527 0.21175016
vn -0.95986339 -0.02324243 0.27950324
vn -0.97746680 -0.02612932 -0.20946579
vn -0.93749465 0.28304771 -0.20245437
vn -0.93052716 0.36489990 0.03110073
vn -0.85333650 0.09860200 -0.51195163
vn -0.86488536 -0.11112940 -0.48951360
vn -0.79888314 0.48322386 -0.35816258
vn -0.75731626 0.64379292 -0.10955713
vn -0.79665560 0.60307371 0.04052103
vn -0.86979645 0.40183209 0.28633041
vn -0.90994768 0.10105354 0.40222306
vn -0.90977519 -0.00769921 0.41502990
vn -0.64867652 0.73522580 -0.19662600
vn -0.68342621 0.72582595 -0.07813651
vn -0.74948133 0.61934259 -0.23386426
vn -0.90176679 0.43219681 0.00475055
vn -0.90231079 0.35105448 -0.25019192
vn -0.97581252 0.20206935 0.08341401
vn -0.89207227 0.29262302 -0.34435276
vn -0.60726372 0.68065712 -0.40980076
vn -0.57080108 0.74209196 -0.35140525
vn -0.76201554 0.45250107 -0.46322252
vn -0.68312154 0.44206994 -0.58130812
vn -0.76272927 0.40958067 -0.50048750
vn -0.48312697 0.77351273 -0.41020285
vn -0.53044845 0.71373226 -0.45739556
vn -0.95014068 0.11238634 0.29086422
vn -0.97735746 0.03090523 0.20932571
vn -0.68982217 0.18593811 -0.69969450
vn -0.65302324 0.23740646 -0.71916536
vn 0.63648130 0.59708750 0.48823977
vn 0.33611825 0.85705374 0.39049124
vn 0.45837316 0.65757937 0.59789917
vn 0.69349372 0.30316045 0.65357494
vn 0.58677573 0.14816179 0.79607935
vn 0.90110836 0.25234236 0.35260043
vn 0.89771515 0.01770020 0.44022064
vn 0.96611808 0.02777035 0.25660215
vn 0.89489847 -0.35392665 0.27183202
vn 0.58082383 -0.29875704 0.75722381
vn 0.25549325 -0.57488321 0.77732393
vn 0.64156291 -0.60118381 0.47641900
vn 0.50120367 -0.53541895 0.67979514
vn 0.59571863 -0.54108050 0.59359179
vn 0.27327082 -0.19589917 0.94177841
vn 0.45876318 -0.13764285 0.87783301
vn 0.87842054 -0.26221568 0.39952509
vn 0.53567663 -0.02898286 0.84392568
vn 0.61816867 -0.16993068 0.76745753
vn 0.58268665 -0.08074739 0.80867554
vn 0.21024104 0.06270285 0.97563674
vn 0.35883796 -0.12077153 0.92555365
vn 0.39953619 -0.07974599 0.91324225
vn 0.40687922 0.13612658 0.90328227
vn -0.19328571 -0.45734622 0.86802942
vn -0.12953793 -0.00732185 0.99154744
vn -0.14795368 0.89622277 -0.41820384
vn -0.54986788 0.63022716 -0.54814144
vn -0.67566396 0.65361182 -0.34098359
vn -0.03553464 0.78160082 -0.62276596
vn -0.82237266 0.31932631 -0.47088630
vn -0.88403561 0.30882480 -0.35086789
vn -0.93660443 0.07802741 -0.34159020
vn -0.75568846 0.12069249 -0.64371443
vn -0.77777491 -0.06366273 -0.62531053
vn -0.51656244 -0.02763328 -0.85580351
vn 0.04858229 -0.01459645 -0.99871252
vn -0.09365897 0.02096252 -0.99538363
vn -0.52351826 0.00706420 -0.85198517
vn -0.06577201 0.20736845 -0.97604937
vn -0.03892366 0.24245735 -0.96938093
vn -0.50437705 0.32065901 -0.80173661
vn -0.72314203 0.35103715 -0.59484328
vn -0.06713267 0.47469244 -0.87758777
vn -0.79590723 -0.02592435 -0.60486330
vn -0.44797304 0.41853245 -0.79003211
vn 0.15245661 0.38701351 -0.90938305
vn -0.71483939 0.46783334 -0.51974668
vn 0.25927964 0.12135173 -0.95814812
vn 0.24593838 0.41521977 -0.87584637
vn 0.37110066 -0.04442776 -0.92752923
vn 0.46527969 0.27308687 -0.84198478
vn 0.28843833 0.65995135 -0.69373449
vn -0.89349190 0.22916019 -0.38620958
vn 0.90603428 -0.36731941 0.21018642
vn 0.93070457 -0.33555248 0.14558003
vn 0.89110576 -0.42740378 -0.15250092
vn 0.93611420 -0.33683076 -0.10116939
vn 0.64143060 -0.73917419 0.20539791
vn 0.68585593 -0.72772675 0.00392598
vn 0.73653223 -0.62902101 -0.24870232
vn 0.58336012 -0.80858043 -0.07673762
vn 0.46335703 -0.88544889 0.03578439
vn 0.75824026 -0.35880361 -0.54436355
vn -0.99982925 0.01580900 -0.00956793
vn -0.86596279 -0.49730924 0.05283915
vn -0.71804026 -0.56105089 0.41187387
vn -0.99269659 0.01621814 -0.11954272
vn -0.85394760 -0.40637877 -0.32500737
vn -0.52436335 -0.80301150 0.28322360
vn -0.44541868 -0.77104983 0.45506523
vn 0.68683986 -0.02280753 -0.72645084
vn 0.95288079 -0.29129967 -0.08463277
vn 0.76230083 -0.46216915 -0.45309725
vn 0.99944595 -0.02380947 0.02325710
vn 0.38370560 -0.00223732 -0.92345277
vn 0.83192582 -0.54857160 0.08347831
vn 0.55235577 -0.82289725 -0.13320366
vn 0.89334471 -0.01593778 0.44908932
vn -0.38746473 -0.01790609 -0.92171061
vn -0.16284080 -0.47544300 -0.86454429
vn -0.20673868 -0.40928217 -0.88867723
vn -0.44913572 0.00324174 -0.89345766
vn -0.14833426 -0.84443623 -0.51470807
vn 0.38601371 -0.01272772 0.92240524
vn 0.09060782 -0.31329190 0.94532450
vn 0.28528173 -0.41316095 0.86481927
vn -0.05617337 0.00456464 0.99841060
vn -0.37055777 -0.01865557 0.92862205
vn -0.53677825 0.03568052 0.84296857
vn 0.10639838 -0.84858912 0.51824307
vn 0.00936066 0.99979082 -0.01818515
vn -0.29410784 0.93511258 0.19764876
vn -0.06330605 0.92759211 0.36819182
vn 0.36178924 0.92109297 0.14386203
vn -0.18346278 0.93767559 -0.29513709
vn 0.29868370 0.90406898 -0.30569156
vn -0.01398971 0.76936001 -0.63866225
vn 0.71112703 0.70167051 -0.04423618
vt 0.24569893 0.96509129
vt 0.31451613 0.96509129
vt 0.28636274 0.96401721
vt 0.16114549 0.56252903
vt 0.13322373 0.57078630
vt 0.13965109 0.51384532
vt 0.16999865 0.50373566
vt 0.16744661 0.44193843
vt 0.14170912 0.43877551
vt 0.13589728 0.64809996
vt 0.18829010 0.49737754
vt 0.19142506 0.44095963
vt 0.18883175 0.55517000
vt 0.15964878 0.65208817
vt 0.14776069 0.62399381
vt 0.17598194 0.65239745
vt 0.22247963 0.44325352
vt 0.21918665 0.50865072
vt 0.21638507 0.56319505
vt 0.21311422 0.65691346
vt 0.23648022 0.50245351
vt 0.26612905 0.44797713
vt 0.22493511 0.59973145
vt 0.25739792 0.51381344
vt 0.25516421 0.60329944
vt 0.24398506 0.66326529
vt 0.17075676 0.66057891
vt 0.20079842 0.66113216
vt 0.13996217 0.65930361
vt 0.10447634 0.53291053
vt 0.10992638 0.44312713
vt 0.10117875 0.47841674
vt 0.10677867 0.61211455
vt 0.09134133 0.64639753
vt 0.11408655 0.65999591
vt 0.07714739 0.52999133
vt 0.07871837 0.50283760
vt 0.08289315 0.59990573
vt 0.07150183 0.45639813
vt 0.07683924 0.44391671
vt 0.06626102 0.64551872
vt 0.08341974 0.66085476
vt 0.05430515 0.48955011
vt 0.04495758 0.58864838
vt 0.03974541 0.53501266
vt 0.03826605 0.45528066
vt 0.02205943 0.49572664
vt 0.04020473 0.64543253
vt 0.01451613 0.45651478
vt 0.03406314 0.66326529
vt 0.15587109 0.77559018
vt 0.18535630 0.83536768
vt 0.17057464 0.74178177
vt 0.21559140 0.79367334
vt 0.17644134 0.86013061
vt 0.20062575 0.85397035
vt 0.14896387 0.84606600
vt 0.18867844 0.89427203
vt 0.16852894 0.88540220
vt 0.14077038 0.88707423
vt 0.21559140 0.89527392
vt 0.12724976 0.82923067
vt 0.11213310 0.75651681
vt 0.13076104 0.74714619
vt 0.11577404 0.87753481
vt 0.10513283 0.84015578
vt 0.11519581 0.72217739
vt 0.15846378 0.70703965
vt 0.14971195 0.68259937
vt 0.11084785 0.68464470
vt 0.10442439 0.88528174
vt 0.08016732 0.81990147
vt 0.09290116 0.73546386
vt 0.06888382 0.77874887
vt 0.07860266 0.87226158
vt 0.08998832 0.68282080
vt 0.07270883 0.72403967
vt 0.06946255 0.68261403
vt 0.05627235 0.83438689
vt 0.05845297 0.88642740
vt 0.04824561 0.76235944
vt 0.04169811 0.82626492
vt 0.04780964 0.68401968
vt 0.05162795 0.72964072
vt 0.03214598 0.84747440
vt 0.03117358 0.73921281
vt 0.02409544 0.79519433
vt 0.03174927 0.88841665
vt 0.01481489 0.68465686
vt 0.00698925 0.74487835
vt 0.70627910 0.21954474
vt 0.69141990 0.18943234
vt 0.74617827 0.18801254
vt 0.77723771 0.20712955
vt 0.76672661 0.23169449
vt 0.79381657 0.18141064
vt 0.82293969 0.20842329
vt 0.81550330 0.23734468
vt 0.64944941 0.21347511
vt 0.64954883 0.18990119
vt 0.67661190 0.24174657
vt 0.64368314 0.24101281
vt 0.73267168 0.25087389
vt 0.82301140 0.17871608
vt 0.61996269 0.19046640
vt 0.67185861 0.16416785
vt 0.71876347 0.16839358
vt 0.77818853 0.26406163
vt 0.82311827 0.22995789
vt 0.81970561 0.26741958
vt 0.61758465 0.24663749
vt 0.63707018 0.27256542
vt 0.75763351 0.28048304
vt 0.69632000 0.28552783
vt 0.81959200 0.29339233
vt 0.81162345 0.29942176
vt 0.75026447 0.30266649
vt 0.61644930 0.23479253
vt 0.63567209 0.15913963
vt 0.61865157 0.16846034
vt 0.76126039 0.13864881
vt 0.70598137 0.13963906
vt 0.81928480 0.14601503
vt 0.66647530 0.12935579
vt 0.61236560 0.27950937
vt 0.61928624 0.14138542
vt 0.78401285 0.12322419
vt 0.71069115 0.11304062
vt 0.64268512 0.12045668
vt 0.81979483 0.11418916
vt 0.75896627 0.10006946
vt 0.61460239 0.11517107
vt 0.65322423 0.09975063
vt 0.70600349 0.09323232
vt 0.81776309 0.08431794
vt 0.81311488 0.33351237
vt 0.68756419 0.30059105
vt 0.62560928 0.29340202
vt 0.77306801 0.32943985
vt 0.67706442 0.31934926
vt 0.72971398 0.33351237
vt 0.51291680 0.23103675
vt 0.54934227 0.19526190
vt 0.48800921 0.19669306
vt 0.57807642 0.22845314
vt 0.60029876 0.21245286
vt 0.44136804 0.20475008
vt 0.44289938 0.22496335
vt 0.39517307 0.22736387
vt 0.39766711 0.20661545
vt 0.60032296 0.23427524
vt 0.46005303 0.18066399
vt 0.39882675 0.18697271
vt 0.60382646 0.18728280
vt 0.55130005 0.16972716
vt 0.50323856 0.24285778
vt 0.57817310 0.24640583
vt 0.39308006 0.25199389
vt 0.45358256 0.25059798
vt 0.42357501 0.28451645
vt 0.60074103 0.26618487
vt 0.50051707 0.27503136
vt 0.56460196 0.26863617
vt 0.46092924 0.28085715
vt 0.39356139 0.28645968
vt 0.58225763 0.28251672
vt 0.60393554 0.28755245
vt 0.41211990 0.16329928
vt 0.40141287 0.16783898
vt 0.46096751 0.15661074
vt 0.49078134 0.15861005
vt 0.57586354 0.15999536
vt 0.60539514 0.17015356
vt 0.54296553 0.14999638
vt 0.40715078 0.13635007
vt 0.42577475 0.13914654
vt 0.57070613 0.13979527
vt 0.44761807 0.12048794
vt 0.41359442 0.10479380
vt 0.50593811 0.10382489
vt 0.45842835 0.09613319
vt 0.60936546 0.14820907
vt 0.61559141 0.14111753
vt 0.39301077 0.31334949
vt 0.50474823 0.29458708
vt 0.58179945 0.30130243
vt 0.44849500 0.32545879
vt 0.51179790 0.31380022
vt 0.39425808 0.33956271
vt 0.60220331 0.31483331
vt 0.55238181 0.32631907
vt 0.48248902 0.35005072
vt 0.45913020 0.37314224
vt 0.39652833 0.36454141
vt 0.54832876 0.36073744
vt 0.60831338 0.33852229
vt 0.51346850 0.36714733
vt 0.39979935 0.38614392
vt 0.60618067 0.31180888
vt 0.60462004 0.21065281
vt 0.60234755 0.23067170
vt 0.61559141 0.34679231
vt 0.53694642 0.50853252
vt 0.54602885 0.53286123
vt 0.50740051 0.54161882
vt 0.50801939 0.48302099
vt 0.53174925 0.45147449
vt 0.50867182 0.58359230
vt 0.53610903 0.58454537
vt 0.55069041 0.48129955
vt 0.54300177 0.40852582
vt 0.50814730 0.40849692
vt 0.50542891 0.61177772
vt 0.55196959 0.61166328
vt 0.55798459 0.56800038
vt 0.56734282 0.48802903
vt 0.50820202 0.62129271
vt 0.54049611 0.62220865
vt 0.56454462 0.40985236
vt 0.58544838 0.41274971
vt 0.57812297 0.60356164
vt 0.48511150 0.48906630
vt 0.48578128 0.51639980
vt 0.48484978 0.58482003
vt 0.46498036 0.40673178
vt 0.52391237 0.40440387
vt 0.46296215 0.53824270
vt 0.46292302 0.47627944
vt 0.47492984 0.61988729
vt 0.46490675 0.58785218
vt 0.43875167 0.40755513
vt 0.43531331 0.45380020
vt 0.43316478 0.50224328
vt 0.41414231 0.40774068
vt 0.45281142 0.62097687
vt 0.41201752 0.47139421
vt 0.42915308 0.59544015
vt 0.43428141 0.62362486
vt 0.41988128 0.55216259
vt 0.39323151 0.46193466
vt 0.38223773 0.41193452
vt 0.52767879 0.62259376
vt 0.55783999 0.62781954
vt 0.55807185 0.62343585
vt 0.41387251 0.62676990
vt 0.38621381 0.56438982
vt 0.39522478 0.52736139
vt 0.37714669 0.53012758
vt 0.37086150 0.44932443
vt 0.35975879 0.47842610
vt 0.34892473 0.41845232
vt 0.39361075 0.62781954
vt 0.47312316 0.62473029
vt 0.60345972 0.46655384
vt 0.59152913 0.50753999
vt 0.60806453 0.41687766
vt 0.58011961 0.62328315
vt 0.52755052 0.62758964
vt 0.50290608 0.62659764
vt 0.69475347 0.61064827
vt 0.73536497 0.61341751
vt 0.74226606 0.59413397
vt 0.67831177 0.59102517
vt 0.70908254 0.56388009
vt 0.76466930 0.57644880
vt 0.64508957 0.56552202
vt 0.64401996 0.60563719
vt 0.61442298 0.58033514
vt 0.75300229 0.55263680
vt 0.78246534 0.55028057
vt 0.61154670 0.55213785
vt 0.81566161 0.57993650
vt 0.81414586 0.55311155
vt 0.64406890 0.54528111
vt 0.71184826 0.54232663
vt 0.77447391 0.61187893
vt 0.61875278 0.60911888
vt 0.67368001 0.62560588
vt 0.77939427 0.52439743
vt 0.72756124 0.52060896
vt 0.67555970 0.51607281
vt 0.64700168 0.51591891
vt 0.81252533 0.52596313
vt 0.81756216 0.50643146
vt 0.61368269 0.51516378
vt 0.76644558 0.50215966
vt 0.71520746 0.49972060
vt 0.78667712 0.50344056
vt 0.65938431 0.49140859
vt 0.61417407 0.49113387
vt 0.81274313 0.50104594
vt 0.81276894 0.59936672
vt 0.82043183 0.59892851
vt 0.72853619 0.63042003
vt 0.81369090 0.47345927
vt 0.79086107 0.47005972
vt 0.68813735 0.45741716
vt 0.73609251 0.45997700
vt 0.61328751 0.45580795
vt 0.65873426 0.45481467
vt 0.66698611 0.44360614
vt 0.77764976 0.62770313
vt 0.62303513 0.63835162
vt 0.81754088 0.62315214
vt 0.82419354 0.62325084
vt 0.68377644 0.64393127
vt 0.61027420 0.52179998
vt 0.61021507 0.45884460
vt 0.62726867 0.42160794
vt 0.61391866 0.42406845
vt 0.81689930 0.47805756
vt 0.81715471 0.46255830
vt 0.69999450 0.43330368
vt 0.79484457 0.44830039
vt 0.74301994 0.43343231
vt 0.81754386 0.45254824
vt 0.66407347 0.40443510
vt 0.61455482 0.39473686
vt 0.80222064 0.42780566
vt 0.81938148 0.43799278
vt 0.70706528 0.40598136
vt 0.82419354 0.43779004
vt 0.29904550 0.06251041
vt 0.29346129 0.10354995
vt 0.27859798 0.06773838
vt 0.26843348 0.11635521
vt 0.32913381 0.08407016
vt 0.32642803 0.02571934
vt 0.29220128 0.03104363
vt 0.34710020 0.05624551
vt 0.30299547 0.02112209
vt 0.33140522 0.12091420
vt 0.36105397 0.03454835
vt 0.36397851 0.10167043
vt 0.26489896 0.02665451
vt 0.26739118 0.01352109
vt 0.25863069 0.06188763
vt 0.23848015 0.00956684
vt 0.23914371 0.11882751
vt 0.25983122 0.17737979
vt 0.22972851 0.20841564
vt 0.23555619 0.06710179
vt 0.21405627 0.20658699
vt 0.21866745 0.00755831
vt 0.19434848 0.14709820
vt 0.19198848 0.20831165
vt 0.19816473 0.10416509
vt 0.20579281 0.04839796
vt 0.19826122 0.00611677
vt 0.21338132 0.21643394
vt 0.19351788 0.21371488
vt 0.13326162 0.16148034
vt 0.10319656 0.17814665
vt 0.11027000 0.13874350
vt 0.12176963 0.05867323
vt 0.09943393 0.06038965
vt 0.14880627 0.10321267
vt 0.08661425 0.00053706
vt 0.12439977 0.00174770
vt 0.14158544 0.00213373
vt 0.13309650 0.20488250
vt 0.10501767 0.20468970
vt 0.15309338 0.15100937
vt 0.15708645 0.20509318
vt 0.07962885 0.08618773
vt 0.08353846 0.14167428
vt 0.04454266 0.00473660
vt 0.05434632 0.10709076
vt 0.07210685 0.17908925
vt 0.13458161 0.21230184
vt 0.06557442 0.21643394
vt 0.05185013 0.15734522
vt 0.02121838 0.00866379
vt 0.01764295 0.07502728
vt 0.00053763 0.01129660
vt 0.10296192 0.21361481
vt 0.17830071 0.09838252
vt 0.17745790 0.00280657
vt 0.15625843 0.21349590
vt 0.90722483 0.41816327
vt 0.95108300 0.41444740
vt 0.92011982 0.41324881
vt 0.92684221 0.38135886
vt 0.95605993 0.38840818
vt 0.92889720 0.35869929
vt 0.95111215 0.33936980
vt 0.92247671 0.31368193
vt 0.96181107 0.27849102
vt 0.93728048 0.26191244
vt 0.91398448 0.27647242
vt 0.91257155 0.24955507
vt 0.92832458 0.22652687
vt 0.95875603 0.24825180
vt 0.93410498 0.21430631
vt 0.91328865 0.21573605
vt 0.90437406 0.23370263
vt 0.96974325 0.32242915
vt 0.97799414 0.37020361
vt 0.98025292 0.41197979
vt 0.89216566 0.28995845
vt 0.88762265 0.33607113
vt 0.88663226 0.25759792
vt 0.88647252 0.37703842
vt 0.88868666 0.41634732
vt 0.89099509 0.21958572
vt 0.87177932 0.27952868
vt 0.96872973 0.21103483
vt 0.97881049 0.24959700
vt 0.99946237 0.41092205
vt 0.99946237 0.27072647
vt 0.87755769 0.22134639
vt 0.85546112 0.25430319
vt 0.86290371 0.22187246
vt 0.86204392 0.35569015
vt 0.86771327 0.41725016
vt 0.85324013 0.28328004
vt 0.84068775 0.32188332
vt 0.84059346 0.22387582
vt 0.84215397 0.21733294
vt 0.84564221 0.38075659
vt 0.84543669 0.41836736
vt 0.82341164 0.35682616
vt 0.83032399 0.26279417
vt 0.81938165 0.31037655
vt 0.80913979 0.41596580
vt 0.95977050 0.20784102
vt 0.10356674 0.67052591
vt 0.14462365 0.68045115
vt 0.10830668 0.67540216
vt 0.07792360 0.67675722
vt 0.07886612 0.66970998
vt 0.03817204 0.68045115
vt 0.48655915 0.40009859
vt 0.46611893 0.40440387
vt 0.42718467 0.40155202
vt 0.29919642 0.24131787
vt 0.30412281 0.27556416
vt 0.30013147 0.27768236
vt 0.29408601 0.24190742
vt 0.29617348 0.22467232
vt 0.31107625 0.29942372
vt 0.30214909 0.21456391
vt 0.30332398 0.18715116
vt 0.30574325 0.29816517
vt 0.31388545 0.31705147
vt 0.30744800 0.18869062
vt 0.31789076 0.16564329
vt 0.32037774 0.31822371
vt 0.32135367 0.14832447
vt 0.32841140 0.14626828
vt 0.35091731 0.11436296
vt 0.35106999 0.12096720
vt 0.37851897 0.10395056
vt 0.33102188 0.33482543
vt 0.32405686 0.33430833
vt 0.34290826 0.35033607
vt 0.34262279 0.35708058
vt 0.36807734 0.37068790
vt 0.37146801 0.37969279
vt 0.39296871 0.39037156
vt 0.39003724 0.09371728
vt 0.40139925 0.09495872
vt 0.42005739 0.08455463
vt 0.42701027 0.08860371
vt 0.47028011 0.08109560
vt 0.48655915 0.08588185
vt 0.39625689 0.38694590
vt 0.41405720 0.39411816
vt 0.44263479 0.39996859
vt 0.33624291 0.12954584
vt 0.83494622 0.08324382
vt 0.78927439 0.07778555
vt 0.79216337 0.07250269
vt 0.77077717 0.07464945
vt 0.76291174 0.08041406
vt 0.74354839 0.08324382
vt 0.84177393 0.96723950
vt 0.80483872 0.97046185
vt 0.86720431 0.97046185
vt 0.32113928 0.21314345
vt 0.32514596 0.19343567
vt 0.31814274 0.20245199
vt 0.33477044 0.16344666
vt 0.33316422 0.17466560
vt 0.34384930 0.15953003
vt 0.35645160 0.14161988
vt 0.35180739 0.13909775
vt 0.31810889 0.26254937
vt 0.32137048 0.28659454
vt 0.32543048 0.28271005
vt 0.34020001 0.31722102
vt 0.31246150 0.26729307
vt 0.31307280 0.23861071
vt 0.30913979 0.23625802
vt 0.34175408 0.30996817
vt 0.35645160 0.32599357
vt 0.31182069 0.19913653
vt 0.32357380 0.16999167
vt 0.33505464 0.31964281
vt 0.76505375 0.63211602
vt 0.80913979 0.63211602
vt 0.79793495 0.62781954
vt 0.72271013 0.36492699
vt 0.70324260 0.35442817
vt 0.74735731 0.36984625
vt 0.73401749 0.37192464
vt 0.74678254 0.37836528
vt 0.76612902 0.38614392
vt 0.65714252 0.35407141
vt 0.67051059 0.34747583
vt 0.68307781 0.35180241
vt 0.62403429 0.35947609
vt 0.70619023 0.35060444
vt 0.62851906 0.36487466
vt 0.61358720 0.37325865
vt 0.59408605 0.38614392
vt 0.59896529 0.36843106
vt 0.68661165 0.38077337
vt 0.71905077 0.38407257
vt 0.69540441 0.38435400
vt 0.72385502 0.38911688
vt 0.74892473 0.39473686
vt 0.65748048 0.38408983
vt 0.66736382 0.38559616
vt 0.63172042 0.39473686
vt 0.63677394 0.38896301
vt 0.65215051 0.08754028
vt 0.66097045 0.07968085
vt 0.67275858 0.08451419
vt 0.68829942 0.08126439
vt 0.70967257 0.07787325
vt 0.70834684 0.08452412
vt 0.72526884 0.08754028
vt 0.68672490 0.08610898
vt 0.33387098 0.51157856
vt 0.33766139 0.50501776
vt 0.33434239 0.47792351
vt 0.33752644 0.48302400
vt 0.34031948 0.46318609
vt 0.33852708 0.52651721
vt 0.34354839 0.54940921
vt 0.34354839 0.44629431
vt 0.55923778 0.96732658
vt 0.53747565 0.96401721
vt 0.53660131 0.96878058
vt 0.57120401 0.96455801
vt 0.59566784 0.97438252
vt 0.51583296 0.96827185
vt 0.51570058 0.97293633
vt 0.48548388 0.98442537
vt 0.60117441 0.97094643
vt 0.62419355 0.98442537
vt 0.49601507 0.97509855
vt 0.70691466 0.98525620
vt 0.73172045 0.99087006
vt 0.70571685 0.98256254
vt 0.68187433 0.98603654
vt 0.67905700 0.98227710
vt 0.65322578 0.99087006
vt 0.92115664 0.08563372
vt 0.92298222 0.06206142
vt 0.89575642 0.06418361
vt 0.89310348 0.08356158
vt 0.88338894 0.06208968
vt 0.88729006 0.09681995
vt 0.86985278 0.07841835
vt 0.86941600 0.05534067
vt 0.91349745 0.10671679
vt 0.86964625 0.09464157
vt 0.85215056 0.08273890
vt 0.85444105 0.07330691
vt 0.85248345 0.05717806
vt 0.85258693 0.03735273
vt 0.89975047 0.04078801
vt 0.87177855 0.03653207
vt 0.92374295 0.04460327
vt 0.96421063 0.05124802
vt 0.97465521 0.08230657
vt 0.97951686 0.04800630
vt 0.99551463 0.07833770
vt 0.98278403 0.11048722
vt 0.96955210 0.09689375
vt 0.96827358 0.12658016
vt 0.95137322 0.09173258
vt 0.95399421 0.12188283
vt 0.99699455 0.05796338
vt 0.95810336 0.03192004
vt 0.94956630 0.14513715
vt 0.98749948 0.12944388
vt 0.92343181 0.02758734
vt 0.85778463 0.01950903
vt 0.88619530 0.01972287
vt 0.97785479 0.01269529
vt 0.99558580 0.02977528
vt 0.87412840 0.01241860
vt 0.95870060 0.00590763
vt 0.99731183 0.10791789
vt 0.93305665 0.14079407
vt 0.95796764 0.15660781
vt 0.97381890 0.15739118
vt 0.89170820 0.12223772
vt 0.86514461 0.11200625
vt 0.90292174 0.13148919
vt 0.93155593 0.15796623
vt 0.85319161 0.10128289
vt 0.99731183 0.00768120
vt 0.87159568 0.12574278
vt 0.95036858 0.18207356
vt 0.93109310 0.18471488
vt 0.91129345 0.17148851
vt 0.88747871 0.15851279
vt 0.87363011 0.15170683
vt 0.85232490 0.12927817
vt 0.93611062 0.20629175
vt 0.91825128 0.20676692
vt 0.34057790 0.87080199
vt 0.34369555 0.88439065
vt 0.32081109 0.87458867
vt 0.32176507 0.89904279
vt 0.36517793 0.88868409
vt 0.31909627 0.84975296
vt 0.36441475 0.84186924
vt 0.37084135 0.86434406
vt 0.38477299 0.84753311
vt 0.34920093 0.83272910
vt 0.36449784 0.81784338
vt 0.38442951 0.82423705
vt 0.38893363 0.87277561
vt 0.33790952 0.80038393
vt 0.32312211 0.81822836
vt 0.31038418 0.82201803
vt 0.35747641 0.78766388
vt 0.37786576 0.79863405
vt 0.31227851 0.78953934
vt 0.29898643 0.80055183
vt 0.33353400 0.77282494
vt 0.35530987 0.91465318
vt 0.38478988 0.89714795
vt 0.40044522 0.87049156
vt 0.34458917 0.91055787
vt 0.32024392 0.91697985
vt 0.40171823 0.84524649
vt 0.30219740 0.83028048
vt 0.29182103 0.82216311
vt 0.33778948 0.93161738
vt 0.40227726 0.82418257
vt 0.39094847 0.79815632
vt 0.39349112 0.92413861
vt 0.40727565 0.90308458
vt 0.41122779 0.86876589
vt 0.41563579 0.89864939
vt 0.28833795 0.84961182
vt 0.30548173 0.85368729
vt 0.28957930 0.88636845
vt 0.30256715 0.88518977
vt 0.30181754 0.90906817
vt 0.28548387 0.90833896
vt 0.29885110 0.93591356
vt 0.28706774 0.94404942
vt 0.31664091 0.94215578
vt 0.37794390 0.93317503
vt 0.40665919 0.93353796
vt 0.35823280 0.93044281
vt 0.42215043 0.92981237
vt 0.42069983 0.87998575
vt 0.41644609 0.84712648
vt 0.30257273 0.95327604
vt 0.42976922 0.92910820
vt 0.43387097 0.95327604
vt 0.49535412 0.83629620
vt 0.51799428 0.80383718
vt 0.49204803 0.81587470
vt 0.53115547 0.82272416
vt 0.52736574 0.85168892
vt 0.49983153 0.85899705
vt 0.54232460 0.81279194
vt 0.55068398 0.84889609
vt 0.52626801 0.87855488
vt 0.54716206 0.86971116
vt 0.46938637 0.85507834
vt 0.46633792 0.83572668
vt 0.46986559 0.87387145
vt 0.53770375 0.78678840
vt 0.45881069 0.80726039
vt 0.53648710 0.89535141
vt 0.50543302 0.89291376
vt 0.49263883 0.88316154
vt 0.47753268 0.89640087
vt 0.55783808 0.80981272
vt 0.55254334 0.89675367
vt 0.46207309 0.88614589
vt 0.45350707 0.84780675
vt 0.56428927 0.86663377
vt 0.52158248 0.91167247
vt 0.56494051 0.88207877
vt 0.56827849 0.84497809
vt 0.53927422 0.91168660
vt 0.48658982 0.91256750
vt 0.45585376 0.90866601
vt 0.47369063 0.91729867
vt 0.55297142 0.91657478
vt 0.49724832 0.91590816
vt 0.52958119 0.93302917
vt 0.44820234 0.81810451
vt 0.51042682 0.93050212
vt 0.53979504 0.93791580
vt 0.56523865 0.91157621
vt 0.45048997 0.87355435
vt 0.44724083 0.89348292
vt 0.43924731 0.91502780
vt 0.48860872 0.93658674
vt 0.45320472 0.92933029
vt 0.52143312 0.95381260
vt 0.47507927 0.94406348
vt 0.55065340 0.94686580
vt 0.50317502 0.95972073
vt 0.57043010 0.81464231
vt 0.57043010 0.92958063
vt 0.56389612 0.95134389
vt 0.86659116 0.80468881
vt 0.85502744 0.80567729
vt 0.86295593 0.82208455
vt 0.84898150 0.77639973
vt 0.88181823 0.80788910
vt 0.88586962 0.78138363
vt 0.87025607 0.77823651
vt 0.88766378 0.74567634
vt 0.87639999 0.74072558
vt 0.85726607 0.75281626
vt 0.85703784 0.77213025
vt 0.83758074 0.75264382
vt 0.85669446 0.72199976
vt 0.88598597 0.81916034
vt 0.86852831 0.83457237
vt 0.87386549 0.84503442
vt 0.90161288 0.83114374
vt 0.79174024 0.70383042
vt 0.76690716 0.71093565
vt 0.77959853 0.72774065
vt 0.77347147 0.68768948
vt 0.80448639 0.72091639
vt 0.78205472 0.67708492
vt 0.79927409 0.68012595
vt 0.82950950 0.71243697
vt 0.82831323 0.69377279
vt 0.78928602 0.75111371
vt 0.81234020 0.73865938
vt 0.83093774 0.72912377
vt 0.77482975 0.75293958
vt 0.80671364 0.75969362
vt 0.78899527 0.77378547
vt 0.76265073 0.74824297
vt 0.77079654 0.77657288
vt 0.79089928 0.79059672
vt 0.81406099 0.79495049
vt 0.81742024 0.77759790
vt 0.80235958 0.82311994
vt 0.77262217 0.80035919
vt 0.78268021 0.82487607
vt 0.82646799 0.83049959
vt 0.81721061 0.84929252
vt 0.79846793 0.85466784
vt 0.85420007 0.84748262
vt 0.83236957 0.86041003
vt 0.78412920 0.84354645
vt 0.81327444 0.87025350
vt 0.83362705 0.89419979
vt 0.80818105 0.88798523
vt 0.87736493 0.69885314
vt 0.85648704 0.69637257
vt 0.87646830 0.71446204
vt 0.89414865 0.70619845
vt 0.89407939 0.72526163
vt 0.88361567 0.68525380
vt 0.89914471 0.69241583
vt 0.85424954 0.68301862
vt 0.83005714 0.67168510
vt 0.88418084 0.66947103
vt 0.90161288 0.66611660
vt 0.87279624 0.66082579
vt 0.79655540 0.65184033
vt 0.76856232 0.66614783
vt 0.75700414 0.68590724
vt 0.78031427 0.63963479
vt 0.75322580 0.66032004
vt 0.83729333 0.64595228
vt 0.76020348 0.64038801
vt 0.75595051 0.72323495
vt 0.90843350 0.57046658
vt 0.88970381 0.57216793
vt 0.90485466 0.60166878
vt 0.93261904 0.59703344
vt 0.93169981 0.57818472
vt 0.88034123 0.59487534
vt 0.88586724 0.61361200
vt 0.93717808 0.61767238
vt 0.90740758 0.62920362
vt 0.88980031 0.63848883
vt 0.87033850 0.57296461
vt 0.93288785 0.55288470
vt 0.89647084 0.53647602
vt 0.88007975 0.54662120
vt 0.95795977 0.55904353
vt 0.95523483 0.58874226
vt 0.94797444 0.60426682
vt 0.96394646 0.61455882
vt 0.86504549 0.60670060
vt 0.86291605 0.55378950
vt 0.88268000 0.52370232
vt 0.97408277 0.56429547
vt 0.97656971 0.58993286
vt 0.98042375 0.61008531
vt 0.85919201 0.58421189
vt 0.93798298 0.53437054
vt 0.90512335 0.51371020
vt 0.96332186 0.52914798
vt 0.86837494 0.51793432
vt 0.97972441 0.53476566
vt 0.88674653 0.50011414
vt 0.94684631 0.50941592
vt 0.91609538 0.49870875
vt 0.89522141 0.47941533
vt 0.97213471 0.50820273
vt 0.86995125 0.63715208
vt 0.85752690 0.53588772
vt 0.98870969 0.51023233
vt 0.92884952 0.47889444
vt 0.95525295 0.49533927
vt 0.87886733 0.48351860
vt 0.96150190 0.46770364
vt 0.96493942 0.48968676
vt 0.91591823 0.45339233
vt 0.94765413 0.44707438
vt 0.97435606 0.48209184
vt 0.92054176 0.65127194
vt 0.94246507 0.63600975
vt 0.89930755 0.66111708
vt 0.95637012 0.63007832
vt 0.97623366 0.64650816
vt 0.98870969 0.63160104
vt 0.89650488 0.45901117
vt 0.87821430 0.65121239
vt 0.91615373 0.42947599
vt 0.93368548 0.42803437
vt 0.18904889 0.32834819
vt 0.20157865 0.35522857
vt 0.21387586 0.33022195
vt 0.22001079 0.35911947
vt 0.18141431 0.37738147
vt 0.19157156 0.39435115
vt 0.15142536 0.36952132
vt 0.13996601 0.38830262
vt 0.11774193 0.35744634
vt 0.12385871 0.33508366
vt 0.14318463 0.34361565
vt 0.16080865 0.32491869
vt 0.14267708 0.30328086
vt 0.17878743 0.29732424
vt 0.17284837 0.32364577
vt 0.16178110 0.40448916
vt 0.22096774 0.37698349
vt 0.20056854 0.30056575
vt 0.12058005 0.32219863
vt 0.17065148 0.29054779
vt 0.12263451 0.38010019
vt 0.17883837 0.36339289
vt 0.19268556 0.34676063
vt 0.16636510 0.36511272
vt 0.15598720 0.35852325
vt 0.22096774 0.32303482
vt 0.18176614 0.40762621
vt 0.20500578 0.39833918
vt 0.14172970 0.39981750
vt 0.15060750 0.34642801
vt 0.15609124 0.33561325
vt 0.16684474 0.33749750
vt 0.17891009 0.33578816
vt 0.09004845 0.93151975
vt 0.09391360 0.95339894
vt 0.11127191 0.97036755
vt 0.11560672 0.93147606
vt 0.07483838 0.96953005
vt 0.07540580 0.99133945
vt 0.03423494 0.97525108
vt 0.04497166 0.95529526
vt 0.10755140 0.98447710
vt 0.03570434 0.91521847
vt 0.01583619 0.93596679
vt 0.07522066 0.90325713
vt 0.10006481 0.90806448
vt 0.06669880 0.91824520
vt 0.05534085 0.90295988
vt 0.04511401 0.92994887
vt 0.08259841 0.89205158
vt 0.05036744 0.89285821
vt 0.03062923 0.90412092
vt 0.05811574 0.99654740
vt 0.03992490 0.98624653
vt 0.10991564 0.90546322
vt 0.12419355 0.93364161
vt 0.08291700 0.99838883
vt 0.01344086 0.95318252
vt 0.12419355 0.96652532
vt 0.08272593 0.94988340
vt 0.08163811 0.93641055
vt 0.01766771 0.91511691
vt 0.07455958 0.95631397
vt 0.02041317 0.97212821
vt 0.06820870 0.92949033
vt 0.16665979 0.95114344
vt 0.18870810 0.93458349
vt 0.18575437 0.95640528
vt 0.17357403 0.92166126
vt 0.15118785 0.92877775
vt 0.14742020 0.94972593
vt 0.15927479 0.90197599
vt 0.19364820 0.89957035
vt 0.19472392 0.92668211
vt 0.18051137 0.97430503
vt 0.16255048 0.97340703
vt 0.14587986 0.96728003
vt 0.13817205 0.97248125
vt 0.18808162 0.97964060
vt 0.14657117 0.99433273
vt 0.16423440 0.99394548
vt 0.18289526 0.99870026
vt 0.13871275 0.99946296
vt 0.19594224 0.96084321
vt 0.20886423 0.96405113
vt 0.20913978 0.94050473
vt 0.20520234 0.99946296
vt 0.65565133 0.91844398
vt 0.68343216 0.93584704
vt 0.64798677 0.93754947
vt 0.68322754 0.91721511
vt 0.68226576 0.95321703
vt 0.65295726 0.95634240
vt 0.67727530 0.95844704
vt 0.63524604 0.92147404
vt 0.64228576 0.95826536
vt 0.70421535 0.91777974
vt 0.70941061 0.94051164
vt 0.69834697 0.95782959
vt 0.72720486 0.92047215
vt 0.72517282 0.96034366
vt 0.67949879 0.97664911
vt 0.65750664 0.96747464
vt 0.66033846 0.90962553
vt 0.69553453 0.90923738
vt 0.64823502 0.97905481
vt 0.62180805 0.97112000
vt 0.61567527 0.92538303
vt 0.62044537 0.96074718
vt 0.73279572 0.91397828
vt 0.71166819 0.97905481
vt 0.59408605 0.93377024
vt 0.34168676 0.72905332
vt 0.36662206 0.72846794
vt 0.34202605 0.74556875
vt 0.36299601 0.74530149
vt 0.38183835 0.74777204
vt 0.39184079 0.72839516
vt 0.35981479 0.71221995
vt 0.38621461 0.71359414
vt 0.33717325 0.71002698
vt 0.35187933 0.76285046
vt 0.40467668 0.72176147
vt 0.37081614 0.77042073
vt 0.35990563 0.70375520
vt 0.33576262 0.76707774
vt 0.31043124 0.70300752
vt 0.31846163 0.73003834
vt 0.31539744 0.74888295
vt 0.30844599 0.71098828
vt 0.29516128 0.73373961
vt 0.31385985 0.77175081
vt 0.41451612 0.74247807
vt 0.39679983 0.75450462
vt 0.38776258 0.77175081
vt 0.94350493 0.89331406
vt 0.95900834 0.90931696
vt 0.95814216 0.88146764
vt 0.94406492 0.91221976
vt 0.97055858 0.89632106
vt 0.94470662 0.87188232
vt 0.97388679 0.91706574
vt 0.98114908 0.89537662
vt 0.98681694 0.92170852
vt 0.96784014 0.93071967
vt 0.94602871 0.92826724
vt 0.97247958 0.87604994
vt 0.98839170 0.87012589
vt 0.99240983 0.88713336
vt 0.99516129 0.91610694
vt 0.96651256 0.85412490
vt 0.97756445 0.85584480
vt 0.94950241 0.85145658
vt 0.99516129 0.84525114
vt 0.92388314 0.87228835
vt 0.92962134 0.84421754
vt 0.91193920 0.86485648
vt 0.90913981 0.88476831
vt 0.92391455 0.90015680
vt 0.91353321 0.91353613
vt 0.91601294 0.83722633
vt 0.92526495 0.81709784
vt 0.93805104 0.82252485
vt 0.93698359 0.79927772
vt 0.97848493 0.82803982
vt 0.95811015 0.83300340
vt 0.94986111 0.79642433
vt 0.94488358 0.77380002
vt 0.96422994 0.81583196
vt 0.96218091 0.77111280
vt 0.97278464 0.74597210
vt 0.69180417 0.89275634
vt 0.69911522 0.88085824
vt 0.71098161 0.88545084
vt 0.70365846 0.89745706
vt 0.71987849 0.90350652
vt 0.72368926 0.88532680
vt 0.74503124 0.90568113
vt 0.68445796 0.87452102
vt 0.74883270 0.88519204
vt 0.70022446 0.86649239
vt 0.66877872 0.87780482
vt 0.72895139 0.87194443
vt 0.71745479 0.86074376
vt 0.75754029 0.86927736
vt 0.76364589 0.89019930
vt 0.70894736 0.85445756
vt 0.73625398 0.86127192
vt 0.76220340 0.90708917
vt 0.66884518 0.89277315
vt 0.63456440 0.87138110
vt 0.62126195 0.88013065
vt 0.61707985 0.86479318
vt 0.65094101 0.86335421
vt 0.60483873 0.88107646
vt 0.65787971 0.87102407
vt 0.66766280 0.86391383
vt 0.68611521 0.85621667
vt 0.69148761 0.90708917
vt 0.77273959 0.88233936
vt 0.78118277 0.90024859
vt 0.44056234 0.05465414
vt 0.42011902 0.04029103
vt 0.44577703 0.03710198
vt 0.46154991 0.05174761
vt 0.46268725 0.06760641
vt 0.44185853 0.07679914
vt 0.46575037 0.03496579
vt 0.48010752 0.05738008
vt 0.47780347 0.07023702
vt 0.40800902 0.05665393
vt 0.41262841 0.07679912
vt 0.42485702 0.02783782
vt 0.38943675 0.03947117
vt 0.38497218 0.07487708
vt 0.40464926 0.03806709
vt 0.38022697 0.05724077
vt 0.39350620 0.02898359
vt 0.40503874 0.01624835
vt 0.43630975 0.01557465
vt 0.36691922 0.03756526
vt 0.37549573 0.01710529
vt 0.36129299 0.05583163
vt 0.36075270 0.07311091
vt 0.92367446 0.67842281
vt 0.93040121 0.70075494
vt 0.95134139 0.67063946
vt 0.95218438 0.70092833
vt 0.97297895 0.70000249
vt 0.97597444 0.71063942
vt 0.98681992 0.66874248
vt 0.99623656 0.71420413
vt 0.97085905 0.72394931
vt 0.95095605 0.72475851
vt 0.93136996 0.72384351
vt 0.99604166 0.73415685
vt 0.96909785 0.66480035
vt 0.94061673 0.66621137
vt 0.99604166 0.66433942
vt 0.90515423 0.70619959
vt 0.90376341 0.68735045
vt 0.90826583 0.73030496
vt 0.23116390 0.93118602
vt 0.22985269 0.89372641
vt 0.21620302 0.90547895
vt 0.23999764 0.92678094
vt 0.24237034 0.90505016
vt 0.23696046 0.97746724
vt 0.24726906 0.88124585
vt 0.23510291 0.87339431
vt 0.22664492 0.97829682
vt 0.22012343 0.87225693
vt 0.22535144 0.85285062
vt 0.25000000 0.92964470
vt 0.24850638 0.85486823
vt 0.24323238 0.83703995
vt 0.23810291 0.98979592
vt 0.22469699 0.98965132
vt 0.25000000 0.98730880
vt 0.22736649 0.82996732
vt 0.22040753 0.93187666
vt 0.22010611 0.95806199
vt 0.21236560 0.98498535
vt 0.24192435 0.81793767
vt 0.13629706 0.21555482
vt 0.10685581 0.23704521
vt 0.10042294 0.22223295
vt 0.12980212 0.23370837
vt 0.08520410 0.23733474
vt 0.14774016 0.23020177
vt 0.08572081 0.24996383
vt 0.06258125 0.26236105
vt 0.09434365 0.26029685
vt 0.13433030 0.24823101
vt 0.06645593 0.28079459
vt 0.05274867 0.29323158
vt 0.07729139 0.30001545
vt 0.09815335 0.27552819
vt 0.10188299 0.28548995
vt 0.12505776 0.26922539
vt 0.05654348 0.32693952
vt 0.17873120 0.24972987
vt 0.03579095 0.32698005
vt 0.05447675 0.36398801
vt 0.03937238 0.30254990
vt 0.17841308 0.23277445
vt 0.12894535 0.27711216
vt 0.03792220 0.28528962
vt 0.14925541 0.26703677
vt 0.15399207 0.27501583
vt 0.04667886 0.26256597
vt 0.16749200 0.21535982
vt 0.06690191 0.24025877
vt 0.20230983 0.22737752
vt 0.03042915 0.34920597
vt 0.03234044 0.37726215
vt 0.01574152 0.37151411
vt 0.02204116 0.33530095
vt 0.02561074 0.39755219
vt 0.04001063 0.39323431
vt 0.03790520 0.41421631
vt 0.05169262 0.42073756
vt 0.06062344 0.38445875
vt 0.06561489 0.36314023
vt 0.06365490 0.39887518
vt 0.07001185 0.41473269
vt 0.06475032 0.44199786
vt 0.08006117 0.43134263
vt 0.06316128 0.33655149
vt 0.02751097 0.30909681
vt 0.07926654 0.37832788
vt 0.08064923 0.35745478
vt 0.09139261 0.35414249
vt 0.10113821 0.35548016
vt 0.09749844 0.38238034
vt 0.08665175 0.33651343
vt 0.10078198 0.33331424
vt 0.11391170 0.33061963
vt 0.11347999 0.34004694
vt 0.09673157 0.32169688
vt 0.00591398 0.34280106
vt 0.11610624 0.31613094
vt 0.01669803 0.30479917
vt 0.00952432 0.31803328
vt 0.02987630 0.27787942
vt 0.21268059 0.28040731
vt 0.17792144 0.26845890
vt 0.22298995 0.26491025
vt 0.24458505 0.28823593
vt 0.23785031 0.30880943
vt 0.25102600 0.33531466
vt 0.26936299 0.31945994
vt 0.26211619 0.36544913
vt 0.28333813 0.35719174
vt 0.28347695 0.39019665
vt 0.24471799 0.40964991
vt 0.25213495 0.27659371
vt 0.27027577 0.41695631
vt 0.27198637 0.30030113
vt 0.25226134 0.44199786
vt 0.22175503 0.24659854
vt 0.28614208 0.33206064
vt 0.23281378 0.42627439
vt 0.21781732 0.29714525
vt 0.19879992 0.28411824
vt 0.23813932 0.31992030
vt 0.18131982 0.27740651
vt 0.29613671 0.36417198
vt 0.24566247 0.25080192
vt 0.29946238 0.33527315
vt 0.27857232 0.28313223
vt 0.29415333 0.30390555
vt 0.26379663 0.25907663
vt 0.23666988 0.23395874
vt 0.79318285 0.91548866
vt 0.78846437 0.93495518
vt 0.77520651 0.92299318
vt 0.81036729 0.92782742
vt 0.80794126 0.90932846
vt 0.77473116 0.94358104
vt 0.79972398 0.94476622
vt 0.81928158 0.95130777
vt 0.79282290 0.96186894
vt 0.78245759 0.95385206
vt 0.82640052 0.92296451
vt 0.84175837 0.94398153
vt 0.83243406 0.90339231
vt 0.83366567 0.89605492
vt 0.84570956 0.91991651
vt 0.85655248 0.93157816
vt 0.83343965 0.95462155
vt 0.85632795 0.89312565
vt 0.87130046 0.92763370
vt 0.87476295 0.94964647
vt 0.89017087 0.93840623
vt 0.89501905 0.92944419
vt 0.88191342 0.89509642
vt 0.90483868 0.96186894
vt 0.56610304 0.67854834
vt 0.55537707 0.66074485
vt 0.54560250 0.68022388
vt 0.52858442 0.66004574
vt 0.53326374 0.64187282
vt 0.58273309 0.65925378
vt 0.56070411 0.64991832
vt 0.55554861 0.63562196
vt 0.57622707 0.63196224
vt 0.54371262 0.63220990
vt 0.58255631 0.64400738
vt 0.54754871 0.70351392
vt 0.57584333 0.70177692
vt 0.55965525 0.71312070
vt 0.54840040 0.72330600
vt 0.52197015 0.72705281
vt 0.59897935 0.69061071
vt 0.59125984 0.70153213
vt 0.60937685 0.69662040
vt 0.60685116 0.64822233
vt 0.60104048 0.63620794
vt 0.62844712 0.68284100
vt 0.59910190 0.62256002
vt 0.58897120 0.61815250
vt 0.59665108 0.67404324
vt 0.59055650 0.66724885
vt 0.57410038 0.72283679
vt 0.62369907 0.66082817
vt 0.62613910 0.69712204
vt 0.64420825 0.68296391
vt 0.64891696 0.67082286
vt 0.66823006 0.67565393
vt 0.52975053 0.73598397
vt 0.51336992 0.63806832
vt 0.50939089 0.65740424
vt 0.52002078 0.67624265
vt 0.50483871 0.73846197
vt 0.65718192 0.69269699
vt 0.50837827 0.75212651
vt 0.59217417 0.78405982
vt 0.59383595 0.75661683
vt 0.57531261 0.78557813
vt 0.57312912 0.79786432
vt 0.61020547 0.77398282
vt 0.56919700 0.75899327
vt 0.55297607 0.77110833
vt 0.58380359 0.73409629
vt 0.55728781 0.74381948
vt 0.61477548 0.74519163
vt 0.62919343 0.76508164
vt 0.60800844 0.72044265
vt 0.65457428 0.75793099
vt 0.63351673 0.72979891
vt 0.54145581 0.74811101
vt 0.53413492 0.76676315
vt 0.63512713 0.80521858
vt 0.61051208 0.80250287
vt 0.62017608 0.82091230
vt 0.64975208 0.81222320
vt 0.59674942 0.81229961
vt 0.60396385 0.83205771
vt 0.60625738 0.70969146
vt 0.65962827 0.78789127
vt 0.63652408 0.70529509
vt 0.67138803 0.81246769
vt 0.65587121 0.83513218
vt 0.62874854 0.84021384
vt 0.62695348 0.82459331
vt 0.60934746 0.84052777
vt 0.67667478 0.83098114
vt 0.65316761 0.72066414
vt 0.68632889 0.79027468
vt 0.67475796 0.75226814
vt 0.69402671 0.82128882
vt 0.67262638 0.71618873
vt 0.68508697 0.69328213
vt 0.55766499 0.79804307
vt 0.58061653 0.82394522
vt 0.58053643 0.84479052
vt 0.69501472 0.70969617
vt 0.69946659 0.74740911
vt 0.70769852 0.80556548
vt 0.71263248 0.78794789
vt 0.68415612 0.67469001
vt 0.72204304 0.81720328
vt 0.71248788 0.72211462
vt 0.71117121 0.69339478
vt 0.72204304 0.70593053
vt 0.71416575 0.74270123
vt 0.71655285 0.76393783
vt 0.71105748 0.67697597
vt 0.47834855 0.71034366
vt 0.46800032 0.73005784
vt 0.46159601 0.69834918
vt 0.48225805 0.73917222
vt 0.47387034 0.75590640
vt 0.47366744 0.69577068
vt 0.45952109 0.67893016
vt 0.45048672 0.69549471
vt 0.43661037 0.65928203
vt 0.45033222 0.71284598
vt 0.42784733 0.66094583
vt 0.45921955 0.75034869
vt 0.45978242 0.77876478
vt 0.43838346 0.76502800
vt 0.42941329 0.79337025
vt 0.43642598 0.81686360
vt 0.41749433 0.80409229
vt 0.47279283 0.77843982
vt 0.46324793 0.79596925
vt 0.42182997 0.77984953
vt 0.42093265 0.64111978
vt 0.39390862 0.63269913
vt 0.43891299 0.64596784
vt 0.42633620 0.67647582
vt 0.43333426 0.71738452
vt 0.40093753 0.68122238
vt 0.40685627 0.66566449
vt 0.43837178 0.74498379
vt 0.37653661 0.64813983
vt 0.36685455 0.66771370
vt 0.39767370 0.64702338
vt 0.33154139 0.66763425
vt 0.34971628 0.64429218
vt 0.29576883 0.66005540
vt 0.29353631 0.68648469
vt 0.27459064 0.67989123
vt 0.25961366 0.69421792
vt 0.27499950 0.70797163
vt 0.26711676 0.73668700
vt 0.31060365 0.64585245
vt 0.24125382 0.73609388
vt 0.26368952 0.75966370
vt 0.27600917 0.66367435
vt 0.24979641 0.78648454
vt 0.27436817 0.78666645
vt 0.28182051 0.80065602
vt 0.24874178 0.69382650
vt 0.26642439 0.81686360
vt 0.29277396 0.81650877
vt 0.29174516 0.64681381
vt 0.32942984 0.63226467
vt 0.29403263 0.69605684
vt 0.31026506 0.68542814
vt 0.36299792 0.62674546
vt 0.23478335 0.77230203
vt 0.25633126 0.66835940
vt 0.23467982 0.72387153
vt 0.27977481 0.71384728
vt 0.30033490 0.63328713
vt 0.24013516 0.79680592
vt 0.24940246 0.80912721
vt 0.27531913 0.64701474
vt 0.22419354 0.74010885
vt 0.83562326 0.58822274
vt 0.85206705 0.56511414
vt 0.84221911 0.57122219
vt 0.84656602 0.55701131
vt 0.82190627 0.58105391
vt 0.83392841 0.56411833
vt 0.81666666 0.57163572
vt 0.85322583 0.55370569
vt 0.85322583 0.59129965
vt 0.36723232 0.31174439
vt 0.38092151 0.29894376
vt 0.37958184 0.28718475
vt 0.38763440 0.28454363
vt 0.38208935 0.31754589
vt 0.36365166 0.32372928
vt 0.38763440 0.32921588
vt 0.35645160 0.30021361
vt 0.37572700 0.28195488
vt 0.58956635 0.02232369
vt 0.59723783 0.01334302
vt 0.61438912 0.03491171
vt 0.62300199 0.02783137
vt 0.56303686 0.00831234
vt 0.55955648 0.02261723
vt 0.59154749 0.03583731
vt 0.53044826 0.01213183
vt 0.53134775 0.00268528
vt 0.53838903 0.02502998
vt 0.56942940 0.04809900
vt 0.59136653 0.05501148
vt 0.61962938 0.05408175
vt 0.64231431 0.04868476
vt 0.64999998 0.03806436
vt 0.55483532 0.05729602
vt 0.57956833 0.07902861
vt 0.55169404 0.08383889
vt 0.57282043 0.09444273
vt 0.55559158 0.10605719
vt 0.57298839 0.11425124
vt 0.55297101 0.11769218
vt 0.53450763 0.07734365
vt 0.53055692 0.04658874
vt 0.53362274 0.10530064
vt 0.51254898 0.02563337
vt 0.52641535 0.11868958
vt 0.50728017 0.05070779
vt 0.51187831 0.07883593
vt 0.59518421 0.10311391
vt 0.58481961 0.11868958
vt 0.50224054 0.00688385
vt 0.48440862 0.01316159
vt 0.31385222 0.40243736
vt 0.30672762 0.38506982
vt 0.29620630 0.40123698
vt 0.30417657 0.41678894
vt 0.28861615 0.41918293
vt 0.32684276 0.42125949
vt 0.31793696 0.44204253
vt 0.33064517 0.44096836
vt 0.32748139 0.47446302
vt 0.30668518 0.47066644
vt 0.29827619 0.48704028
vt 0.31419402 0.48661941
vt 0.30815691 0.50569087
vt 0.32167956 0.50194401
vt 0.29175520 0.46994814
vt 0.31268856 0.52389449
vt 0.31897858 0.46915475
vt 0.32594496 0.53043014
vt 0.30797750 0.45949310
vt 0.30520853 0.44499564
vt 0.31774732 0.55310011
vt 0.28770602 0.45991924
vt 0.28952155 0.44147170
vt 0.33064517 0.56122446
vt 0.28118280 0.48057908
vt 0.30220518 0.55874819
vt 0.66290325 0.03917843
vt 0.67955959 0.04919215
vt 0.67242765 0.05677854
vt 0.67541528 0.03823047
vt 0.68937463 0.06030734
vt 0.68348980 0.07020771
vt 0.70863599 0.07357680
vt 0.71370620 0.05818764
vt 0.73526275 0.06386194
vt 0.73930150 0.05235025
vt 0.74337912 0.03991067
vt 0.76502943 0.04256401
vt 0.76412630 0.05128107
vt 0.71127850 0.03734936
vt 0.81450099 0.04534530
vt 0.69846618 0.04733627
vt 0.82206362 0.05886775
vt 0.69289678 0.03762172
vt 0.76364940 0.06434133
vt 0.83279568 0.05128461
vt 0.83262134 0.03848623
vt 0.83107466 0.07357680
vt 0.72109532 0.02201933
vt 0.69529617 0.02386148
vt 0.74506181 0.02450202
vt 0.81728387 0.03106617
vt 0.67687106 0.02590790
vt 0.81523860 0.06890400
vt 0.36326027 0.96798909
vt 0.36014226 0.95347327
vt 0.35387093 0.96968764
vt 0.35274959 0.95112783
vt 0.37003914 0.98635447
vt 0.35788420 0.99076802
vt 0.34389248 0.98501694
vt 0.34032258 0.99731469
vt 0.37473118 0.99731469
vt 0.34682897 0.96517193
vt 0.40118426 0.98657358
vt 0.42789578 0.97677189
vt 0.42840004 0.98428118
vt 0.39838710 0.97560740
vt 0.42733347 0.96938777
vt 0.43817204 0.97576863
vt 0.43692669 0.98657358
vt 0.76001287 0.85445756
vt 0.75198984 0.82964498
vt 0.76268578 0.82512432
vt 0.75130659 0.85119539
vt 0.76827955 0.85141551
vt 0.74607813 0.82433093
vt 0.75454593 0.81578946
vt 0.74354839 0.85445756
vt 0.68947279 0.66863590
vt 0.66284078 0.66863590
vt 0.66562682 0.65682060
vt 0.69408602 0.65933067
vt 0.65430105 0.66014510
vt 0.36505377 0.26799139
vt 0.35538557 0.23964398
vt 0.36370534 0.23854025
vt 0.35556263 0.26756382
vt 0.34724349 0.24190691
vt 0.34462366 0.26799139
vt 0.35683286 0.22932331
vt 0.49911544 0.70743746
vt 0.50474888 0.71697098
vt 0.49351698 0.71697098
vt 0.48815531 0.70884407
vt 0.51021504 0.70678270
vt 0.49665466 0.69656283
vt 0.50589919 0.69726121
vt 0.48763442 0.70020694
f 110/110/110 98/98/98 109/109/109
f 109/109/109 98/98/98 97/97/97
f 98/98/98 95/95/95 97/97/97
f 115/115/115 108/108/108 110/110/110
f 110/110/110 108/108/108 98/98/98
f 98/98/98 108/108/108 95/95/95
f 95/95/95 94/94/94 97/97/97
f 97/97/97 94/94/94 96/96/96
f 97/97/97 96/96/96 104/104/104
f 115/115/115 116/116/116 108/108/108
f 108/108/108 103/103/103 95/95/95
f 477/477/477 478/478/478 479/479/479
f 308/308/308 307/307/307 290/290/290
f 307/307/307 285/285/285 290/290/290
f 526/526/526 523/523/523 525/525/525
f 525/525/525 523/523/523 524/524/524
f 96/96/96 94/94/94 93/93/93
f 523/523/523 520/520/520 524/524/524
f 523/523/523 518/518/518 520/520/520
f 113/113/113 103/103/103 108/108/108
f 103/103/103 101/101/101 95/95/95
f 95/95/95 91/91/91 94/94/94
f 94/94/94 91/91/91 93/93/93
f 136/136/136 116/116/116 115/115/115
f 116/116/116 117/117/117 113/113/113
f 299/299/299 289/289/289 300/300/300
f 95/95/95 101/101/101 91/91/91
f 104/104/104 96/96/96 123/123/123
f 136/136/136 117/117/117 116/116/116
f 427/427/427 428/428/428 429/429/429
f 310/310/310 308/308/308 299/299/299
f 117/117/117 114/114/114 113/113/113
f 113/113/113 114/114/114 103/103/103
f 103/103/103 114/114/114 101/101/101
f 91/91/91 92/92/92 93/93/93
f 93/93/93 92/92/92 107/107/107
f 93/93/93 107/107/107 96/96/96
f 96/96/96 107/107/107 121/121/121
f 518/518/518 519/519/519 520/520/520
f 96/96/96 121/121/121 123/123/123
f 136/136/136 139/139/139 117/117/117
f 91/91/91 101/101/101 99/99/99
f 520/520/520 519/519/519 521/521/521
f 521/521/521 519/519/519 522/522/522
f 123/123/123 127/127/127 130/130/130
f 309/309/309 300/300/300 301/301/301
f 117/117/117 137/137/137 114/114/114
f 301/301/301 300/300/300 297/297/297
f 114/114/114 112/112/112 101/101/101
f 112/112/112 102/102/102 101/101/101
f 101/101/101 102/102/102 99/99/99
f 91/91/91 99/99/99 92/92/92
f 107/107/107 92/92/92 106/106/106
f 123/123/123 121/121/121 127/127/127
f 430/430/430 431/431/431 427/427/427
f 49/49/49 46/46/46 47/47/47
f 583/583/583 589/589/589 581/581/581
f 585/585/585 583/583/583 582/582/582
f 583/583/583 581/581/581 582/582/582
f 99/99/99 100/100/100 92/92/92
f 582/582/582 581/581/581 578/578/578
f 92/92/92 100/100/100 106/106/106
f 427/427/427 429/429/429 430/430/430
f 139/139/139 141/141/141 117/117/117
f 117/117/117 141/141/141 137/137/137
f 114/114/114 137/137/137 112/112/112
f 297/297/297 298/298/298 313/313/313
f 588/588/588 599/599/599 583/583/583
f 599/599/599 600/600/600 583/583/583
f 588/588/588 583/583/583 585/585/585
f 583/583/583 600/600/600 589/589/589
f 589/589/589 597/597/597 581/581/581
f 585/585/585 582/582/582 584/584/584
f 581/581/581 597/597/597 580/580/580
f 578/578/578 581/581/581 580/580/580
f 584/584/584 582/582/582 578/578/578
f 578/578/578 580/580/580 579/579/579
f 107/107/107 106/106/106 122/122/122
f 102/102/102 112/112/112 111/111/111
f 111/111/111 99/99/99 102/102/102
f 1141/1141/1141 1140/1140/1140 1143/1143/1143
f 1143/1143/1143 1144/1144/1144 1145/1145/1145
f 1145/1145/1145 1144/1144/1144 1146/1146/1146
f 1004/1004/1004 1003/1003/1003 1002/1002/1002
f 578/578/578 579/579/579 577/577/577
f 579/579/579 580/580/580 586/586/586
f 121/121/121 122/122/122 128/128/128
f 121/121/121 131/131/131 127/127/127
f 121/121/121 128/128/128 131/131/131
f 141/141/141 140/140/140 137/137/137
f 598/598/598 588/588/588 585/585/585
f 598/598/598 585/585/585 568/568/568
f 99/99/99 111/111/111 105/105/105
f 568/568/568 585/585/585 584/584/584
f 1235/1235/1235 1249/1249/1249 1240/1240/1240
f 1002/1002/1002 1003/1003/1003 999/999/999
f 584/584/584 578/578/578 561/561/561
f 106/106/106 100/100/100 119/119/119
f 561/561/561 578/578/578 577/577/577
f 130/130/130 127/127/127 131/131/131
f 138/138/138 125/125/125 112/112/112
f 112/112/112 125/125/125 111/111/111
f 604/604/604 608/608/608 599/599/599
f 604/604/604 599/599/599 588/588/588
f 598/598/598 604/604/604 588/588/588
f 111/111/111 118/118/118 105/105/105
f 568/568/568 584/584/584 560/560/560
f 560/560/560 584/584/584 561/561/561
f 100/100/100 105/105/105 119/119/119
f 576/576/576 561/561/561 577/577/577
f 579/579/579 586/586/586 594/594/594
f 46/46/46 39/39/39 43/43/43
f 137/137/137 140/140/140 138/138/138
f 298/298/298 296/296/296 314/314/314
f 603/603/603 598/598/598 568/568/568
f 565/565/565 568/568/568 563/563/563
f 569/569/569 565/565/565 566/566/566
f 563/563/563 568/568/568 560/560/560
f 570/570/570 566/566/566 571/571/571
f 570/570/570 569/569/569 566/566/566
f 566/566/566 565/565/565 564/564/564
f 565/565/565 563/563/563 564/564/564
f 560/560/560 562/562/562 563/563/563
f 571/571/571 566/566/566 567/567/567
f 560/560/560 561/561/561 562/562/562
f 119/119/119 105/105/105 120/120/120
f 567/567/567 566/566/566 564/564/564
f 564/564/564 563/563/563 562/562/562
f 572/572/572 571/571/571 567/567/567
f 1241/1241/1241 1251/1251/1251 1244/1244/1244
f 106/106/106 119/119/119 124/124/124
f 576/576/576 577/577/577 587/587/587
f 577/577/577 579/579/579 587/587/587
f 122/122/122 124/124/124 128/128/128
f 535/535/535 541/541/541 540/540/540
f 609/609/609 608/608/608 604/604/604
f 1255/1255/1255 1237/1237/1237 1238/1238/1238
f 601/601/601 603/603/603 568/568/568
f 1234/1234/1234 1235/1235/1235 1223/1223/1223
f 570/570/570 602/602/602 569/569/569
f 569/569/569 601/601/601 565/565/565
f 601/601/601 568/568/568 565/565/565
f 1223/1223/1223 1235/1235/1235 1239/1239/1239
f 571/571/571 572/572/572 570/570/570
f 119/119/119 120/120/120 126/126/126
f 572/572/572 567/567/567 573/573/573
f 567/567/567 564/564/564 575/575/575
f 564/564/564 562/562/562 575/575/575
f 562/562/562 574/574/574 575/575/575
f 562/562/562 561/561/561 574/574/574
f 561/561/561 576/576/576 574/574/574
f 119/119/119 126/126/126 124/124/124
f 573/573/573 567/567/567 575/575/575
f 1001/1001/1001 999/999/999 1000/1000/1000
f 587/587/587 579/579/579 593/593/593
f 130/130/130 131/131/131 135/135/135
f 1255/1255/1255 1238/1238/1238 1259/1259/1259
f 604/604/604 598/598/598 603/603/603
f 607/607/607 601/601/601 569/569/569
f 1234/1234/1234 1223/1223/1223 1225/1225/1225
f 605/605/605 602/602/602 570/570/570
f 1266/1266/1266 1262/1262/1262 1279/1279/1279
f 1239/1239/1239 1244/1244/1244 1247/1247/1247
f 576/576/576 587/587/587 590/590/590
f 593/593/593 579/579/579 594/594/594
f 131/131/131 128/128/128 134/134/134
f 89/89/89 90/90/90 86/86/86
f 254/254/254 255/255/255 216/216/216
f 48/48/48 41/41/41 50/50/50
f 609/609/609 614/614/614 608/608/608
f 609/609/609 604/604/604 610/610/610
f 610/610/610 604/604/604 603/603/603
f 1326/1326/1326 1329/1329/1329 1328/1328/1328
f 1264/1264/1264 1268/1268/1268 1299/1299/1299
f 1328/1328/1328 1329/1329/1329 1330/1330/1330
f 983/983/983 981/981/981 980/980/980
f 980/980/980 981/981/981 982/982/982
f 980/980/980 982/982/982 985/985/985
f 272/272/272 276/276/276 292/292/292
f 574/574/574 576/576/576 590/590/590
f 575/575/575 574/574/574 592/592/592
f 124/124/124 126/126/126 129/129/129
f 573/573/573 575/575/575 591/591/591
f 575/575/575 592/592/592 595/595/595
f 590/590/590 587/587/587 596/596/596
f 124/124/124 133/133/133 128/128/128
f 90/90/90 87/87/87 86/86/86
f 220/220/220 216/216/216 219/219/219
f 220/220/220 254/254/254 216/216/216
f 713/713/713 703/703/703 705/705/705
f 716/716/716 713/713/713 705/705/705
f 610/610/610 603/603/603 611/611/611
f 607/607/607 612/612/612 601/601/601
f 613/613/613 602/602/602 605/605/605
f 990/990/990 989/989/989 983/983/983
f 983/983/983 989/989/989 981/981/981
f 1223/1223/1223 1247/1247/1247 1248/1248/1248
f 574/574/574 590/590/590 592/592/592
f 591/591/591 575/575/575 595/595/595
f 587/587/587 593/593/593 596/596/596
f 593/593/593 594/594/594 606/606/606
f 134/134/134 128/128/128 133/133/133
f 535/535/535 540/540/540 536/536/536
f 319/319/319 314/314/314 320/320/320
f 1331/1331/1331 1332/1332/1332 1326/1326/1326
f 1148/1148/1148 1155/1155/1155 1147/1147/1147
f 1291/1291/1291 1283/1283/1283 1301/1301/1301
f 985/985/985 982/982/982 995/995/995
f 1247/1247/1247 1244/1244/1244 1250/1250/1250
f 777/777/777 786/786/786 781/781/781
f 543/543/543 546/546/546 544/544/544
f 216/216/216 255/255/255 221/221/221
f 321/321/321 315/315/315 319/319/319
f 1328/1328/1328 1330/1330/1330 1333/1333/1333
f 1283/1283/1283 1300/1300/1300 1301/1301/1301
f 1224/1224/1224 1228/1228/1228 1233/1233/1233
f 1224/1224/1224 1233/1233/1233 1229/1229/1229
f 982/982/982 984/984/984 991/991/991
f 985/985/985 995/995/995 997/997/997
f 1362/1362/1362 1361/1361/1361 1359/1359/1359
f 780/780/780 786/786/786 777/777/777
f 775/775/775 779/779/779 778/778/778
f 784/784/784 787/787/787 782/782/782
f 781/781/781 784/784/784 782/782/782
f 81/81/81 87/87/87 82/82/82
f 86/86/86 87/87/87 81/81/81
f 31/31/31 32/32/32 39/39/39
f 219/219/219 216/216/216 211/211/211
f 528/528/528 531/531/531 530/530/530
f 706/706/706 715/715/715 701/701/701
f 715/715/715 719/719/719 718/718/718
f 835/835/835 796/796/796 797/797/797
f 835/835/835 836/836/836 796/796/796
f 700/700/700 714/714/714 698/698/698
f 981/981/981 989/989/989 986/986/986
f 986/986/986 988/988/988 987/987/987
f 1228/1228/1228 1242/1242/1242 1233/1233/1233
f 1233/1233/1233 1242/1242/1242 1243/1243/1243
f 995/995/995 991/991/991 996/996/996
f 1204/1204/1204 1201/1201/1201 1200/1200/1200
f 780/780/780 777/777/777 774/774/774
f 775/775/775 778/778/778 774/774/774
f 778/778/778 780/780/780 774/774/774
f 87/87/87 85/85/85 82/82/82
f 781/781/781 782/782/782 742/742/742
f 715/715/715 707/707/707 701/701/701
f 715/715/715 718/718/718 707/707/707
f 706/706/706 701/701/701 697/697/697
f 712/712/712 699/699/699 710/710/710
f 989/989/989 988/988/988 986/986/986
f 991/991/991 992/992/992 996/996/996
f 997/997/997 995/995/995 1010/1010/1010
f 129/129/129 132/132/132 133/133/133
f 1361/1361/1361 1374/1374/1374 1373/1373/1373
f 774/774/774 777/777/777 776/776/776
f 777/777/777 781/781/781 743/743/743
f 781/781/781 742/742/742 743/743/743
f 84/84/84 86/86/86 81/81/81
f 543/543/543 544/544/544 545/545/545
f 86/86/86 84/84/84 83/83/83
f 535/535/535 536/536/536 537/537/537
f 216/216/216 204/204/204 210/210/210
f 36/36/36 33/33/33 38/38/38
f 204/204/204 216/216/216 215/215/215
f 221/221/221 257/257/257 244/244/244
f 221/221/221 244/244/244 214/214/214
f 534/534/534 530/530/530 532/532/532
f 1318/1318/1318 1326/1326/1326 1325/1325/1325
f 703/703/703 697/697/697 694/694/694
f 1326/1326/1326 1327/1327/1327 1325/1325/1325
f 1326/1326/1326 1328/1328/1328 1327/1327/1327
f 1128/1128/1128 1153/1153/1153 1148/1148/1148
f 1328/1328/1328 1333/1333/1333 1327/1327/1327
f 712/712/712 700/700/700 699/699/699
f 1226/1226/1226 1224/1224/1224 1227/1227/1227
f 1231/1231/1231 1243/1243/1243 1245/1245/1245
f 1204/1204/1204 1200/1200/1200 1205/1205/1205
f 1010/1010/1010 995/995/995 1009/1009/1009
f 1359/1359/1359 1361/1361/1361 1357/1357/1357
f 1361/1361/1361 1373/1373/1373 1357/1357/1357
f 537/537/537 536/536/536 538/538/538
f 215/215/215 221/221/221 214/214/214
f 530/530/530 531/531/531 532/532/532
f 1153/1153/1153 1156/1156/1156 1148/1148/1148
f 700/700/700 698/698/698 688/688/688
f 1258/1258/1258 1226/1226/1226 1257/1257/1257
f 1226/1226/1226 1227/1227/1227 1256/1256/1256
f 1155/1155/1155 1158/1158/1158 1159/1159/1159
f 710/710/710 699/699/699 709/709/709
f 898/898/898 897/897/897 884/884/884
f 897/897/897 883/883/883 884/884/884
f 1231/1231/1231 1245/1245/1245 1246/1246/1246
f 1359/1359/1359 1357/1357/1357 1358/1358/1358
f 85/85/85 88/88/88 80/80/80
f 774/774/774 776/776/776 769/769/769
f 82/82/82 85/85/85 79/79/79
f 777/777/777 743/743/743 745/745/745
f 782/782/782 785/785/785 783/783/783
f 742/742/742 782/782/782 740/740/740
f 81/81/81 82/82/82 79/79/79
f 81/81/81 79/79/79 74/74/74
f 203/203/203 210/210/210 204/204/204
f 1318/1318/1318 1325/1325/1325 1315/1315/1315
f 1325/1325/1325 1327/1327/1327 1341/1341/1341
f 702/702/702 694/694/694 686/686/686
f 967/967/967 977/977/977 962/962/962
f 699/699/699 700/700/700 688/688/688
f 1226/1226/1226 1256/1256/1256 1257/1257/1257
f 1227/1227/1227 1230/1230/1230 1232/1232/1232
f 996/996/996 992/992/992 998/998/998
f 1200/1200/1200 1202/1202/1202 1205/1205/1205
f 995/995/995 996/996/996 998/998/998
f 1010/1010/1010 1009/1009/1009 1013/1013/1013
f 79/79/79 85/85/85 80/80/80
f 775/775/775 774/774/774 772/772/772
f 774/774/774 769/769/769 772/772/772
f 769/769/769 776/776/776 770/770/770
f 776/776/776 777/777/777 745/745/745
f 776/776/776 745/745/745 770/770/770
f 545/545/545 544/544/544 548/548/548
f 83/83/83 84/84/84 77/77/77
f 537/537/537 538/538/538 539/539/539
f 207/207/207 210/210/210 203/203/203
f 215/215/215 209/209/209 204/204/204
f 215/215/215 214/214/214 209/209/209
f 532/532/532 531/531/531 533/533/533
f 686/686/686 694/694/694 685/685/685
f 967/967/967 962/962/962 964/964/964
f 977/977/977 978/978/978 962/962/962
f 691/691/691 699/699/699 688/688/688
f 709/709/709 699/699/699 691/691/691
f 884/884/884 883/883/883 882/882/882
f 740/740/740 782/782/782 783/783/783
f 545/545/545 548/548/548 549/549/549
f 84/84/84 81/81/81 77/77/77
f 78/78/78 83/83/83 77/77/77
f 701/701/701 707/707/707 690/690/690
f 685/685/685 697/697/697 690/690/690
f 697/697/697 701/701/701 690/690/690
f 1318/1318/1318 1315/1315/1315 1317/1317/1317
f 797/797/797 796/796/796 791/791/791
f 962/962/962 978/978/978 961/961/961
f 908/908/908 884/884/884 902/902/902
f 883/883/883 901/901/901 886/886/886
f 1205/1205/1205 1202/1202/1202 1206/1206/1206
f 1355/1355/1355 1358/1358/1358 1357/1357/1357
f 743/743/743 742/742/742 737/737/737
f 77/77/77 81/81/81 74/74/74
f 243/243/243 258/258/258 242/242/242
f 1315/1315/1315 1325/1325/1325 1323/1323/1323
f 791/791/791 796/796/796 792/792/792
f 805/805/805 806/806/806 804/804/804
f 698/698/698 686/686/686 687/687/687
f 688/688/688 698/698/698 687/687/687
f 885/885/885 884/884/884 882/882/882
f 1211/1211/1211 1203/1203/1203 1212/1212/1212
f 769/769/769 771/771/771 772/772/772
f 769/769/769 770/770/770 771/771/771
f 79/79/79 80/80/80 75/75/75
f 745/745/745 743/743/743 737/737/737
f 72/72/72 79/79/79 75/75/75
f 742/742/742 740/740/740 737/737/737
f 226/226/226 211/211/211 212/212/212
f 211/211/211 207/207/207 212/212/212
f 203/203/203 204/204/204 205/205/205
f 690/690/690 707/707/707 695/695/695
f 1317/1317/1317 1315/1315/1315 1314/1314/1314
f 688/688/688 687/687/687 682/682/682
f 978/978/978 979/979/979 961/961/961
f 691/691/691 688/688/688 682/682/682
f 709/709/709 691/691/691 708/708/708
f 902/902/902 884/884/884 888/888/888
f 884/884/884 885/885/885 887/887/887
f 883/883/883 886/886/886 880/880/880
f 1084/1084/1084 1086/1086/1086 1070/1070/1070
f 771/771/771 770/770/770 732/732/732
f 770/770/770 745/745/745 744/744/744
f 745/745/745 737/737/737 744/744/744
f 740/740/740 783/783/783 738/738/738
f 74/74/74 79/79/79 72/72/72
f 77/77/77 74/74/74 73/73/73
f 1325/1325/1325 1341/1341/1341 1338/1338/1338
f 675/675/675 686/686/686 678/678/678
f 964/964/964 962/962/962 958/958/958
f 888/888/888 884/884/884 887/887/887
f 1016/1016/1016 1017/1017/1017 1018/1018/1018
f 1018/1018/1018 1021/1021/1021 1020/1020/1020
f 1021/1021/1021 1022/1022/1022 1020/1020/1020
f 1016/1016/1016 1018/1018/1018 1019/1019/1019
f 1018/1018/1018 1020/1020/1020 1019/1019/1019
f 1459/1459/1459 1456/1456/1456 1458/1458/1458
f 1460/1460/1460 1459/1459/1459 1458/1458/1458
f 1019/1019/1019 1020/1020/1020 1043/1043/1043
f 1462/1462/1462 1460/1460/1460 1461/1461/1461
f 1460/1460/1460 1458/1458/1458 1461/1461/1461
f 1016/1016/1016 1019/1019/1019 1043/1043/1043
f 1489/1489/1489 1490/1490/1490 1487/1487/1487
f 883/883/883 880/880/880 882/882/882
f 1085/1085/1085 1084/1084/1084 1069/1069/1069
f 1069/1069/1069 1084/1084/1084 1070/1070/1070
f 1357/1357/1357 1354/1354/1354 1355/1355/1355
f 775/775/775 772/772/772 773/773/773
f 770/770/770 744/744/744 732/732/732
f 1357/1357/1357 1368/1368/1368 1354/1354/1354
f 78/78/78 77/77/77 76/76/76
f 76/76/76 77/77/77 73/73/73
f 205/205/205 204/204/204 208/208/208
f 1323/1323/1323 1325/1325/1325 1338/1338/1338
f 962/962/962 961/961/961 958/958/958
f 958/958/958 961/961/961 960/960/960
f 961/961/961 979/979/979 968/968/968
f 1021/1021/1021 1024/1024/1024 1022/1022/1022
f 1030/1030/1030 1033/1033/1033 1022/1022/1022
f 1023/1023/1023 1017/1017/1017 1016/1016/1016
f 1023/1023/1023 1016/1016/1016 1026/1026/1026
f 1458/1458/1458 1456/1456/1456 1455/1455/1455
f 1489/1489/1489 1487/1487/1487 1488/1488/1488
f 1039/1039/1039 1037/1037/1037 1036/1036/1036
f 1034/1034/1034 1016/1016/1016 1043/1043/1043
f 1487/1487/1487 1490/1490/1490 1486/1486/1486
f 1475/1475/1475 1481/1481/1481 1470/1470/1470
f 744/744/744 737/737/737 741/741/741
f 737/737/737 740/740/740 738/738/738
f 73/73/73 74/74/74 72/72/72
f 550/550/550 548/548/548 553/553/553
f 212/212/212 207/207/207 206/206/206
f 206/206/206 203/203/203 205/205/205
f 214/214/214 218/218/218 217/217/217
f 217/217/217 218/218/218 242/242/242
f 690/690/690 695/695/695 679/679/679
f 969/969/969 964/964/964 963/963/963
f 963/963/963 964/964/964 958/958/958
f 960/960/960 961/961/961 968/968/968
f 708/708/708 691/691/691 692/692/692
f 692/692/692 691/691/691 682/682/682
f 1017/1017/1017 1023/1023/1023 1025/1025/1025
f 1026/1026/1026 1034/1034/1034 1035/1035/1035
f 1016/1016/1016 1034/1034/1034 1026/1026/1026
f 1037/1037/1037 1035/1035/1035 1036/1036/1036
f 1036/1036/1036 1035/1035/1035 1034/1034/1034
f 1458/1458/1458 1455/1455/1455 1469/1469/1469
f 1461/1461/1461 1458/1458/1458 1469/1469/1469
f 1481/1481/1481 1472/1472/1472 1470/1470/1470
f 1472/1472/1472 1462/1462/1462 1463/1463/1463
f 907/907/907 882/882/882 904/904/904
f 882/882/882 880/880/880 879/879/879
f 1206/1206/1206 1209/1209/1209 1210/1210/1210
f 773/773/773 772/772/772 771/771/771
f 72/72/72 75/75/75 66/66/66
f 208/208/208 209/209/209 213/213/213
f 209/209/209 214/214/214 213/213/213
f 213/213/213 214/214/214 217/217/217
f 1314/1314/1314 1315/1315/1315 1316/1316/1316
f 678/678/678 685/685/685 679/679/679
f 678/678/678 674/674/674 675/675/675
f 960/960/960 968/968/968 966/966/966
f 887/887/887 885/885/885 893/893/893
f 1392/1392/1392 1390/1390/1390 1391/1391/1391
f 1470/1470/1470 1472/1472/1472 1466/1466/1466
f 1472/1472/1472 1463/1463/1463 1466/1466/1466
f 1462/1462/1462 1461/1461/1461 1463/1463/1463
f 1461/1461/1461 1469/1469/1469 1463/1463/1463
f 1473/1473/1473 1470/1470/1470 1468/1468/1468
f 1215/1215/1215 1206/1206/1206 1210/1210/1210
f 411/411/411 402/402/402 396/396/396
f 773/773/773 771/771/771 728/728/728
f 728/728/728 771/771/771 732/732/732
f 1370/1370/1370 1354/1354/1354 1368/1368/1368
f 1370/1370/1370 1368/1368/1368 1376/1376/1376
f 1012/1012/1012 1014/1014/1014 1015/1015/1015
f 738/738/738 783/783/783 788/788/788
f 76/76/76 73/73/73 70/70/70
f 226/226/226 212/212/212 225/225/225
f 212/212/212 206/206/206 222/222/222
f 1314/1314/1314 1316/1316/1316 1319/1319/1319
f 679/679/679 695/695/695 693/693/693
f 1316/1316/1316 1315/1315/1315 1321/1321/1321
f 1315/1315/1315 1323/1323/1323 1321/1321/1321
f 678/678/678 679/679/679 674/674/674
f 792/792/792 793/793/793 789/789/789
f 682/682/682 675/675/675 680/680/680
f 1023/1023/1023 1041/1041/1041 1042/1042/1042
f 1023/1023/1023 1026/1026/1026 1041/1041/1041
f 1391/1391/1391 1390/1390/1390 1386/1386/1386
f 1488/1488/1488 1484/1484/1484 1491/1491/1491
f 1469/1469/1469 1455/1455/1455 1471/1471/1471
f 1471/1471/1471 1455/1455/1455 1457/1457/1457
f 1463/1463/1463 1469/1469/1469 1467/1467/1467
f 1466/1466/1466 1463/1463/1463 1465/1465/1465
f 1463/1463/1463 1464/1464/1464 1465/1465/1465
f 1468/1468/1468 1470/1470/1470 1466/1466/1466
f 882/882/882 879/879/879 904/904/904
f 1355/1355/1355 1354/1354/1354 1352/1352/1352
f 732/732/732 744/744/744 748/748/748
f 741/741/741 737/737/737 739/739/739
f 737/737/737 738/738/738 739/739/739
f 73/73/73 72/72/72 63/63/63
f 206/206/206 223/223/223 222/222/222
f 206/206/206 205/205/205 223/223/223
f 679/679/679 693/693/693 677/677/677
f 674/674/674 679/679/679 677/677/677
f 963/963/963 958/958/958 957/957/957
f 692/692/692 682/682/682 680/680/680
f 1390/1390/1390 1387/1387/1387 1386/1386/1386
f 1386/1386/1386 1387/1387/1387 1388/1388/1388
f 1387/1387/1387 1389/1389/1389 1388/1388/1388
f 1467/1467/1467 1469/1469/1469 1471/1471/1471
f 1382/1382/1382 1381/1381/1381 1379/1379/1379
f 1463/1463/1463 1467/1467/1467 1464/1464/1464
f 1468/1468/1468 1466/1466/1466 1465/1465/1465
f 1473/1473/1473 1468/1468/1468 1474/1474/1474
f 904/904/904 879/879/879 905/905/905
f 1069/1069/1069 1070/1070/1070 1071/1071/1071
f 773/773/773 728/728/728 727/727/727
f 732/732/732 748/748/748 731/731/731
f 66/66/66 75/75/75 71/71/71
f 748/748/748 744/744/744 747/747/747
f 744/744/744 741/741/741 747/747/747
f 70/70/70 73/73/73 67/67/67
f 957/957/957 958/958/958 959/959/959
f 958/958/958 960/960/960 959/959/959
f 960/960/960 966/966/966 959/959/959
f 680/680/680 675/675/675 670/670/670
f 906/906/906 888/888/888 896/896/896
f 888/888/888 887/887/887 896/896/896
f 1388/1388/1388 1389/1389/1389 1394/1394/1394
f 1384/1384/1384 1380/1380/1380 1378/1378/1378
f 878/878/878 905/905/905 879/879/879
f 878/878/878 879/879/879 880/880/880
f 1071/1071/1071 1070/1070/1070 1072/1072/1072
f 728/728/728 732/732/732 729/729/729
f 729/729/729 732/732/732 731/731/731
f 63/63/63 72/72/72 66/66/66
f 433/433/433 434/434/434 435/435/435
f 73/73/73 63/63/63 67/67/67
f 465/465/465 466/466/466 464/464/464
f 205/205/205 208/208/208 224/224/224
f 213/213/213 217/217/217 229/229/229
f 1319/1319/1319 1316/1316/1316 1320/1320/1320
f 1323/1323/1323 1338/1338/1338 1337/1337/1337
f 969/969/969 963/963/963 965/965/965
f 963/963/963 957/957/957 965/965/965
f 959/959/959 966/966/966 970/970/970
f 680/680/680 670/670/670 681/681/681
f 692/692/692 680/680/680 681/681/681
f 1438/1438/1438 1440/1440/1440 1439/1439/1439
f 1391/1391/1391 1386/1386/1386 1393/1393/1393
f 891/891/891 893/893/893 909/909/909
f 1503/1503/1503 1499/1499/1499 1501/1501/1501
f 1501/1501/1501 1504/1504/1504 1505/1505/1505
f 1386/1386/1386 1388/1388/1388 1393/1393/1393
f 1518/1518/1518 1514/1514/1514 1513/1513/1513
f 1388/1388/1388 1394/1394/1394 1393/1393/1393
f 1471/1471/1471 1457/1457/1457 1477/1477/1477
f 1385/1385/1385 1378/1378/1378 1377/1377/1377
f 1467/1467/1467 1471/1471/1471 1477/1477/1477
f 1098/1098/1098 1090/1090/1090 1092/1092/1092
f 1464/1464/1464 1467/1467/1467 1476/1476/1476
f 1468/1468/1468 1465/1465/1465 1479/1479/1479
f 1474/1474/1474 1468/1468/1468 1479/1479/1479
f 878/878/878 880/880/880 881/881/881
f 850/850/850 849/849/849 851/851/851
f 880/880/880 900/900/900 881/881/881
f 880/880/880 903/903/903 900/900/900
f 1070/1070/1070 1079/1079/1079 1078/1078/1078
f 1070/1070/1070 1078/1078/1078 1072/1072/1072
f 650/650/650 665/665/665 651/651/651
f 738/738/738 788/788/788 752/752/752
f 212/212/212 222/222/222 225/225/225
f 208/208/208 213/213/213 224/224/224
f 213/213/213 229/229/229 224/224/224
f 229/229/229 217/217/217 253/253/253
f 677/677/677 693/693/693 696/696/696
f 1316/1316/1316 1321/1321/1321 1320/1320/1320
f 1323/1323/1323 1337/1337/1337 1321/1321/1321
f 1437/1437/1437 1438/1438/1438 1439/1439/1439
f 887/887/887 893/893/893 892/892/892
f 1439/1439/1439 1440/1440/1440 1441/1441/1441
f 892/892/892 893/893/893 891/891/891
f 1524/1524/1524 1525/1525/1525 1523/1523/1523
f 1477/1477/1477 1457/1457/1457 1480/1480/1480
f 1476/1476/1476 1467/1467/1467 1477/1477/1477
f 1465/1465/1465 1464/1464/1464 1478/1478/1478
f 1478/1478/1478 1464/1464/1464 1476/1476/1476
f 1103/1103/1103 1092/1092/1092 1101/1101/1101
f 1371/1371/1371 1352/1352/1352 1351/1351/1351
f 1352/1352/1352 1354/1354/1354 1350/1350/1350
f 71/71/71 65/65/65 66/66/66
f 747/747/747 741/741/741 746/746/746
f 741/741/741 739/739/739 746/746/746
f 739/739/739 738/738/738 752/752/752
f 433/433/433 435/435/435 469/469/469
f 223/223/223 205/205/205 227/227/227
f 227/227/227 205/205/205 224/224/224
f 1510/1510/1510 1507/1507/1507 1509/1509/1509
f 1495/1495/1495 1496/1496/1496 1493/1493/1493
f 1507/1507/1507 1508/1508/1508 1509/1509/1509
f 1508/1508/1508 1511/1511/1511 1509/1509/1509
f 1496/1496/1496 1497/1497/1497 1493/1493/1493
f 1495/1495/1495 1493/1493/1493 1492/1492/1492
f 1492/1492/1492 1493/1493/1493 1494/1494/1494
f 1497/1497/1497 1498/1498/1498 1493/1493/1493
f 1493/1493/1493 1498/1498/1498 1494/1494/1494
f 909/909/909 905/905/905 891/891/891
f 891/891/891 905/905/905 878/878/878
f 1071/1071/1071 1072/1072/1072 1073/1073/1073
f 1352/1352/1352 1350/1350/1350 1351/1351/1351
f 731/731/731 748/748/748 750/750/750
f 748/748/748 747/747/747 750/750/750
f 1192/1192/1192 1178/1178/1178 1186/1186/1186
f 739/739/739 752/752/752 749/749/749
f 63/63/63 66/66/66 62/62/62
f 225/225/225 222/222/222 228/228/228
f 1324/1324/1324 1321/1321/1321 1337/1337/1337
f 789/789/789 793/793/793 800/800/800
f 1337/1337/1337 1338/1338/1338 1339/1339/1339
f 969/969/969 965/965/965 971/971/971
f 800/800/800 803/803/803 814/814/814
f 681/681/681 670/670/670 672/672/672
f 704/704/704 692/692/692 681/681/681
f 1221/1221/1221 1217/1217/1217 1216/1216/1216
f 1072/1072/1072 1077/1077/1077 1074/1074/1074
f 729/729/729 731/731/731 730/730/730
f 66/66/66 65/65/65 62/62/62
f 1194/1194/1194 1192/1192/1192 1186/1186/1186
f 67/67/67 63/63/63 64/64/64
f 222/222/222 223/223/223 227/227/227
f 224/224/224 229/229/229 230/230/230
f 1320/1320/1320 1321/1321/1321 1322/1322/1322
f 1322/1322/1322 1321/1321/1321 1324/1324/1324
f 790/790/790 789/789/789 801/801/801
f 674/674/674 677/677/677 673/673/673
f 971/971/971 965/965/965 974/974/974
f 965/965/965 972/972/972 974/974/974
f 965/965/965 957/957/957 972/972/972
f 957/957/957 959/959/959 972/972/972
f 972/972/972 959/959/959 973/973/973
f 959/959/959 970/970/970 973/973/973
f 896/896/896 887/887/887 895/895/895
f 816/816/816 810/810/810 818/818/818
f 895/895/895 887/887/887 892/892/892
f 1446/1446/1446 1444/1444/1444 1434/1434/1434
f 891/891/891 889/889/889 892/892/892
f 1091/1091/1091 1093/1093/1093 1088/1088/1088
f 1088/1088/1088 1093/1093/1093 1094/1094/1094
f 891/891/891 878/878/878 889/889/889
f 878/878/878 881/881/881 889/889/889
f 1219/1219/1219 1218/1218/1218 1217/1217/1217
f 652/652/652 653/653/653 654/654/654
f 729/729/729 730/730/730 726/726/726
f 728/728/728 726/726/726 727/727/727
f 504/504/504 511/511/511 513/513/513
f 746/746/746 739/739/739 749/749/749
f 63/63/63 51/51/51 64/64/64
f 70/70/70 67/67/67 69/69/69
f 227/227/227 224/224/224 230/230/230
f 790/790/790 801/801/801 802/802/802
f 673/673/673 677/677/677 676/676/676
f 1337/1337/1337 1339/1339/1339 1340/1340/1340
f 973/973/973 970/970/970 976/976/976
f 814/814/814 803/803/803 816/816/816
f 684/684/684 681/681/681 672/672/672
f 1094/1094/1094 1096/1096/1096 1088/1088/1088
f 889/889/889 881/881/881 890/890/890
f 643/643/643 621/621/621 653/653/653
f 725/725/725 727/727/727 726/726/726
f 391/391/391 389/389/389 392/392/392
f 750/750/750 747/747/747 746/746/746
f 67/67/67 64/64/64 68/68/68
f 465/465/465 464/464/464 463/463/463
f 222/222/222 227/227/227 228/228/228
f 789/789/789 800/800/800 801/801/801
f 1419/1419/1419 1423/1423/1423 1417/1417/1417
f 890/890/890 881/881/881 899/899/899
f 881/881/881 900/900/900 899/899/899
f 1222/1222/1222 1218/1218/1218 1219/1219/1219
f 652/652/652 643/643/643 653/653/653
f 720/720/720 730/730/730 723/723/723
f 1081/1081/1081 1071/1071/1071 1075/1075/1075
f 1071/1071/1071 1073/1073/1073 1075/1075/1075
f 1351/1351/1351 1350/1350/1350 1348/1348/1348
f 731/731/731 750/750/750 756/756/756
f 1350/1350/1350 1354/1354/1354 1360/1360/1360
f 65/65/65 71/71/71 60/60/60
f 62/62/62 65/65/65 60/60/60
f 69/69/69 67/67/67 68/68/68
f 486/486/486 487/487/487 483/483/483
f 676/676/676 677/677/677 689/689/689
f 677/677/677 696/696/696 689/689/689
f 800/800/800 814/814/814 815/815/815
f 892/892/892 889/889/889 895/895/895
f 1421/1421/1421 1419/1419/1419 1416/1416/1416
f 644/644/644 643/643/643 652/652/652
f 720/720/720 723/723/723 721/721/721
f 731/731/731 756/756/756 723/723/723
f 513/513/513 511/511/511 510/510/510
f 62/62/62 60/60/60 57/57/57
f 751/751/751 746/746/746 749/749/749
f 233/233/233 228/228/228 227/227/227
f 229/229/229 235/235/235 230/230/230
f 486/486/486 483/483/483 485/485/485
f 689/689/689 696/696/696 717/717/717
f 972/972/972 975/975/975 974/974/974
f 972/972/972 973/973/973 975/975/975
f 895/895/895 889/889/889 894/894/894
f 943/943/943 955/955/955 946/946/946
f 1416/1416/1416 1419/1419/1419 1414/1414/1414
f 889/889/889 890/890/890 894/894/894
f 644/644/644 631/631/631 643/643/643
f 953/953/953 940/940/940 951/951/951
f 1073/1073/1073 1074/1074/1074 1076/1076/1076
f 916/916/916 917/917/917 913/913/913
f 642/642/642 666/666/666 650/650/650
f 750/750/750 746/746/746 751/751/751
f 749/749/749 752/752/752 753/753/753
f 399/399/399 398/398/398 384/384/384
f 225/225/225 228/228/228 231/231/231
f 941/941/941 944/944/944 942/942/942
f 942/942/942 945/945/945 943/943/943
f 955/955/955 943/943/943 945/945/945
f 1419/1419/1419 1417/1417/1417 1414/1414/1414
f 1414/1414/1414 1417/1417/1417 1412/1412/1412
f 890/890/890 899/899/899 894/894/894
f 1425/1425/1425 1415/1415/1415 1424/1424/1424
f 1415/1415/1415 1413/1413/1413 1424/1424/1424
f 950/950/950 951/951/951 947/947/947
f 934/934/934 940/940/940 953/953/953
f 939/939/939 934/934/934 952/952/952
f 934/934/934 953/953/953 952/952/952
f 913/913/913 917/917/917 911/911/911
f 917/917/917 918/918/918 911/911/911
f 1349/1349/1349 1348/1348/1348 1350/1350/1350
f 756/756/756 750/750/750 755/755/755
f 751/751/751 749/749/749 753/753/753
f 62/62/62 57/57/57 51/51/51
f 461/461/461 463/463/463 462/462/462
f 463/463/463 464/464/464 462/462/462
f 231/231/231 228/228/228 232/232/232
f 228/228/228 233/233/233 232/232/232
f 802/802/802 801/801/801 809/809/809
f 1324/1324/1324 1337/1337/1337 1340/1340/1340
f 944/944/944 941/941/941 954/954/954
f 954/954/954 941/941/941 949/949/949
f 943/943/943 946/946/946 938/938/938
f 1412/1412/1412 1413/1413/1413 1414/1414/1414
f 938/938/938 946/946/946 947/947/947
f 947/947/947 946/946/946 950/950/950
f 1414/1414/1414 1413/1413/1413 1415/1415/1415
f 631/631/631 635/635/635 630/630/630
f 947/947/947 951/951/951 940/940/940
f 1365/1365/1365 1351/1351/1351 1348/1348/1348
f 723/723/723 755/755/755 721/721/721
f 666/666/666 642/642/642 646/646/646
f 754/754/754 750/750/750 751/751/751
f 334/334/334 332/332/332 330/330/330
f 227/227/227 230/230/230 233/233/233
f 1423/1423/1423 1418/1418/1418 1417/1417/1417
f 949/949/949 941/941/941 935/935/935
f 941/941/941 942/942/942 933/933/933
f 942/942/942 943/943/943 936/936/936
f 941/941/941 933/933/933 935/935/935
f 933/933/933 942/942/942 936/936/936
f 936/936/936 943/943/943 938/938/938
f 938/938/938 947/947/947 937/937/937
f 932/932/932 934/934/934 939/939/939
f 934/934/934 937/937/937 940/940/940
f 1366/1366/1366 1365/1365/1365 1348/1348/1348
f 622/622/622 627/627/627 624/624/624
f 1350/1350/1350 1360/1360/1360 1369/1369/1369
f 751/751/751 753/753/753 754/754/754
f 460/460/460 468/468/468 435/435/435
f 230/230/230 237/237/237 239/239/239
f 230/230/230 235/235/235 237/237/237
f 237/237/237 235/235/235 238/238/238
f 1336/1336/1336 1322/1322/1322 1334/1334/1334
f 676/676/676 689/689/689 683/683/683
f 1322/1322/1322 1324/1324/1324 1334/1334/1334
f 1324/1324/1324 1340/1340/1340 1344/1344/1344
f 815/815/815 814/814/814 820/820/820
f 823/823/823 831/831/831 828/828/828
f 1412/1412/1412 1410/1410/1410 1411/1411/1411
f 1412/1412/1412 1411/1411/1411 1413/1413/1413
f 935/935/935 933/933/933 932/932/932
f 933/933/933 936/936/936 934/934/934
f 932/932/932 933/933/933 934/934/934
f 936/936/936 937/937/937 934/934/934
f 936/936/936 938/938/938 937/937/937
f 630/630/630 634/634/634 629/629/629
f 911/911/911 928/928/928 912/912/912
f 1345/1345/1345 1366/1366/1366 1348/1348/1348
f 1348/1348/1348 1349/1349/1349 1347/1347/1347
f 1349/1349/1349 1350/1350/1350 1356/1356/1356
f 626/626/626 627/627/627 622/622/622
f 1350/1350/1350 1369/1369/1369 1356/1356/1356
f 388/388/388 408/408/408 393/393/393
f 57/57/57 60/60/60 59/59/59
f 1196/1196/1196 1183/1183/1183 1195/1195/1195
f 57/57/57 55/55/55 51/51/51
f 330/330/330 332/332/332 327/327/327
f 231/231/231 232/232/232 234/234/234
f 232/232/232 233/233/233 236/236/236
f 233/233/233 230/230/230 239/239/239
f 1427/1427/1427 1426/1426/1426 1420/1420/1420
f 1422/1422/1422 1420/1420/1420 1418/1418/1418
f 1340/1340/1340 1339/1339/1339 1342/1342/1342
f 815/815/815 820/820/820 821/821/821
f 949/949/949 935/935/935 948/948/948
f 935/935/935 932/932/932 948/948/948
f 932/932/932 939/939/939 948/948/948
f 910/910/910 911/911/911 912/912/912
f 722/722/722 721/721/721 760/760/760
f 393/393/393 408/408/408 407/407/407
f 754/754/754 753/753/753 758/758/758
f 397/397/397 408/408/408 388/388/388
f 57/57/57 59/59/59 55/55/55
f 330/330/330 327/327/327 328/328/328
f 462/462/462 453/453/453 461/461/461
f 237/237/237 238/238/238 245/245/245
f 817/817/817 809/809/809 819/819/819
f 1334/1334/1334 1324/1324/1324 1335/1335/1335
f 1340/1340/1340 1342/1342/1342 1344/1344/1344
f 1339/1339/1339 1343/1343/1343 1342/1342/1342
f 722/722/722 760/760/760 763/763/763
f 1345/1345/1345 1348/1348/1348 1347/1347/1347
f 236/236/236 233/233/233 239/239/239
f 1420/1420/1420 1426/1426/1426 1402/1402/1402
f 1426/1426/1426 1403/1403/1403 1402/1402/1402
f 1324/1324/1324 1344/1344/1344 1335/1335/1335
f 1418/1418/1418 1420/1420/1420 1404/1404/1404
f 820/820/820 828/828/828 827/827/827
f 827/827/827 828/828/828 830/830/830
f 1410/1410/1410 1405/1405/1405 1411/1411/1411
f 734/734/734 722/722/722 763/763/763
f 634/634/634 636/636/636 629/629/629
f 721/721/721 755/755/755 760/760/760
f 1347/1347/1347 1349/1349/1349 1356/1356/1356
f 760/760/760 755/755/755 757/757/757
f 633/633/633 627/627/627 626/626/626
f 633/633/633 647/647/647 627/627/627
f 627/627/627 647/647/647 646/646/646
f 1375/1375/1375 1356/1356/1356 1369/1369/1369
f 232/232/232 236/236/236 234/234/234
f 1404/1404/1404 1420/1420/1420 1402/1402/1402
f 1418/1418/1418 1404/1404/1404 1410/1410/1410
f 1343/1343/1343 1345/1345/1345 1342/1342/1342
f 1342/1342/1342 1345/1345/1345 1346/1346/1346
f 1411/1411/1411 1405/1405/1405 1406/1406/1406
f 51/51/51 52/52/52 53/53/53
f 815/815/815 821/821/821 822/822/822
f 1344/1344/1344 1342/1342/1342 1335/1335/1335
f 1410/1410/1410 1404/1404/1404 1405/1405/1405
f 636/636/636 632/632/632 629/629/629
f 1346/1346/1346 1345/1345/1345 1347/1347/1347
f 1347/1347/1347 1356/1356/1356 1363/1363/1363
f 1363/1363/1363 1356/1356/1356 1375/1375/1375
f 754/754/754 759/759/759 757/757/757
f 1/1/1 2/2/2 3/3/3
f 461/461/461 453/453/453 451/451/451
f 234/234/234 236/236/236 240/240/240
f 236/236/236 239/239/239 240/240/240
f 239/239/239 247/247/247 240/240/240
f 239/239/239 237/237/237 246/246/246
f 237/237/237 245/245/245 246/246/246
f 480/480/480 481/481/481 482/482/482
f 1402/1402/1402 1403/1403/1403 1399/1399/1399
f 821/821/821 827/827/827 822/822/822
f 1335/1335/1335 1342/1342/1342 1367/1367/1367
f 1342/1342/1342 1346/1346/1346 1367/1367/1367
f 1346/1346/1346 1347/1347/1347 1353/1353/1353
f 1347/1347/1347 1363/1363/1363 1353/1353/1353
f 1408/1408/1408 1398/1398/1398 1409/1409/1409
f 1372/1372/1372 1363/1363/1363 1375/1375/1375
f 154/154/154 173/173/173 172/172/172
f 55/55/55 59/59/59 58/58/58
f 323/323/323 327/327/327 324/324/324
f 467/467/467 460/460/460 458/458/458
f 239/239/239 246/246/246 247/247/247
f 1404/1404/1404 1402/1402/1402 1400/1400/1400
f 1402/1402/1402 1399/1399/1399 1400/1400/1400
f 1405/1405/1405 1400/1400/1400 1401/1401/1401
f 1405/1405/1405 1401/1401/1401 1406/1406/1406
f 1346/1346/1346 1353/1353/1353 1364/1364/1364
f 1406/1406/1406 1401/1401/1401 1407/1407/1407
f 1407/1407/1407 1401/1401/1401 1397/1397/1397
f 1364/1364/1364 1353/1353/1353 1372/1372/1372
f 1372/1372/1372 1353/1353/1353 1363/1363/1363
f 1397/1397/1397 1408/1408/1408 1407/1407/1407
f 1397/1397/1397 1398/1398/1398 1408/1408/1408
f 1197/1197/1197 1181/1181/1181 1193/1193/1193
f 155/155/155 172/172/172 174/174/174
f 55/55/55 58/58/58 56/56/56
f 53/53/53 52/52/52 54/54/54
f 328/328/328 327/327/327 323/323/323
f 331/331/331 328/328/328 329/329/329
f 453/453/453 452/452/452 451/451/451
f 234/234/234 240/240/240 241/241/241
f 1400/1400/1400 1399/1399/1399 1395/1395/1395
f 1400/1400/1400 1395/1395/1395 1401/1401/1401
f 1367/1367/1367 1346/1346/1346 1364/1364/1364
f 1395/1395/1395 1399/1399/1399 1396/1396/1396
f 1401/1401/1401 1395/1395/1395 1397/1397/1397
f 1395/1395/1395 1396/1396/1396 1397/1397/1397
f 1397/1397/1397 1396/1396/1396 1398/1398/1398
f 52/52/52 55/55/55 56/56/56
f 458/458/458 460/460/460 459/459/459
f 328/328/328 323/323/323 329/329/329
f 240/240/240 247/247/247 248/248/248
f 246/246/246 245/245/245 252/252/252
f 196/196/196 202/202/202 199/199/199
f 146/146/146 154/154/154 143/143/143
f 143/143/143 154/154/154 155/155/155
f 324/324/324 326/326/326 325/325/325
f 323/323/323 324/324/324 325/325/325
f 191/191/191 195/195/195 196/196/196
f 196/196/196 199/199/199 190/190/190
f 146/146/146 200/200/200 154/154/154
f 168/168/168 170/170/170 176/176/176
f 329/329/329 323/323/323 325/325/325
f 241/241/241 240/240/240 249/249/249
f 250/250/250 240/240/240 248/248/248
f 247/247/247 246/246/246 248/248/248
f 191/191/191 196/196/196 190/190/190
f 152/152/152 143/143/143 155/155/155
f 152/152/152 171/171/171 170/170/170
f 240/240/240 250/250/250 249/249/249
f 197/197/197 195/195/195 192/192/192
f 195/195/195 191/191/191 192/192/192
f 186/186/186 190/190/190 167/167/167
f 190/190/190 199/199/199 167/167/167
f 145/145/145 151/151/151 146/146/146
f 144/144/144 143/143/143 152/152/152
f 169/169/169 168/168/168 175/175/175
f 457/457/457 458/458/458 459/459/459
f 331/331/331 329/329/329 335/335/335
f 331/331/331 335/335/335 336/336/336
f 452/452/452 450/450/450 451/451/451
f 241/241/241 249/249/249 251/251/251
f 193/193/193 197/197/197 192/192/192
f 145/145/145 146/146/146 143/143/143
f 456/456/456 458/458/458 457/457/457
f 325/325/325 326/326/326 337/337/337
f 251/251/251 249/249/249 250/250/250
f 188/188/188 191/191/191 186/186/186
f 190/190/190 186/186/186 191/191/191
f 186/186/186 167/167/167 166/166/166
f 166/166/166 167/167/167 161/161/161
f 488/488/488 489/489/489 490/490/490
f 157/157/157 161/161/161 151/151/151
f 157/157/157 151/151/151 145/145/145
f 143/143/143 142/142/142 145/145/145
f 153/153/153 152/152/152 168/168/168
f 169/169/169 153/153/153 168/168/168
f 192/192/192 191/191/191 188/188/188
f 186/186/186 166/166/166 163/163/163
f 163/163/163 166/166/166 161/161/161
f 163/163/163 161/161/161 157/157/157
f 157/157/157 145/145/145 142/142/142
f 142/142/142 143/143/143 144/144/144
f 144/144/144 152/152/152 147/147/147
f 451/451/451 450/450/450 449/449/449
f 451/451/451 449/449/449 470/470/470
f 198/198/198 193/193/193 194/194/194
f 193/193/193 192/192/192 189/189/189
f 188/188/188 186/186/186 185/185/185
f 147/147/147 142/142/142 144/144/144
f 153/153/153 147/147/147 152/152/152
f 450/450/450 447/447/447 449/449/449
f 194/194/194 193/193/193 189/189/189
f 189/189/189 192/192/192 187/187/187
f 192/192/192 188/188/188 187/187/187
f 185/185/185 186/186/186 162/162/162
f 162/162/162 186/186/186 163/163/163
f 162/162/162 163/163/163 157/157/157
f 156/156/156 162/162/162 157/157/157
f 454/454/454 456/456/456 455/455/455
f 148/148/148 156/156/156 142/142/142
f 148/148/148 142/142/142 147/147/147
f 150/150/150 147/147/147 153/153/153
f 447/447/447 443/443/443 449/449/449
f 188/188/188 185/185/185 187/187/187
f 164/164/164 187/187/187 185/185/185
f 164/164/164 185/185/185 162/162/162
f 159/159/159 162/162/162 156/156/156
f 159/159/159 156/156/156 148/148/148
f 148/148/148 147/147/147 149/149/149
f 149/149/149 147/147/147 150/150/150
f 448/448/448 454/454/454 445/445/445
f 445/445/445 454/454/454 455/455/455
f 447/447/447 446/446/446 443/443/443
f 160/160/160 187/187/187 164/164/164
f 164/164/164 162/162/162 159/159/159
f 441/441/441 448/448/448 445/445/445
f 189/189/189 187/187/187 160/160/160
f 189/189/189 160/160/160 184/184/184
f 160/160/160 164/164/164 159/159/159
f 160/160/160 159/159/159 158/158/158
f 158/158/158 159/159/159 148/148/148
f 149/149/149 158/158/158 148/148/148
f 446/446/446 442/442/442 443/443/443
f 165/165/165 184/184/184 160/160/160
f 165/165/165 160/160/160 158/158/158
f 437/437/437 441/441/441 438/438/438
f 438/438/438 441/441/441 444/444/444
f 441/441/441 445/445/445 444/444/444
f 443/443/443 442/442/442 440/440/440
f 442/442/442 436/436/436 440/440/440
f 436/436/436 437/437/437 438/438/438
f 440/440/440 436/436/436 439/439/439
f 436/436/436 438/438/438 439/439/439
f 285/285/285 282/282/282 290/290/290
f 285/285/285 274/274/274 282/282/282
f 271/271/271 274/274/274 285/285/285
f 116/116/116 113/113/113 108/108/108
f 308/308/308 290/290/290 299/299/299
f 290/290/290 289/289/289 299/299/299
f 282/282/282 289/289/289 290/290/290
f 282/282/282 281/281/281 289/289/289
f 282/282/282 274/274/274 281/281/281
f 271/271/271 266/266/266 274/274/274
f 268/268/268 266/266/266 271/271/271
f 274/274/274 275/275/275 281/281/281
f 264/264/264 275/275/275 274/274/274
f 274/274/274 266/266/266 264/264/264
f 299/299/299 300/300/300 310/310/310
f 289/289/289 281/281/281 287/287/287
f 281/281/281 280/280/280 287/287/287
f 275/275/275 280/280/280 281/281/281
f 267/267/267 263/263/263 266/266/266
f 268/268/268 267/267/267 266/266/266
f 310/310/310 300/300/300 309/309/309
f 289/289/289 297/297/297 300/300/300
f 289/289/289 287/287/287 297/297/297
f 263/263/263 264/264/264 266/266/266
f 268/268/268 277/277/277 267/267/267
f 287/287/287 298/298/298 297/297/297
f 287/287/287 286/286/286 298/298/298
f 280/280/280 286/286/286 287/287/287
f 275/275/275 264/264/264 269/269/269
f 310/310/310 309/309/309 318/318/318
f 297/297/297 313/313/313 301/301/301
f 275/275/275 269/269/269 280/280/280
f 107/107/107 122/122/122 121/121/121
f 309/309/309 301/301/301 317/317/317
f 301/301/301 313/313/313 317/317/317
f 280/280/280 279/279/279 286/286/286
f 269/269/269 279/279/279 280/280/280
f 269/269/269 264/264/264 265/265/265
f 263/263/263 262/262/262 264/264/264
f 267/267/267 260/260/260 263/263/263
f 277/277/277 278/278/278 267/267/267
f 303/303/303 278/278/278 277/277/277
f 551/551/551 547/547/547 552/552/552
f 43/43/43 47/47/47 46/46/46
f 298/298/298 315/315/315 313/313/313
f 279/279/279 288/288/288 286/286/286
f 1270/1270/1270 1249/1249/1249 1237/1237/1237
f 1249/1249/1249 1236/1236/1236 1237/1237/1237
f 1270/1270/1270 1269/1269/1269 1249/1249/1249
f 1249/1249/1249 1235/1235/1235 1236/1236/1236
f 269/269/269 270/270/270 279/279/279
f 1273/1273/1273 1249/1249/1249 1269/1269/1269
f 1273/1273/1273 1284/1284/1284 1249/1249/1249
f 1284/1284/1284 1240/1240/1240 1249/1249/1249
f 269/269/269 265/265/265 270/270/270
f 264/264/264 262/262/262 265/265/265
f 263/263/263 260/260/260 262/262/262
f 267/267/267 278/278/278 260/260/260
f 309/309/309 317/317/317 318/318/318
f 43/43/43 45/45/45 47/47/47
f 286/286/286 296/296/296 298/298/298
f 286/286/286 288/288/288 296/296/296
f 1270/1270/1270 1237/1237/1237 1276/1276/1276
f 1140/1140/1140 1144/1144/1144 1143/1143/1143
f 279/279/279 283/283/283 288/288/288
f 1267/1267/1267 1269/1269/1269 1270/1270/1270
f 1263/1263/1263 1269/1269/1269 1267/1267/1267
f 279/279/279 270/270/270 283/283/283
f 105/105/105 100/100/100 99/99/99
f 1263/1263/1263 1271/1271/1271 1269/1269/1269
f 1271/1271/1271 1273/1273/1273 1269/1269/1269
f 1284/1284/1284 1241/1241/1241 1240/1240/1240
f 260/260/260 261/261/261 262/262/262
f 432/432/432 431/431/431 430/430/430
f 317/317/317 313/313/313 321/321/321
f 138/138/138 112/112/112 137/137/137
f 288/288/288 295/295/295 296/296/296
f 288/288/288 291/291/291 295/295/295
f 1276/1276/1276 1237/1237/1237 1255/1255/1255
f 1268/1268/1268 1270/1270/1270 1276/1276/1276
f 283/283/283 291/291/291 288/288/288
f 1268/1268/1268 1267/1267/1267 1270/1270/1270
f 1236/1236/1236 1234/1234/1234 1237/1237/1237
f 1236/1236/1236 1235/1235/1235 1234/1234/1234
f 1240/1240/1240 1239/1239/1239 1235/1235/1235
f 1240/1240/1240 1241/1241/1241 1239/1239/1239
f 1271/1271/1271 1275/1275/1275 1273/1273/1273
f 1275/1275/1275 1286/1286/1286 1273/1273/1273
f 1284/1284/1284 1251/1251/1251 1241/1241/1241
f 999/999/999 1001/1001/1001 1002/1002/1002
f 1286/1286/1286 1251/1251/1251 1273/1273/1273
f 1273/1273/1273 1251/1251/1251 1284/1284/1284
f 106/106/106 124/124/124 122/122/122
f 40/40/40 39/39/39 46/46/46
f 256/256/256 254/254/254 220/220/220
f 313/313/313 315/315/315 321/321/321
f 298/298/298 314/314/314 315/315/315
f 608/608/608 600/600/600 599/599/599
f 1139/1139/1139 1140/1140/1140 1141/1141/1141
f 500/500/500 501/501/501 502/502/502
f 1268/1268/1268 1276/1276/1276 1277/1277/1277
f 291/291/291 283/283/283 284/284/284
f 1144/1144/1144 1149/1149/1149 1146/1146/1146
f 471/471/471 472/472/472 473/473/473
f 273/273/273 284/284/284 283/283/283
f 270/270/270 273/273/273 283/283/283
f 472/472/472 474/474/474 473/473/473
f 1266/1266/1266 1271/1271/1271 1263/1263/1263
f 265/265/265 272/272/272 270/270/270
f 272/272/272 273/273/273 270/270/270
f 1241/1241/1241 1244/1244/1244 1239/1239/1239
f 262/262/262 272/272/272 265/265/265
f 278/278/278 261/261/261 260/260/260
f 546/546/546 547/547/547 551/551/551
f 1165/1165/1165 1142/1142/1142 1141/1141/1141
f 1142/1142/1142 1139/1139/1139 1141/1141/1141
f 1277/1277/1277 1276/1276/1276 1261/1261/1261
f 1276/1276/1276 1255/1255/1255 1261/1261/1261
f 311/311/311 284/284/284 312/312/312
f 291/291/291 311/311/311 295/295/295
f 311/311/311 291/291/291 284/284/284
f 1237/1237/1237 1234/1234/1234 1238/1238/1238
f 1128/1128/1128 1144/1144/1144 1140/1140/1140
f 1264/1264/1264 1267/1267/1267 1268/1268/1268
f 1147/1147/1147 1149/1149/1149 1144/1144/1144
f 1262/1262/1262 1263/1263/1263 1264/1264/1264
f 1264/1264/1264 1263/1263/1263 1267/1267/1267
f 1149/1149/1149 1150/1150/1150 1146/1146/1146
f 1266/1266/1266 1263/1263/1263 1262/1262/1262
f 1239/1239/1239 1247/1247/1247 1223/1223/1223
f 1272/1272/1272 1271/1271/1271 1266/1266/1266
f 1289/1289/1289 1281/1281/1281 1290/1290/1290
f 1150/1150/1150 1151/1151/1151 1146/1146/1146
f 1288/1288/1288 1281/1281/1281 1289/1289/1289
f 1274/1274/1274 1271/1271/1271 1272/1272/1272
f 1274/1274/1274 1275/1275/1275 1271/1271/1271
f 262/262/262 276/276/276 272/272/272
f 1274/1274/1274 1293/1293/1293 1275/1275/1275
f 1293/1293/1293 1286/1286/1286 1275/1275/1275
f 1000/1000/1000 1005/1005/1005 1001/1001/1001
f 261/261/261 276/276/276 262/262/262
f 294/294/294 261/261/261 278/278/278
f 306/306/306 294/294/294 278/278/278
f 303/303/303 306/306/306 278/278/278
f 39/39/39 37/37/37 43/43/43
f 36/36/36 44/44/44 45/45/45
f 44/44/44 41/41/41 48/48/48
f 296/296/296 295/295/295 316/316/316
f 295/295/295 311/311/311 312/312/312
f 1329/1329/1329 1326/1326/1326 1332/1332/1332
f 1128/1128/1128 1147/1147/1147 1144/1144/1144
f 607/607/607 569/569/569 602/602/602
f 1282/1282/1282 1279/1279/1279 1262/1262/1262
f 1291/1291/1291 1290/1290/1290 1283/1283/1283
f 1290/1290/1290 1280/1280/1280 1283/1283/1283
f 1280/1280/1280 1282/1282/1282 1283/1283/1283
f 1280/1280/1280 1279/1279/1279 1282/1282/1282
f 1278/1278/1278 1279/1279/1279 1280/1280/1280
f 1289/1289/1289 1290/1290/1290 1291/1291/1291
f 1278/1278/1278 1266/1266/1266 1279/1279/1279
f 472/472/472 475/475/475 474/474/474
f 1278/1278/1278 1272/1272/1272 1266/1266/1266
f 1290/1290/1290 1281/1281/1281 1280/1280/1280
f 1280/1280/1280 1281/1281/1281 1278/1278/1278
f 1152/1152/1152 1151/1151/1151 1150/1150/1150
f 1278/1278/1278 1285/1285/1285 1272/1272/1272
f 1285/1285/1285 1274/1274/1274 1272/1272/1272
f 1281/1281/1281 1285/1285/1285 1278/1278/1278
f 1287/1287/1287 1281/1281/1281 1288/1288/1288
f 1287/1287/1287 1285/1285/1285 1281/1281/1281
f 1251/1251/1251 1252/1252/1252 1244/1244/1244
f 1286/1286/1286 1252/1252/1252 1251/1251/1251
f 1293/1293/1293 1260/1260/1260 1286/1286/1286
f 294/294/294 302/302/302 261/261/261
f 420/420/420 422/422/422 425/425/425
f 43/43/43 36/36/36 45/45/45
f 314/314/314 319/319/319 315/315/315
f 296/296/296 316/316/316 314/314/314
f 527/527/527 528/528/528 529/529/529
f 1261/1261/1261 1255/1255/1255 1259/1259/1259
f 703/703/703 713/713/713 706/706/706
f 713/713/713 715/715/715 706/706/706
f 1139/1139/1139 1128/1128/1128 1140/1140/1140
f 1282/1282/1282 1262/1262/1262 1265/1265/1265
f 1265/1265/1265 1262/1262/1262 1264/1264/1264
f 985/985/985 997/997/997 999/999/999
f 999/999/999 997/997/997 1000/1000/1000
f 1292/1292/1292 1287/1287/1287 1288/1288/1288
f 1295/1295/1295 1293/1293/1293 1274/1274/1274
f 1252/1252/1252 1253/1253/1253 1244/1244/1244
f 1286/1286/1286 1260/1260/1260 1252/1252/1252
f 1000/1000/1000 1006/1006/1006 1005/1005/1005
f 302/302/302 276/276/276 261/261/261
f 1297/1297/1297 1260/1260/1260 1293/1293/1293
f 422/422/422 417/417/417 424/424/424
f 421/421/421 420/420/420 425/425/425
f 546/546/546 543/543/543 547/547/547
f 37/37/37 36/36/36 43/43/43
f 36/36/36 41/41/41 44/44/44
f 1265/1265/1265 1264/1264/1264 1299/1299/1299
f 1300/1300/1300 1282/1282/1282 1265/1265/1265
f 1283/1283/1283 1282/1282/1282 1300/1300/1300
f 1248/1248/1248 1228/1228/1228 1223/1223/1223
f 475/475/475 476/476/476 474/474/474
f 292/292/292 293/293/293 272/272/272
f 557/557/557 558/558/558 559/559/559
f 1294/1294/1294 1274/1274/1274 1285/1285/1285
f 302/302/302 292/292/292 276/276/276
f 1296/1296/1296 1287/1287/1287 1292/1292/1292
f 1287/1287/1287 1294/1294/1294 1285/1285/1285
f 1295/1295/1295 1297/1297/1297 1293/1293/1293
f 129/129/129 133/133/133 124/124/124
f 420/420/420 417/417/417 422/422/422
f 36/36/36 38/38/38 41/41/41
f 316/316/316 320/320/320 314/314/314
f 530/530/530 529/529/529 528/528/528
f 316/316/316 322/322/322 320/320/320
f 1168/1168/1168 1167/1167/1167 1165/1165/1165
f 1167/1167/1167 1142/1142/1142 1165/1165/1165
f 1142/1142/1142 1127/1127/1127 1139/1139/1139
f 705/705/705 711/711/711 716/716/716
f 612/612/612 611/611/611 601/601/601
f 601/601/601 611/611/611 603/603/603
f 1128/1128/1128 1148/1148/1148 1147/1147/1147
f 712/712/712 714/714/714 700/700/700
f 1223/1223/1223 1224/1224/1224 1225/1225/1225
f 1223/1223/1223 1228/1228/1228 1224/1224/1224
f 984/984/984 982/982/982 981/981/981
f 1248/1248/1248 1242/1242/1242 1228/1228/1228
f 1247/1247/1247 1250/1250/1250 1248/1248/1248
f 1250/1250/1250 1242/1242/1242 1248/1248/1248
f 1253/1253/1253 1250/1250/1250 1244/1244/1244
f 126/126/126 132/132/132 129/129/129
f 1294/1294/1294 1295/1295/1295 1274/1274/1274
f 1296/1296/1296 1294/1294/1294 1287/1287/1287
f 1252/1252/1252 1254/1254/1254 1253/1253/1253
f 1260/1260/1260 1254/1254/1254 1252/1252/1252
f 1007/1007/1007 1006/1006/1006 1000/1000/1000
f 1298/1298/1298 1260/1260/1260 1297/1297/1297
f 417/417/417 423/423/423 424/424/424
f 86/86/86 83/83/83 89/89/89
f 40/40/40 31/31/31 39/39/39
f 42/42/42 50/50/50 41/41/41
f 615/615/615 614/614/614 609/609/609
f 835/835/835 798/798/798 837/837/837
f 1127/1127/1127 1128/1128/1128 1139/1139/1139
f 702/702/702 711/711/711 705/705/705
f 613/613/613 607/607/607 602/602/602
f 986/986/986 984/984/984 981/981/981
f 991/991/991 995/995/995 982/982/982
f 302/302/302 304/304/304 292/292/292
f 997/997/997 1007/1007/1007 1000/1000/1000
f 1298/1298/1298 1254/1254/1254 1260/1260/1260
f 1007/1007/1007 1008/1008/1008 1006/1006/1006
f 417/417/417 416/416/416 423/423/423
f 32/32/32 37/37/37 39/39/39
f 32/32/32 36/36/36 37/37/37
f 216/216/216 221/221/221 215/215/215
f 1331/1331/1331 1326/1326/1326 1318/1318/1318
f 698/698/698 714/714/714 711/711/711
f 840/840/840 806/806/806 839/839/839
f 1225/1225/1225 1226/1226/1226 1258/1258/1258
f 1156/1156/1156 1155/1155/1155 1148/1148/1148
f 1225/1225/1225 1224/1224/1224 1226/1226/1226
f 1224/1224/1224 1229/1229/1229 1227/1227/1227
f 986/986/986 987/987/987 984/984/984
f 987/987/987 991/991/991 984/984/984
f 304/304/304 305/305/305 292/292/292
f 292/292/292 305/305/305 293/293/293
f 557/557/557 556/556/556 558/558/558
f 556/556/556 557/557/557 554/554/554
f 997/997/997 1010/1010/1010 1007/1007/1007
f 1303/1303/1303 1295/1295/1295 1294/1294/1294
f 1307/1307/1307 1304/1304/1304 1296/1296/1296
f 1304/1304/1304 1294/1294/1294 1296/1296/1296
f 1304/1304/1304 1305/1305/1305 1294/1294/1294
f 1302/1302/1302 1298/1298/1298 1297/1297/1297
f 414/414/414 417/417/417 420/420/420
f 415/415/415 420/420/420 421/421/421
f 30/30/30 36/36/36 32/32/32
f 38/38/38 34/34/34 41/41/41
f 1167/1167/1167 1154/1154/1154 1142/1142/1142
f 697/697/697 703/703/703 706/706/706
f 1127/1127/1127 1125/1125/1125 1128/1128/1128
f 702/702/702 698/698/698 711/711/711
f 806/806/806 838/838/838 839/839/839
f 1229/1229/1229 1231/1231/1231 1230/1230/1230
f 1233/1233/1233 1231/1231/1231 1229/1229/1229
f 1233/1233/1233 1243/1243/1243 1231/1231/1231
f 992/992/992 991/991/991 987/987/987
f 1204/1204/1204 1205/1205/1205 1208/1208/1208
f 412/412/412 418/418/418 423/423/423
f 416/416/416 412/412/412 423/423/423
f 1295/1295/1295 1303/1303/1303 1297/1297/1297
f 1303/1303/1303 1302/1302/1302 1297/1297/1297
f 1306/1306/1306 1254/1254/1254 1298/1298/1298
f 785/785/785 782/782/782 787/787/787
f 415/415/415 414/414/414 420/420/420
f 216/216/216 210/210/210 211/211/211
f 34/34/34 42/42/42 41/41/41
f 798/798/798 824/824/824 842/842/842
f 1154/1154/1154 1127/1127/1127 1142/1142/1142
f 835/835/835 797/797/797 798/798/798
f 703/703/703 694/694/694 705/705/705
f 694/694/694 702/702/702 705/705/705
f 1125/1125/1125 1153/1153/1153 1128/1128/1128
f 812/812/812 806/806/806 840/840/840
f 1157/1157/1157 1155/1155/1155 1156/1156/1156
f 1229/1229/1229 1230/1230/1230 1227/1227/1227
f 988/988/988 993/993/993 987/987/987
f 993/993/993 992/992/992 987/987/987
f 1199/1199/1199 1200/1200/1200 1201/1201/1201
f 1187/1187/1187 1180/1180/1180 1184/1184/1184
f 1180/1180/1180 1182/1182/1182 1184/1184/1184
f 1305/1305/1305 1303/1303/1303 1294/1294/1294
f 1007/1007/1007 1011/1011/1011 1008/1008/1008
f 211/211/211 210/210/210 207/207/207
f 30/30/30 33/33/33 36/36/36
f 33/33/33 34/34/34 38/38/38
f 805/805/805 796/796/796 838/838/838
f 838/838/838 796/796/796 836/836/836
f 988/988/988 994/994/994 993/993/993
f 1205/1205/1205 1207/1207/1207 1208/1208/1208
f 1199/1199/1199 1202/1202/1202 1200/1200/1200
f 1305/1305/1305 1312/1312/1312 1303/1303/1303
f 659/659/659 658/658/658 667/667/667
f 658/658/658 660/660/660 667/667/667
f 1373/1373/1373 1368/1368/1368 1357/1357/1357
f 414/414/414 416/416/416 417/417/417
f 403/403/403 414/414/414 415/415/415
f 797/797/797 795/795/795 798/798/798
f 1129/1129/1129 1127/1127/1127 1154/1154/1154
f 702/702/702 686/686/686 698/698/698
f 806/806/806 805/805/805 838/838/838
f 1157/1157/1157 1158/1158/1158 1155/1155/1155
f 862/862/862 847/847/847 870/870/870
f 998/998/998 1009/1009/1009 995/995/995
f 406/406/406 412/412/412 416/416/416
f 1311/1311/1311 1308/1308/1308 1303/1303/1303
f 1303/1303/1303 1308/1308/1308 1302/1302/1302
f 1302/1302/1302 1309/1309/1309 1298/1298/1298
f 1309/1309/1309 1306/1306/1306 1298/1298/1298
f 401/401/401 416/416/416 414/414/414
f 31/31/31 30/30/30 32/32/32
f 34/34/34 35/35/35 42/42/42
f 244/244/244 218/218/218 214/214/214
f 795/795/795 824/824/824 798/798/798
f 697/697/697 685/685/685 694/694/694
f 1050/1050/1050 1053/1053/1053 1054/1054/1054
f 1153/1153/1153 1160/1160/1160 1156/1156/1156
f 1160/1160/1160 1157/1157/1157 1156/1156/1156
f 1203/1203/1203 1202/1202/1202 1199/1199/1199
f 413/413/413 419/419/419 418/418/418
f 554/554/554 555/555/555 556/556/556
f 507/507/507 505/505/505 508/508/508
f 413/413/413 418/418/418 412/412/412
f 1312/1312/1312 1311/1311/1311 1303/1303/1303
f 1308/1308/1308 1309/1309/1309 1302/1302/1302
f 1309/1309/1309 1313/1313/1313 1306/1306/1306
f 664/664/664 668/668/668 669/669/669
f 1011/1011/1011 1012/1012/1012 1008/1008/1008
f 406/406/406 416/416/416 401/401/401
f 1169/1169/1169 1132/1132/1132 1167/1167/1167
f 1167/1167/1167 1132/1132/1132 1154/1154/1154
f 1132/1132/1132 1129/1129/1129 1154/1154/1154
f 1129/1129/1129 1120/1120/1120 1127/1127/1127
f 1120/1120/1120 1125/1125/1125 1127/1127/1127
f 1049/1049/1049 1052/1052/1052 1053/1053/1053
f 858/858/858 847/847/847 862/862/862
f 846/846/846 848/848/848 847/847/847
f 848/848/848 850/850/850 861/861/861
f 861/861/861 850/850/850 872/872/872
f 1206/1206/1206 1207/1207/1207 1205/1205/1205
f 1310/1310/1310 1309/1309/1309 1308/1308/1308
f 403/403/403 401/401/401 414/414/414
f 404/404/404 403/403/403 415/415/415
f 31/31/31 6/6/6 30/30/30
f 5/5/5 33/33/33 30/30/30
f 204/204/204 209/209/209 208/208/208
f 242/242/242 218/218/218 243/243/243
f 795/795/795 807/807/807 824/824/824
f 791/791/791 795/795/795 797/797/797
f 1050/1050/1050 1049/1049/1049 1053/1053/1053
f 805/805/805 792/792/792 796/796/796
f 845/845/845 846/846/846 847/847/847
f 402/402/402 413/413/413 412/412/412
f 659/659/659 657/657/657 658/658/658
f 658/658/658 641/641/641 660/660/660
f 641/641/641 645/645/645 660/660/660
f 645/645/645 637/637/637 663/663/663
f 406/406/406 402/402/402 412/412/412
f 203/203/203 206/206/206 207/207/207
f 678/678/678 686/686/686 685/685/685
f 1049/1049/1049 1048/1048/1048 1052/1052/1052
f 1160/1160/1160 1161/1161/1161 1157/1157/1157
f 1161/1161/1161 1158/1158/1158 1157/1157/1157
f 811/811/811 804/804/804 812/812/812
f 812/812/812 804/804/804 806/806/806
f 858/858/858 845/845/845 847/847/847
f 845/845/845 867/867/867 846/846/846
f 846/846/846 849/849/849 848/848/848
f 849/849/849 850/850/850 848/848/848
f 1209/1209/1209 1206/1206/1206 1202/1202/1202
f 1211/1211/1211 1209/1209/1209 1202/1202/1202
f 1211/1211/1211 1202/1202/1202 1203/1203/1203
f 506/506/506 505/505/505 507/507/507
f 657/657/657 656/656/656 658/658/658
f 656/656/656 641/641/641 658/658/658
f 641/641/641 640/640/640 645/645/645
f 640/640/640 637/637/637 645/645/645
f 663/663/663 637/637/637 661/661/661
f 637/637/637 648/648/648 661/661/661
f 9/9/9 6/6/6 31/31/31
f 685/685/685 690/690/690 679/679/679
f 1121/1121/1121 1125/1125/1125 1120/1120/1120
f 1164/1164/1164 1161/1161/1161 1160/1160/1160
f 1162/1162/1162 1158/1158/1158 1161/1161/1161
f 867/867/867 866/866/866 846/846/846
f 850/850/850 871/871/871 872/872/872
f 1079/1079/1079 1070/1070/1070 1086/1086/1086
f 400/400/400 402/402/402 406/406/406
f 1011/1011/1011 1014/1014/1014 1012/1012/1012
f 649/649/649 662/662/662 648/648/648
f 649/649/649 664/664/664 662/662/662
f 400/400/400 406/406/406 401/401/401
f 542/542/542 537/537/537 539/539/539
f 6/6/6 5/5/5 30/30/30
f 10/10/10 33/33/33 5/5/5
f 10/10/10 34/34/34 33/33/33
f 10/10/10 35/35/35 34/34/34
f 794/794/794 807/807/807 795/795/795
f 1169/1169/1169 1135/1135/1135 1132/1132/1132
f 1132/1132/1132 1120/1120/1120 1129/1129/1129
f 791/791/791 794/794/794 795/795/795
f 1162/1162/1162 1163/1163/1163 1158/1158/1158
f 858/858/858 859/859/859 845/845/845
f 1024/1024/1024 1030/1030/1030 1022/1022/1022
f 877/877/877 867/867/867 845/845/845
f 1470/1470/1470 1473/1473/1473 1475/1475/1475
f 866/866/866 849/849/849 846/846/846
f 1211/1211/1211 1213/1213/1213 1209/1209/1209
f 1069/1069/1069 1082/1082/1082 1085/1085/1085
f 619/619/619 640/640/640 641/641/641
f 1177/1177/1177 1179/1179/1179 1180/1180/1180
f 1180/1180/1180 1179/1179/1179 1182/1182/1182
f 637/637/637 638/638/638 648/648/648
f 651/651/651 668/668/668 664/664/664
f 550/550/550 549/549/549 548/548/548
f 1051/1051/1051 1046/1046/1046 1050/1050/1050
f 1051/1051/1051 1050/1050/1050 1054/1054/1054
f 1046/1046/1046 1049/1049/1049 1050/1050/1050
f 675/675/675 687/687/687 686/686/686
f 1046/1046/1046 1048/1048/1048 1049/1049/1049
f 1017/1017/1017 1025/1025/1025 1018/1018/1018
f 1487/1487/1487 1484/1484/1484 1488/1488/1488
f 1486/1486/1486 1484/1484/1484 1487/1487/1487
f 1213/1213/1213 1210/1210/1210 1209/1209/1209
f 503/503/503 505/505/505 506/506/506
f 656/656/656 619/619/619 641/641/641
f 402/402/402 411/411/411 413/413/413
f 638/638/638 649/649/649 648/648/648
f 651/651/651 664/664/664 649/649/649
f 8/8/8 6/6/6 9/9/9
f 29/29/29 35/35/35 10/10/10
f 258/258/258 217/217/217 242/242/242
f 1132/1132/1132 1116/1116/1116 1120/1120/1120
f 805/805/805 793/793/793 792/792/792
f 793/793/793 805/805/805 804/804/804
f 687/687/687 675/675/675 682/682/682
f 810/810/810 804/804/804 811/811/811
f 1025/1025/1025 1028/1028/1028 1018/1018/1018
f 1028/1028/1028 1027/1027/1027 1021/1021/1021
f 1027/1027/1027 1024/1024/1024 1021/1021/1021
f 1018/1018/1018 1028/1028/1028 1021/1021/1021
f 845/845/845 859/859/859 877/877/877
f 1035/1035/1035 1040/1040/1040 1026/1026/1026
f 1484/1484/1484 1486/1486/1486 1482/1482/1482
f 860/860/860 871/871/871 850/850/850
f 654/654/654 656/656/656 657/657/657
f 71/71/71 75/75/75 80/80/80
f 391/391/391 396/396/396 402/402/402
f 400/400/400 390/390/390 402/402/402
f 401/401/401 387/387/387 400/400/400
f 4/4/4 5/5/5 6/6/6
f 4/4/4 10/10/10 5/5/5
f 259/259/259 217/217/217 258/258/258
f 799/799/799 807/807/807 794/794/794
f 790/790/790 794/794/794 791/791/791
f 789/789/789 790/790/790 791/791/791
f 1119/1119/1119 1121/1121/1121 1120/1120/1120
f 792/792/792 789/789/789 791/791/791
f 1046/1046/1046 1047/1047/1047 1048/1048/1048
f 1164/1164/1164 1166/1166/1166 1161/1161/1161
f 1166/1166/1166 1162/1162/1162 1161/1161/1161
f 1027/1027/1027 1029/1029/1029 1024/1024/1024
f 1029/1029/1029 1030/1030/1030 1024/1024/1024
f 1023/1023/1023 1042/1042/1042 1025/1025/1025
f 1030/1030/1030 1045/1045/1045 1033/1033/1033
f 1040/1040/1040 1041/1041/1041 1026/1026/1026
f 1454/1454/1454 1455/1455/1455 1456/1456/1456
f 1037/1037/1037 1038/1038/1038 1035/1035/1035
f 1035/1035/1035 1038/1038/1038 1040/1040/1040
f 1484/1484/1484 1485/1485/1485 1491/1491/1491
f 1482/1482/1482 1483/1483/1483 1484/1484/1484
f 1484/1484/1484 1483/1483/1483 1485/1485/1485
f 1383/1383/1383 1381/1381/1381 1382/1382/1382
f 1069/1069/1069 1071/1071/1071 1082/1082/1082
f 503/503/503 504/504/504 505/505/505
f 504/504/504 513/513/513 505/505/505
f 654/654/654 655/655/655 656/656/656
f 655/655/655 619/619/619 656/656/656
f 617/617/617 640/640/640 619/619/619
f 617/617/617 637/637/637 640/640/640
f 617/617/617 620/620/620 637/637/637
f 620/620/620 638/638/638 637/637/637
f 390/390/390 391/391/391 402/402/402
f 1178/1178/1178 1192/1192/1192 1179/1179/1179
f 387/387/387 390/390/390 400/400/400
f 383/383/383 401/401/401 403/403/403
f 382/382/382 403/403/403 404/404/404
f 4/4/4 15/15/15 10/10/10
f 799/799/799 813/813/813 807/807/807
f 1135/1135/1135 1116/1116/1116 1132/1132/1132
f 790/790/790 799/799/799 794/794/794
f 1116/1116/1116 1119/1119/1119 1120/1120/1120
f 1047/1047/1047 1057/1057/1057 1048/1048/1048
f 803/803/803 793/793/793 804/804/804
f 810/810/810 803/803/803 804/804/804
f 1028/1028/1028 1032/1032/1032 1027/1027/1027
f 1032/1032/1032 1029/1029/1029 1027/1027/1027
f 1438/1438/1438 1442/1442/1442 1452/1452/1452
f 1031/1031/1031 1028/1028/1028 1025/1025/1025
f 1044/1044/1044 1045/1045/1045 1030/1030/1030
f 856/856/856 876/876/876 859/859/859
f 859/859/859 876/876/876 877/877/877
f 1038/1038/1038 1041/1041/1041 1040/1040/1040
f 1454/1454/1454 1457/1457/1457 1455/1455/1455
f 1448/1448/1448 1443/1443/1443 1453/1453/1453
f 1379/1379/1379 1380/1380/1380 1382/1382/1382
f 868/868/868 849/849/849 866/866/866
f 1214/1214/1214 1210/1210/1210 1213/1213/1213
f 1216/1216/1216 1213/1213/1213 1211/1211/1211
f 1216/1216/1216 1211/1211/1211 1212/1212/1212
f 618/618/618 617/617/617 619/619/619
f 396/396/396 405/405/405 411/411/411
f 1177/1177/1177 1178/1178/1178 1179/1179/1179
f 385/385/385 387/387/387 401/401/401
f 383/383/383 385/385/385 401/401/401
f 382/382/382 383/383/383 403/403/403
f 7/7/7 6/6/6 8/8/8
f 1029/1029/1029 1044/1044/1044 1030/1030/1030
f 858/858/858 856/856/856 859/859/859
f 1522/1522/1522 1526/1526/1526 1524/1524/1524
f 1502/1502/1502 1500/1500/1500 1499/1499/1499
f 1499/1499/1499 1500/1500/1500 1501/1501/1501
f 1500/1500/1500 1504/1504/1504 1501/1501/1501
f 1502/1502/1502 1506/1506/1506 1500/1500/1500
f 1506/1506/1506 1504/1504/1504 1500/1500/1500
f 1379/1379/1379 1378/1378/1378 1380/1380/1380
f 1377/1377/1377 1379/1379/1379 1381/1381/1381
f 396/396/396 395/395/395 405/405/405
f 7/7/7 4/4/4 6/6/6
f 15/15/15 14/14/14 10/10/10
f 1119/1119/1119 1122/1122/1122 1121/1121/1121
f 803/803/803 800/800/800 793/793/793
f 864/864/864 857/857/857 858/858/858
f 1437/1437/1437 1449/1449/1449 1442/1442/1442
f 1431/1431/1431 1430/1430/1430 1432/1432/1432
f 1437/1437/1437 1442/1442/1442 1438/1438/1438
f 856/856/856 875/875/875 876/876/876
f 1443/1443/1443 1441/1441/1441 1440/1440/1440
f 1524/1524/1524 1519/1519/1519 1522/1522/1522
f 1454/1454/1454 1480/1480/1480 1457/1457/1457
f 1451/1451/1451 1445/1445/1445 1448/1448/1448
f 1445/1445/1445 1443/1443/1443 1448/1448/1448
f 1519/1519/1519 1521/1521/1521 1522/1522/1522
f 1515/1515/1515 1513/1513/1513 1512/1512/1512
f 1512/1512/1512 1513/1513/1513 1514/1514/1514
f 1377/1377/1377 1378/1378/1378 1379/1379/1379
f 868/868/868 851/851/851 849/849/849
f 852/852/852 860/860/860 850/850/850
f 1214/1214/1214 1218/1218/1218 1210/1210/1210
f 1217/1217/1217 1214/1214/1214 1213/1213/1213
f 655/655/655 618/618/618 619/619/619
f 616/616/616 617/617/617 618/618/618
f 616/616/616 620/620/620 617/617/617
f 620/620/620 628/628/628 638/638/638
f 649/649/649 650/650/650 651/651/651
f 380/380/380 381/381/381 382/382/382
f 14/14/14 29/29/29 10/10/10
f 259/259/259 253/253/253 217/217/217
f 1051/1051/1051 1055/1055/1055 1046/1046/1046
f 1055/1055/1055 1047/1047/1047 1046/1046/1046
f 1060/1060/1060 1057/1057/1057 1047/1047/1047
f 1057/1057/1057 1063/1063/1063 1064/1064/1064
f 857/857/857 856/856/856 858/858/858
f 1447/1447/1447 1450/1450/1450 1449/1449/1449
f 1447/1447/1447 1431/1431/1431 1450/1450/1450
f 1450/1450/1450 1431/1431/1431 1432/1432/1432
f 1437/1437/1437 1446/1446/1446 1449/1449/1449
f 1446/1446/1446 1447/1447/1447 1449/1449/1449
f 1428/1428/1428 1429/1429/1429 1430/1430/1430
f 1104/1104/1104 1100/1100/1100 1108/1108/1108
f 1523/1523/1523 1519/1519/1519 1524/1524/1524
f 1445/1445/1445 1441/1441/1441 1443/1443/1443
f 1095/1095/1095 1106/1106/1106 1107/1107/1107
f 1087/1087/1087 1105/1105/1105 1106/1106/1106
f 1095/1095/1095 1087/1087/1087 1106/1106/1106
f 1092/1092/1092 1087/1087/1087 1095/1095/1095
f 1092/1092/1092 1090/1090/1090 1087/1087/1087
f 1098/1098/1098 1091/1091/1091 1090/1090/1090
f 1101/1101/1101 1092/1092/1092 1095/1095/1095
f 851/851/851 852/852/852 850/850/850
f 653/653/653 618/618/618 655/655/655
f 392/392/392 395/395/395 396/396/396
f 391/391/391 392/392/392 396/396/396
f 390/390/390 389/389/389 391/391/391
f 638/638/638 639/639/639 649/649/649
f 639/639/639 650/650/650 649/649/649
f 381/381/381 383/383/383 382/382/382
f 14/14/14 27/27/27 29/29/29
f 1116/1116/1116 1117/1117/1117 1119/1119/1119
f 1117/1117/1117 1122/1122/1122 1119/1119/1119
f 674/674/674 670/670/670 675/675/675
f 1056/1056/1056 1055/1055/1055 1051/1051/1051
f 1431/1431/1431 1428/1428/1428 1430/1430/1430
f 1441/1441/1441 1436/1436/1436 1439/1439/1439
f 1102/1102/1102 1095/1095/1095 1107/1107/1107
f 1087/1087/1087 1089/1089/1089 1105/1105/1105
f 1087/1087/1087 1088/1088/1088 1089/1089/1089
f 1523/1523/1523 1520/1520/1520 1519/1519/1519
f 1519/1519/1519 1520/1520/1520 1521/1521/1521
f 1087/1087/1087 1090/1090/1090 1088/1088/1088
f 1090/1090/1090 1091/1091/1091 1088/1088/1088
f 1517/1517/1517 1516/1516/1516 1515/1515/1515
f 1515/1515/1515 1516/1516/1516 1513/1513/1513
f 1102/1102/1102 1101/1101/1101 1095/1095/1095
f 869/869/869 851/851/851 868/868/868
f 1217/1217/1217 1218/1218/1218 1214/1214/1214
f 1072/1072/1072 1078/1078/1078 1077/1077/1077
f 621/621/621 616/616/616 618/618/618
f 1217/1217/1217 1213/1213/1213 1216/1216/1216
f 1081/1081/1081 1082/1082/1082 1071/1071/1071
f 620/620/620 623/623/623 628/628/628
f 628/628/628 639/639/639 638/638/638
f 384/384/384 385/385/385 383/383/383
f 12/12/12 8/8/8 9/9/9
f 4/4/4 14/14/14 15/15/15
f 799/799/799 808/808/808 813/813/813
f 1137/1137/1137 1116/1116/1116 1135/1135/1135
f 1122/1122/1122 1123/1123/1123 1121/1121/1121
f 1060/1060/1060 1062/1062/1062 1057/1057/1057
f 1062/1062/1062 1063/1063/1063 1057/1057/1057
f 1446/1446/1446 1434/1434/1434 1447/1447/1447
f 1447/1447/1447 1434/1434/1434 1431/1431/1431
f 1437/1437/1437 1444/1444/1444 1446/1446/1446
f 1439/1439/1439 1444/1444/1444 1437/1437/1437
f 1434/1434/1434 1433/1433/1433 1431/1431/1431
f 1433/1433/1433 1428/1428/1428 1431/1431/1431
f 855/855/855 875/875/875 856/856/856
f 1097/1097/1097 1100/1100/1100 1104/1104/1104
f 855/855/855 874/874/874 875/875/875
f 1094/1094/1094 1099/1099/1099 1097/1097/1097
f 1097/1097/1097 1099/1099/1099 1100/1100/1100
f 1094/1094/1094 1093/1093/1093 1099/1099/1099
f 874/874/874 855/855/855 869/869/869
f 855/855/855 851/851/851 869/869/869
f 653/653/653 621/621/621 618/618/618
f 654/654/654 653/653/653 655/655/655
f 728/728/728 729/729/729 726/726/726
f 616/616/616 623/623/623 620/620/620
f 387/387/387 389/389/389 390/390/390
f 385/385/385 386/386/386 387/387/387
f 790/790/790 802/802/802 799/799/799
f 673/673/673 670/670/670 674/674/674
f 816/816/816 803/803/803 810/810/810
f 684/684/684 704/704/704 681/681/681
f 1436/1436/1436 1434/1434/1434 1444/1444/1444
f 1436/1436/1436 1435/1435/1435 1434/1434/1434
f 856/856/856 854/854/854 855/855/855
f 1436/1436/1436 1444/1444/1444 1439/1439/1439
f 1096/1096/1096 1094/1094/1094 1097/1097/1097
f 852/852/852 873/873/873 860/860/860
f 1074/1074/1074 1073/1073/1073 1072/1072/1072
f 730/730/730 731/731/731 723/723/723
f 12/12/12 11/11/11 8/8/8
f 11/11/11 7/7/7 8/8/8
f 4/4/4 13/13/13 14/14/14
f 13/13/13 16/16/16 14/14/14
f 16/16/16 27/27/27 14/14/14
f 1113/1113/1113 1116/1116/1116 1137/1137/1137
f 1115/1115/1115 1117/1117/1117 1116/1116/1116
f 857/857/857 854/854/854 856/856/856
f 1435/1435/1435 1433/1433/1433 1434/1434/1434
f 1089/1089/1089 1088/1088/1088 1096/1096/1096
f 1221/1221/1221 1220/1220/1220 1217/1217/1217
f 1175/1175/1175 1176/1176/1176 1177/1177/1177
f 394/394/394 395/395/395 392/392/392
f 1176/1176/1176 1178/1178/1178 1177/1177/1177
f 1370/1370/1370 1360/1360/1360 1354/1354/1354
f 62/62/62 51/51/51 63/63/63
f 381/381/381 384/384/384 383/383/383
f 11/11/11 13/13/13 7/7/7
f 7/7/7 13/13/13 4/4/4
f 802/802/802 808/808/808 799/799/799
f 673/673/673 671/671/671 670/670/670
f 1122/1122/1122 1124/1124/1124 1123/1123/1123
f 670/670/670 671/671/671 672/672/672
f 1059/1059/1059 1055/1055/1055 1056/1056/1056
f 1055/1055/1055 1058/1058/1058 1047/1047/1047
f 1058/1058/1058 1060/1060/1060 1047/1047/1047
f 1062/1062/1062 1066/1066/1066 1063/1063/1063
f 855/855/855 854/854/854 851/851/851
f 853/853/853 852/852/852 851/851/851
f 643/643/643 631/631/631 621/621/621
f 726/726/726 730/730/730 720/720/720
f 1220/1220/1220 1219/1219/1219 1217/1217/1217
f 621/621/621 622/622/622 616/616/616
f 622/622/622 623/623/623 616/616/616
f 1176/1176/1176 1186/1186/1186 1178/1178/1178
f 650/650/650 666/666/666 665/665/665
f 639/639/639 642/642/642 650/650/650
f 387/387/387 388/388/388 389/389/389
f 386/386/386 388/388/388 387/387/387
f 384/384/384 386/386/386 385/385/385
f 17/17/17 11/11/11 12/12/12
f 1113/1113/1113 1115/1115/1115 1116/1116/1116
f 1122/1122/1122 1117/1117/1117 1124/1124/1124
f 863/863/863 854/854/854 857/857/857
f 818/818/818 823/823/823 816/816/816
f 854/854/854 853/853/853 851/851/851
f 865/865/865 873/873/873 852/852/852
f 1074/1074/1074 1077/1077/1077 1080/1080/1080
f 631/631/631 630/630/630 621/621/621
f 1351/1351/1351 1365/1365/1365 1371/1371/1371
f 952/952/952 953/953/953 956/956/956
f 1083/1083/1083 1081/1081/1081 1075/1075/1075
f 625/625/625 622/622/622 621/621/621
f 624/624/624 628/628/628 623/623/623
f 399/399/399 384/384/384 381/381/381
f 20/20/20 27/27/27 16/16/16
f 1124/1124/1124 1131/1131/1131 1123/1123/1123
f 1059/1059/1059 1061/1061/1061 1055/1055/1055
f 1061/1061/1061 1058/1058/1058 1055/1055/1055
f 1058/1058/1058 1062/1062/1062 1060/1060/1060
f 816/816/816 820/820/820 814/814/814
f 1065/1065/1065 1066/1066/1066 1062/1062/1062
f 826/826/826 823/823/823 818/818/818
f 725/725/725 720/720/720 724/724/724
f 725/725/725 726/726/726 720/720/720
f 630/630/630 625/625/625 621/621/621
f 509/509/509 510/510/510 511/511/511
f 622/622/622 624/624/624 623/623/623
f 389/389/389 393/393/393 392/392/392
f 624/624/624 639/639/639 628/628/628
f 1183/1183/1183 1194/1194/1194 1186/1186/1186
f 11/11/11 18/18/18 13/13/13
f 817/817/817 808/808/808 802/802/802
f 800/800/800 815/815/815 801/801/801
f 823/823/823 820/820/820 816/816/816
f 1414/1414/1414 1415/1415/1415 1416/1416/1416
f 865/865/865 852/852/852 853/853/853
f 1076/1076/1076 1074/1074/1074 1080/1080/1080
f 723/723/723 756/756/756 755/755/755
f 1174/1174/1174 1173/1173/1173 1175/1175/1175
f 1173/1173/1173 1176/1176/1176 1175/1175/1175
f 394/394/394 407/407/407 426/426/426
f 393/393/393 394/394/394 392/392/392
f 624/624/624 642/642/642 639/639/639
f 1196/1196/1196 1194/1194/1194 1183/1183/1183
f 388/388/388 393/393/393 389/389/389
f 386/386/386 397/397/397 388/388/388
f 384/384/384 398/398/398 386/386/386
f 20/20/20 28/28/28 27/27/27
f 817/817/817 825/825/825 808/808/808
f 809/809/809 817/817/817 802/802/802
f 1115/1115/1115 1110/1110/1110 1117/1117/1117
f 676/676/676 671/671/671 673/673/673
f 1061/1061/1061 1065/1065/1065 1058/1058/1058
f 1059/1059/1059 1067/1067/1067 1061/1061/1061
f 1058/1058/1058 1065/1065/1065 1062/1062/1062
f 923/923/923 931/931/931 926/926/926
f 863/863/863 853/853/853 854/854/854
f 826/826/826 831/831/831 823/823/823
f 736/736/736 733/733/733 735/735/735
f 918/918/918 930/930/930 928/928/928
f 928/928/928 930/930/930 929/929/929
f 724/724/724 720/720/720 722/722/722
f 720/720/720 721/721/721 722/722/722
f 916/916/916 913/913/913 914/914/914
f 1188/1188/1188 1174/1174/1174 1190/1190/1190
f 393/393/393 407/407/407 394/394/394
f 750/750/750 754/754/754 755/755/755
f 1183/1183/1183 1186/1186/1186 1176/1176/1176
f 398/398/398 397/397/397 386/386/386
f 435/435/435 468/468/468 469/469/469
f 17/17/17 18/18/18 11/11/11
f 18/18/18 19/19/19 13/13/13
f 13/13/13 19/19/19 16/16/16
f 1113/1113/1113 1110/1110/1110 1115/1115/1115
f 1118/1118/1118 1124/1124/1124 1117/1117/1117
f 1422/1422/1422 1418/1418/1418 1423/1423/1423
f 1133/1133/1133 1131/1131/1131 1124/1124/1124
f 1133/1133/1133 1134/1134/1134 1131/1131/1131
f 1068/1068/1068 1067/1067/1067 1059/1059/1059
f 1067/1067/1067 1065/1065/1065 1061/1061/1061
f 823/823/823 828/828/828 820/820/820
f 923/923/923 929/929/929 931/931/931
f 928/928/928 929/929/929 923/923/923
f 733/733/733 734/734/734 735/735/735
f 733/733/733 722/722/722 734/734/734
f 940/940/940 937/937/937 947/947/947
f 724/724/724 722/722/722 733/733/733
f 928/928/928 911/911/911 918/918/918
f 625/625/625 626/626/626 622/622/622
f 627/627/627 642/642/642 624/624/624
f 627/627/627 646/646/646 642/642/642
f 19/19/19 20/20/20 16/16/16
f 483/483/483 484/484/484 485/485/485
f 815/815/815 809/809/809 801/801/801
f 1110/1110/1110 1118/1118/1118 1117/1117/1117
f 676/676/676 683/683/683 671/671/671
f 1118/1118/1118 1133/1133/1133 1124/1124/1124
f 1417/1417/1417 1410/1410/1410 1412/1412/1412
f 634/634/634 630/630/630 635/635/635
f 914/914/914 913/913/913 910/910/910
f 913/913/913 911/911/911 910/910/910
f 1170/1170/1170 1174/1174/1174 1188/1188/1188
f 629/629/629 625/625/625 630/630/630
f 1173/1173/1173 1183/1183/1183 1176/1176/1176
f 460/460/460 467/467/467 468/468/468
f 1111/1111/1111 1110/1110/1110 1113/1113/1113
f 815/815/815 819/819/819 809/809/809
f 1112/1112/1112 1118/1118/1118 1110/1110/1110
f 925/925/925 919/919/919 926/926/926
f 921/921/921 924/924/924 927/927/927
f 921/921/921 920/920/920 924/924/924
f 924/924/924 920/920/920 925/925/925
f 919/919/919 923/923/923 926/926/926
f 920/920/920 919/919/919 925/925/925
f 919/919/919 912/912/912 923/923/923
f 912/912/912 928/928/928 923/923/923
f 910/910/910 919/919/919 920/920/920
f 921/921/921 915/915/915 920/920/920
f 915/915/915 910/910/910 920/920/920
f 910/910/910 912/912/912 919/919/919
f 915/915/915 914/914/914 910/910/910
f 629/629/629 626/626/626 625/625/625
f 1181/1181/1181 1183/1183/1183 1173/1173/1173
f 409/409/409 398/398/398 399/399/399
f 333/333/333 330/330/330 328/328/328
f 21/21/21 18/18/18 17/17/17
f 19/19/19 23/23/23 20/20/20
f 820/820/820 827/827/827 821/821/821
f 1418/1418/1418 1410/1410/1410 1417/1417/1417
f 1171/1171/1171 1191/1191/1191 1133/1133/1133
f 831/831/831 830/830/830 828/828/828
f 831/831/831 834/834/834 830/830/830
f 922/922/922 915/915/915 921/921/921
f 1189/1189/1189 1170/1170/1170 1188/1188/1188
f 1173/1173/1173 1174/1174/1174 1170/1170/1170
f 755/755/755 754/754/754 757/757/757
f 410/410/410 408/408/408 397/397/397
f 52/52/52 51/51/51 55/55/55
f 179/179/179 178/178/178 181/181/181
f 1118/1118/1118 1171/1171/1171 1133/1133/1133
f 1171/1171/1171 1170/1170/1170 1189/1189/1189
f 632/632/632 626/626/626 629/629/629
f 172/172/172 173/173/173 182/182/182
f 512/512/512 510/510/510 509/509/509
f 177/177/177 172/172/172 182/182/182
f 178/178/178 180/180/180 181/181/181
f 18/18/18 21/21/21 19/19/19
f 498/498/498 482/482/482 483/483/483
f 482/482/482 481/481/481 483/483/483
f 483/483/483 481/481/481 484/484/484
f 819/819/819 829/829/829 817/817/817
f 1109/1109/1109 1110/1110/1110 1111/1111/1111
f 1114/1114/1114 1118/1118/1118 1112/1112/1112
f 1118/1118/1118 1126/1126/1126 1171/1171/1171
f 1126/1126/1126 1170/1170/1170 1171/1171/1171
f 1170/1170/1170 1172/1172/1172 1173/1173/1173
f 632/632/632 633/633/633 626/626/626
f 514/514/514 512/512/512 509/509/509
f 173/173/173 183/183/183 182/182/182
f 1197/1197/1197 1195/1195/1195 1181/1181/1181
f 1195/1195/1195 1183/1183/1183 1181/1181/1181
f 58/58/58 59/59/59 60/60/60
f 754/754/754 758/758/758 759/759/759
f 171/171/171 174/174/174 180/180/180
f 21/21/21 23/23/23 19/19/19
f 23/23/23 25/25/25 20/20/20
f 497/497/497 482/482/482 498/498/498
f 1109/1109/1109 1112/1112/1112 1110/1110/1110
f 822/822/822 819/819/819 815/815/815
f 1126/1126/1126 1172/1172/1172 1170/1170/1170
f 1172/1172/1172 1181/1181/1181 1173/1173/1173
f 174/174/174 172/172/172 177/177/177
f 179/179/179 176/176/176 178/178/178
f 25/25/25 26/26/26 20/20/20
f 822/822/822 829/829/829 819/819/819
f 1114/1114/1114 1112/1112/1112 1109/1109/1109
f 1114/1114/1114 1126/1126/1126 1118/1118/1118
f 760/760/760 764/764/764 763/763/763
f 760/760/760 757/757/757 761/761/761
f 175/175/175 176/176/176 179/179/179
f 22/22/22 21/21/21 17/17/17
f 24/24/24 23/23/23 21/21/21
f 1136/1136/1136 1114/1114/1114 1109/1109/1109
f 1130/1130/1130 1126/1126/1126 1114/1114/1114
f 1404/1404/1404 1400/1400/1400 1405/1405/1405
f 830/830/830 833/833/833 827/827/827
f 1185/1185/1185 1172/1172/1172 1126/1126/1126
f 760/760/760 761/761/761 764/764/764
f 1185/1185/1185 1181/1181/1181 1172/1172/1172
f 1193/1193/1193 1181/1181/1181 1185/1185/1185
f 515/515/515 512/512/512 514/514/514
f 155/155/155 154/154/154 172/172/172
f 170/170/170 180/180/180 178/178/178
f 24/24/24 25/25/25 23/23/23
f 822/822/822 841/841/841 829/829/829
f 1136/1136/1136 1130/1130/1130 1114/1114/1114
f 827/827/827 832/832/832 822/822/822
f 833/833/833 832/832/832 827/827/827
f 1130/1130/1130 1185/1185/1185 1126/1126/1126
f 757/757/757 762/762/762 761/761/761
f 757/757/757 759/759/759 762/762/762
f 759/759/759 765/765/765 762/762/762
f 56/56/56 58/58/58 61/61/61
f 54/54/54 52/52/52 56/56/56
f 170/170/170 171/171/171 180/180/180
f 176/176/176 170/170/170 178/178/178
f 22/22/22 24/24/24 21/21/21
f 368/368/368 372/372/372 374/374/374
f 832/832/832 841/841/841 822/822/822
f 1138/1138/1138 1130/1130/1130 1136/1136/1136
f 764/764/764 766/766/766 767/767/767
f 1138/1138/1138 1185/1185/1185 1130/1130/1130
f 761/761/761 766/766/766 764/764/764
f 761/761/761 762/762/762 766/766/766
f 1198/1198/1198 1185/1185/1185 1138/1138/1138
f 1198/1198/1198 1193/1193/1193 1185/1185/1185
f 171/171/171 155/155/155 174/174/174
f 372/372/372 369/369/369 371/371/371
f 497/497/497 494/494/494 482/482/482
f 832/832/832 843/843/843 841/841/841
f 844/844/844 843/843/843 832/832/832
f 766/766/766 762/762/762 768/768/768
f 516/516/516 512/512/512 515/515/515
f 152/152/152 155/155/155 171/171/171
f 175/175/175 168/168/168 176/176/176
f 373/373/373 374/374/374 375/375/375
f 368/368/368 369/369/369 372/372/372
f 482/482/482 494/494/494 493/493/493
f 516/516/516 517/517/517 512/512/512
f 366/366/366 369/369/369 368/368/368
f 369/369/369 362/362/362 371/371/371
f 343/343/343 341/341/341 350/350/350
f 339/339/339 340/340/340 341/341/341
f 329/329/329 325/325/325 335/335/335
f 373/373/373 368/368/368 374/374/374
f 495/495/495 491/491/491 496/496/496
f 201/201/201 200/200/200 146/146/146
f 351/351/351 346/346/346 350/350/350
f 346/346/346 343/343/343 350/350/350
f 339/339/339 326/326/326 340/340/340
f 353/353/353 369/369/369 366/366/366
f 353/353/353 362/362/362 369/369/369
f 362/362/362 376/376/376 371/371/371
f 370/370/370 376/376/376 362/362/362
f 494/494/494 492/492/492 493/493/493
f 493/493/493 492/492/492 488/488/488
f 490/490/490 491/491/491 495/495/495
f 339/339/339 341/341/341 343/343/343
f 152/152/152 170/170/170 168/168/168
f 337/337/337 326/326/326 339/339/339
f 367/367/367 368/368/368 373/373/373
f 365/365/365 366/366/366 368/368/368
f 353/353/353 361/361/361 362/362/362
f 362/362/362 361/361/361 370/370/370
f 488/488/488 492/492/492 489/489/489
f 489/489/489 491/491/491 490/490/490
f 489/489/489 499/499/499 491/491/491
f 345/345/345 343/343/343 346/346/346
f 345/345/345 339/339/339 343/343/343
f 337/337/337 339/339/339 342/342/342
f 455/455/455 456/456/456 457/457/457
f 335/335/335 325/325/325 337/337/337
f 367/367/367 365/365/365 368/368/368
f 354/354/354 353/353/353 366/366/366
f 352/352/352 361/361/361 353/353/353
f 364/364/364 370/370/370 361/361/361
f 364/364/364 379/379/379 370/370/370
f 346/346/346 379/379/379 364/364/364
f 345/345/345 346/346/346 364/364/364
f 338/338/338 335/335/335 337/337/337
f 365/365/365 354/354/354 366/366/366
f 352/352/352 353/353/353 354/354/354
f 364/364/364 361/361/361 352/352/352
f 156/156/156 157/157/157 142/142/142
f 342/342/342 339/339/339 345/345/345
f 338/338/338 337/337/337 342/342/342
f 336/336/336 335/335/335 338/338/338
f 356/356/356 354/354/354 365/365/365
f 363/363/363 364/364/364 352/352/352
f 363/363/363 345/345/345 364/364/364
f 342/342/342 345/345/345 347/347/347
f 338/338/338 342/342/342 344/344/344
f 356/356/356 365/365/365 367/367/367
f 352/352/352 354/354/354 356/356/356
f 377/377/377 345/345/345 363/363/363
f 377/377/377 347/347/347 345/345/345
f 342/342/342 347/347/347 348/348/348
f 344/344/344 342/342/342 348/348/348
f 358/358/358 356/356/356 367/367/367
f 355/355/355 352/352/352 356/356/356
f 357/357/357 352/352/352 355/355/355
f 357/357/357 363/363/363 352/352/352
f 377/377/377 363/363/363 357/357/357
f 348/348/348 347/347/347 377/377/377
f 358/358/358 355/355/355 356/356/356
f 348/348/348 377/377/377 349/349/349
f 344/344/344 348/348/348 349/349/349
f 358/358/358 359/359/359 355/355/355
f 359/359/359 357/357/357 355/355/355
f 360/360/360 357/357/357 359/359/359
f 360/360/360 377/377/377 357/357/357
f 378/378/378 377/377/377 360/360/360
f 349/349/349 377/377/377 378/378/378

