# https://github.com/mikedh/trimesh
mtllib material.mtl

o geometry_0
usemtl material_0
v 0.33915564 -0.57016089 0.86340575
v 0.57567168 -0.80184577 0.63960031
v 0.47674992 -0.70714641 0.72864083
v 0.06889973 -0.80244770 -0.80530395
v -0.08332115 -0.86365477 -0.79058741
v -0.07214337 -0.52248046 -0.85509029
v 0.09392859 -0.44875648 -0.86719886
v 0.05460692 -0.07953885 -0.91914836
v -0.09003380 -0.07226180 -0.91352502
v -0.03452474 -1.32381537 -0.72053702
v 0.19313414 -0.40073326 -0.86119344
v 0.18700255 -0.06297394 -0.90560960
v 0.21895055 -0.74274546 -0.79493534
v 0.10009703 -1.33535136 -0.71545884
v 0.02111222 -1.17513707 -0.74886679
v 0.19013424 -1.32570568 -0.69919740
v 0.35410058 -0.05618413 -0.85867745
v 0.36213540 -0.44528494 -0.79703888
v 0.36539915 -0.76757736 -0.73003546
v 0.38248954 -1.31961860 -0.61412666
v 0.44787206 -0.39432758 -0.76415032
v 0.57379755 -0.04785814 -0.74595323
v 0.41965834 -0.97346868 -0.65846015
v 0.55083778 -0.44088351 -0.68786757
v 0.55420910 -0.96025825 -0.54937832
v 0.52193180 -1.32212219 -0.50046175
v 0.16071373 -1.36827624 -0.67774480
v 0.31707549 -1.34986606 -0.62315534
v -0.00413798 -1.37812599 -0.68886348
v -0.25647169 -0.64408254 -0.78752612
v -0.26077883 -0.10543245 -0.86711202
v -0.29545760 -0.31783226 -0.82639792
v -0.20721472 -1.11477050 -0.70608698
v -0.27125996 -1.31959174 -0.63330215
v -0.13758338 -1.38591407 -0.64501715
v -0.39664481 -0.62689363 -0.72000448
v -0.40052518 -0.46448938 -0.74967447
v -0.33237452 -1.04098913 -0.65481966
v -0.44931544 -0.18526663 -0.75874358
v -0.42269114 -0.11070664 -0.77552662
v -0.38539133 -1.30709153 -0.54458463
v -0.28797990 -1.39168449 -0.56855504
v -0.51353133 -0.38034026 -0.67098175
v -0.50173762 -0.96268146 -0.52652383
v -0.55046488 -0.64501640 -0.56652710
v -0.58924040 -0.17175808 -0.63017355
v -0.63751289 -0.40684962 -0.52956947
v -0.48782872 -1.29259199 -0.43548735
v -0.67671961 -0.17110538 -0.52456894
v -0.48515025 -1.38160035 -0.36887509
v 0.28648746 -0.78277235 0.84388649
v 0.45466506 -1.08163877 0.65126925
v 0.33915564 -0.57016089 0.86340575
v 0.57567168 -0.80184577 0.63960031
v 0.42171816 -1.23380234 0.62486655
v 0.52953456 -1.16199790 0.56428040
v 0.27808947 -1.19002423 0.71844202
v 0.48386283 -1.39858059 0.50234295
v 0.38906898 -1.38342079 0.58307980
v 0.24593317 -1.42284841 0.63140427
v 0.59268699 -1.35458771 0.40371777
v 0.15222223 -1.11320488 0.77706729
v 0.03942685 -0.70472915 0.91904563
v 0.13891685 -0.63993687 0.91784984
v 0.10703578 -1.39045316 0.67629086
v 0.03262164 -1.18986318 0.76721327
v 0.04736702 -0.49990022 0.95712197
v 0.27969014 -0.39284989 0.92410360
v 0.22747431 -0.25279280 0.95605266
v 0.01484908 -0.27785525 0.98085164
v 0.04767477 -1.43635121 0.65565853
v -0.11577004 -1.07975085 0.79028888
v -0.07451876 -0.58363703 0.93464029
v -0.19316647 -0.83986733 0.84325951
v -0.10083244 -1.37207707 0.67007188
v -0.09918683 -0.26912688 0.96176284
v -0.18844169 -0.51619988 0.92076880
v -0.20983992 -0.26839969 0.93688536
v -0.23845321 -1.15840242 0.71985254
v -0.19874874 -1.43965541 0.59330040
v -0.30691857 -0.73924126 0.82260329
v -0.31639289 -1.10579499 0.70029350
v -0.32256795 -0.27442254 0.89476472
v -0.29726659 -0.54606522 0.86842055
v -0.35207817 -1.21681952 0.62773061
v -0.39592636 -0.59629543 0.80040983
v -0.41089821 -0.91803952 0.69984887
v -0.32667105 -1.43007752 0.51462887
v -0.47850931 -0.26744138 0.79341865
v -0.50369046 -0.61811674 0.71088705
v -0.71503465 -0.91606844 0.03659520
v -0.67034486 -1.01929101 0.20655177
v -0.73679918 -0.69689577 0.25304895
v -0.78717477 -0.50365868 0.16035543
v -0.79079979 -0.55104282 0.00638276
v -0.77572174 -0.41764623 0.32238939
v -0.82192343 -0.23331621 0.18172793
v -0.82872792 -0.25876954 0.00721513
v -0.62240502 -1.25020794 0.03117234
v -0.60046831 -1.25993678 0.17164214
v -0.66795736 -1.07118714 -0.11878588
v -0.61085187 -1.26045779 -0.13799941
v -0.73772437 -0.73454271 -0.13204408
v -0.78507571 -0.24487001 0.35135495
v -0.53638950 -1.41942657 0.14327833
v -0.59432585 -1.13795000 0.33708500
v -0.66699799 -0.86274455 0.34620943
v -0.78092510 -0.45526294 -0.17684115
v -0.82619351 -0.21948181 0.05612339
v -0.80950551 -0.20856578 -0.16390563
v -0.54668520 -1.39513774 -0.18618977
v -0.57007778 -1.26549084 -0.32731897
v -0.73668416 -0.55876950 -0.28691022
v -0.63765120 -0.90720939 -0.35578822
v -0.77467920 -0.18306793 -0.30990139
v -0.76232015 -0.22250176 -0.35145461
v -0.68797261 -0.57609192 -0.41645840
v -0.53952605 -1.40820893 -0.11786976
v -0.51323701 -1.33943326 0.33156523
v -0.49339532 -1.42797026 0.26235821
v -0.64412989 -0.61487627 0.53617680
v -0.58161035 -0.93894071 0.49448695
v -0.70785658 -0.27099198 0.52514927
v -0.48856670 -1.16290385 0.51454674
v -0.48515025 -1.38160035 -0.36887509
v -0.42719107 -1.42145999 0.40283649
v -0.61164416 -0.47764868 0.62161079
v -0.49864702 -0.90369013 0.62516351
v -0.40997950 -1.28848769 0.52955548
v -0.60164182 -0.26452686 0.67511705
v -0.50369046 -0.61811674 0.71088705
v -0.32667105 -1.43007752 0.51462887
v -0.35207817 -1.21681952 0.62773061
v -0.41089821 -0.91803952 0.69984887
v -0.47850931 -0.26744138 0.79341865
v -0.67671961 -0.17110538 -0.52456894
v -0.58110217 -0.93449131 -0.43540611
v -0.48782872 -1.29259199 -0.43548735
v -0.63751289 -0.40684962 -0.52956947
v -0.50173762 -0.96268146 -0.52652383
v -0.55046488 -0.64501640 -0.56652710
v 0.73777353 -0.85040866 0.23994785
v 0.61917459 -1.07007573 0.41358698
v 0.68548035 -0.70765043 0.44385103
v 0.66426857 -1.23504298 0.21367227
v 0.59761919 -1.36488711 0.28381601
v 0.76093347 -0.43327155 0.43334206
v 0.79862155 -0.43819528 0.31835340
v 0.83967061 -0.15428518 0.32944258
v 0.79349052 -0.17225626 0.44154541
v 0.64102757 -1.36091423 0.16356778
v 0.67047155 -0.54249834 0.54516015
v 0.73885587 -0.17915909 0.54213841
v 0.51974525 -1.38336568 0.40851411
v 0.53719149 -1.07851268 0.53918275
v 0.76383034 -0.78913142 0.17719743
v 0.68436975 -1.22813063 0.10861077
v 0.87163396 -0.13318952 0.18830144
v 0.81552524 -0.49108775 0.16135738
v 0.87096665 -0.29814742 -0.02160479
v 0.66838338 -1.34862710 -0.02276199
v 0.79031380 -0.75742716 -0.01178093
v 0.71663974 -1.13772503 -0.01395152
v 0.82829340 -0.51971319 -0.02214711
v 0.89046651 -0.11851688 -0.01455599
v 0.68619659 -1.22938337 -0.10718518
v 0.65148883 -1.35013257 -0.14937884
v 0.64503927 -0.25370852 0.64448461
v 0.67755777 -0.19426307 0.63573611
v 0.58559985 -0.54333507 0.65843047
v 0.55978558 -0.71892626 0.62711432
v 0.46311820 -1.21492406 0.55829569
v 0.45288555 -1.38477392 0.48113609
v 0.46891975 -1.02138449 0.62736041
v 0.54450480 -0.21655822 0.76087425
v 0.53662376 -0.32625055 0.73645111
v 0.38230321 -1.17054515 0.63553682
v 0.43354000 -0.44593212 0.79070039
v 0.39389227 -0.23755532 0.86268751
v 0.29331971 -0.77735366 0.80224560
v 0.30958775 -0.49561510 0.86316172
v 0.34941545 -1.38879209 0.55337322
v 0.31096593 -1.41904937 0.57635497
v 0.86703248 -0.09410168 -0.16983476
v 0.76747916 -0.76594602 -0.12897544
v 0.66263541 -1.20918090 -0.21443201
v 0.79534567 -0.40903114 -0.27366668
v 0.73364576 -0.78957236 -0.24359102
v 0.83127638 -0.07768638 -0.32009770
v 0.60609020 -1.31129058 -0.29885355
v 0.65501988 -1.01203356 -0.33540875
v 0.69905132 -0.58065574 -0.42544136
v 0.67364735 -0.41901805 -0.53432337
v 0.76790444 -0.06331874 -0.45242890
v 0.57262524 -0.94706457 -0.51057172
v 0.53068550 -1.31646139 -0.41952268
v 0.60566207 -0.73814423 -0.52543573
v 0.70535365 -0.05748451 -0.56385952
v 0.62002000 -1.33591895 -0.29081887
v 0.60142557 -1.38695927 0.30043757
v 0.66011258 -1.37854720 0.19879918
v 0.50655278 -1.34840539 -0.47173720
v -0.22250896 -0.69780867 -0.76551394
v -0.26303578 -0.84175982 -0.71782264
v -0.05050774 -0.89261024 -0.76397547
v -0.07035321 -0.54311807 -0.82998243
v -0.20869406 -0.35554178 -0.82513257
v -0.04636887 -1.14424758 -0.72485709
v -0.19262829 -1.14873385 -0.67339319
v -0.30259257 -0.53370312 -0.76376044
v -0.27799617 -0.09826938 -0.83809860
v -0.08900898 -0.09607872 -0.87920175
v -0.01919823 -1.30804466 -0.68666030
v -0.26230601 -1.30383550 -0.59525916
v -0.30914363 -1.04613894 -0.63910750
v -0.38520580 -0.57109351 -0.71406622
v -0.03012012 -1.35860311 -0.66054460
v -0.19522211 -1.36224755 -0.59597622
v -0.38255215 -0.10218630 -0.77594127
v -0.48138067 -0.11461936 -0.71011965
v -0.38649864 -1.24539928 -0.52213984
v 0.06071818 -0.57366236 -0.83048235
v 0.06379575 -0.73613276 -0.79298796
v 0.08776224 -1.14417613 -0.72329350
v 0.15005383 -0.07211262 -0.88068090
v -0.17823266 -0.08099543 -0.88166269
v 0.19623518 -0.85663260 -0.75240303
v 0.18179405 -0.48846037 -0.82917432
v 0.15032366 -1.34363518 -0.66183066
v 0.19778634 -1.15161634 -0.69616555
v 0.29221198 -0.06486749 -0.84915798
v 0.32347540 -0.33836680 -0.80270039
v 0.34623154 -0.62505506 -0.74433435
v 0.41957825 -0.05130028 -0.80059783
v 0.26463822 -1.33464748 -0.61759332
v 0.44865935 -0.42779751 -0.73343295
v 0.38343596 -1.17011928 -0.60809347
v 0.35949299 -1.33693224 -0.57450154
v 0.42124541 -0.90888066 -0.64334367
v 0.53831151 -0.35718469 -0.69128145
v 0.57462137 -0.05188686 -0.70717439
v -0.13008814 -1.36630239 -0.62340878
v -0.28797990 -1.39168449 -0.56855504
v -0.27881907 -1.36337907 -0.54630850
v 0.45153816 -1.33496790 -0.50284489
v 0.57262524 -0.94706457 -0.51057172
v 0.53028637 -0.74078484 -0.59775685
v 0.60566207 -0.73814423 -0.52543573
v 0.62758503 -0.26065301 -0.61870306
v 0.67364735 -0.41901805 -0.53432337
v 0.70535365 -0.05748451 -0.56385952
v 0.53068550 -1.31646139 -0.41952268
v 0.16071373 -1.36827624 -0.67774480
v -0.54517684 -0.42867210 -0.59637468
v -0.48059077 -0.67504398 -0.59796732
v -0.57520720 -0.13097799 -0.61889228
v -0.37331805 -1.34823453 -0.46716045
v -0.13758338 -1.38591407 -0.64501715
v -0.00413798 -1.37812599 -0.68886348
v -0.59285889 -0.71555016 0.53110813
v -0.52648053 -0.94966350 0.52586496
v -0.56914051 -0.99827654 0.42284624
v -0.66254419 -0.62422631 0.43219028
v -0.68061597 -0.80962765 0.26851348
v -0.57189741 -1.13212369 0.31491673
v -0.75322884 -0.43091300 0.30250996
v -0.66511881 -0.41887488 0.52255597
v -0.75071778 -0.24863147 0.39383091
v -0.63069507 -1.06629453 0.18338344
v -0.58247801 -1.23565647 0.15561407
v -0.79837359 -0.23110814 0.23559099
v -0.45846869 -1.41324604 0.30203425
v -0.50832545 -1.40859664 0.15370973
v -0.77698780 -0.42197452 0.18394491
v -0.69811621 -0.82236355 0.13915349
v -0.46031135 -1.17069293 0.49597974
v -0.67386419 -0.26794225 0.54332973
v -0.57307579 -0.58579117 0.61357311
v -0.60624588 -1.21247062 0.00285424
v -0.68762003 -0.90858621 0.00194529
v -0.75648900 -0.59965497 -0.00365254
v -0.78522321 -0.42961963 0.00762273
v -0.52816663 -1.39057021 -0.00213498
v -0.53952605 -1.40820893 -0.11786976
v -0.80861516 -0.23140621 0.01723546
v -0.62405100 -1.12652671 -0.12561921
v -0.69390007 -0.82371252 -0.11799614
v -0.58774308 -1.24326120 -0.12524806
v -0.75937769 -0.48928372 -0.14355468
v -0.79668580 -0.22271234 -0.12297015
v -0.52183958 -1.38087378 -0.14521388
v -0.40957784 -1.38448165 0.40145388
v -0.40358665 -1.42961270 0.40122992
v -0.47978386 -0.89932081 0.60827872
v -0.49239422 -1.36837506 -0.30281406
v -0.53958046 -1.24117525 -0.32026220
v -0.67667284 -0.63203248 -0.35247236
v -0.60929618 -0.91400390 -0.35668812
v -0.75517667 -0.19091704 -0.32333224
v -0.70718279 -0.45643549 -0.35311637
v -0.67382821 -0.49424472 -0.41891036
v -0.40035153 -1.17475649 0.56652617
v -0.56756226 -0.27956625 0.67564258
v -0.31840981 -1.38791815 0.50590917
v -0.31165479 -1.42693210 0.50911067
v -0.48967123 -0.63286713 0.68631536
v -0.82619351 -0.21948181 0.05612339
v -0.77467920 -0.18306793 -0.30990139
v -0.65520929 -0.23739675 -0.50754134
v -0.67605249 -0.16245676 -0.48793157
v -0.50338034 -1.38911321 -0.27980103
v -0.48515025 -1.38160035 -0.36887509
v -0.58901460 -0.67229044 -0.47695810
v -0.46947296 -1.23460839 -0.42921765
v -0.51911893 -0.92015639 -0.49012788
v -0.42616828 -1.36123455 -0.40428665
v -0.54517684 -0.42867210 -0.59637468
v -0.57520720 -0.13097799 -0.61889228
v -0.38649864 -1.24539928 -0.52213984
v -0.37331805 -1.34823453 -0.46716045
v -0.48059077 -0.67504398 -0.59796732
v -0.36990903 -1.37494806 -0.47565875
v 0.50336559 -0.46537958 0.77989589
v 0.47674992 -0.70714641 0.72864083
v 0.59752793 -0.51196827 0.71654075
v 0.57567168 -0.80184577 0.63960031
v 0.33915564 -0.57016089 0.86340575
v 0.41238593 -0.23014869 0.88288938
v 0.56390678 -0.28397726 0.76904492
v 0.27969014 -0.39284989 0.92410360
v 0.52800405 -0.22035903 0.81478663
v 0.28648746 -0.78277235 0.84388649
v 0.22747431 -0.25279280 0.95605266
v 0.13891685 -0.63993687 0.91784984
v 0.67699293 -0.27109587 0.65884075
v 0.68055026 -0.19292200 0.67579192
v 0.67848902 -0.48551708 0.62803567
v 0.77697796 -0.17636136 0.53748385
v 0.67145863 -0.82643772 0.49909038
v 0.52953456 -1.16199790 0.56428040
v 0.59268699 -1.35458771 0.40371777
v 0.74342933 -0.52195192 0.50814355
v 0.63615075 -1.34616414 0.32212650
v 0.82871900 -0.16666277 0.43342792
v 0.74056164 -0.99498266 0.24046114
v 0.68430036 -1.35705523 0.20066143
v 0.78257770 -0.74207390 0.28245389
v 0.82368337 -0.41077900 0.34915289
v 0.86895407 -0.15765381 0.32018525
v 0.60142557 -1.38695927 0.30043757
v 0.66011258 -1.37854720 0.19879918
v 0.74057575 -1.05654300 -0.12470262
v 0.68429728 -1.13455205 -0.30484315
v 0.73649852 -0.90718322 -0.24814833
v 0.84189658 -0.44281525 -0.15106800
v 0.81036646 -0.43792402 -0.28089035
v 0.82248275 -0.72303061 -0.01021606
v 0.85350465 -0.07463659 -0.33002011
v 0.90286596 -0.10717426 -0.11288329
v 0.91881331 -0.11960361 -0.01255507
v 0.70591803 -1.31468506 -0.14601443
v 0.66644308 -1.29481867 -0.30891929
v 0.76738216 -1.00625264 -0.00456973
v 0.72216438 -1.33008560 -0.00354125
v 0.73555371 -0.57289669 -0.39774675
v 0.67410704 -0.90182074 -0.39376517
v 0.74489909 -0.06136456 -0.55398136
v 0.64136683 -0.67172121 -0.53514193
v 0.59422944 -1.11015589 -0.46174395
v 0.69062934 -1.35579843 -0.13814254
v 0.52193180 -1.32212219 -0.50046175
v 0.55420910 -0.96025825 -0.54937832
v 0.65853553 -0.05802180 -0.66095710
v 0.55083778 -0.44088351 -0.68786757
v 0.57379755 -0.04785814 -0.74595323
v 0.63373830 -1.33757199 -0.31349611
v 0.81022300 -0.70353488 0.16773589
v 0.89412517 -0.13376043 0.19972296
v 0.69168407 -1.36818784 -0.01210079
v -0.09918683 -0.26912688 0.96176284
v 0.14244634 -0.26169876 0.94990320
v -0.02622352 -0.28743946 0.94876050
v 0.02771463 -0.47406569 0.93425320
v 0.18457484 -0.41083004 0.92260305
v 0.05248561 -0.60818290 0.91134764
v 0.18512141 -0.70051608 0.85882807
v 0.04430615 -0.87575786 0.83817190
v 0.28136802 -1.03601317 0.73505835
v 0.16017868 -1.15733879 0.72937030
v 0.02130182 -1.09627826 0.76851046
v 0.03219285 -1.24829018 0.70970765
v 0.13323306 -1.35763819 0.64764917
v 0.28371914 -1.20799506 0.67445195
v 0.17228169 -1.42046603 0.62274746
v 0.05933534 -1.42956611 0.63079529
v -0.00094835 -1.33533183 0.66034238
v 0.29331971 -0.77735366 0.80224560
v 0.30958775 -0.49561510 0.86316172
v 0.29809804 -0.25134440 0.90857772
v -0.10945811 -1.02893719 0.77446785
v -0.16468491 -0.76098394 0.84567669
v -0.11730625 -1.21623359 0.70404982
v -0.19248305 -0.51620602 0.88742615
v -0.19752478 -0.28094356 0.91566128
v -0.06121380 -1.41408133 0.60827200
v -0.21247591 -1.09294948 0.72001537
v 0.34941545 -1.38879209 0.55337322
v 0.38230321 -1.17054515 0.63553682
v 0.39389227 -0.23755532 0.86268751
v 0.46891975 -1.02138449 0.62736041
v -0.13126597 -1.40461187 0.58444435
v -0.27806953 -1.23476855 0.63043219
v -0.20712838 -1.40397182 0.55847010
v -0.30903912 -0.64623935 0.81144104
v -0.30614951 -0.27938260 0.87469766
v -0.31083736 -1.07031855 0.68281092
v -0.39463007 -0.84249768 0.70422324
v -0.31840981 -1.38791815 0.50590917
v -0.31165479 -1.42693210 0.50911067
v -0.39759991 -0.49546376 0.78249611
v -0.41555038 -0.27360167 0.81536122
v -0.48967123 -0.63286713 0.68631536
v -0.40035153 -1.17475649 0.56652617
v -0.47978386 -0.89932081 0.60827872
v -0.56756226 -0.27956625 0.67564258
v 0.31096593 -1.41904937 0.57635497
v -0.67671961 -0.17110538 -0.52456894
v -0.77467920 -0.18306793 -0.30990139
v -0.67605249 -0.16245676 -0.48793157
v -0.57520720 -0.13097799 -0.61889228
v -0.58924040 -0.17175808 -0.63017355
v -0.42269114 -0.11070664 -0.77552662
v -0.09918683 -0.26912688 0.96176284
v 0.01484908 -0.27785525 0.98085164
v 0.22747431 -0.25279280 0.95605266
v 0.89046651 -0.11851688 -0.01455599
v 0.87163396 -0.13318952 0.18830144
v 0.89412517 -0.13376043 0.19972296
v 0.91881331 -0.11960361 -0.01255507
v 0.90286596 -0.10717426 -0.11288329
v 0.83967061 -0.15428518 0.32944258
v 0.86703248 -0.09410168 -0.16983476
v 0.85350465 -0.07463659 -0.33002011
v 0.86895407 -0.15765381 0.32018525
v 0.82871900 -0.16666277 0.43342792
v 0.83127638 -0.07768638 -0.32009770
v 0.76790444 -0.06331874 -0.45242890
v 0.79349052 -0.17225626 0.44154541
v 0.74489909 -0.06136456 -0.55398136
v 0.70535365 -0.05748451 -0.56385952
v 0.57379755 -0.04785814 -0.74595323
v 0.57462137 -0.05188686 -0.70717439
v 0.41957825 -0.05130028 -0.80059783
v 0.73885587 -0.17915909 0.54213841
v 0.77697796 -0.17636136 0.53748385
v 0.67755777 -0.19426307 0.63573611
v 0.68055026 -0.19292200 0.67579192
v 0.54450480 -0.21655822 0.76087425
v 0.52800405 -0.22035903 0.81478663
v 0.41238593 -0.23014869 0.88288938
v 0.35410058 -0.05618413 -0.85867745
v 0.29221198 -0.06486749 -0.84915798
v 0.18700255 -0.06297394 -0.90560960
v 0.15005383 -0.07211262 -0.88068090
v -0.09003380 -0.07226180 -0.91352502
v -0.17823266 -0.08099543 -0.88166269
v 0.39389227 -0.23755532 0.86268751
v 0.29809804 -0.25134440 0.90857772
v 0.14244634 -0.26169876 0.94990320
v 0.65853553 -0.05802180 -0.66095710
v -0.53952605 -1.40820893 -0.11786976
v -0.50832545 -1.40859664 0.15370973
v -0.53638950 -1.41942657 0.14327833
v -0.49339532 -1.42797026 0.26235821
v -0.45846869 -1.41324604 0.30203425
v -0.40358665 -1.42961270 0.40122992
v -0.80950551 -0.20856578 -0.16390563
v -0.82619351 -0.21948181 0.05612339
v -0.77467920 -0.18306793 -0.30990139
v 0.53068550 -1.31646139 -0.41952268
v 0.45153816 -1.33496790 -0.50284489
v 0.50655278 -1.34840539 -0.47173720
v 0.31707549 -1.34986606 -0.62315534
v 0.35949299 -1.33693224 -0.57450154
v 0.26463822 -1.33464748 -0.61759332
v 0.15032366 -1.34363518 -0.66183066
v 0.16071373 -1.36827624 -0.67774480
v 0.65148883 -1.35013257 -0.14937884
v 0.69168407 -1.36818784 -0.01210079
v 0.66838338 -1.34862710 -0.02276199
v 0.66011258 -1.37854720 0.19879918
v 0.69062934 -1.35579843 -0.13814254
v 0.62002000 -1.33591895 -0.29081887
v 0.63373830 -1.33757199 -0.31349611
v 0.64102757 -1.36091423 0.16356778
v 0.59761919 -1.36488711 0.28381601
v 0.52193180 -1.32212219 -0.50046175
v 0.38248954 -1.31961860 -0.61412666
v 0.68430036 -1.35705523 0.20066143
v -0.48515025 -1.38160035 -0.36887509
v -0.53952605 -1.40820893 -0.11786976
v -0.54668520 -1.39513774 -0.18618977
v -0.06121380 -1.41408133 0.60827200
v 0.05933534 -1.42956611 0.63079529
v -0.19874874 -1.43965541 0.59330040
v -0.13126597 -1.40461187 0.58444435
v -0.20712838 -1.40397182 0.55847010
v -0.31165479 -1.42693210 0.50911067
v 0.31096593 -1.41904937 0.57635497
v 0.24593317 -1.42284841 0.63140427
v 0.17228169 -1.42046603 0.62274746
v 0.48386283 -1.39858059 0.50234295
v 0.04767477 -1.43635121 0.65565853
v 0.45288555 -1.38477392 0.48113609
v 0.51974525 -1.38336568 0.40851411
v 0.60142557 -1.38695927 0.30043757
v 0.59268699 -1.35458771 0.40371777
v -0.78507571 -0.24487001 0.35135495
v -0.70785658 -0.27099198 0.52514927
v -0.75071778 -0.24863147 0.39383091
v -0.67386419 -0.26794225 0.54332973
v -0.60164182 -0.26452686 0.67511705
v -0.82192343 -0.23331621 0.18172793
v -0.79837359 -0.23110814 0.23559099
v -0.80861516 -0.23140621 0.01723546
v -0.82619351 -0.21948181 0.05612339
v -0.49239422 -1.36837506 -0.30281406
v -0.48515025 -1.38160035 -0.36887509
v -0.42616828 -1.36123455 -0.40428665
v -0.36990903 -1.37494806 -0.47565875
v -0.28797990 -1.39168449 -0.56855504
v -0.27881907 -1.36337907 -0.54630850
v -0.19522211 -1.36224755 -0.59597622
v -0.37331805 -1.34823453 -0.46716045
v -0.42269114 -0.11070664 -0.77552662
v -0.38255215 -0.10218630 -0.77594127
v -0.26077883 -0.10543245 -0.86711202
v -0.27799617 -0.09826938 -0.83809860
v -0.17823266 -0.08099543 -0.88166269
v -0.48138067 -0.11461936 -0.71011965
v -0.57520720 -0.13097799 -0.61889228
v -0.09003380 -0.07226180 -0.91352502
v -0.41555038 -0.27360167 0.81536122
v -0.32256795 -0.27442254 0.89476472
v -0.30614951 -0.27938260 0.87469766
v -0.47850931 -0.26744138 0.79341865
v -0.56756226 -0.27956625 0.67564258
v -0.20983992 -0.26839969 0.93688536
v -0.19752478 -0.28094356 0.91566128
v -0.02622352 -0.28743946 0.94876050
v -0.60164182 -0.26452686 0.67511705
v -0.67386419 -0.26794225 0.54332973
v -0.09918683 -0.26912688 0.96176284
v -0.31165479 -1.42693210 0.50911067
v -0.19874874 -1.43965541 0.59330040
v -0.32667105 -1.43007752 0.51462887
v -0.40358665 -1.42961270 0.40122992
v -0.42719107 -1.42145999 0.40283649
v -0.49339532 -1.42797026 0.26235821
v -0.51416863 0.93592423 0.21431905
v -0.49347753 0.93359497 0.34706510
v -0.49616541 1.09249913 0.32573610
v -0.50724402 1.09963894 0.21171596
v -0.50024466 1.16727942 0.33493910
v -0.50287777 1.12613998 0.12981351
v -0.49885017 1.24247219 0.22964450
v -0.50288682 1.25530591 0.37228401
v -0.50223380 0.96798944 0.09326321
v -0.49435819 1.23374188 0.13090950
v -0.49476573 1.34863899 0.19259164
v -0.51020968 1.34294637 0.25224091
v -0.49280301 1.35917794 0.35204343
v -0.46338030 1.36527740 0.46934607
v -0.45651723 1.07520700 0.45835951
v -0.46362440 1.24630176 0.48165372
v -0.46235935 0.93207305 0.44197204
v -0.54228259 0.70140885 0.43594621
v -0.61053627 0.63747416 0.26321786
v -0.54512753 0.60899421 0.45853975
v -0.59241192 0.51283939 0.28581604
v -0.62685170 0.58043423 0.09586761
v -0.62092879 0.66531649 0.17310795
v -0.62202238 0.66152914 -0.00836636
v -0.58839862 0.77227819 0.19531353
v -0.60462834 0.75017382 0.01489693
v -0.55454068 0.50564086 0.39722379
v -0.48436191 0.73602458 0.53599332
v -0.57411618 0.76013561 -0.12647448
v -0.61037117 0.54525867 -0.01189563
v -0.41380969 0.93383332 0.52793327
v -0.40833950 1.33823999 0.56278800
v -0.39550659 1.16394579 0.56206260
v -0.43251220 0.61320163 0.63148580
v -0.48360964 0.51106395 0.54374193
v -0.38090355 1.23967395 0.60099637
v -0.39494599 0.72374622 0.65761161
v -0.60032623 0.49933208 0.11471152
v -0.53650424 0.85305308 -0.10165876
v -0.56383307 0.69916720 -0.18720792
v -0.56856593 0.60503793 -0.17668029
v -0.45768504 1.07632207 -0.00429302
v -0.45437943 1.24250381 0.02912801
v -0.44862364 1.00188074 -0.04213710
v -0.50321367 0.84596699 -0.19995457
v -0.45624322 1.32283984 0.08944207
v -0.40204369 0.49888113 0.63959270
v -0.40942519 1.18507165 -0.02835949
v -0.47854887 0.70714344 -0.31522934
v -0.42956956 0.80582217 -0.33197296
v -0.39961557 0.92055154 -0.25853193
v -0.33104227 1.03390076 -0.16878483
v -0.32195122 1.12463779 -0.14220066
v -0.36209760 1.29294818 -0.04587799
v -0.36475403 0.73998414 -0.41497586
v -0.31784895 0.82954518 -0.41175341
v 0.08343855 1.02970855 0.60390464
v 0.02201466 1.01996485 0.64429902
v 0.05160078 1.12978075 0.56474947
v -0.05429871 1.14281982 0.63932341
v 0.01468861 0.91994469 0.72388315
v 0.14614598 1.11089762 0.46662550
v 0.26408336 0.91810632 0.61683103
v 0.15448627 0.89307952 0.70146294
v 0.25846798 0.81031175 0.69617841
v 0.28097959 0.97846139 0.52736810
v 0.37516176 0.89537201 0.52860063
v 0.36935809 0.79481389 0.60991231
v 0.12053733 0.79058307 0.76669191
v 0.39434218 0.98468781 0.35989541
v 0.28850627 1.06215177 0.37071419
v 0.25374303 1.12503482 0.34060360
v 0.47734311 0.87995244 0.37901586
v 0.46370876 0.79945684 0.48657011
v 0.36686155 1.04933579 0.21136616
v 0.30031843 1.12229783 0.20604628
v 0.47526385 0.94046163 0.22538654
v -0.13283014 0.96073576 0.70249840
v -0.02380975 0.81017642 0.78279954
v 0.13559609 0.71748422 0.77321604
v -0.11205434 1.02042393 0.68429351
v -0.14508674 1.15856169 0.66023734
v 0.26937127 0.70263230 0.70349588
v 0.22620109 1.18409365 0.36531054
v 0.25598830 1.23510394 0.31332246
v -0.22783894 1.05831774 0.66644651
v 0.35868291 0.68810957 0.62143074
v 0.45813159 0.72452557 0.49824650
v -0.17358254 0.74366048 0.78060878
v -0.05095452 0.67121942 0.80339772
v 0.14172455 0.64969721 0.76146252
v -0.02403880 0.62322036 0.79593876
v 0.17515715 1.28948086 0.44682558
v 0.15440581 1.19265200 0.48420832
v 0.02866721 1.31963575 0.60185399
v 0.02602579 1.24160013 0.60406026
v -0.09392419 1.26200419 0.65928116
v -0.08295277 1.35855960 0.65145945
v -0.24223068 1.28976708 0.66390535
v -0.28290969 1.36283615 0.65262526
v -0.28079847 1.18611785 0.64548514
v -0.22832752 0.82206731 0.73224472
v -0.22051458 0.66117106 0.77820936
v -0.21726866 0.93402074 0.68406660
v -0.19271718 0.57082319 0.77449837
v 0.07387608 0.59867072 0.76008478
v 0.23872028 0.62225409 0.68197513
v -0.33372402 1.27431590 0.62634968
v -0.18479898 0.53151068 0.75356099
v -0.31197231 0.51596816 0.70428447
v 0.09647484 1.07208348 -0.19050793
v 0.28811532 0.96848905 -0.22755266
v 0.19581470 1.06904757 -0.13107756
v 0.20691769 0.93555524 -0.32848056
v 0.04600712 0.95809401 -0.35939559
v -0.01696521 1.05718602 -0.24201703
v 0.27018530 0.87989258 -0.35231625
v 0.08018671 0.84928357 -0.44525689
v -0.10546422 0.94912841 -0.37152640
v -0.04031634 0.85904501 -0.44966688
v -0.01832354 1.20298421 -0.14210344
v 0.07885046 1.21169281 -0.09699331
v -0.11753964 1.19535123 -0.16360553
v 0.38974079 0.86634518 -0.26275101
v 0.20477709 1.21424665 0.01379213
v -0.19524722 0.88804251 -0.41461370
v -0.19437619 1.01225973 -0.27525065
v -0.14915256 1.07510551 -0.22870765
v -0.23137364 1.13337702 -0.18297073
v 0.28916685 0.79317834 -0.38416513
v -0.18831782 0.79953167 -0.46236073
v -0.18913699 1.22318123 -0.14345551
v 0.01608953 1.29309863 -0.10366659
v -0.01167028 0.76334144 -0.47816134
v -0.29211378 0.92601234 -0.33304821
v -0.09394212 0.74688346 -0.48326701
v 0.10683636 0.74601422 -0.46454527
v -0.28453632 0.84522476 -0.40792179
v -0.29849117 1.05457083 -0.17526699
v -0.30817220 1.21649871 -0.09510976
v -0.33325805 1.10706230 -0.12860940
v -0.29622940 0.76010301 -0.44051044
v -0.31024959 1.00198708 -0.20879373
v -0.39843347 0.84213613 -0.32651093
v 0.15783837 1.29048840 -0.00080945
v -0.38743090 0.92837579 -0.24582160
v -0.41239494 0.77734321 -0.34915893
v -0.24826548 0.70059234 -0.45815856
v -0.12845453 1.30163062 -0.13112839
v -0.24535317 1.29680075 -0.11451029
v -0.36209760 1.29294818 -0.04587799
v -0.40095845 0.98299761 -0.12141515
v -0.40066602 1.17785880 -0.02828056
v -0.48923175 0.81768357 -0.23581319
v -0.42956010 1.02063919 -0.04078498
v -0.43431979 0.69541152 -0.35006001
v -0.50773400 0.86632447 -0.13466498
v 0.25918170 0.72077186 -0.39442861
v -0.31427372 0.62951774 -0.40909042
v -0.42111942 0.61384207 -0.33929583
v 0.24697578 1.15014962 0.35352847
v 0.26451590 1.09060367 0.37830962
v 0.30144796 1.10264868 0.28164585
v 0.15840357 1.08246376 0.50918656
v 0.25598830 1.23510394 0.31332246
v 0.17515715 1.28948086 0.44682558
v 0.16723537 1.19761161 0.48032479
v 0.02866721 1.31963575 0.60185399
v 0.00724379 1.25126355 0.62724958
v 0.05342588 1.13634137 0.57868536
v 0.12851554 1.12458724 0.50407197
v 0.07451748 1.03594885 0.62035069
v -0.08659201 1.13343301 0.66871930
v 0.27085725 1.23345159 0.23944349
v 0.32079938 1.10264065 0.20246550
v 0.32110431 1.10276266 0.12921570
v 0.24368566 1.27855310 0.12919964
v -0.13346297 0.77112908 0.80154787
v -0.06670012 0.62612192 0.81908977
v 0.01800233 0.72298249 0.81623998
v -0.20721382 0.63880410 0.80036175
v -0.04630806 0.86290739 0.77777689
v -0.27304226 0.67691769 0.76895195
v -0.26662142 0.78227665 0.74346118
v -0.11366894 0.98086627 0.71015527
v -0.20679431 0.95410705 0.69668735
v 0.14088762 0.80136717 0.77010707
v 0.04332412 0.91797242 0.73569064
v -0.03084434 0.99721221 0.68977472
v 0.16360988 0.71519550 0.77909003
v 0.16226105 0.90013519 0.70500354
v 0.25852537 0.80672183 0.70749529
v 0.14338193 0.64014450 0.77684731
v 0.28108399 0.69947831 0.71320169
v 0.33703020 0.81516903 0.64546242
v 0.31913630 0.93317157 0.56441458
v 0.23088979 0.95113805 0.61474152
v 0.45458690 0.85220055 0.48169081
v 0.37903719 0.70182714 0.62230170
v 0.47325880 0.74081254 0.51320663
v 0.43111077 0.95509200 0.37303210
v 0.51039340 0.88277863 0.31439449
v 0.54552837 0.77844014 0.33870356
v 0.40709334 1.03037853 0.19667390
v 0.50285203 0.92286226 0.21259008
v 0.51551280 0.71763938 0.41763383
v 0.55543127 0.81376253 0.22316467
v 0.54429563 0.83498978 0.04555384
v 0.56045436 0.74354780 0.14878247
v -0.22631542 1.23904798 0.68065223
v -0.22100288 1.11346870 0.68175686
v -0.13561938 1.24576132 0.68088875
v -0.19638711 1.35339275 0.67637097
v -0.08295277 1.35855960 0.65145945
v -0.30675908 1.25945649 0.65190153
v -0.28290969 1.36283615 0.65262526
v -0.28373380 1.08461392 0.65426489
v -0.30839182 0.93269228 0.63805492
v -0.38090355 1.23967395 0.60099637
v -0.40833950 1.33823999 0.56278800
v -0.39550659 1.16394579 0.56206260
v -0.39494599 0.72374622 0.65761161
v -0.31186536 0.57947337 0.74481185
v -0.19275399 0.54069600 0.78151275
v -0.43251220 0.61320163 0.63148580
v -0.30608478 0.48785992 0.70692688
v -0.41380969 0.93383332 0.52793327
v -0.40204369 0.49888113 0.63959270
v 0.01116053 0.57995945 0.78711603
v 0.03697878 0.99082692 -0.33552745
v 0.04690055 0.91425752 -0.41901055
v -0.13229000 0.95810768 -0.37443926
v -0.12809541 1.06648273 -0.24806645
v -0.02874888 1.07443524 -0.24126982
v -0.07242037 0.85168647 -0.46706219
v -0.18311883 0.85791121 -0.45064420
v -0.23767889 1.05498421 -0.21915471
v -0.28380958 0.92581442 -0.35042347
v -0.31784895 0.82954518 -0.41175341
v 0.05919728 0.81467012 -0.48232270
v 0.09976576 1.07677738 -0.19571356
v 0.23388183 0.93798956 -0.32547496
v 0.19651782 0.86716769 -0.41162306
v 0.05017366 1.20126606 -0.12976008
v -0.10469657 1.18549336 -0.18147899
v -0.18394136 1.14067481 -0.21670253
v -0.25185842 1.19860369 -0.14975218
v -0.12247118 0.75481411 -0.50412432
v 0.16636309 0.77468753 -0.46608928
v 0.31292438 0.86257815 -0.34630129
v 0.01608953 1.29309863 -0.10366659
v -0.12845453 1.30163062 -0.13112839
v -0.24535317 1.29680075 -0.11451029
v 0.00516998 0.74234739 -0.50439307
v 0.18464316 1.08543346 -0.13470333
v 0.33822896 0.95131813 -0.22753644
v 0.18888357 1.19585570 -0.03141472
v 0.34323213 0.77864208 -0.36819053
v 0.15783837 1.29048840 -0.00080945
v 0.42091824 0.84578651 -0.25845155
v 0.28109706 1.08127712 -0.02118075
v 0.38801752 0.96478525 -0.12737859
v 0.49731222 0.83664213 -0.14807134
v 0.26464050 1.19405539 0.07622638
v -0.28827268 0.72826916 -0.46512310
v 0.25136026 0.72914831 -0.42413225
v 0.24368566 1.27855310 0.12919964
v 0.44238918 0.96218969 0.00332486
v 0.31903245 1.08052221 0.06544474
v 0.48047814 0.76550534 -0.21814006
v 0.40709334 1.03037853 0.19667390
v 0.32110431 1.10276266 0.12921570
v 0.54429563 0.83498978 0.04555384
v 0.50285203 0.92286226 0.21259008
v 0.32079938 1.10264065 0.20246550
v -0.39961557 0.92055154 -0.25853193
v -0.33104227 1.03390076 -0.16878483
v -0.42956956 0.80582217 -0.33197296
v -0.32195122 1.12463779 -0.14220066
v -0.40942519 1.18507165 -0.02835949
v -0.36209760 1.29294818 -0.04587799
v 0.54126522 0.77141054 -0.05452113
v -0.36475403 0.73998414 -0.41497586
v 0.56045436 0.74354780 0.14878247
v 0.55543127 0.81376253 0.22316467
v -0.13139843 0.15847715 0.01989322
v -0.18710865 0.15115684 0.18739790
v -0.26729098 0.16225987 0.04450329
v -0.28731748 0.15201472 0.21746943
v -0.07191296 0.15898301 0.31249364
v -0.12309659 0.16587896 0.41431812
v 0.08907412 0.16410646 0.25764090
v 0.15560190 0.18815418 0.36306490
v 0.26757250 0.19778509 0.17461843
v 0.22917408 0.19033220 0.04348731
v 0.12483807 0.16702010 0.10059141
v 0.02249765 0.16080800 -0.01199520
v 0.11468968 0.20321708 -0.14155117
v -0.08765680 0.19401563 -0.16493183
v -0.04438972 0.15775435 -0.01620601
v 0.03961129 0.19827976 0.46014602
v -0.28578990 0.17610799 0.31835205
v -0.20530725 0.20692668 -0.13177359
v 0.23848049 0.21679073 -0.03116330
v -0.04586848 0.21574342 -0.20282347
v 0.24269506 0.21565271 0.30628340
v -0.06134374 0.13151238 0.23363444
v -0.14045628 0.13705467 0.13430814
v 0.00886637 0.13465650 0.24133306
v 0.06501069 0.13741390 0.19688093
v -0.30623383 0.19104386 0.01197676
v -0.06676636 0.20199338 0.47937047
v -0.19208707 0.19526299 0.43303259
v 0.14280613 0.21665552 0.42350095
v 0.09006922 0.14077894 0.11981160
v 0.05503871 0.13369175 0.04941242
v -0.00099259 0.08221156 0.03014680
v -0.08080768 0.10198496 0.04142394
v 0.07603458 0.16882362 0.22768966
v -0.03303495 0.17086139 0.29330248
v -0.08833305 0.18379113 0.42302369
v 0.12320125 0.19750896 0.36831764
v -0.15476958 0.16668458 0.22110408
v -0.26464652 0.16821989 0.27075007
v -0.26566368 0.18060320 0.01768564
v -0.14363513 0.17096423 0.03133456
v -0.16731533 0.19597086 0.42957588
v 0.04166842 0.19759121 -0.10536611
v -0.10466855 0.21149368 -0.16449450
v 0.19104507 0.19637226 0.08246992
v 0.21575716 0.20015344 0.23146810
v 0.09828602 0.17379086 0.06840475
v 0.14943927 0.19814057 -0.02778723
v -0.01408505 0.17403045 -0.02143154
v 0.26111685 0.21946308 0.09920516
v 0.18705166 0.22244321 -0.07559762
v 0.08551826 0.22325078 -0.15406184
v -0.32232726 0.19115911 0.19074743
v -0.30755208 0.19171078 0.07191471
v 0.24485788 0.22120495 0.27953679
v 0.12552568 0.21643738 0.41730292
v -0.28439249 0.19279816 0.32161978
v -0.19429874 0.22560585 -0.13478478
v -0.04765247 0.22101072 0.47807000
v -0.03585789 0.13899605 0.22867664
v 0.04298722 0.12741278 0.19742802
v 0.00244861 0.24091630 -0.19244257
v -0.08796699 0.13514377 0.19777013
v -0.27335634 0.22177839 -0.05319139
v 0.05962070 0.12158814 0.09505661
v 0.33658280 0.43383449 0.23062167
v 0.30407650 0.31855100 0.34641543
v 0.34820467 0.31203261 0.21560189
v 0.26891669 0.42191520 0.39405479
v 0.30852106 0.54372566 0.34420096
v 0.34988270 0.54673639 0.22780512
v 0.21955045 0.52611826 0.47693495
v 0.16591628 0.33311841 0.49695486
v 0.26407197 0.29965172 0.38346556
v 0.35289666 0.33586529 0.09693085
v 0.34200270 0.44595571 0.09743600
v 0.35528246 0.54491075 0.12550170
v 0.37782032 0.58000870 0.09218455
v 0.32767325 0.29102743 0.06853698
v 0.31570651 0.53397111 -0.02443588
v 0.31494718 0.43189076 -0.01828515
v 0.30920967 0.32140209 -0.04396846
v 0.32643208 0.57277994 -0.05928939
v 0.30770735 0.26267835 0.18926084
v 0.26757250 0.19778509 0.17461843
v 0.24269506 0.21565271 0.30628340
v 0.23848049 0.21679073 -0.03116330
v 0.33893062 0.55362694 0.22181128
v 0.32560132 0.44559694 0.06344500
v 0.32072918 0.44678580 0.27559091
v 0.33389905 0.55397600 0.06365326
v 0.33641321 0.33769323 0.06787808
v 0.32713883 0.32801318 0.25668752
v 0.32548619 0.30785853 0.10216388
v 0.29882046 0.55131552 0.33300508
v 0.30066295 0.32545570 0.32157688
v 0.29556653 0.55632027 -0.04745176
v 0.27309490 0.42759513 -0.07968225
v 0.29368318 0.31395207 -0.02865942
v 0.22258917 0.55318754 -0.15467796
v 0.20355317 0.32716639 -0.16243253
v 0.26111685 0.21946308 0.09920516
v 0.29038748 0.27239376 0.22672514
v 0.37089156 0.59200277 0.19380589
v 0.34248413 0.59157427 -0.01259834
v 0.24485788 0.22120495 0.27953679
v 0.20494908 0.28827423 0.41846780
v 0.24192014 0.54739566 0.43022087
v 0.23004107 0.33883618 0.42954758
v 0.22775625 0.58513690 -0.19218564
v 0.18705166 0.22244321 -0.07559762
v 0.15263581 0.52141256 0.52094028
v 0.06631798 0.43242377 -0.23607863
v -0.06920737 0.43814538 -0.25659353
v 0.06680718 0.33183423 -0.23429312
v -0.05437747 0.33511756 -0.25177923
v -0.16400635 0.33187189 -0.23633523
v -0.20574028 0.45569029 -0.23684202
v -0.02690573 0.52866729 -0.27829150
v -0.17276904 0.53026101 -0.28082223
v 0.09028751 0.54300821 -0.24345686
v 0.00244861 0.24091630 -0.19244257
v -0.27384122 0.49935235 -0.23734332
v -0.10466855 0.21149368 -0.16449450
v -0.02112334 0.56849536 -0.30871620
v 0.08551826 0.22325078 -0.15406184
v 0.22775625 0.58513690 -0.19218564
v 0.18028292 0.43663338 -0.17577837
v 0.20355317 0.32716639 -0.16243253
v 0.22258917 0.55318754 -0.15467796
v 0.27309490 0.42759513 -0.07968225
v 0.18705166 0.22244321 -0.07559762
v -0.32016251 0.40356768 -0.15519157
v -0.24355022 0.31320895 -0.18773125
v -0.19429874 0.22560585 -0.13478478
v -0.45387746 0.38462335 0.19415130
v -0.41484433 0.30661536 0.09248977
v -0.41257084 0.30480736 0.26388512
v -0.45156477 0.38923883 0.08156258
v -0.37196669 0.24921195 0.16858510
v -0.43102392 0.38625250 0.31985454
v -0.35116622 0.24925058 0.04412981
v -0.34290617 0.19145369 0.17136701
v -0.30623383 0.19104386 0.01197676
v -0.36018267 0.29202422 -0.03339387
v -0.42755294 0.39899437 -0.01088429
v -0.34786610 0.24707154 0.28851612
v -0.28578990 0.17610799 0.31835205
v -0.28731748 0.15201472 0.21746943
v -0.26729098 0.16225987 0.04450329
v -0.33141459 0.29543401 0.41644099
v -0.28891937 0.24952186 0.39649540
v -0.37271976 0.38756879 0.42649885
v -0.19208707 0.19526299 0.43303259
v -0.52932033 0.44469361 0.34758195
v -0.45516837 0.43766594 0.49890513
v -0.55454068 0.50564086 0.39722379
v -0.59241192 0.51283939 0.28581604
v -0.55860385 0.44510838 0.18599826
v -0.60032623 0.49933208 0.11471152
v -0.48360964 0.51106395 0.54374193
v -0.40204369 0.49888113 0.63959270
v -0.36814603 0.43769726 0.60137668
v -0.30608478 0.48785992 0.70692688
v -0.20606952 0.30470303 0.52529282
v -0.29162481 0.38829283 0.50847927
v -0.24293722 0.45769036 0.69452244
v -0.19275399 0.54069600 0.78151275
v -0.20790316 0.40931531 0.56689436
v -0.11138653 0.50975205 0.74769961
v 0.01116053 0.57995945 0.78711603
v -0.13907140 -0.34329898 0.04248938
v -0.11786870 -0.35521267 -0.04499542
v -0.11663639 -0.43453197 -0.04643462
v -0.13416677 -0.42368563 0.03387944
v -0.14725662 -0.52456641 0.02374607
v -0.11191028 -0.50422152 -0.07934184
v -0.14575592 -0.66835309 -0.01898120
v -0.08231458 -0.26204956 -0.03237633
v -0.07705405 -0.65036159 -0.12075088
v -0.06145082 -0.33664770 -0.10821721
v -0.06697116 -0.19622217 0.03292177
v -0.05036630 -0.50556866 -0.13737221
v -0.00680111 -0.42079562 -0.14045644
v 0.01449204 -0.66026981 -0.17097445
v -0.04950633 -0.73998557 -0.09253711
v 0.01184267 -0.36134142 -0.13852235
v 0.01639003 -0.52650790 -0.15932774
v -0.09437124 -0.75055098 -0.00375980
v -0.08667423 -0.22879156 0.10955013
v -0.06897417 -0.00298788 0.05820578
v -0.09508985 0.05632324 0.12058304
v -0.08080768 0.10198496 0.04142394
v -0.00677816 -0.07980012 0.02976938
v -0.14045628 0.13705467 0.13430814
v -0.04171759 -0.12920541 0.02903859
v -0.00081049 -0.17982220 -0.00090721
v 0.01011456 -0.26557907 -0.08815997
v -0.11558498 -0.38818012 0.11624471
v 0.01346024 -0.75892990 -0.10999802
v -0.00044130 -0.81087078 -0.00991086
v -0.03758519 0.41772928 -0.26839834
v 0.07156691 0.32419999 -0.25219550
v -0.07479465 0.31858680 -0.26768785
v -0.15191407 0.41355117 -0.25648881
v -0.15134928 0.50206402 -0.28049275
v -0.03434012 0.54336099 -0.29937663
v -0.18301619 0.31975693 -0.23925820
v -0.24605248 0.46201454 -0.23562112
v -0.23382538 0.51655385 -0.28883273
v 0.13622396 0.42209112 -0.21733474
v 0.11843963 0.54063554 -0.24225048
v 0.03054993 0.26699418 -0.21743411
v 0.23129727 0.31920760 -0.15586842
v 0.24338693 0.53373087 -0.14575253
v 0.15287521 0.30900654 -0.20627583
v 0.25775688 0.43155374 -0.11330333
v 0.18998212 0.26697869 -0.13829627
v 0.11468968 0.20321708 -0.14155117
v -0.04586848 0.21574342 -0.20282347
v 0.30920967 0.32140209 -0.04396846
v 0.23848049 0.21679073 -0.03116330
v 0.31494718 0.43189076 -0.01828515
v 0.31570651 0.53397111 -0.02443588
v -0.09574242 0.44404653 0.60161016
v -0.06483818 0.31150946 0.56590880
v 0.05556862 0.48958575 0.58467611
v 0.05926902 0.31218263 0.54540840
v 0.16591628 0.33311841 0.49695486
v 0.17771783 0.28266623 0.45915236
v 0.21955045 0.52611826 0.47693495
v 0.26407197 0.29965172 0.38346556
v 0.14280613 0.21665552 0.42350095
v 0.03961129 0.19827976 0.46014602
v -0.06676636 0.20199338 0.47937047
v 0.24269506 0.21565271 0.30628340
v 0.14660687 0.52884004 0.55064186
v 0.00638574 0.49861215 0.62804607
v 0.26643281 0.55437075 0.45997147
v -0.20606952 0.30470303 0.52529282
v -0.20790316 0.40931531 0.56689436
v -0.19208707 0.19526299 0.43303259
v 0.06407120 -0.20029158 0.10392216
v 0.13830294 -0.41000937 0.08735332
v 0.13536833 -0.32986184 0.01362521
v 0.04797494 -0.23501058 0.14499693
v 0.08120201 -0.36004951 0.15209151
v 0.04377008 0.06616523 0.17693244
v 0.08636429 -0.50549626 0.15461608
v 0.13890940 -0.54150210 0.09763484
v 0.06600572 0.07718601 0.12189238
v 0.16355938 -0.52848339 0.01195729
v 0.13972458 -0.64429786 0.00520161
v -0.00031769 -0.23010771 0.17752952
v 0.06960694 -0.65717999 0.11905526
v 0.06244028 -0.74755284 0.05543806
v 0.06501069 0.13741390 0.19688093
v 0.09006922 0.14077894 0.11981160
v 0.00886637 0.13465650 0.24133306
v 0.08629448 -0.75921296 -0.04244944
v 0.05903016 -0.19097953 0.04195529
v 0.04259442 -0.03399804 0.06844674
v 0.05503871 0.13369175 0.04941242
v -0.00044130 -0.81087078 -0.00991086
v 0.48047814 0.76550534 -0.21814006
v 0.33258537 0.68777324 -0.33945165
v 0.34323213 0.77864208 -0.36819053
v 0.41728628 0.67605747 -0.23414697
v 0.25136026 0.72914831 -0.42413225
v 0.47635492 0.68485800 -0.14542229
v 0.20915049 0.67126957 -0.40806757
v 0.07123636 0.68301586 -0.47246844
v 0.19796001 0.61976785 -0.34633328
v 0.37314309 0.61895248 -0.18117774
v 0.00773309 0.60816536 -0.41169822
v -0.10175878 0.60425744 -0.43012378
v -0.03434012 0.54336099 -0.29937663
v 0.14397652 0.58190089 -0.28203774
v 0.11843963 0.54063554 -0.24225048
v 0.25462247 0.57410116 -0.17414985
v -0.23382538 0.51655385 -0.28883273
v 0.46240057 0.62552925 0.05940227
v -0.32581029 0.56874774 -0.36873387
v -0.39371279 0.43851531 -0.13886055
v -0.19854571 0.62139987 -0.44586710
v 0.52633014 0.68749806 0.02686647
v 0.24338693 0.53373087 -0.14575253
v -0.12623608 0.68674984 -0.49426363
v 0.32643208 0.57277994 -0.05928939
v 0.31570651 0.53397111 -0.02443588
v 0.00516998 0.74234739 -0.50439307
v 0.54126522 0.77141054 -0.05452113
v 0.16636309 0.77468753 -0.46608928
v 0.56045436 0.74354780 0.14878247
v -0.44423050 0.54827149 -0.28023091
v -0.53994798 0.50444239 -0.12564179
v -0.56856593 0.60503793 -0.17668029
v -0.41856709 0.61872319 -0.36282382
v -0.61037117 0.54525867 -0.01189563
v -0.55312267 0.46581071 -0.01198854
v -0.60032623 0.49933208 0.11471152
v -0.55860385 0.44510838 0.18599826
v -0.42755294 0.39899437 -0.01088429
v -0.35072538 0.38697622 -0.12617145
v -0.45156477 0.38923883 0.08156258
v -0.45387746 0.38462335 0.19415130
v -0.52932033 0.44469361 0.34758195
v -0.43102392 0.38625250 0.31985454
v -0.24605248 0.46201454 -0.23562112
v -0.27465467 0.65630357 -0.45099650
v -0.36018267 0.29202422 -0.03339387
v -0.29302748 0.30552870 -0.15388301
v -0.23648146 0.26004054 -0.15109729
v -0.20530725 0.20692668 -0.13177359
v -0.30623383 0.19104386 0.01197676
v -0.18301619 0.31975693 -0.23925820
v -0.11093287 0.26810871 -0.21736233
v -0.04586848 0.21574342 -0.20282347
v -0.08765680 0.19401563 -0.16493183
v -0.07479465 0.31858680 -0.26768785
v -0.47854887 0.70714344 -0.31522934
v 0.03054993 0.26699418 -0.21743411
v -0.28827268 0.72826916 -0.46512310
v -0.36475403 0.73998414 -0.41497586
v -0.12247118 0.75481411 -0.50412432
v 0.37538340 0.58019027 0.29333076
v 0.37782032 0.58000870 0.09218455
v 0.45988845 0.62038752 0.32469834
v 0.37121012 0.59185242 0.47365755
v 0.26643281 0.55437075 0.45997147
v 0.14660687 0.52884004 0.55064186
v 0.23127498 0.57514161 0.63445417
v 0.00638574 0.49861215 0.62804607
v 0.04960263 0.54605070 0.73058743
v -0.11138653 0.50975205 0.74769961
v -0.20790316 0.40931531 0.56689436
v 0.42824644 0.63428954 0.49845982
v -0.24293722 0.45769036 0.69452244
v 0.32150264 0.62146107 0.62863822
v -0.36814603 0.43769726 0.60137668
v 0.53195096 0.68099444 0.28729664
v 0.17001424 0.59346289 0.72676385
v -0.29162481 0.38829283 0.50847927
v 0.30852106 0.54372566 0.34420096
v 0.34988270 0.54673639 0.22780512
v 0.21955045 0.52611826 0.47693495
v 0.35528246 0.54491075 0.12550170
v 0.01116053 0.57995945 0.78711603
v 0.51551280 0.71763938 0.41763383
v 0.14338193 0.64014450 0.77684731
v 0.37903719 0.70182714 0.62230170
v 0.28108399 0.69947831 0.71320169
v 0.47325880 0.74081254 0.51320663
v 0.54552837 0.77844014 0.33870356
v -0.30458877 0.40304652 0.48847339
v -0.32753795 0.31035112 0.41847393
v -0.37860474 0.40044322 0.40745810
v -0.22513284 0.31023635 0.50441529
v -0.23557868 0.41473438 0.54320482
v -0.37460460 0.30340453 0.33756807
v -0.26457998 0.25360049 0.40777476
v -0.16731533 0.19597086 0.42957588
v -0.28439249 0.19279816 0.32161978
v -0.32776120 0.25281691 0.31650301
v -0.13783961 0.32420103 0.54507243
v -0.04765247 0.22101072 0.47807000
v -0.10415008 0.43634878 0.58179179
v -0.09748955 0.47016164 0.60879566
v -0.02669866 0.34031924 0.56116456
v 0.03603219 0.28306677 0.51621439
v -0.08833305 0.18379113 0.42302369
v 0.02424763 0.50557139 0.58828093
v 0.11791627 0.31635901 0.50589165
v 0.12552568 0.21643738 0.41730292
v 0.20494908 0.28827423 0.41846780
v 0.23004107 0.33883618 0.42954758
v 0.15263581 0.52141256 0.52094028
v 0.24485788 0.22120495 0.27953679
v -0.44452243 0.40048366 0.07538141
v -0.38652327 0.30388439 0.03440672
v -0.40961184 0.40738987 -0.03849905
v -0.31786260 0.30666432 -0.10618241
v -0.27335634 0.22177839 -0.05319139
v -0.41761093 0.31281391 0.19227526
v -0.35546130 0.26241871 0.08081602
v -0.30755208 0.19171078 0.07191471
v -0.32232726 0.19115911 0.19074743
v -0.26566368 0.18060320 0.01768564
v -0.35674415 0.25579380 0.20938353
v -0.51808309 0.47631041 -0.07203529
v -0.56966086 0.47765477 0.09455603
v -0.58067313 0.52532236 -0.02699604
v -0.57345411 0.57327247 -0.11479747
v -0.48264347 0.57464993 -0.24784147
v -0.54078149 0.45307332 0.25694867
v -0.58104864 0.49672626 0.19464840
v -0.56176416 0.49656238 0.31857915
v -0.37460460 0.30340453 0.33756807
v -0.32776120 0.25281691 0.31650301
v -0.48819316 0.45675061 0.44336872
v -0.28439249 0.19279816 0.32161978
v -0.26464652 0.16821989 0.27075007
v -0.45419930 0.40657341 0.25365290
v -0.43239567 0.36733349 0.22601657
v -0.61283279 0.60652119 0.04945655
v -0.37860474 0.40044322 0.40745810
v -0.53629521 0.53227679 0.41990196
v -0.46185973 0.48785298 0.53332284
v -0.40351822 0.44879915 0.55190275
v -0.37229276 0.49561207 0.64473506
v -0.52080236 0.63098891 -0.23409935
v -0.19429874 0.22560585 -0.13478478
v -0.24355022 0.31320895 -0.18773125
v -0.32016251 0.40356768 -0.15519157
v -0.42111942 0.61384207 -0.33929583
v -0.44750923 0.56805022 0.59128973
v -0.43431979 0.69541152 -0.35006001
v -0.48281151 0.97975695 0.07629173
v -0.55044931 0.84077854 0.12348136
v -0.46835312 0.96349366 -0.01771744
v -0.42956010 1.02063919 -0.04078498
v -0.49799929 0.95317236 0.18915612
v -0.55489428 0.82567463 -0.02912059
v -0.50773400 0.86632447 -0.13466498
v -0.60348447 0.69539318 0.09581696
v -0.58316815 0.71942121 -0.08814218
v -0.55017227 0.80692624 0.26601457
v -0.49046008 0.93297930 0.30568070
v -0.58923847 0.64703896 0.27282278
v -0.44854314 0.93296017 0.44738825
v -0.53108101 0.74787519 0.40280369
v -0.54619917 0.72197619 -0.18694309
v -0.48923175 0.81768357 -0.23581319
v -0.49365076 1.16322031 0.27899463
v -0.49170160 1.11164807 0.14682941
v -0.48073951 1.22846106 0.17438365
v -0.48739319 1.22231749 0.35014827
v -0.46594136 1.14363955 0.05822922
v -0.45897103 1.26683436 0.06912453
v -0.58825893 0.57381722 0.28023003
v -0.45451209 1.10330805 0.43175179
v -0.52526434 0.60365550 0.46799241
v -0.46163760 1.25445357 0.46645487
v -0.49280301 1.35917794 0.35204343
v -0.49476573 1.34863899 0.19259164
v -0.49163809 1.25767332 0.20577626
v -0.45624322 1.32283984 0.08944207
v -0.46338030 1.36527740 0.46934607
v -0.47977366 0.72746876 0.52447195
v -0.38937534 1.15672134 0.55422858
v -0.38971745 0.93212597 0.54616554
v -0.40833950 1.33823999 0.56278800
v -0.41054843 0.73456278 0.62276350
v -0.34244937 0.62123481 0.70732162
v -0.40095845 0.98299761 -0.12141515
v -0.40066602 1.17785880 -0.02828056
v -0.36209760 1.29294818 -0.04587799
v -0.31092740 0.73192400 0.71503172
v -0.28743726 0.94056798 0.63715968
v -0.33372402 1.27431590 0.62634968
v -0.28079847 1.18611785 0.64548514
v -0.31197231 0.51596816 0.70428447
v -0.28290969 1.36283615 0.65262526
v -0.22832752 0.82206731 0.73224472
v -0.22051458 0.66117106 0.77820936
v -0.17358254 0.74366048 0.78060878
v -0.21726866 0.93402074 0.68406660
v -0.22783894 1.05831774 0.66644651
v -0.19271718 0.57082319 0.77449837
v -0.09394212 0.74688346 -0.48326701
v -0.16874134 0.64483428 -0.44554595
v 0.00912529 0.69394778 -0.46419346
v -0.24826548 0.70059234 -0.45815856
v -0.31427372 0.62951774 -0.40909042
v -0.01167028 0.76334144 -0.47816134
v 0.10683636 0.74601422 -0.46454527
v 0.05258775 0.65415910 -0.42975868
v 0.25918170 0.72077186 -0.39442861
v -0.03608306 0.61352874 -0.40384641
v 0.27741206 0.68383455 -0.36070635
v -0.25128600 0.57744882 -0.36819953
v -0.39675477 0.55286682 -0.29671655
v -0.27384122 0.49935235 -0.23734332
v -0.39321761 0.44469951 -0.12537579
v -0.51808309 0.47631041 -0.07203529
v -0.40961184 0.40738987 -0.03849905
v -0.42111942 0.61384207 -0.33929583
v -0.48264347 0.57464993 -0.24784147
v -0.32016251 0.40356768 -0.15519157
v 0.36580641 0.75849110 -0.32120304
v 0.46347552 0.73079911 -0.19172349
v 0.28916685 0.79317834 -0.38416513
v 0.20357112 0.63608871 -0.33644609
v -0.02112334 0.56849536 -0.30871620
v 0.22775625 0.58513690 -0.19218564
v 0.29663593 0.62807010 -0.24455436
v -0.17276904 0.53026101 -0.28082223
v 0.43060949 0.64399855 -0.08791572
v 0.34248413 0.59157427 -0.01259834
v 0.40261275 0.67248142 -0.21026982
v 0.37089156 0.59200277 0.19380589
v 0.47430365 0.65046516 0.06843185
v 0.42593687 0.62526606 0.40144164
v 0.28569372 0.57914814 0.42684698
v 0.32339106 0.60172199 0.53601289
v 0.24462635 0.59360382 0.62528297
v 0.17378675 0.55528929 0.53891115
v 0.02424763 0.50557139 0.58828093
v 0.48774233 0.66117165 0.30230700
v 0.01636357 0.55178569 0.73292479
v -0.09748955 0.47016164 0.60879566
v 0.40336098 0.64666428 0.51917824
v -0.25226134 0.46837654 0.67717389
v -0.23557868 0.41473438 0.54320482
v -0.30458877 0.40304652 0.48847339
v 0.23872028 0.62225409 0.68197513
v -0.40351822 0.44879915 0.55190275
v -0.37860474 0.40044322 0.40745810
v 0.48222250 0.68354163 0.41384508
v 0.52935852 0.71012315 0.18108475
v 0.24192014 0.54739566 0.43022087
v 0.29882046 0.55131552 0.33300508
v 0.52397843 0.73495936 -0.01747910
v -0.18479898 0.53151068 0.75356099
v 0.35868291 0.68810957 0.62143074
v 0.07387608 0.59867072 0.76008478
v 0.15263581 0.52141256 0.52094028
v 0.52227138 0.73777118 0.34837978
v -0.31197231 0.51596816 0.70428447
v -0.37229276 0.49561207 0.64473506
v 0.45813159 0.72452557 0.49824650
v -0.02403880 0.62322036 0.79593876
v 0.04298722 0.12741278 0.19742802
v 0.01785379 -0.02467275 0.12991871
v 0.00636057 0.03096078 0.16711694
v -0.03207252 -0.04365321 0.14358447
v -0.03585789 0.13899605 0.22867664
v -0.05284157 0.03748060 0.16078243
v -0.08796699 0.13514377 0.19777013
v -0.03162010 -0.05890473 0.10255308
v 0.05962070 0.12158814 0.09505661
v -0.00256431 0.12460948 0.03157843
v -0.03489397 0.02884259 0.07060491
v 0.00367439 -0.02606514 0.09367913
v -0.03162010 -0.05890473 0.10255308
v -0.08605494 0.12599360 0.05314384
v -0.01408505 0.17403045 -0.02143154
v -0.14363513 0.17096423 0.03133456
v 0.05962070 0.12158814 0.09505661
v 0.01785379 -0.02467275 0.12991871
v 0.54254065 0.77367613 0.15448171
v 0.52935852 0.71012315 0.18108475
v 0.53107026 0.79602525 0.31885977
v 0.52227138 0.73777118 0.34837978
v 0.52397843 0.73495936 -0.01747910
v 0.52256736 0.82477537 -0.01942092
v 0.53223512 0.84798822 0.19120146
v 0.46830837 0.78778012 -0.19541378
v 0.46347552 0.73079911 -0.19172349
v 0.47356907 0.86023759 -0.13529827
v 0.46811477 0.94085539 0.08838556
v 0.47526385 0.94046163 0.22538654
v 0.47734311 0.87995244 0.37901586
v 0.46370876 0.79945684 0.48657011
v 0.45813159 0.72452557 0.49824650
v 0.40572077 0.99338522 0.02760247
v 0.36686155 1.04933579 0.21136616
v 0.30132523 1.09836787 0.06970003
v 0.30031843 1.12229783 0.20604628
v 0.26153728 1.20946405 0.12845521
v 0.27085725 1.23345159 0.23944349
v 0.24368566 1.27855310 0.12919964
v 0.27553267 1.07223095 -0.02893290
v 0.38026345 0.96063338 -0.12634666
v 0.20477709 1.21424665 0.01379213
v 0.38974079 0.86634518 -0.26275101
v 0.15783837 1.29048840 -0.00080945
v 0.28811532 0.96848905 -0.22755266
v 0.19581470 1.06904757 -0.13107756
v 0.25374303 1.12503482 0.34060360
v 0.25598830 1.23510394 0.31332246
v 0.36580641 0.75849110 -0.32120304
v 0.28916685 0.79317834 -0.38416513
v 0.08629448 -0.75921296 -0.04244944
v -0.00044130 -0.81087078 -0.00991086
v 0.01346024 -0.75892990 -0.10999802
v 0.08224253 -0.68143383 -0.11375907
v 0.01449204 -0.66026981 -0.17097445
v 0.13972458 -0.64429786 0.00520161
v 0.14533903 -0.52201827 -0.06197637
v 0.16355938 -0.52848339 0.01195729
v 0.13536833 -0.32986184 0.01362521
v 0.08582744 -0.34285450 -0.09975363
v 0.01011456 -0.26557907 -0.08815997
v 0.08087414 -0.25399068 -0.03363979
v -0.00081049 -0.17982220 -0.00090721
v 0.05903016 -0.19097953 0.04195529
v 0.01184267 -0.36134142 -0.13852235
v -0.00677816 -0.07980012 0.02976938
v 0.12730153 -0.35481244 -0.03907973
v 0.04259442 -0.03399804 0.06844674
v 0.09861003 -0.41318965 -0.09884023
v 0.09893750 -0.50331601 -0.12432137
v -0.00099259 0.08221156 0.03014680
v -0.00680111 -0.42079562 -0.14045644
v 0.01639003 -0.52650790 -0.15932774
v 0.05503871 0.13369175 0.04941242
v -0.06145082 -0.33664770 -0.10821721
v -0.08080768 0.10198496 0.04142394
v -0.00044130 -0.81087078 -0.00991086
v -0.07215198 -0.74294482 0.05576344
v -0.09437124 -0.75055098 -0.00375980
v -0.00599977 -0.77477787 0.06017800
v -0.12301738 -0.66386543 0.04609613
v -0.14575592 -0.66835309 -0.01898120
v -0.14725662 -0.52456641 0.02374607
v -0.11558392 -0.52588872 0.11709476
v -0.11558498 -0.38818012 0.11624471
v -0.07029104 -0.37522160 0.16719663
v 0.00033990 -0.36035937 0.18664733
v -0.00031769 -0.23010771 0.17752952
v -0.04523704 -0.23256231 0.16655679
v -0.00396185 -0.56416663 0.16856520
v -0.02059932 0.03782496 0.20580903
v -0.06651277 -0.63575169 0.12462685
v -0.07830507 0.08402445 0.17831391
v -0.00955514 -0.68008432 0.12929809
v -0.08667423 -0.22879156 0.10955013
v -0.06134374 0.13151238 0.23363444
v 0.00886637 0.13465650 0.24133306
v -0.14045628 0.13705467 0.13430814
v 0.08636429 -0.50549626 0.15461608
v 0.06960694 -0.65717999 0.11905526
v 0.08120201 -0.36004951 0.15209151
v 0.04377008 0.06616523 0.17693244
v 0.06244028 -0.74755284 0.05543806
v -0.09508985 0.05632324 0.12058304
v -0.05284157 0.03748060 0.16078243
v -0.03207252 -0.04365321 0.14358447
v -0.06535546 0.04045088 0.10832976
v -0.03162010 -0.05890473 0.10255308
v -0.08796699 0.13514377 0.19777013
v -0.12054491 0.14361850 0.12919290
v -0.08605494 0.12599360 0.05314384
v -0.14363513 0.17096423 0.03133456
v -0.15476958 0.16668458 0.22110408
v -0.03489397 0.02884259 0.07060491
v 0.10272563 -0.43414926 0.08268746
v 0.10494395 -0.60217526 0.05532128
v 0.09126553 -0.59013714 0.09701521
v 0.09808983 -0.43019506 0.01765302
v 0.09068968 -0.60034561 0.01307017
v 0.05518819 -0.63569951 0.05956996
v 0.04994168 -0.60277130 0.11179958
v 0.00945416 -0.43371189 0.01138590
v -0.00798830 -0.58310997 0.05738540
v 0.02756089 -0.60657729 0.00376803
v -0.01087608 -0.45304508 0.05671641
v 0.05170074 -0.45022161 -0.00731591
v 0.00837432 -0.60758636 0.09488261
v 0.05518819 -0.63569951 0.05956996
v 0.00723491 -0.43080859 0.09506754
v 0.05170074 -0.45022161 -0.00731591
v 0.02756089 -0.60657729 0.00376803
v 0.09068968 -0.60034561 0.01307017
v 0.09808983 -0.43019506 0.01765302
v 0.05518819 -0.63569951 0.05956996
v 0.00723491 -0.43080859 0.09506754
v 0.04994168 -0.60277130 0.11179958
v 0.00837432 -0.60758636 0.09488261
v 0.05360324 -0.43544253 0.11613735
v 0.09126553 -0.59013714 0.09701521
v 0.10272563 -0.43414926 0.08268746
v 0.05518819 -0.63569951 0.05956996
v 0.05128213 -0.41082392 0.05516037
v 0.10272563 -0.43414926 0.08268746
v 0.05360324 -0.43544253 0.11613735
v 0.00723491 -0.43080859 0.09506754
v 0.09808983 -0.43019506 0.01765302
v 0.00945416 -0.43371189 0.01138590
v 0.05170074 -0.45022161 -0.00731591
v -0.01087608 -0.45304508 0.05671641
vt 0.24569893 0.96509129
vt 0.31451613 0.96509129
vt 0.28636274 0.96401721
vt 0.16114549 0.56252903
vt 0.13322373 0.57078630
vt 0.13965109 0.51384532
vt 0.16999865 0.50373566
vt 0.16744661 0.44193840
vt 0.14170912 0.43877554
vt 0.13589728 0.64809996
vt 0.18829010 0.49737751
vt 0.19142506 0.44095963
vt 0.18883175 0.55517000
vt 0.15964878 0.65208817
vt 0.14776069 0.62399381
vt 0.17598194 0.65239745
vt 0.22247963 0.44325352
vt 0.21918665 0.50865072
vt 0.21638507 0.56319505
vt 0.21311422 0.65691346
vt 0.23648022 0.50245351
vt 0.26612905 0.44797713
vt 0.22493511 0.59973145
vt 0.25739792 0.51381344
vt 0.25516421 0.60329944
vt 0.24398506 0.66326529
vt 0.17075676 0.66057891
vt 0.20079842 0.66113216
vt 0.13996217 0.65930361
vt 0.10447634 0.53291053
vt 0.10992638 0.44312716
vt 0.10117875 0.47841674
vt 0.10677867 0.61211455
vt 0.09134133 0.64639753
vt 0.11408655 0.65999591
vt 0.07714739 0.52999133
vt 0.07871837 0.50283760
vt 0.08289315 0.59990573
vt 0.07150183 0.45639813
vt 0.07683924 0.44391668
vt 0.06626102 0.64551872
vt 0.08341974 0.66085476
vt 0.05430515 0.48955011
vt 0.04495758 0.58864838
vt 0.03974541 0.53501266
vt 0.03826605 0.45528066
vt 0.02205943 0.49572664
vt 0.04020473 0.64543253
vt 0.01451613 0.45651478
vt 0.03406314 0.66326529
vt 0.15587109 0.77559018
vt 0.18535630 0.83536768
vt 0.17057464 0.74178177
vt 0.21559140 0.79367334
vt 0.17644134 0.86013061
vt 0.20062575 0.85397035
vt 0.14896387 0.84606600
vt 0.18867844 0.89427203
vt 0.16852894 0.88540220
vt 0.14077038 0.88707423
vt 0.21559140 0.89527392
vt 0.12724976 0.82923067
vt 0.11213310 0.75651681
vt 0.13076104 0.74714619
vt 0.11577404 0.87753481
vt 0.10513283 0.84015578
vt 0.11519581 0.72217739
vt 0.15846378 0.70703965
vt 0.14971195 0.68259937
vt 0.11084785 0.68464470
vt 0.10442439 0.88528174
vt 0.08016732 0.81990147
vt 0.09290116 0.73546386
vt 0.06888382 0.77874887
vt 0.07860266 0.87226158
vt 0.08998832 0.68282080
vt 0.07270883 0.72403967
vt 0.06946255 0.68261403
vt 0.05627235 0.83438689
vt 0.05845297 0.88642740
vt 0.04824561 0.76235944
vt 0.04169811 0.82626492
vt 0.04780964 0.68401968
vt 0.05162795 0.72964072
vt 0.03214598 0.84747440
vt 0.03117358 0.73921281
vt 0.02409544 0.79519433
vt 0.03174927 0.88841665
vt 0.01481489 0.68465686
vt 0.00698925 0.74487835
vt 0.70627910 0.21954477
vt 0.69141990 0.18943232
vt 0.74617827 0.18801254
vt 0.77723771 0.20712954
vt 0.76672661 0.23169446
vt 0.79381657 0.18141067
vt 0.82293969 0.20842326
vt 0.81550330 0.23734468
vt 0.64944941 0.21347511
vt 0.64954883 0.18990117
vt 0.67661190 0.24174654
vt 0.64368314 0.24101281
vt 0.73267168 0.25087392
vt 0.82301140 0.17871606
vt 0.61996269 0.19046640
vt 0.67185861 0.16416788
vt 0.71876347 0.16839361
vt 0.77818853 0.26406163
vt 0.82311827 0.22995788
vt 0.81970561 0.26741958
vt 0.61758465 0.24663746
vt 0.63707018 0.27256542
vt 0.75763351 0.28048301
vt 0.69632000 0.28552783
vt 0.81959200 0.29339230
vt 0.81162345 0.29942179
vt 0.75026447 0.30266649
vt 0.61644930 0.23479253
vt 0.63567209 0.15913963
vt 0.61865157 0.16846037
vt 0.76126039 0.13864881
vt 0.70598137 0.13963908
vt 0.81928480 0.14601505
vt 0.66647530 0.12935579
vt 0.61236560 0.27950937
vt 0.61928624 0.14138544
vt 0.78401285 0.12322420
vt 0.71069115 0.11304063
vt 0.64268512 0.12045670
vt 0.81979483 0.11418915
vt 0.75896627 0.10006946
vt 0.61460239 0.11517107
vt 0.65322423 0.09975064
vt 0.70600349 0.09323233
vt 0.81776309 0.08431792
vt 0.81311488 0.33351237
vt 0.68756419 0.30059105
vt 0.62560928 0.29340202
vt 0.77306801 0.32943988
vt 0.67706442 0.31934929
vt 0.72971398 0.33351237
vt 0.51291680 0.23103678
vt 0.54934227 0.19526190
vt 0.48800921 0.19669306
vt 0.57807642 0.22845316
vt 0.60029876 0.21245289
vt 0.44136804 0.20475006
vt 0.44289938 0.22496337
vt 0.39517307 0.22736388
vt 0.39766711 0.20661545
vt 0.60032296 0.23427522
vt 0.46005303 0.18066400
vt 0.39882675 0.18697274
vt 0.60382646 0.18728280
vt 0.55130005 0.16972715
vt 0.50323856 0.24285781
vt 0.57817310 0.24640584
vt 0.39308006 0.25199389
vt 0.45358256 0.25059795
vt 0.42357501 0.28451645
vt 0.60074103 0.26618487
vt 0.50051707 0.27503133
vt 0.56460196 0.26863617
vt 0.46092924 0.28085715
vt 0.39356139 0.28645968
vt 0.58225763 0.28251672
vt 0.60393554 0.28755248
vt 0.41211990 0.16329926
vt 0.40141287 0.16783899
vt 0.46096751 0.15661073
vt 0.49078134 0.15861005
vt 0.57586354 0.15999538
vt 0.60539514 0.17015356
vt 0.54296553 0.14999640
vt 0.40715078 0.13635004
vt 0.42577475 0.13914657
vt 0.57070613 0.13979530
vt 0.44761807 0.12048793
vt 0.41359442 0.10479379
vt 0.50593811 0.10382491
vt 0.45842835 0.09613317
vt 0.60936546 0.14820910
vt 0.61559141 0.14111751
vt 0.39301077 0.31334949
vt 0.50474823 0.29458708
vt 0.58179945 0.30130243
vt 0.44849500 0.32545877
vt 0.51179790 0.31380022
vt 0.39425808 0.33956271
vt 0.60220331 0.31483328
vt 0.55238181 0.32631910
vt 0.48248902 0.35005069
vt 0.45913020 0.37314224
vt 0.39652833 0.36454141
vt 0.54832876 0.36073744
vt 0.60831338 0.33852232
vt 0.51346850 0.36714733
vt 0.39979935 0.38614392
vt 0.60618067 0.31180888
vt 0.60462004 0.21065283
vt 0.60234755 0.23067170
vt 0.61559141 0.34679234
vt 0.53694642 0.50853252
vt 0.54602885 0.53286123
vt 0.50740051 0.54161882
vt 0.50801939 0.48302102
vt 0.53174925 0.45147449
vt 0.50867182 0.58359230
vt 0.53610903 0.58454537
vt 0.55069041 0.48129952
vt 0.54300177 0.40852582
vt 0.50814730 0.40849692
vt 0.50542891 0.61177772
vt 0.55196959 0.61166328
vt 0.55798459 0.56800038
vt 0.56734282 0.48802900
vt 0.50820202 0.62129271
vt 0.54049611 0.62220865
vt 0.56454462 0.40985239
vt 0.58544838 0.41274971
vt 0.57812297 0.60356164
vt 0.48511150 0.48906630
vt 0.48578128 0.51639980
vt 0.48484978 0.58482003
vt 0.46498036 0.40673178
vt 0.52391237 0.40440387
vt 0.46296215 0.53824270
vt 0.46292302 0.47627944
vt 0.47492984 0.61988729
vt 0.46490675 0.58785218
vt 0.43875167 0.40755510
vt 0.43531331 0.45380020
vt 0.43316478 0.50224328
vt 0.41414231 0.40774071
vt 0.45281142 0.62097687
vt 0.41201752 0.47139418
vt 0.42915308 0.59544015
vt 0.43428141 0.62362486
vt 0.41988128 0.55216259
vt 0.39323151 0.46193469
vt 0.38223773 0.41193449
vt 0.52767879 0.62259376
vt 0.55783999 0.62781954
vt 0.55807185 0.62343585
vt 0.41387251 0.62676990
vt 0.38621381 0.56438982
vt 0.39522478 0.52736139
vt 0.37714669 0.53012758
vt 0.37086150 0.44932443
vt 0.35975879 0.47842610
vt 0.34892473 0.41845232
vt 0.39361075 0.62781954
vt 0.47312316 0.62473029
vt 0.60345972 0.46655381
vt 0.59152913 0.50753999
vt 0.60806453 0.41687763
vt 0.58011961 0.62328315
vt 0.52755052 0.62758964
vt 0.50290608 0.62659764
vt 0.69475347 0.61064827
vt 0.73536497 0.61341751
vt 0.74226606 0.59413397
vt 0.67831177 0.59102517
vt 0.70908254 0.56388009
vt 0.76466930 0.57644880
vt 0.64508957 0.56552202
vt 0.64401996 0.60563719
vt 0.61442298 0.58033514
vt 0.75300229 0.55263680
vt 0.78246534 0.55028057
vt 0.61154670 0.55213785
vt 0.81566161 0.57993650
vt 0.81414586 0.55311155
vt 0.64406890 0.54528111
vt 0.71184826 0.54232663
vt 0.77447391 0.61187893
vt 0.61875278 0.60911888
vt 0.67368001 0.62560588
vt 0.77939427 0.52439743
vt 0.72756124 0.52060896
vt 0.67555970 0.51607281
vt 0.64700168 0.51591891
vt 0.81252533 0.52596313
vt 0.81756216 0.50643146
vt 0.61368269 0.51516378
vt 0.76644558 0.50215966
vt 0.71520746 0.49972057
vt 0.78667712 0.50344056
vt 0.65938431 0.49140859
vt 0.61417407 0.49113387
vt 0.81274313 0.50104594
vt 0.81276894 0.59936672
vt 0.82043183 0.59892851
vt 0.72853619 0.63042003
vt 0.81369090 0.47345924
vt 0.79086107 0.47005975
vt 0.68813735 0.45741713
vt 0.73609251 0.45997703
vt 0.61328751 0.45580792
vt 0.65873426 0.45481467
vt 0.66698611 0.44360614
vt 0.77764976 0.62770313
vt 0.62303513 0.63835162
vt 0.81754088 0.62315214
vt 0.82419354 0.62325084
vt 0.68377644 0.64393127
vt 0.61027420 0.52179998
vt 0.61021507 0.45884460
vt 0.62726867 0.42160797
vt 0.61391866 0.42406845
vt 0.81689930 0.47805756
vt 0.81715471 0.46255827
vt 0.69999450 0.43330371
vt 0.79484457 0.44830036
vt 0.74301994 0.43343234
vt 0.81754386 0.45254827
vt 0.66407347 0.40443510
vt 0.61455482 0.39473689
vt 0.80222064 0.42780566
vt 0.81938148 0.43799281
vt 0.70706528 0.40598136
vt 0.82419354 0.43779004
vt 0.29904550 0.06251043
vt 0.29346129 0.10354996
vt 0.27859798 0.06773835
vt 0.26843348 0.11635518
vt 0.32913381 0.08407015
vt 0.32642803 0.02571934
vt 0.29220128 0.03104365
vt 0.34710020 0.05624551
vt 0.30299547 0.02112210
vt 0.33140522 0.12091422
vt 0.36105397 0.03454834
vt 0.36397851 0.10167044
vt 0.26489896 0.02665448
vt 0.26739118 0.01352108
vt 0.25863069 0.06188762
vt 0.23848015 0.00956684
vt 0.23914371 0.11882752
vt 0.25983122 0.17737979
vt 0.22972851 0.20841563
vt 0.23555619 0.06710178
vt 0.21405627 0.20658696
vt 0.21866745 0.00755829
vt 0.19434848 0.14709818
vt 0.19198848 0.20831168
vt 0.19816473 0.10416508
vt 0.20579281 0.04839796
vt 0.19826122 0.00611675
vt 0.21338132 0.21643394
vt 0.19351788 0.21371490
vt 0.13326162 0.16148031
vt 0.10319656 0.17814666
vt 0.11027000 0.13874352
vt 0.12176963 0.05867320
vt 0.09943393 0.06038964
vt 0.14880627 0.10321265
vt 0.08661425 0.00053704
vt 0.12439977 0.00174773
vt 0.14158544 0.00213373
vt 0.13309650 0.20488250
vt 0.10501767 0.20468968
vt 0.15309338 0.15100938
vt 0.15708645 0.20509315
vt 0.07962885 0.08618772
vt 0.08353846 0.14167428
vt 0.04454266 0.00473660
vt 0.05434632 0.10709077
vt 0.07210685 0.17908925
vt 0.13458161 0.21230185
vt 0.06557442 0.21643394
vt 0.05185013 0.15734524
vt 0.02121838 0.00866377
vt 0.01764295 0.07502729
vt 0.00053763 0.01129657
vt 0.10296192 0.21361482
vt 0.17830071 0.09838253
vt 0.17745790 0.00280654
vt 0.15625843 0.21349591
vt 0.90722483 0.41816330
vt 0.95108300 0.41444743
vt 0.92011982 0.41324878
vt 0.92684221 0.38135886
vt 0.95605993 0.38840818
vt 0.92889720 0.35869932
vt 0.95111215 0.33936977
vt 0.92247671 0.31368196
vt 0.96181107 0.27849102
vt 0.93728048 0.26191247
vt 0.91398448 0.27647245
vt 0.91257155 0.24955505
vt 0.92832458 0.22652686
vt 0.95875603 0.24825180
vt 0.93410498 0.21430629
vt 0.91328865 0.21573603
vt 0.90437406 0.23370266
vt 0.96974325 0.32242918
vt 0.97799414 0.37020361
vt 0.98025292 0.41197979
vt 0.89216566 0.28995848
vt 0.88762265 0.33607113
vt 0.88663226 0.25759792
vt 0.88647252 0.37703842
vt 0.88868666 0.41634732
vt 0.89099509 0.21958572
vt 0.87177932 0.27952868
vt 0.96872973 0.21103483
vt 0.97881049 0.24959701
vt 0.99946237 0.41092205
vt 0.99946237 0.27072644
vt 0.87755769 0.22134638
vt 0.85546112 0.25430322
vt 0.86290371 0.22187245
vt 0.86204392 0.35569012
vt 0.86771327 0.41725016
vt 0.85324013 0.28328001
vt 0.84068775 0.32188332
vt 0.84059346 0.22387582
vt 0.84215397 0.21733296
vt 0.84564221 0.38075662
vt 0.84543669 0.41836739
vt 0.82341164 0.35682619
vt 0.83032399 0.26279414
vt 0.81938165 0.31037652
vt 0.80913979 0.41596580
vt 0.95977050 0.20784104
vt 0.10356674 0.67052591
vt 0.14462365 0.68045115
vt 0.10830668 0.67540216
vt 0.07792360 0.67675722
vt 0.07886612 0.66970998
vt 0.03817204 0.68045115
vt 0.48655915 0.40009856
vt 0.46611893 0.40440387
vt 0.42718467 0.40155202
vt 0.29919642 0.24131787
vt 0.30412281 0.27556419
vt 0.30013147 0.27768236
vt 0.29408601 0.24190742
vt 0.29617348 0.22467232
vt 0.31107625 0.29942369
vt 0.30214909 0.21456391
vt 0.30332398 0.18715119
vt 0.30574325 0.29816520
vt 0.31388545 0.31705147
vt 0.30744800 0.18869060
vt 0.31789076 0.16564327
vt 0.32037774 0.31822371
vt 0.32135367 0.14832449
vt 0.32841140 0.14626825
vt 0.35091731 0.11436296
vt 0.35106999 0.12096721
vt 0.37851897 0.10395056
vt 0.33102188 0.33482540
vt 0.32405686 0.33430833
vt 0.34290826 0.35033607
vt 0.34262279 0.35708058
vt 0.36807734 0.37068790
vt 0.37146801 0.37969279
vt 0.39296871 0.39037156
vt 0.39003724 0.09371728
vt 0.40139925 0.09495872
vt 0.42005739 0.08455461
vt 0.42701027 0.08860373
vt 0.47028011 0.08109558
vt 0.48655915 0.08588183
vt 0.39625689 0.38694590
vt 0.41405720 0.39411819
vt 0.44263479 0.39996862
vt 0.33624291 0.12954581
vt 0.83494622 0.08324385
vt 0.78927439 0.07778555
vt 0.79216337 0.07250267
vt 0.77077717 0.07464945
vt 0.76291174 0.08041406
vt 0.74354839 0.08324385
vt 0.84177393 0.96723950
vt 0.80483872 0.97046185
vt 0.86720431 0.97046185
vt 0.32113928 0.21314347
vt 0.32514596 0.19343567
vt 0.31814274 0.20245200
vt 0.33477044 0.16344666
vt 0.33316422 0.17466557
vt 0.34384930 0.15953004
vt 0.35645160 0.14161986
vt 0.35180739 0.13909775
vt 0.31810889 0.26254940
vt 0.32137048 0.28659451
vt 0.32543048 0.28271008
vt 0.34020001 0.31722105
vt 0.31246150 0.26729310
vt 0.31307280 0.23861074
vt 0.30913979 0.23625803
vt 0.34175408 0.30996817
vt 0.35645160 0.32599354
vt 0.31182069 0.19913650
vt 0.32357380 0.16999167
vt 0.33505464 0.31964278
vt 0.76505375 0.63211602
vt 0.80913979 0.63211602
vt 0.79793495 0.62781954
vt 0.72271013 0.36492699
vt 0.70324260 0.35442817
vt 0.74735731 0.36984622
vt 0.73401749 0.37192464
vt 0.74678254 0.37836528
vt 0.76612902 0.38614392
vt 0.65714252 0.35407138
vt 0.67051059 0.34747583
vt 0.68307781 0.35180241
vt 0.62403429 0.35947609
vt 0.70619023 0.35060441
vt 0.62851906 0.36487466
vt 0.61358720 0.37325865
vt 0.59408605 0.38614392
vt 0.59896529 0.36843109
vt 0.68661165 0.38077337
vt 0.71905077 0.38407254
vt 0.69540441 0.38435400
vt 0.72385502 0.38911688
vt 0.74892473 0.39473689
vt 0.65748048 0.38408983
vt 0.66736382 0.38559616
vt 0.63172042 0.39473689
vt 0.63677394 0.38896298
vt 0.65215051 0.08754027
vt 0.66097045 0.07968086
vt 0.67275858 0.08451420
vt 0.68829942 0.08126438
vt 0.70967257 0.07787323
vt 0.70834684 0.08452410
vt 0.72526884 0.08754027
vt 0.68672490 0.08610898
vt 0.33387098 0.51157856
vt 0.33766139 0.50501776
vt 0.33434239 0.47792351
vt 0.33752644 0.48302400
vt 0.34031948 0.46318609
vt 0.33852708 0.52651721
vt 0.34354839 0.54940921
vt 0.34354839 0.44629431
vt 0.55923778 0.96732658
vt 0.53747565 0.96401721
vt 0.53660131 0.96878058
vt 0.57120401 0.96455801
vt 0.59566784 0.97438252
vt 0.51583296 0.96827185
vt 0.51570058 0.97293633
vt 0.48548388 0.98442537
vt 0.60117441 0.97094643
vt 0.62419355 0.98442537
vt 0.49601507 0.97509855
vt 0.70691466 0.98525620
vt 0.73172045 0.99087006
vt 0.70571685 0.98256254
vt 0.68187433 0.98603654
vt 0.67905700 0.98227710
vt 0.65322578 0.99087006
vt 0.92115664 0.08563370
vt 0.92298222 0.06206143
vt 0.89575642 0.06418359
vt 0.89310348 0.08356160
vt 0.88338894 0.06208968
vt 0.88729006 0.09681994
vt 0.86985278 0.07841837
vt 0.86941600 0.05534065
vt 0.91349745 0.10671681
vt 0.86964625 0.09464157
vt 0.85215056 0.08273888
vt 0.85444105 0.07330692
vt 0.85248345 0.05717808
vt 0.85258693 0.03735274
vt 0.89975047 0.04078799
vt 0.87177855 0.03653204
vt 0.92374295 0.04460329
vt 0.96421063 0.05124801
vt 0.97465521 0.08230656
vt 0.97951686 0.04800630
vt 0.99551463 0.07833767
vt 0.98278403 0.11048722
vt 0.96955210 0.09689373
vt 0.96827358 0.12658018
vt 0.95137322 0.09173256
vt 0.95399421 0.12188286
vt 0.99699455 0.05796337
vt 0.95810336 0.03192002
vt 0.94956630 0.14513713
vt 0.98749948 0.12944388
vt 0.92343181 0.02758735
vt 0.85778463 0.01950902
vt 0.88619530 0.01972288
vt 0.97785479 0.01269531
vt 0.99558580 0.02977526
vt 0.87412840 0.01241863
vt 0.95870060 0.00590765
vt 0.99731183 0.10791790
vt 0.93305665 0.14079404
vt 0.95796764 0.15660781
vt 0.97381890 0.15739119
vt 0.89170820 0.12223774
vt 0.86514461 0.11200625
vt 0.90292174 0.13148916
vt 0.93155593 0.15796626
vt 0.85319161 0.10128289
vt 0.99731183 0.00768119
vt 0.87159568 0.12574279
vt 0.95036858 0.18207359
vt 0.93109310 0.18471491
vt 0.91129345 0.17148852
vt 0.88747871 0.15851277
vt 0.87363011 0.15170681
vt 0.85232490 0.12927818
vt 0.93611062 0.20629174
vt 0.91825128 0.20676690
vt 0.34057790 0.87080199
vt 0.34369555 0.88439065
vt 0.32081109 0.87458867
vt 0.32176507 0.89904279
vt 0.36517793 0.88868409
vt 0.31909627 0.84975296
vt 0.36441475 0.84186924
vt 0.37084135 0.86434406
vt 0.38477299 0.84753311
vt 0.34920093 0.83272910
vt 0.36449784 0.81784338
vt 0.38442951 0.82423705
vt 0.38893363 0.87277561
vt 0.33790952 0.80038393
vt 0.32312211 0.81822836
vt 0.31038418 0.82201803
vt 0.35747641 0.78766388
vt 0.37786576 0.79863405
vt 0.31227851 0.78953934
vt 0.29898643 0.80055183
vt 0.33353400 0.77282494
vt 0.35530987 0.91465318
vt 0.38478988 0.89714795
vt 0.40044522 0.87049156
vt 0.34458917 0.91055787
vt 0.32024392 0.91697985
vt 0.40171823 0.84524649
vt 0.30219740 0.83028048
vt 0.29182103 0.82216311
vt 0.33778948 0.93161738
vt 0.40227726 0.82418257
vt 0.39094847 0.79815632
vt 0.39349112 0.92413861
vt 0.40727565 0.90308458
vt 0.41122779 0.86876589
vt 0.41563579 0.89864939
vt 0.28833795 0.84961182
vt 0.30548173 0.85368729
vt 0.28957930 0.88636845
vt 0.30256715 0.88518977
vt 0.30181754 0.90906817
vt 0.28548387 0.90833896
vt 0.29885110 0.93591356
vt 0.28706774 0.94404942
vt 0.31664091 0.94215578
vt 0.37794390 0.93317503
vt 0.40665919 0.93353796
vt 0.35823280 0.93044281
vt 0.42215043 0.92981237
vt 0.42069983 0.87998575
vt 0.41644609 0.84712648
vt 0.30257273 0.95327604
vt 0.42976922 0.92910820
vt 0.43387097 0.95327604
vt 0.49535412 0.83629620
vt 0.51799428 0.80383718
vt 0.49204803 0.81587470
vt 0.53115547 0.82272416
vt 0.52736574 0.85168892
vt 0.49983153 0.85899705
vt 0.54232460 0.81279194
vt 0.55068398 0.84889609
vt 0.52626801 0.87855488
vt 0.54716206 0.86971116
vt 0.46938637 0.85507834
vt 0.46633792 0.83572668
vt 0.46986559 0.87387145
vt 0.53770375 0.78678840
vt 0.45881069 0.80726039
vt 0.53648710 0.89535141
vt 0.50543302 0.89291376
vt 0.49263883 0.88316154
vt 0.47753268 0.89640087
vt 0.55783808 0.80981272
vt 0.55254334 0.89675367
vt 0.46207309 0.88614589
vt 0.45350707 0.84780675
vt 0.56428927 0.86663377
vt 0.52158248 0.91167247
vt 0.56494051 0.88207877
vt 0.56827849 0.84497809
vt 0.53927422 0.91168660
vt 0.48658982 0.91256750
vt 0.45585376 0.90866601
vt 0.47369063 0.91729867
vt 0.55297142 0.91657478
vt 0.49724832 0.91590816
vt 0.52958119 0.93302917
vt 0.44820234 0.81810451
vt 0.51042682 0.93050212
vt 0.53979504 0.93791580
vt 0.56523865 0.91157621
vt 0.45048997 0.87355435
vt 0.44724083 0.89348292
vt 0.43924731 0.91502780
vt 0.48860872 0.93658674
vt 0.45320472 0.92933029
vt 0.52143312 0.95381260
vt 0.47507927 0.94406348
vt 0.55065340 0.94686580
vt 0.50317502 0.95972073
vt 0.57043010 0.81464231
vt 0.57043010 0.92958063
vt 0.56389612 0.95134389
vt 0.86659116 0.80468881
vt 0.85502744 0.80567729
vt 0.86295593 0.82208455
vt 0.84898150 0.77639973
vt 0.88181823 0.80788910
vt 0.88586962 0.78138363
vt 0.87025607 0.77823651
vt 0.88766378 0.74567634
vt 0.87639999 0.74072558
vt 0.85726607 0.75281626
vt 0.85703784 0.77213025
vt 0.83758074 0.75264382
vt 0.85669446 0.72199976
vt 0.88598597 0.81916034
vt 0.86852831 0.83457237
vt 0.87386549 0.84503442
vt 0.90161288 0.83114374
vt 0.79174024 0.70383042
vt 0.76690716 0.71093565
vt 0.77959853 0.72774065
vt 0.77347147 0.68768948
vt 0.80448639 0.72091639
vt 0.78205472 0.67708492
vt 0.79927409 0.68012595
vt 0.82950950 0.71243697
vt 0.82831323 0.69377279
vt 0.78928602 0.75111371
vt 0.81234020 0.73865938
vt 0.83093774 0.72912377
vt 0.77482975 0.75293958
vt 0.80671364 0.75969362
vt 0.78899527 0.77378547
vt 0.76265073 0.74824297
vt 0.77079654 0.77657288
vt 0.79089928 0.79059672
vt 0.81406099 0.79495049
vt 0.81742024 0.77759790
vt 0.80235958 0.82311994
vt 0.77262217 0.80035919
vt 0.78268021 0.82487607
vt 0.82646799 0.83049959
vt 0.81721061 0.84929252
vt 0.79846793 0.85466784
vt 0.85420007 0.84748262
vt 0.83236957 0.86041003
vt 0.78412920 0.84354645
vt 0.81327444 0.87025350
vt 0.83362705 0.89419979
vt 0.80818105 0.88798523
vt 0.87736493 0.69885314
vt 0.85648704 0.69637257
vt 0.87646830 0.71446204
vt 0.89414865 0.70619845
vt 0.89407939 0.72526163
vt 0.88361567 0.68525380
vt 0.89914471 0.69241583
vt 0.85424954 0.68301862
vt 0.83005714 0.67168510
vt 0.88418084 0.66947103
vt 0.90161288 0.66611660
vt 0.87279624 0.66082579
vt 0.79655540 0.65184033
vt 0.76856232 0.66614783
vt 0.75700414 0.68590724
vt 0.78031427 0.63963479
vt 0.75322580 0.66032004
vt 0.83729333 0.64595228
vt 0.76020348 0.64038801
vt 0.75595051 0.72323495
vt 0.90843350 0.57046658
vt 0.88970381 0.57216793
vt 0.90485466 0.60166878
vt 0.93261904 0.59703344
vt 0.93169981 0.57818472
vt 0.88034123 0.59487534
vt 0.88586724 0.61361200
vt 0.93717808 0.61767238
vt 0.90740758 0.62920362
vt 0.88980031 0.63848883
vt 0.87033850 0.57296461
vt 0.93288785 0.55288470
vt 0.89647084 0.53647602
vt 0.88007975 0.54662120
vt 0.95795977 0.55904353
vt 0.95523483 0.58874226
vt 0.94797444 0.60426682
vt 0.96394646 0.61455882
vt 0.86504549 0.60670060
vt 0.86291605 0.55378950
vt 0.88268000 0.52370232
vt 0.97408277 0.56429547
vt 0.97656971 0.58993286
vt 0.98042375 0.61008531
vt 0.85919201 0.58421189
vt 0.93798298 0.53437054
vt 0.90512335 0.51371020
vt 0.96332186 0.52914798
vt 0.86837494 0.51793432
vt 0.97972441 0.53476566
vt 0.88674653 0.50011414
vt 0.94684631 0.50941592
vt 0.91609538 0.49870872
vt 0.89522141 0.47941530
vt 0.97213471 0.50820273
vt 0.86995125 0.63715208
vt 0.85752690 0.53588772
vt 0.98870969 0.51023233
vt 0.92884952 0.47889447
vt 0.95525295 0.49533927
vt 0.87886733 0.48351860
vt 0.96150190 0.46770364
vt 0.96493942 0.48968673
vt 0.91591823 0.45339233
vt 0.94765413 0.44707441
vt 0.97435606 0.48209184
vt 0.92054176 0.65127194
vt 0.94246507 0.63600975
vt 0.89930755 0.66111708
vt 0.95637012 0.63007832
vt 0.97623366 0.64650816
vt 0.98870969 0.63160104
vt 0.89650488 0.45901120
vt 0.87821430 0.65121239
vt 0.91615373 0.42947602
vt 0.93368548 0.42803437
vt 0.18904889 0.32834816
vt 0.20157865 0.35522854
vt 0.21387586 0.33022195
vt 0.22001079 0.35911947
vt 0.18141431 0.37738144
vt 0.19157156 0.39435112
vt 0.15142536 0.36952132
vt 0.13996601 0.38830262
vt 0.11774193 0.35744631
vt 0.12385871 0.33508366
vt 0.14318463 0.34361565
vt 0.16080865 0.32491869
vt 0.14267708 0.30328083
vt 0.17878743 0.29732424
vt 0.17284837 0.32364577
vt 0.16178110 0.40448916
vt 0.22096774 0.37698352
vt 0.20056854 0.30056572
vt 0.12058005 0.32219863
vt 0.17065148 0.29054779
vt 0.12263451 0.38010019
vt 0.17883837 0.36339289
vt 0.19268556 0.34676063
vt 0.16636510 0.36511272
vt 0.15598720 0.35852325
vt 0.22096774 0.32303482
vt 0.18176614 0.40762621
vt 0.20500578 0.39833915
vt 0.14172970 0.39981747
vt 0.15060750 0.34642804
vt 0.15609124 0.33561325
vt 0.16684474 0.33749747
vt 0.17891009 0.33578813
vt 0.09004845 0.93151975
vt 0.09391360 0.95339894
vt 0.11127191 0.97036755
vt 0.11560672 0.93147606
vt 0.07483838 0.96953005
vt 0.07540580 0.99133945
vt 0.03423494 0.97525108
vt 0.04497166 0.95529526
vt 0.10755140 0.98447710
vt 0.03570434 0.91521847
vt 0.01583619 0.93596679
vt 0.07522066 0.90325713
vt 0.10006481 0.90806448
vt 0.06669880 0.91824520
vt 0.05534085 0.90295988
vt 0.04511401 0.92994887
vt 0.08259841 0.89205158
vt 0.05036744 0.89285821
vt 0.03062923 0.90412092
vt 0.05811574 0.99654740
vt 0.03992490 0.98624653
vt 0.10991564 0.90546322
vt 0.12419355 0.93364161
vt 0.08291700 0.99838883
vt 0.01344086 0.95318252
vt 0.12419355 0.96652532
vt 0.08272593 0.94988340
vt 0.08163811 0.93641055
vt 0.01766771 0.91511691
vt 0.07455958 0.95631397
vt 0.02041317 0.97212821
vt 0.06820870 0.92949033
vt 0.16665979 0.95114344
vt 0.18870810 0.93458349
vt 0.18575437 0.95640528
vt 0.17357403 0.92166126
vt 0.15118785 0.92877775
vt 0.14742020 0.94972593
vt 0.15927479 0.90197599
vt 0.19364820 0.89957035
vt 0.19472392 0.92668211
vt 0.18051137 0.97430503
vt 0.16255048 0.97340703
vt 0.14587986 0.96728003
vt 0.13817205 0.97248125
vt 0.18808162 0.97964060
vt 0.14657117 0.99433273
vt 0.16423440 0.99394548
vt 0.18289526 0.99870026
vt 0.13871275 0.99946296
vt 0.19594224 0.96084321
vt 0.20886423 0.96405113
vt 0.20913978 0.94050473
vt 0.20520234 0.99946296
vt 0.65565133 0.91844398
vt 0.68343216 0.93584704
vt 0.64798677 0.93754947
vt 0.68322754 0.91721511
vt 0.68226576 0.95321703
vt 0.65295726 0.95634240
vt 0.67727530 0.95844704
vt 0.63524604 0.92147404
vt 0.64228576 0.95826536
vt 0.70421535 0.91777974
vt 0.70941061 0.94051164
vt 0.69834697 0.95782959
vt 0.72720486 0.92047215
vt 0.72517282 0.96034366
vt 0.67949879 0.97664911
vt 0.65750664 0.96747464
vt 0.66033846 0.90962553
vt 0.69553453 0.90923738
vt 0.64823502 0.97905481
vt 0.62180805 0.97112000
vt 0.61567527 0.92538303
vt 0.62044537 0.96074718
vt 0.73279572 0.91397828
vt 0.71166819 0.97905481
vt 0.59408605 0.93377024
vt 0.34168676 0.72905332
vt 0.36662206 0.72846794
vt 0.34202605 0.74556875
vt 0.36299601 0.74530149
vt 0.38183835 0.74777204
vt 0.39184079 0.72839516
vt 0.35981479 0.71221995
vt 0.38621461 0.71359414
vt 0.33717325 0.71002698
vt 0.35187933 0.76285046
vt 0.40467668 0.72176147
vt 0.37081614 0.77042073
vt 0.35990563 0.70375520
vt 0.33576262 0.76707774
vt 0.31043124 0.70300752
vt 0.31846163 0.73003834
vt 0.31539744 0.74888295
vt 0.30844599 0.71098828
vt 0.29516128 0.73373961
vt 0.31385985 0.77175081
vt 0.41451612 0.74247807
vt 0.39679983 0.75450462
vt 0.38776258 0.77175081
vt 0.94350493 0.89331406
vt 0.95900834 0.90931696
vt 0.95814216 0.88146764
vt 0.94406492 0.91221976
vt 0.97055858 0.89632106
vt 0.94470662 0.87188232
vt 0.97388679 0.91706574
vt 0.98114908 0.89537662
vt 0.98681694 0.92170852
vt 0.96784014 0.93071967
vt 0.94602871 0.92826724
vt 0.97247958 0.87604994
vt 0.98839170 0.87012589
vt 0.99240983 0.88713336
vt 0.99516129 0.91610694
vt 0.96651256 0.85412490
vt 0.97756445 0.85584480
vt 0.94950241 0.85145658
vt 0.99516129 0.84525114
vt 0.92388314 0.87228835
vt 0.92962134 0.84421754
vt 0.91193920 0.86485648
vt 0.90913981 0.88476831
vt 0.92391455 0.90015680
vt 0.91353321 0.91353613
vt 0.91601294 0.83722633
vt 0.92526495 0.81709784
vt 0.93805104 0.82252485
vt 0.93698359 0.79927772
vt 0.97848493 0.82803982
vt 0.95811015 0.83300340
vt 0.94986111 0.79642433
vt 0.94488358 0.77380002
vt 0.96422994 0.81583196
vt 0.96218091 0.77111280
vt 0.97278464 0.74597210
vt 0.69180417 0.89275634
vt 0.69911522 0.88085824
vt 0.71098161 0.88545084
vt 0.70365846 0.89745706
vt 0.71987849 0.90350652
vt 0.72368926 0.88532680
vt 0.74503124 0.90568113
vt 0.68445796 0.87452102
vt 0.74883270 0.88519204
vt 0.70022446 0.86649239
vt 0.66877872 0.87780482
vt 0.72895139 0.87194443
vt 0.71745479 0.86074376
vt 0.75754029 0.86927736
vt 0.76364589 0.89019930
vt 0.70894736 0.85445756
vt 0.73625398 0.86127192
vt 0.76220340 0.90708917
vt 0.66884518 0.89277315
vt 0.63456440 0.87138110
vt 0.62126195 0.88013065
vt 0.61707985 0.86479318
vt 0.65094101 0.86335421
vt 0.60483873 0.88107646
vt 0.65787971 0.87102407
vt 0.66766280 0.86391383
vt 0.68611521 0.85621667
vt 0.69148761 0.90708917
vt 0.77273959 0.88233936
vt 0.78118277 0.90024859
vt 0.44056234 0.05465412
vt 0.42011902 0.04029101
vt 0.44577703 0.03710198
vt 0.46154991 0.05174762
vt 0.46268725 0.06760639
vt 0.44185853 0.07679915
vt 0.46575037 0.03496581
vt 0.48010752 0.05738008
vt 0.47780347 0.07023704
vt 0.40800902 0.05665392
vt 0.41262841 0.07679915
vt 0.42485702 0.02783781
vt 0.38943675 0.03947115
vt 0.38497218 0.07487708
vt 0.40464926 0.03806710
vt 0.38022697 0.05724078
vt 0.39350620 0.02898359
vt 0.40503874 0.01624835
vt 0.43630975 0.01557463
vt 0.36691922 0.03756523
vt 0.37549573 0.01710528
vt 0.36129299 0.05583161
vt 0.36075270 0.07311094
vt 0.92367446 0.67842281
vt 0.93040121 0.70075494
vt 0.95134139 0.67063946
vt 0.95218438 0.70092833
vt 0.97297895 0.70000249
vt 0.97597444 0.71063942
vt 0.98681992 0.66874248
vt 0.99623656 0.71420413
vt 0.97085905 0.72394931
vt 0.95095605 0.72475851
vt 0.93136996 0.72384351
vt 0.99604166 0.73415685
vt 0.96909785 0.66480035
vt 0.94061673 0.66621137
vt 0.99604166 0.66433942
vt 0.90515423 0.70619959
vt 0.90376341 0.68735045
vt 0.90826583 0.73030496
vt 0.23116390 0.93118602
vt 0.22985269 0.89372641
vt 0.21620302 0.90547895
vt 0.23999764 0.92678094
vt 0.24237034 0.90505016
vt 0.23696046 0.97746724
vt 0.24726906 0.88124585
vt 0.23510291 0.87339431
vt 0.22664492 0.97829682
vt 0.22012343 0.87225693
vt 0.22535144 0.85285062
vt 0.25000000 0.92964470
vt 0.24850638 0.85486823
vt 0.24323238 0.83703995
vt 0.23810291 0.98979592
vt 0.22469699 0.98965132
vt 0.25000000 0.98730880
vt 0.22736649 0.82996732
vt 0.22040753 0.93187666
vt 0.22010611 0.95806199
vt 0.21236560 0.98498535
vt 0.24192435 0.81793767
vt 0.13629706 0.21555483
vt 0.10685581 0.23704523
vt 0.10042294 0.22223294
vt 0.12980212 0.23370838
vt 0.08520410 0.23733473
vt 0.14774016 0.23020178
vt 0.08572081 0.24996382
vt 0.06258125 0.26236105
vt 0.09434365 0.26029682
vt 0.13433030 0.24823099
vt 0.06645593 0.28079462
vt 0.05274867 0.29323161
vt 0.07729139 0.30001545
vt 0.09815335 0.27552819
vt 0.10188299 0.28548992
vt 0.12505776 0.26922536
vt 0.05654348 0.32693952
vt 0.17873120 0.24972987
vt 0.03579095 0.32698005
vt 0.05447675 0.36398804
vt 0.03937238 0.30254990
vt 0.17841308 0.23277444
vt 0.12894535 0.27711213
vt 0.03792220 0.28528965
vt 0.14925541 0.26703680
vt 0.15399207 0.27501583
vt 0.04667886 0.26256597
vt 0.16749200 0.21535981
vt 0.06690191 0.24025875
vt 0.20230983 0.22737753
vt 0.03042915 0.34920597
vt 0.03234044 0.37726212
vt 0.01574152 0.37151408
vt 0.02204116 0.33530092
vt 0.02561074 0.39755219
vt 0.04001063 0.39323431
vt 0.03790520 0.41421628
vt 0.05169262 0.42073756
vt 0.06062344 0.38445878
vt 0.06561489 0.36314023
vt 0.06365490 0.39887518
vt 0.07001185 0.41473269
vt 0.06475032 0.44199789
vt 0.08006117 0.43134260
vt 0.06316128 0.33655149
vt 0.02751097 0.30909681
vt 0.07926654 0.37832785
vt 0.08064923 0.35745478
vt 0.09139261 0.35414249
vt 0.10113821 0.35548019
vt 0.09749844 0.38238037
vt 0.08665175 0.33651340
vt 0.10078198 0.33331424
vt 0.11391170 0.33061963
vt 0.11347999 0.34004694
vt 0.09673157 0.32169688
vt 0.00591398 0.34280109
vt 0.11610624 0.31613094
vt 0.01669803 0.30479920
vt 0.00952432 0.31803328
vt 0.02987630 0.27787942
vt 0.21268059 0.28040731
vt 0.17792144 0.26845890
vt 0.22298995 0.26491022
vt 0.24458505 0.28823590
vt 0.23785031 0.30880940
vt 0.25102600 0.33531463
vt 0.26936299 0.31945992
vt 0.26211619 0.36544913
vt 0.28333813 0.35719174
vt 0.28347695 0.39019668
vt 0.24471799 0.40964991
vt 0.25213495 0.27659369
vt 0.27027577 0.41695631
vt 0.27198637 0.30030113
vt 0.25226134 0.44199789
vt 0.22175503 0.24659854
vt 0.28614208 0.33206064
vt 0.23281378 0.42627442
vt 0.21781732 0.29714525
vt 0.19879992 0.28411824
vt 0.23813932 0.31992030
vt 0.18131982 0.27740651
vt 0.29613671 0.36417198
vt 0.24566247 0.25080192
vt 0.29946238 0.33527315
vt 0.27857232 0.28313220
vt 0.29415333 0.30390555
vt 0.26379663 0.25907660
vt 0.23666988 0.23395872
vt 0.79318285 0.91548866
vt 0.78846437 0.93495518
vt 0.77520651 0.92299318
vt 0.81036729 0.92782742
vt 0.80794126 0.90932846
vt 0.77473116 0.94358104
vt 0.79972398 0.94476622
vt 0.81928158 0.95130777
vt 0.79282290 0.96186894
vt 0.78245759 0.95385206
vt 0.82640052 0.92296451
vt 0.84175837 0.94398153
vt 0.83243406 0.90339231
vt 0.83366567 0.89605492
vt 0.84570956 0.91991651
vt 0.85655248 0.93157816
vt 0.83343965 0.95462155
vt 0.85632795 0.89312565
vt 0.87130046 0.92763370
vt 0.87476295 0.94964647
vt 0.89017087 0.93840623
vt 0.89501905 0.92944419
vt 0.88191342 0.89509642
vt 0.90483868 0.96186894
vt 0.56610304 0.67854834
vt 0.55537707 0.66074485
vt 0.54560250 0.68022388
vt 0.52858442 0.66004574
vt 0.53326374 0.64187282
vt 0.58273309 0.65925378
vt 0.56070411 0.64991832
vt 0.55554861 0.63562196
vt 0.57622707 0.63196224
vt 0.54371262 0.63220990
vt 0.58255631 0.64400738
vt 0.54754871 0.70351392
vt 0.57584333 0.70177692
vt 0.55965525 0.71312070
vt 0.54840040 0.72330600
vt 0.52197015 0.72705281
vt 0.59897935 0.69061071
vt 0.59125984 0.70153213
vt 0.60937685 0.69662040
vt 0.60685116 0.64822233
vt 0.60104048 0.63620794
vt 0.62844712 0.68284100
vt 0.59910190 0.62256002
vt 0.58897120 0.61815250
vt 0.59665108 0.67404324
vt 0.59055650 0.66724885
vt 0.57410038 0.72283679
vt 0.62369907 0.66082817
vt 0.62613910 0.69712204
vt 0.64420825 0.68296391
vt 0.64891696 0.67082286
vt 0.66823006 0.67565393
vt 0.52975053 0.73598397
vt 0.51336992 0.63806832
vt 0.50939089 0.65740424
vt 0.52002078 0.67624265
vt 0.50483871 0.73846197
vt 0.65718192 0.69269699
vt 0.50837827 0.75212651
vt 0.59217417 0.78405982
vt 0.59383595 0.75661683
vt 0.57531261 0.78557813
vt 0.57312912 0.79786432
vt 0.61020547 0.77398282
vt 0.56919700 0.75899327
vt 0.55297607 0.77110833
vt 0.58380359 0.73409629
vt 0.55728781 0.74381948
vt 0.61477548 0.74519163
vt 0.62919343 0.76508164
vt 0.60800844 0.72044265
vt 0.65457428 0.75793099
vt 0.63351673 0.72979891
vt 0.54145581 0.74811101
vt 0.53413492 0.76676315
vt 0.63512713 0.80521858
vt 0.61051208 0.80250287
vt 0.62017608 0.82091230
vt 0.64975208 0.81222320
vt 0.59674942 0.81229961
vt 0.60396385 0.83205771
vt 0.60625738 0.70969146
vt 0.65962827 0.78789127
vt 0.63652408 0.70529509
vt 0.67138803 0.81246769
vt 0.65587121 0.83513218
vt 0.62874854 0.84021384
vt 0.62695348 0.82459331
vt 0.60934746 0.84052777
vt 0.67667478 0.83098114
vt 0.65316761 0.72066414
vt 0.68632889 0.79027468
vt 0.67475796 0.75226814
vt 0.69402671 0.82128882
vt 0.67262638 0.71618873
vt 0.68508697 0.69328213
vt 0.55766499 0.79804307
vt 0.58061653 0.82394522
vt 0.58053643 0.84479052
vt 0.69501472 0.70969617
vt 0.69946659 0.74740911
vt 0.70769852 0.80556548
vt 0.71263248 0.78794789
vt 0.68415612 0.67469001
vt 0.72204304 0.81720328
vt 0.71248788 0.72211462
vt 0.71117121 0.69339478
vt 0.72204304 0.70593053
vt 0.71416575 0.74270123
vt 0.71655285 0.76393783
vt 0.71105748 0.67697597
vt 0.47834855 0.71034366
vt 0.46800032 0.73005784
vt 0.46159601 0.69834918
vt 0.48225805 0.73917222
vt 0.47387034 0.75590640
vt 0.47366744 0.69577068
vt 0.45952109 0.67893016
vt 0.45048672 0.69549471
vt 0.43661037 0.65928203
vt 0.45033222 0.71284598
vt 0.42784733 0.66094583
vt 0.45921955 0.75034869
vt 0.45978242 0.77876478
vt 0.43838346 0.76502800
vt 0.42941329 0.79337025
vt 0.43642598 0.81686360
vt 0.41749433 0.80409229
vt 0.47279283 0.77843982
vt 0.46324793 0.79596925
vt 0.42182997 0.77984953
vt 0.42093265 0.64111978
vt 0.39390862 0.63269913
vt 0.43891299 0.64596784
vt 0.42633620 0.67647582
vt 0.43333426 0.71738452
vt 0.40093753 0.68122238
vt 0.40685627 0.66566449
vt 0.43837178 0.74498379
vt 0.37653661 0.64813983
vt 0.36685455 0.66771370
vt 0.39767370 0.64702338
vt 0.33154139 0.66763425
vt 0.34971628 0.64429218
vt 0.29576883 0.66005540
vt 0.29353631 0.68648469
vt 0.27459064 0.67989123
vt 0.25961366 0.69421792
vt 0.27499950 0.70797163
vt 0.26711676 0.73668700
vt 0.31060365 0.64585245
vt 0.24125382 0.73609388
vt 0.26368952 0.75966370
vt 0.27600917 0.66367435
vt 0.24979641 0.78648454
vt 0.27436817 0.78666645
vt 0.28182051 0.80065602
vt 0.24874178 0.69382650
vt 0.26642439 0.81686360
vt 0.29277396 0.81650877
vt 0.29174516 0.64681381
vt 0.32942984 0.63226467
vt 0.29403263 0.69605684
vt 0.31026506 0.68542814
vt 0.36299792 0.62674546
vt 0.23478335 0.77230203
vt 0.25633126 0.66835940
vt 0.23467982 0.72387153
vt 0.27977481 0.71384728
vt 0.30033490 0.63328713
vt 0.24013516 0.79680592
vt 0.24940246 0.80912721
vt 0.27531913 0.64701474
vt 0.22419354 0.74010885
vt 0.83562326 0.58822274
vt 0.85206705 0.56511414
vt 0.84221911 0.57122219
vt 0.84656602 0.55701131
vt 0.82190627 0.58105391
vt 0.83392841 0.56411833
vt 0.81666666 0.57163572
vt 0.85322583 0.55370569
vt 0.85322583 0.59129965
vt 0.36723232 0.31174439
vt 0.38092151 0.29894376
vt 0.37958184 0.28718472
vt 0.38763440 0.28454363
vt 0.38208935 0.31754589
vt 0.36365166 0.32372928
vt 0.38763440 0.32921588
vt 0.35645160 0.30021358
vt 0.37572700 0.28195488
vt 0.58956635 0.02232367
vt 0.59723783 0.01334304
vt 0.61438912 0.03491169
vt 0.62300199 0.02783138
vt 0.56303686 0.00831234
vt 0.55955648 0.02261722
vt 0.59154749 0.03583729
vt 0.53044826 0.01213181
vt 0.53134775 0.00268531
vt 0.53838903 0.02502996
vt 0.56942940 0.04809898
vt 0.59136653 0.05501145
vt 0.61962938 0.05408174
vt 0.64231431 0.04868478
vt 0.64999998 0.03806436
vt 0.55483532 0.05729604
vt 0.57956833 0.07902861
vt 0.55169404 0.08383888
vt 0.57282043 0.09444273
vt 0.55559158 0.10605717
vt 0.57298839 0.11425126
vt 0.55297101 0.11769217
vt 0.53450763 0.07734364
vt 0.53055692 0.04658872
vt 0.53362274 0.10530066
vt 0.51254898 0.02563339
vt 0.52641535 0.11868960
vt 0.50728017 0.05070782
vt 0.51187831 0.07883596
vt 0.59518421 0.10311389
vt 0.58481961 0.11868960
vt 0.50224054 0.00688386
vt 0.48440862 0.01316160
vt 0.31385222 0.40243733
vt 0.30672762 0.38506985
vt 0.29620630 0.40123701
vt 0.30417657 0.41678894
vt 0.28861615 0.41918290
vt 0.32684276 0.42125952
vt 0.31793696 0.44204253
vt 0.33064517 0.44096839
vt 0.32748139 0.47446299
vt 0.30668518 0.47066641
vt 0.29827619 0.48704028
vt 0.31419402 0.48661941
vt 0.30815691 0.50569087
vt 0.32167956 0.50194401
vt 0.29175520 0.46994817
vt 0.31268856 0.52389449
vt 0.31897858 0.46915472
vt 0.32594496 0.53043014
vt 0.30797750 0.45949310
vt 0.30520853 0.44499564
vt 0.31774732 0.55310011
vt 0.28770602 0.45991921
vt 0.28952155 0.44147170
vt 0.33064517 0.56122446
vt 0.28118280 0.48057908
vt 0.30220518 0.55874819
vt 0.66290325 0.03917843
vt 0.67955959 0.04919213
vt 0.67242765 0.05677855
vt 0.67541528 0.03823048
vt 0.68937463 0.06030732
vt 0.68348980 0.07020772
vt 0.70863599 0.07357681
vt 0.71370620 0.05818766
vt 0.73526275 0.06386197
vt 0.73930150 0.05235022
vt 0.74337912 0.03991067
vt 0.76502943 0.04256403
vt 0.76412630 0.05128109
vt 0.71127850 0.03734934
vt 0.81450099 0.04534531
vt 0.69846618 0.04733628
vt 0.82206362 0.05886775
vt 0.69289678 0.03762174
vt 0.76364940 0.06434131
vt 0.83279568 0.05128461
vt 0.83262134 0.03848624
vt 0.83107466 0.07357681
vt 0.72109532 0.02201933
vt 0.69529617 0.02386147
vt 0.74506181 0.02450204
vt 0.81728387 0.03106618
vt 0.67687106 0.02590787
vt 0.81523860 0.06890398
vt 0.36326027 0.96798909
vt 0.36014226 0.95347327
vt 0.35387093 0.96968764
vt 0.35274959 0.95112783
vt 0.37003914 0.98635447
vt 0.35788420 0.99076802
vt 0.34389248 0.98501694
vt 0.34032258 0.99731469
vt 0.37473118 0.99731469
vt 0.34682897 0.96517193
vt 0.40118426 0.98657358
vt 0.42789578 0.97677189
vt 0.42840004 0.98428118
vt 0.39838710 0.97560740
vt 0.42733347 0.96938777
vt 0.43817204 0.97576863
vt 0.43692669 0.98657358
vt 0.76001287 0.85445756
vt 0.75198984 0.82964498
vt 0.76268578 0.82512432
vt 0.75130659 0.85119539
vt 0.76827955 0.85141551
vt 0.74607813 0.82433093
vt 0.75454593 0.81578946
vt 0.74354839 0.85445756
vt 0.68947279 0.66863590
vt 0.66284078 0.66863590
vt 0.66562682 0.65682060
vt 0.69408602 0.65933067
vt 0.65430105 0.66014510
vt 0.36505377 0.26799142
vt 0.35538557 0.23964399
vt 0.36370534 0.23854023
vt 0.35556263 0.26756382
vt 0.34724349 0.24190688
vt 0.34462366 0.26799142
vt 0.35683286 0.22932333
vt 0.49911544 0.70743746
vt 0.50474888 0.71697098
vt 0.49351698 0.71697098
vt 0.48815531 0.70884407
vt 0.51021504 0.70678270
vt 0.49665466 0.69656283
vt 0.50589919 0.69726121
vt 0.48763442 0.70020694
f 110/110 98/98 109/109
f 109/109 98/98 97/97
f 98/98 95/95 97/97
f 115/115 108/108 110/110
f 110/110 108/108 98/98
f 98/98 108/108 95/95
f 95/95 94/94 97/97
f 97/97 94/94 96/96
f 97/97 96/96 104/104
f 115/115 116/116 108/108
f 108/108 103/103 95/95
f 477/477 478/478 479/479
f 308/308 307/307 290/290
f 307/307 285/285 290/290
f 526/526 523/523 525/525
f 525/525 523/523 524/524
f 96/96 94/94 93/93
f 523/523 520/520 524/524
f 523/523 518/518 520/520
f 113/113 103/103 108/108
f 103/103 101/101 95/95
f 95/95 91/91 94/94
f 94/94 91/91 93/93
f 136/136 116/116 115/115
f 116/116 117/117 113/113
f 299/299 289/289 300/300
f 95/95 101/101 91/91
f 104/104 96/96 123/123
f 136/136 117/117 116/116
f 427/427 428/428 429/429
f 310/310 308/308 299/299
f 117/117 114/114 113/113
f 113/113 114/114 103/103
f 103/103 114/114 101/101
f 91/91 92/92 93/93
f 93/93 92/92 107/107
f 93/93 107/107 96/96
f 96/96 107/107 121/121
f 518/518 519/519 520/520
f 96/96 121/121 123/123
f 136/136 139/139 117/117
f 91/91 101/101 99/99
f 520/520 519/519 521/521
f 521/521 519/519 522/522
f 123/123 127/127 130/130
f 309/309 300/300 301/301
f 117/117 137/137 114/114
f 301/301 300/300 297/297
f 114/114 112/112 101/101
f 112/112 102/102 101/101
f 101/101 102/102 99/99
f 91/91 99/99 92/92
f 107/107 92/92 106/106
f 123/123 121/121 127/127
f 430/430 431/431 427/427
f 49/49 46/46 47/47
f 583/583 589/589 581/581
f 585/585 583/583 582/582
f 583/583 581/581 582/582
f 99/99 100/100 92/92
f 582/582 581/581 578/578
f 92/92 100/100 106/106
f 427/427 429/429 430/430
f 139/139 141/141 117/117
f 117/117 141/141 137/137
f 114/114 137/137 112/112
f 297/297 298/298 313/313
f 588/588 599/599 583/583
f 599/599 600/600 583/583
f 588/588 583/583 585/585
f 583/583 600/600 589/589
f 589/589 597/597 581/581
f 585/585 582/582 584/584
f 581/581 597/597 580/580
f 578/578 581/581 580/580
f 584/584 582/582 578/578
f 578/578 580/580 579/579
f 107/107 106/106 122/122
f 102/102 112/112 111/111
f 111/111 99/99 102/102
f 1141/1141 1140/1140 1143/1143
f 1143/1143 1144/1144 1145/1145
f 1145/1145 1144/1144 1146/1146
f 1004/1004 1003/1003 1002/1002
f 578/578 579/579 577/577
f 579/579 580/580 586/586
f 121/121 122/122 128/128
f 121/121 131/131 127/127
f 121/121 128/128 131/131
f 141/141 140/140 137/137
f 598/598 588/588 585/585
f 598/598 585/585 568/568
f 99/99 111/111 105/105
f 568/568 585/585 584/584
f 1235/1235 1249/1249 1240/1240
f 1002/1002 1003/1003 999/999
f 584/584 578/578 561/561
f 106/106 100/100 119/119
f 561/561 578/578 577/577
f 130/130 127/127 131/131
f 138/138 125/125 112/112
f 112/112 125/125 111/111
f 604/604 608/608 599/599
f 604/604 599/599 588/588
f 598/598 604/604 588/588
f 111/111 118/118 105/105
f 568/568 584/584 560/560
f 560/560 584/584 561/561
f 100/100 105/105 119/119
f 576/576 561/561 577/577
f 579/579 586/586 594/594
f 46/46 39/39 43/43
f 137/137 140/140 138/138
f 298/298 296/296 314/314
f 603/603 598/598 568/568
f 565/565 568/568 563/563
f 569/569 565/565 566/566
f 563/563 568/568 560/560
f 570/570 566/566 571/571
f 570/570 569/569 566/566
f 566/566 565/565 564/564
f 565/565 563/563 564/564
f 560/560 562/562 563/563
f 571/571 566/566 567/567
f 560/560 561/561 562/562
f 119/119 105/105 120/120
f 567/567 566/566 564/564
f 564/564 563/563 562/562
f 572/572 571/571 567/567
f 1241/1241 1251/1251 1244/1244
f 106/106 119/119 124/124
f 576/576 577/577 587/587
f 577/577 579/579 587/587
f 122/122 124/124 128/128
f 535/535 541/541 540/540
f 609/609 608/608 604/604
f 1255/1255 1237/1237 1238/1238
f 601/601 603/603 568/568
f 1234/1234 1235/1235 1223/1223
f 570/570 602/602 569/569
f 569/569 601/601 565/565
f 601/601 568/568 565/565
f 1223/1223 1235/1235 1239/1239
f 571/571 572/572 570/570
f 119/119 120/120 126/126
f 572/572 567/567 573/573
f 567/567 564/564 575/575
f 564/564 562/562 575/575
f 562/562 574/574 575/575
f 562/562 561/561 574/574
f 561/561 576/576 574/574
f 119/119 126/126 124/124
f 573/573 567/567 575/575
f 1001/1001 999/999 1000/1000
f 587/587 579/579 593/593
f 130/130 131/131 135/135
f 1255/1255 1238/1238 1259/1259
f 604/604 598/598 603/603
f 607/607 601/601 569/569
f 1234/1234 1223/1223 1225/1225
f 605/605 602/602 570/570
f 1266/1266 1262/1262 1279/1279
f 1239/1239 1244/1244 1247/1247
f 576/576 587/587 590/590
f 593/593 579/579 594/594
f 131/131 128/128 134/134
f 89/89 90/90 86/86
f 254/254 255/255 216/216
f 48/48 41/41 50/50
f 609/609 614/614 608/608
f 609/609 604/604 610/610
f 610/610 604/604 603/603
f 1326/1326 1329/1329 1328/1328
f 1264/1264 1268/1268 1299/1299
f 1328/1328 1329/1329 1330/1330
f 983/983 981/981 980/980
f 980/980 981/981 982/982
f 980/980 982/982 985/985
f 272/272 276/276 292/292
f 574/574 576/576 590/590
f 575/575 574/574 592/592
f 124/124 126/126 129/129
f 573/573 575/575 591/591
f 575/575 592/592 595/595
f 590/590 587/587 596/596
f 124/124 133/133 128/128
f 90/90 87/87 86/86
f 220/220 216/216 219/219
f 220/220 254/254 216/216
f 713/713 703/703 705/705
f 716/716 713/713 705/705
f 610/610 603/603 611/611
f 607/607 612/612 601/601
f 613/613 602/602 605/605
f 990/990 989/989 983/983
f 983/983 989/989 981/981
f 1223/1223 1247/1247 1248/1248
f 574/574 590/590 592/592
f 591/591 575/575 595/595
f 587/587 593/593 596/596
f 593/593 594/594 606/606
f 134/134 128/128 133/133
f 535/535 540/540 536/536
f 319/319 314/314 320/320
f 1331/1331 1332/1332 1326/1326
f 1148/1148 1155/1155 1147/1147
f 1291/1291 1283/1283 1301/1301
f 985/985 982/982 995/995
f 1247/1247 1244/1244 1250/1250
f 777/777 786/786 781/781
f 543/543 546/546 544/544
f 216/216 255/255 221/221
f 321/321 315/315 319/319
f 1328/1328 1330/1330 1333/1333
f 1283/1283 1300/1300 1301/1301
f 1224/1224 1228/1228 1233/1233
f 1224/1224 1233/1233 1229/1229
f 982/982 984/984 991/991
f 985/985 995/995 997/997
f 1362/1362 1361/1361 1359/1359
f 780/780 786/786 777/777
f 775/775 779/779 778/778
f 784/784 787/787 782/782
f 781/781 784/784 782/782
f 81/81 87/87 82/82
f 86/86 87/87 81/81
f 31/31 32/32 39/39
f 219/219 216/216 211/211
f 528/528 531/531 530/530
f 706/706 715/715 701/701
f 715/715 719/719 718/718
f 835/835 796/796 797/797
f 835/835 836/836 796/796
f 700/700 714/714 698/698
f 981/981 989/989 986/986
f 986/986 988/988 987/987
f 1228/1228 1242/1242 1233/1233
f 1233/1233 1242/1242 1243/1243
f 995/995 991/991 996/996
f 1204/1204 1201/1201 1200/1200
f 780/780 777/777 774/774
f 775/775 778/778 774/774
f 778/778 780/780 774/774
f 87/87 85/85 82/82
f 781/781 782/782 742/742
f 715/715 707/707 701/701
f 715/715 718/718 707/707
f 706/706 701/701 697/697
f 712/712 699/699 710/710
f 989/989 988/988 986/986
f 991/991 992/992 996/996
f 997/997 995/995 1010/1010
f 129/129 132/132 133/133
f 1361/1361 1374/1374 1373/1373
f 774/774 777/777 776/776
f 777/777 781/781 743/743
f 781/781 742/742 743/743
f 84/84 86/86 81/81
f 543/543 544/544 545/545
f 86/86 84/84 83/83
f 535/535 536/536 537/537
f 216/216 204/204 210/210
f 36/36 33/33 38/38
f 204/204 216/216 215/215
f 221/221 257/257 244/244
f 221/221 244/244 214/214
f 534/534 530/530 532/532
f 1318/1318 1326/1326 1325/1325
f 703/703 697/697 694/694
f 1326/1326 1327/1327 1325/1325
f 1326/1326 1328/1328 1327/1327
f 1128/1128 1153/1153 1148/1148
f 1328/1328 1333/1333 1327/1327
f 712/712 700/700 699/699
f 1226/1226 1224/1224 1227/1227
f 1231/1231 1243/1243 1245/1245
f 1204/1204 1200/1200 1205/1205
f 1010/1010 995/995 1009/1009
f 1359/1359 1361/1361 1357/1357
f 1361/1361 1373/1373 1357/1357
f 537/537 536/536 538/538
f 215/215 221/221 214/214
f 530/530 531/531 532/532
f 1153/1153 1156/1156 1148/1148
f 700/700 698/698 688/688
f 1258/1258 1226/1226 1257/1257
f 1226/1226 1227/1227 1256/1256
f 1155/1155 1158/1158 1159/1159
f 710/710 699/699 709/709
f 898/898 897/897 884/884
f 897/897 883/883 884/884
f 1231/1231 1245/1245 1246/1246
f 1359/1359 1357/1357 1358/1358
f 85/85 88/88 80/80
f 774/774 776/776 769/769
f 82/82 85/85 79/79
f 777/777 743/743 745/745
f 782/782 785/785 783/783
f 742/742 782/782 740/740
f 81/81 82/82 79/79
f 81/81 79/79 74/74
f 203/203 210/210 204/204
f 1318/1318 1325/1325 1315/1315
f 1325/1325 1327/1327 1341/1341
f 702/702 694/694 686/686
f 967/967 977/977 962/962
f 699/699 700/700 688/688
f 1226/1226 1256/1256 1257/1257
f 1227/1227 1230/1230 1232/1232
f 996/996 992/992 998/998
f 1200/1200 1202/1202 1205/1205
f 995/995 996/996 998/998
f 1010/1010 1009/1009 1013/1013
f 79/79 85/85 80/80
f 775/775 774/774 772/772
f 774/774 769/769 772/772
f 769/769 776/776 770/770
f 776/776 777/777 745/745
f 776/776 745/745 770/770
f 545/545 544/544 548/548
f 83/83 84/84 77/77
f 537/537 538/538 539/539
f 207/207 210/210 203/203
f 215/215 209/209 204/204
f 215/215 214/214 209/209
f 532/532 531/531 533/533
f 686/686 694/694 685/685
f 967/967 962/962 964/964
f 977/977 978/978 962/962
f 691/691 699/699 688/688
f 709/709 699/699 691/691
f 884/884 883/883 882/882
f 740/740 782/782 783/783
f 545/545 548/548 549/549
f 84/84 81/81 77/77
f 78/78 83/83 77/77
f 701/701 707/707 690/690
f 685/685 697/697 690/690
f 697/697 701/701 690/690
f 1318/1318 1315/1315 1317/1317
f 797/797 796/796 791/791
f 962/962 978/978 961/961
f 908/908 884/884 902/902
f 883/883 901/901 886/886
f 1205/1205 1202/1202 1206/1206
f 1355/1355 1358/1358 1357/1357
f 743/743 742/742 737/737
f 77/77 81/81 74/74
f 243/243 258/258 242/242
f 1315/1315 1325/1325 1323/1323
f 791/791 796/796 792/792
f 805/805 806/806 804/804
f 698/698 686/686 687/687
f 688/688 698/698 687/687
f 885/885 884/884 882/882
f 1211/1211 1203/1203 1212/1212
f 769/769 771/771 772/772
f 769/769 770/770 771/771
f 79/79 80/80 75/75
f 745/745 743/743 737/737
f 72/72 79/79 75/75
f 742/742 740/740 737/737
f 226/226 211/211 212/212
f 211/211 207/207 212/212
f 203/203 204/204 205/205
f 690/690 707/707 695/695
f 1317/1317 1315/1315 1314/1314
f 688/688 687/687 682/682
f 978/978 979/979 961/961
f 691/691 688/688 682/682
f 709/709 691/691 708/708
f 902/902 884/884 888/888
f 884/884 885/885 887/887
f 883/883 886/886 880/880
f 1084/1084 1086/1086 1070/1070
f 771/771 770/770 732/732
f 770/770 745/745 744/744
f 745/745 737/737 744/744
f 740/740 783/783 738/738
f 74/74 79/79 72/72
f 77/77 74/74 73/73
f 1325/1325 1341/1341 1338/1338
f 675/675 686/686 678/678
f 964/964 962/962 958/958
f 888/888 884/884 887/887
f 1016/1016 1017/1017 1018/1018
f 1018/1018 1021/1021 1020/1020
f 1021/1021 1022/1022 1020/1020
f 1016/1016 1018/1018 1019/1019
f 1018/1018 1020/1020 1019/1019
f 1459/1459 1456/1456 1458/1458
f 1460/1460 1459/1459 1458/1458
f 1019/1019 1020/1020 1043/1043
f 1462/1462 1460/1460 1461/1461
f 1460/1460 1458/1458 1461/1461
f 1016/1016 1019/1019 1043/1043
f 1489/1489 1490/1490 1487/1487
f 883/883 880/880 882/882
f 1085/1085 1084/1084 1069/1069
f 1069/1069 1084/1084 1070/1070
f 1357/1357 1354/1354 1355/1355
f 775/775 772/772 773/773
f 770/770 744/744 732/732
f 1357/1357 1368/1368 1354/1354
f 78/78 77/77 76/76
f 76/76 77/77 73/73
f 205/205 204/204 208/208
f 1323/1323 1325/1325 1338/1338
f 962/962 961/961 958/958
f 958/958 961/961 960/960
f 961/961 979/979 968/968
f 1021/1021 1024/1024 1022/1022
f 1030/1030 1033/1033 1022/1022
f 1023/1023 1017/1017 1016/1016
f 1023/1023 1016/1016 1026/1026
f 1458/1458 1456/1456 1455/1455
f 1489/1489 1487/1487 1488/1488
f 1039/1039 1037/1037 1036/1036
f 1034/1034 1016/1016 1043/1043
f 1487/1487 1490/1490 1486/1486
f 1475/1475 1481/1481 1470/1470
f 744/744 737/737 741/741
f 737/737 740/740 738/738
f 73/73 74/74 72/72
f 550/550 548/548 553/553
f 212/212 207/207 206/206
f 206/206 203/203 205/205
f 214/214 218/218 217/217
f 217/217 218/218 242/242
f 690/690 695/695 679/679
f 969/969 964/964 963/963
f 963/963 964/964 958/958
f 960/960 961/961 968/968
f 708/708 691/691 692/692
f 692/692 691/691 682/682
f 1017/1017 1023/1023 1025/1025
f 1026/1026 1034/1034 1035/1035
f 1016/1016 1034/1034 1026/1026
f 1037/1037 1035/1035 1036/1036
f 1036/1036 1035/1035 1034/1034
f 1458/1458 1455/1455 1469/1469
f 1461/1461 1458/1458 1469/1469
f 1481/1481 1472/1472 1470/1470
f 1472/1472 1462/1462 1463/1463
f 907/907 882/882 904/904
f 882/882 880/880 879/879
f 1206/1206 1209/1209 1210/1210
f 773/773 772/772 771/771
f 72/72 75/75 66/66
f 208/208 209/209 213/213
f 209/209 214/214 213/213
f 213/213 214/214 217/217
f 1314/1314 1315/1315 1316/1316
f 678/678 685/685 679/679
f 678/678 674/674 675/675
f 960/960 968/968 966/966
f 887/887 885/885 893/893
f 1392/1392 1390/1390 1391/1391
f 1470/1470 1472/1472 1466/1466
f 1472/1472 1463/1463 1466/1466
f 1462/1462 1461/1461 1463/1463
f 1461/1461 1469/1469 1463/1463
f 1473/1473 1470/1470 1468/1468
f 1215/1215 1206/1206 1210/1210
f 411/411 402/402 396/396
f 773/773 771/771 728/728
f 728/728 771/771 732/732
f 1370/1370 1354/1354 1368/1368
f 1370/1370 1368/1368 1376/1376
f 1012/1012 1014/1014 1015/1015
f 738/738 783/783 788/788
f 76/76 73/73 70/70
f 226/226 212/212 225/225
f 212/212 206/206 222/222
f 1314/1314 1316/1316 1319/1319
f 679/679 695/695 693/693
f 1316/1316 1315/1315 1321/1321
f 1315/1315 1323/1323 1321/1321
f 678/678 679/679 674/674
f 792/792 793/793 789/789
f 682/682 675/675 680/680
f 1023/1023 1041/1041 1042/1042
f 1023/1023 1026/1026 1041/1041
f 1391/1391 1390/1390 1386/1386
f 1488/1488 1484/1484 1491/1491
f 1469/1469 1455/1455 1471/1471
f 1471/1471 1455/1455 1457/1457
f 1463/1463 1469/1469 1467/1467
f 1466/1466 1463/1463 1465/1465
f 1463/1463 1464/1464 1465/1465
f 1468/1468 1470/1470 1466/1466
f 882/882 879/879 904/904
f 1355/1355 1354/1354 1352/1352
f 732/732 744/744 748/748
f 741/741 737/737 739/739
f 737/737 738/738 739/739
f 73/73 72/72 63/63
f 206/206 223/223 222/222
f 206/206 205/205 223/223
f 679/679 693/693 677/677
f 674/674 679/679 677/677
f 963/963 958/958 957/957
f 692/692 682/682 680/680
f 1390/1390 1387/1387 1386/1386
f 1386/1386 1387/1387 1388/1388
f 1387/1387 1389/1389 1388/1388
f 1467/1467 1469/1469 1471/1471
f 1382/1382 1381/1381 1379/1379
f 1463/1463 1467/1467 1464/1464
f 1468/1468 1466/1466 1465/1465
f 1473/1473 1468/1468 1474/1474
f 904/904 879/879 905/905
f 1069/1069 1070/1070 1071/1071
f 773/773 728/728 727/727
f 732/732 748/748 731/731
f 66/66 75/75 71/71
f 748/748 744/744 747/747
f 744/744 741/741 747/747
f 70/70 73/73 67/67
f 957/957 958/958 959/959
f 958/958 960/960 959/959
f 960/960 966/966 959/959
f 680/680 675/675 670/670
f 906/906 888/888 896/896
f 888/888 887/887 896/896
f 1388/1388 1389/1389 1394/1394
f 1384/1384 1380/1380 1378/1378
f 878/878 905/905 879/879
f 878/878 879/879 880/880
f 1071/1071 1070/1070 1072/1072
f 728/728 732/732 729/729
f 729/729 732/732 731/731
f 63/63 72/72 66/66
f 433/433 434/434 435/435
f 73/73 63/63 67/67
f 465/465 466/466 464/464
f 205/205 208/208 224/224
f 213/213 217/217 229/229
f 1319/1319 1316/1316 1320/1320
f 1323/1323 1338/1338 1337/1337
f 969/969 963/963 965/965
f 963/963 957/957 965/965
f 959/959 966/966 970/970
f 680/680 670/670 681/681
f 692/692 680/680 681/681
f 1438/1438 1440/1440 1439/1439
f 1391/1391 1386/1386 1393/1393
f 891/891 893/893 909/909
f 1503/1503 1499/1499 1501/1501
f 1501/1501 1504/1504 1505/1505
f 1386/1386 1388/1388 1393/1393
f 1518/1518 1514/1514 1513/1513
f 1388/1388 1394/1394 1393/1393
f 1471/1471 1457/1457 1477/1477
f 1385/1385 1378/1378 1377/1377
f 1467/1467 1471/1471 1477/1477
f 1098/1098 1090/1090 1092/1092
f 1464/1464 1467/1467 1476/1476
f 1468/1468 1465/1465 1479/1479
f 1474/1474 1468/1468 1479/1479
f 878/878 880/880 881/881
f 850/850 849/849 851/851
f 880/880 900/900 881/881
f 880/880 903/903 900/900
f 1070/1070 1079/1079 1078/1078
f 1070/1070 1078/1078 1072/1072
f 650/650 665/665 651/651
f 738/738 788/788 752/752
f 212/212 222/222 225/225
f 208/208 213/213 224/224
f 213/213 229/229 224/224
f 229/229 217/217 253/253
f 677/677 693/693 696/696
f 1316/1316 1321/1321 1320/1320
f 1323/1323 1337/1337 1321/1321
f 1437/1437 1438/1438 1439/1439
f 887/887 893/893 892/892
f 1439/1439 1440/1440 1441/1441
f 892/892 893/893 891/891
f 1524/1524 1525/1525 1523/1523
f 1477/1477 1457/1457 1480/1480
f 1476/1476 1467/1467 1477/1477
f 1465/1465 1464/1464 1478/1478
f 1478/1478 1464/1464 1476/1476
f 1103/1103 1092/1092 1101/1101
f 1371/1371 1352/1352 1351/1351
f 1352/1352 1354/1354 1350/1350
f 71/71 65/65 66/66
f 747/747 741/741 746/746
f 741/741 739/739 746/746
f 739/739 738/738 752/752
f 433/433 435/435 469/469
f 223/223 205/205 227/227
f 227/227 205/205 224/224
f 1510/1510 1507/1507 1509/1509
f 1495/1495 1496/1496 1493/1493
f 1507/1507 1508/1508 1509/1509
f 1508/1508 1511/1511 1509/1509
f 1496/1496 1497/1497 1493/1493
f 1495/1495 1493/1493 1492/1492
f 1492/1492 1493/1493 1494/1494
f 1497/1497 1498/1498 1493/1493
f 1493/1493 1498/1498 1494/1494
f 909/909 905/905 891/891
f 891/891 905/905 878/878
f 1071/1071 1072/1072 1073/1073
f 1352/1352 1350/1350 1351/1351
f 731/731 748/748 750/750
f 748/748 747/747 750/750
f 1192/1192 1178/1178 1186/1186
f 739/739 752/752 749/749
f 63/63 66/66 62/62
f 225/225 222/222 228/228
f 1324/1324 1321/1321 1337/1337
f 789/789 793/793 800/800
f 1337/1337 1338/1338 1339/1339
f 969/969 965/965 971/971
f 800/800 803/803 814/814
f 681/681 670/670 672/672
f 704/704 692/692 681/681
f 1221/1221 1217/1217 1216/1216
f 1072/1072 1077/1077 1074/1074
f 729/729 731/731 730/730
f 66/66 65/65 62/62
f 1194/1194 1192/1192 1186/1186
f 67/67 63/63 64/64
f 222/222 223/223 227/227
f 224/224 229/229 230/230
f 1320/1320 1321/1321 1322/1322
f 1322/1322 1321/1321 1324/1324
f 790/790 789/789 801/801
f 674/674 677/677 673/673
f 971/971 965/965 974/974
f 965/965 972/972 974/974
f 965/965 957/957 972/972
f 957/957 959/959 972/972
f 972/972 959/959 973/973
f 959/959 970/970 973/973
f 896/896 887/887 895/895
f 816/816 810/810 818/818
f 895/895 887/887 892/892
f 1446/1446 1444/1444 1434/1434
f 891/891 889/889 892/892
f 1091/1091 1093/1093 1088/1088
f 1088/1088 1093/1093 1094/1094
f 891/891 878/878 889/889
f 878/878 881/881 889/889
f 1219/1219 1218/1218 1217/1217
f 652/652 653/653 654/654
f 729/729 730/730 726/726
f 728/728 726/726 727/727
f 504/504 511/511 513/513
f 746/746 739/739 749/749
f 63/63 51/51 64/64
f 70/70 67/67 69/69
f 227/227 224/224 230/230
f 790/790 801/801 802/802
f 673/673 677/677 676/676
f 1337/1337 1339/1339 1340/1340
f 973/973 970/970 976/976
f 814/814 803/803 816/816
f 684/684 681/681 672/672
f 1094/1094 1096/1096 1088/1088
f 889/889 881/881 890/890
f 643/643 621/621 653/653
f 725/725 727/727 726/726
f 391/391 389/389 392/392
f 750/750 747/747 746/746
f 67/67 64/64 68/68
f 465/465 464/464 463/463
f 222/222 227/227 228/228
f 789/789 800/800 801/801
f 1419/1419 1423/1423 1417/1417
f 890/890 881/881 899/899
f 881/881 900/900 899/899
f 1222/1222 1218/1218 1219/1219
f 652/652 643/643 653/653
f 720/720 730/730 723/723
f 1081/1081 1071/1071 1075/1075
f 1071/1071 1073/1073 1075/1075
f 1351/1351 1350/1350 1348/1348
f 731/731 750/750 756/756
f 1350/1350 1354/1354 1360/1360
f 65/65 71/71 60/60
f 62/62 65/65 60/60
f 69/69 67/67 68/68
f 486/486 487/487 483/483
f 676/676 677/677 689/689
f 677/677 696/696 689/689
f 800/800 814/814 815/815
f 892/892 889/889 895/895
f 1421/1421 1419/1419 1416/1416
f 644/644 643/643 652/652
f 720/720 723/723 721/721
f 731/731 756/756 723/723
f 513/513 511/511 510/510
f 62/62 60/60 57/57
f 751/751 746/746 749/749
f 233/233 228/228 227/227
f 229/229 235/235 230/230
f 486/486 483/483 485/485
f 689/689 696/696 717/717
f 972/972 975/975 974/974
f 972/972 973/973 975/975
f 895/895 889/889 894/894
f 943/943 955/955 946/946
f 1416/1416 1419/1419 1414/1414
f 889/889 890/890 894/894
f 644/644 631/631 643/643
f 953/953 940/940 951/951
f 1073/1073 1074/1074 1076/1076
f 916/916 917/917 913/913
f 642/642 666/666 650/650
f 750/750 746/746 751/751
f 749/749 752/752 753/753
f 399/399 398/398 384/384
f 225/225 228/228 231/231
f 941/941 944/944 942/942
f 942/942 945/945 943/943
f 955/955 943/943 945/945
f 1419/1419 1417/1417 1414/1414
f 1414/1414 1417/1417 1412/1412
f 890/890 899/899 894/894
f 1425/1425 1415/1415 1424/1424
f 1415/1415 1413/1413 1424/1424
f 950/950 951/951 947/947
f 934/934 940/940 953/953
f 939/939 934/934 952/952
f 934/934 953/953 952/952
f 913/913 917/917 911/911
f 917/917 918/918 911/911
f 1349/1349 1348/1348 1350/1350
f 756/756 750/750 755/755
f 751/751 749/749 753/753
f 62/62 57/57 51/51
f 461/461 463/463 462/462
f 463/463 464/464 462/462
f 231/231 228/228 232/232
f 228/228 233/233 232/232
f 802/802 801/801 809/809
f 1324/1324 1337/1337 1340/1340
f 944/944 941/941 954/954
f 954/954 941/941 949/949
f 943/943 946/946 938/938
f 1412/1412 1413/1413 1414/1414
f 938/938 946/946 947/947
f 947/947 946/946 950/950
f 1414/1414 1413/1413 1415/1415
f 631/631 635/635 630/630
f 947/947 951/951 940/940
f 1365/1365 1351/1351 1348/1348
f 723/723 755/755 721/721
f 666/666 642/642 646/646
f 754/754 750/750 751/751
f 334/334 332/332 330/330
f 227/227 230/230 233/233
f 1423/1423 1418/1418 1417/1417
f 949/949 941/941 935/935
f 941/941 942/942 933/933
f 942/942 943/943 936/936
f 941/941 933/933 935/935
f 933/933 942/942 936/936
f 936/936 943/943 938/938
f 938/938 947/947 937/937
f 932/932 934/934 939/939
f 934/934 937/937 940/940
f 1366/1366 1365/1365 1348/1348
f 622/622 627/627 624/624
f 1350/1350 1360/1360 1369/1369
f 751/751 753/753 754/754
f 460/460 468/468 435/435
f 230/230 237/237 239/239
f 230/230 235/235 237/237
f 237/237 235/235 238/238
f 1336/1336 1322/1322 1334/1334
f 676/676 689/689 683/683
f 1322/1322 1324/1324 1334/1334
f 1324/1324 1340/1340 1344/1344
f 815/815 814/814 820/820
f 823/823 831/831 828/828
f 1412/1412 1410/1410 1411/1411
f 1412/1412 1411/1411 1413/1413
f 935/935 933/933 932/932
f 933/933 936/936 934/934
f 932/932 933/933 934/934
f 936/936 937/937 934/934
f 936/936 938/938 937/937
f 630/630 634/634 629/629
f 911/911 928/928 912/912
f 1345/1345 1366/1366 1348/1348
f 1348/1348 1349/1349 1347/1347
f 1349/1349 1350/1350 1356/1356
f 626/626 627/627 622/622
f 1350/1350 1369/1369 1356/1356
f 388/388 408/408 393/393
f 57/57 60/60 59/59
f 1196/1196 1183/1183 1195/1195
f 57/57 55/55 51/51
f 330/330 332/332 327/327
f 231/231 232/232 234/234
f 232/232 233/233 236/236
f 233/233 230/230 239/239
f 1427/1427 1426/1426 1420/1420
f 1422/1422 1420/1420 1418/1418
f 1340/1340 1339/1339 1342/1342
f 815/815 820/820 821/821
f 949/949 935/935 948/948
f 935/935 932/932 948/948
f 932/932 939/939 948/948
f 910/910 911/911 912/912
f 722/722 721/721 760/760
f 393/393 408/408 407/407
f 754/754 753/753 758/758
f 397/397 408/408 388/388
f 57/57 59/59 55/55
f 330/330 327/327 328/328
f 462/462 453/453 461/461
f 237/237 238/238 245/245
f 817/817 809/809 819/819
f 1334/1334 1324/1324 1335/1335
f 1340/1340 1342/1342 1344/1344
f 1339/1339 1343/1343 1342/1342
f 722/722 760/760 763/763
f 1345/1345 1348/1348 1347/1347
f 236/236 233/233 239/239
f 1420/1420 1426/1426 1402/1402
f 1426/1426 1403/1403 1402/1402
f 1324/1324 1344/1344 1335/1335
f 1418/1418 1420/1420 1404/1404
f 820/820 828/828 827/827
f 827/827 828/828 830/830
f 1410/1410 1405/1405 1411/1411
f 734/734 722/722 763/763
f 634/634 636/636 629/629
f 721/721 755/755 760/760
f 1347/1347 1349/1349 1356/1356
f 760/760 755/755 757/757
f 633/633 627/627 626/626
f 633/633 647/647 627/627
f 627/627 647/647 646/646
f 1375/1375 1356/1356 1369/1369
f 232/232 236/236 234/234
f 1404/1404 1420/1420 1402/1402
f 1418/1418 1404/1404 1410/1410
f 1343/1343 1345/1345 1342/1342
f 1342/1342 1345/1345 1346/1346
f 1411/1411 1405/1405 1406/1406
f 51/51 52/52 53/53
f 815/815 821/821 822/822
f 1344/1344 1342/1342 1335/1335
f 1410/1410 1404/1404 1405/1405
f 636/636 632/632 629/629
f 1346/1346 1345/1345 1347/1347
f 1347/1347 1356/1356 1363/1363
f 1363/1363 1356/1356 1375/1375
f 754/754 759/759 757/757
f 1/1 2/2 3/3
f 461/461 453/453 451/451
f 234/234 236/236 240/240
f 236/236 239/239 240/240
f 239/239 247/247 240/240
f 239/239 237/237 246/246
f 237/237 245/245 246/246
f 480/480 481/481 482/482
f 1402/1402 1403/1403 1399/1399
f 821/821 827/827 822/822
f 1335/1335 1342/1342 1367/1367
f 1342/1342 1346/1346 1367/1367
f 1346/1346 1347/1347 1353/1353
f 1347/1347 1363/1363 1353/1353
f 1408/1408 1398/1398 1409/1409
f 1372/1372 1363/1363 1375/1375
f 154/154 173/173 172/172
f 55/55 59/59 58/58
f 323/323 327/327 324/324
f 467/467 460/460 458/458
f 239/239 246/246 247/247
f 1404/1404 1402/1402 1400/1400
f 1402/1402 1399/1399 1400/1400
f 1405/1405 1400/1400 1401/1401
f 1405/1405 1401/1401 1406/1406
f 1346/1346 1353/1353 1364/1364
f 1406/1406 1401/1401 1407/1407
f 1407/1407 1401/1401 1397/1397
f 1364/1364 1353/1353 1372/1372
f 1372/1372 1353/1353 1363/1363
f 1397/1397 1408/1408 1407/1407
f 1397/1397 1398/1398 1408/1408
f 1197/1197 1181/1181 1193/1193
f 155/155 172/172 174/174
f 55/55 58/58 56/56
f 53/53 52/52 54/54
f 328/328 327/327 323/323
f 331/331 328/328 329/329
f 453/453 452/452 451/451
f 234/234 240/240 241/241
f 1400/1400 1399/1399 1395/1395
f 1400/1400 1395/1395 1401/1401
f 1367/1367 1346/1346 1364/1364
f 1395/1395 1399/1399 1396/1396
f 1401/1401 1395/1395 1397/1397
f 1395/1395 1396/1396 1397/1397
f 1397/1397 1396/1396 1398/1398
f 52/52 55/55 56/56
f 458/458 460/460 459/459
f 328/328 323/323 329/329
f 240/240 247/247 248/248
f 246/246 245/245 252/252
f 196/196 202/202 199/199
f 146/146 154/154 143/143
f 143/143 154/154 155/155
f 324/324 326/326 325/325
f 323/323 324/324 325/325
f 191/191 195/195 196/196
f 196/196 199/199 190/190
f 146/146 200/200 154/154
f 168/168 170/170 176/176
f 329/329 323/323 325/325
f 241/241 240/240 249/249
f 250/250 240/240 248/248
f 247/247 246/246 248/248
f 191/191 196/196 190/190
f 152/152 143/143 155/155
f 152/152 171/171 170/170
f 240/240 250/250 249/249
f 197/197 195/195 192/192
f 195/195 191/191 192/192
f 186/186 190/190 167/167
f 190/190 199/199 167/167
f 145/145 151/151 146/146
f 144/144 143/143 152/152
f 169/169 168/168 175/175
f 457/457 458/458 459/459
f 331/331 329/329 335/335
f 331/331 335/335 336/336
f 452/452 450/450 451/451
f 241/241 249/249 251/251
f 193/193 197/197 192/192
f 145/145 146/146 143/143
f 456/456 458/458 457/457
f 325/325 326/326 337/337
f 251/251 249/249 250/250
f 188/188 191/191 186/186
f 190/190 186/186 191/191
f 186/186 167/167 166/166
f 166/166 167/167 161/161
f 488/488 489/489 490/490
f 157/157 161/161 151/151
f 157/157 151/151 145/145
f 143/143 142/142 145/145
f 153/153 152/152 168/168
f 169/169 153/153 168/168
f 192/192 191/191 188/188
f 186/186 166/166 163/163
f 163/163 166/166 161/161
f 163/163 161/161 157/157
f 157/157 145/145 142/142
f 142/142 143/143 144/144
f 144/144 152/152 147/147
f 451/451 450/450 449/449
f 451/451 449/449 470/470
f 198/198 193/193 194/194
f 193/193 192/192 189/189
f 188/188 186/186 185/185
f 147/147 142/142 144/144
f 153/153 147/147 152/152
f 450/450 447/447 449/449
f 194/194 193/193 189/189
f 189/189 192/192 187/187
f 192/192 188/188 187/187
f 185/185 186/186 162/162
f 162/162 186/186 163/163
f 162/162 163/163 157/157
f 156/156 162/162 157/157
f 454/454 456/456 455/455
f 148/148 156/156 142/142
f 148/148 142/142 147/147
f 150/150 147/147 153/153
f 447/447 443/443 449/449
f 188/188 185/185 187/187
f 164/164 187/187 185/185
f 164/164 185/185 162/162
f 159/159 162/162 156/156
f 159/159 156/156 148/148
f 148/148 147/147 149/149
f 149/149 147/147 150/150
f 448/448 454/454 445/445
f 445/445 454/454 455/455
f 447/447 446/446 443/443
f 160/160 187/187 164/164
f 164/164 162/162 159/159
f 441/441 448/448 445/445
f 189/189 187/187 160/160
f 189/189 160/160 184/184
f 160/160 164/164 159/159
f 160/160 159/159 158/158
f 158/158 159/159 148/148
f 149/149 158/158 148/148
f 446/446 442/442 443/443
f 165/165 184/184 160/160
f 165/165 160/160 158/158
f 437/437 441/441 438/438
f 438/438 441/441 444/444
f 441/441 445/445 444/444
f 443/443 442/442 440/440
f 442/442 436/436 440/440
f 436/436 437/437 438/438
f 440/440 436/436 439/439
f 436/436 438/438 439/439
f 285/285 282/282 290/290
f 285/285 274/274 282/282
f 271/271 274/274 285/285
f 116/116 113/113 108/108
f 308/308 290/290 299/299
f 290/290 289/289 299/299
f 282/282 289/289 290/290
f 282/282 281/281 289/289
f 282/282 274/274 281/281
f 271/271 266/266 274/274
f 268/268 266/266 271/271
f 274/274 275/275 281/281
f 264/264 275/275 274/274
f 274/274 266/266 264/264
f 299/299 300/300 310/310
f 289/289 281/281 287/287
f 281/281 280/280 287/287
f 275/275 280/280 281/281
f 267/267 263/263 266/266
f 268/268 267/267 266/266
f 310/310 300/300 309/309
f 289/289 297/297 300/300
f 289/289 287/287 297/297
f 263/263 264/264 266/266
f 268/268 277/277 267/267
f 287/287 298/298 297/297
f 287/287 286/286 298/298
f 280/280 286/286 287/287
f 275/275 264/264 269/269
f 310/310 309/309 318/318
f 297/297 313/313 301/301
f 275/275 269/269 280/280
f 107/107 122/122 121/121
f 309/309 301/301 317/317
f 301/301 313/313 317/317
f 280/280 279/279 286/286
f 269/269 279/279 280/280
f 269/269 264/264 265/265
f 263/263 262/262 264/264
f 267/267 260/260 263/263
f 277/277 278/278 267/267
f 303/303 278/278 277/277
f 551/551 547/547 552/552
f 43/43 47/47 46/46
f 298/298 315/315 313/313
f 279/279 288/288 286/286
f 1270/1270 1249/1249 1237/1237
f 1249/1249 1236/1236 1237/1237
f 1270/1270 1269/1269 1249/1249
f 1249/1249 1235/1235 1236/1236
f 269/269 270/270 279/279
f 1273/1273 1249/1249 1269/1269
f 1273/1273 1284/1284 1249/1249
f 1284/1284 1240/1240 1249/1249
f 269/269 265/265 270/270
f 264/264 262/262 265/265
f 263/263 260/260 262/262
f 267/267 278/278 260/260
f 309/309 317/317 318/318
f 43/43 45/45 47/47
f 286/286 296/296 298/298
f 286/286 288/288 296/296
f 1270/1270 1237/1237 1276/1276
f 1140/1140 1144/1144 1143/1143
f 279/279 283/283 288/288
f 1267/1267 1269/1269 1270/1270
f 1263/1263 1269/1269 1267/1267
f 279/279 270/270 283/283
f 105/105 100/100 99/99
f 1263/1263 1271/1271 1269/1269
f 1271/1271 1273/1273 1269/1269
f 1284/1284 1241/1241 1240/1240
f 260/260 261/261 262/262
f 432/432 431/431 430/430
f 317/317 313/313 321/321
f 138/138 112/112 137/137
f 288/288 295/295 296/296
f 288/288 291/291 295/295
f 1276/1276 1237/1237 1255/1255
f 1268/1268 1270/1270 1276/1276
f 283/283 291/291 288/288
f 1268/1268 1267/1267 1270/1270
f 1236/1236 1234/1234 1237/1237
f 1236/1236 1235/1235 1234/1234
f 1240/1240 1239/1239 1235/1235
f 1240/1240 1241/1241 1239/1239
f 1271/1271 1275/1275 1273/1273
f 1275/1275 1286/1286 1273/1273
f 1284/1284 1251/1251 1241/1241
f 999/999 1001/1001 1002/1002
f 1286/1286 1251/1251 1273/1273
f 1273/1273 1251/1251 1284/1284
f 106/106 124/124 122/122
f 40/40 39/39 46/46
f 256/256 254/254 220/220
f 313/313 315/315 321/321
f 298/298 314/314 315/315
f 608/608 600/600 599/599
f 1139/1139 1140/1140 1141/1141
f 500/500 501/501 502/502
f 1268/1268 1276/1276 1277/1277
f 291/291 283/283 284/284
f 1144/1144 1149/1149 1146/1146
f 471/471 472/472 473/473
f 273/273 284/284 283/283
f 270/270 273/273 283/283
f 472/472 474/474 473/473
f 1266/1266 1271/1271 1263/1263
f 265/265 272/272 270/270
f 272/272 273/273 270/270
f 1241/1241 1244/1244 1239/1239
f 262/262 272/272 265/265
f 278/278 261/261 260/260
f 546/546 547/547 551/551
f 1165/1165 1142/1142 1141/1141
f 1142/1142 1139/1139 1141/1141
f 1277/1277 1276/1276 1261/1261
f 1276/1276 1255/1255 1261/1261
f 311/311 284/284 312/312
f 291/291 311/311 295/295
f 311/311 291/291 284/284
f 1237/1237 1234/1234 1238/1238
f 1128/1128 1144/1144 1140/1140
f 1264/1264 1267/1267 1268/1268
f 1147/1147 1149/1149 1144/1144
f 1262/1262 1263/1263 1264/1264
f 1264/1264 1263/1263 1267/1267
f 1149/1149 1150/1150 1146/1146
f 1266/1266 1263/1263 1262/1262
f 1239/1239 1247/1247 1223/1223
f 1272/1272 1271/1271 1266/1266
f 1289/1289 1281/1281 1290/1290
f 1150/1150 1151/1151 1146/1146
f 1288/1288 1281/1281 1289/1289
f 1274/1274 1271/1271 1272/1272
f 1274/1274 1275/1275 1271/1271
f 262/262 276/276 272/272
f 1274/1274 1293/1293 1275/1275
f 1293/1293 1286/1286 1275/1275
f 1000/1000 1005/1005 1001/1001
f 261/261 276/276 262/262
f 294/294 261/261 278/278
f 306/306 294/294 278/278
f 303/303 306/306 278/278
f 39/39 37/37 43/43
f 36/36 44/44 45/45
f 44/44 41/41 48/48
f 296/296 295/295 316/316
f 295/295 311/311 312/312
f 1329/1329 1326/1326 1332/1332
f 1128/1128 1147/1147 1144/1144
f 607/607 569/569 602/602
f 1282/1282 1279/1279 1262/1262
f 1291/1291 1290/1290 1283/1283
f 1290/1290 1280/1280 1283/1283
f 1280/1280 1282/1282 1283/1283
f 1280/1280 1279/1279 1282/1282
f 1278/1278 1279/1279 1280/1280
f 1289/1289 1290/1290 1291/1291
f 1278/1278 1266/1266 1279/1279
f 472/472 475/475 474/474
f 1278/1278 1272/1272 1266/1266
f 1290/1290 1281/1281 1280/1280
f 1280/1280 1281/1281 1278/1278
f 1152/1152 1151/1151 1150/1150
f 1278/1278 1285/1285 1272/1272
f 1285/1285 1274/1274 1272/1272
f 1281/1281 1285/1285 1278/1278
f 1287/1287 1281/1281 1288/1288
f 1287/1287 1285/1285 1281/1281
f 1251/1251 1252/1252 1244/1244
f 1286/1286 1252/1252 1251/1251
f 1293/1293 1260/1260 1286/1286
f 294/294 302/302 261/261
f 420/420 422/422 425/425
f 43/43 36/36 45/45
f 314/314 319/319 315/315
f 296/296 316/316 314/314
f 527/527 528/528 529/529
f 1261/1261 1255/1255 1259/1259
f 703/703 713/713 706/706
f 713/713 715/715 706/706
f 1139/1139 1128/1128 1140/1140
f 1282/1282 1262/1262 1265/1265
f 1265/1265 1262/1262 1264/1264
f 985/985 997/997 999/999
f 999/999 997/997 1000/1000
f 1292/1292 1287/1287 1288/1288
f 1295/1295 1293/1293 1274/1274
f 1252/1252 1253/1253 1244/1244
f 1286/1286 1260/1260 1252/1252
f 1000/1000 1006/1006 1005/1005
f 302/302 276/276 261/261
f 1297/1297 1260/1260 1293/1293
f 422/422 417/417 424/424
f 421/421 420/420 425/425
f 546/546 543/543 547/547
f 37/37 36/36 43/43
f 36/36 41/41 44/44
f 1265/1265 1264/1264 1299/1299
f 1300/1300 1282/1282 1265/1265
f 1283/1283 1282/1282 1300/1300
f 1248/1248 1228/1228 1223/1223
f 475/475 476/476 474/474
f 292/292 293/293 272/272
f 557/557 558/558 559/559
f 1294/1294 1274/1274 1285/1285
f 302/302 292/292 276/276
f 1296/1296 1287/1287 1292/1292
f 1287/1287 1294/1294 1285/1285
f 1295/1295 1297/1297 1293/1293
f 129/129 133/133 124/124
f 420/420 417/417 422/422
f 36/36 38/38 41/41
f 316/316 320/320 314/314
f 530/530 529/529 528/528
f 316/316 322/322 320/320
f 1168/1168 1167/1167 1165/1165
f 1167/1167 1142/1142 1165/1165
f 1142/1142 1127/1127 1139/1139
f 705/705 711/711 716/716
f 612/612 611/611 601/601
f 601/601 611/611 603/603
f 1128/1128 1148/1148 1147/1147
f 712/712 714/714 700/700
f 1223/1223 1224/1224 1225/1225
f 1223/1223 1228/1228 1224/1224
f 984/984 982/982 981/981
f 1248/1248 1242/1242 1228/1228
f 1247/1247 1250/1250 1248/1248
f 1250/1250 1242/1242 1248/1248
f 1253/1253 1250/1250 1244/1244
f 126/126 132/132 129/129
f 1294/1294 1295/1295 1274/1274
f 1296/1296 1294/1294 1287/1287
f 1252/1252 1254/1254 1253/1253
f 1260/1260 1254/1254 1252/1252
f 1007/1007 1006/1006 1000/1000
f 1298/1298 1260/1260 1297/1297
f 417/417 423/423 424/424
f 86/86 83/83 89/89
f 40/40 31/31 39/39
f 42/42 50/50 41/41
f 615/615 614/614 609/609
f 835/835 798/798 837/837
f 1127/1127 1128/1128 1139/1139
f 702/702 711/711 705/705
f 613/613 607/607 602/602
f 986/986 984/984 981/981
f 991/991 995/995 982/982
f 302/302 304/304 292/292
f 997/997 1007/1007 1000/1000
f 1298/1298 1254/1254 1260/1260
f 1007/1007 1008/1008 1006/1006
f 417/417 416/416 423/423
f 32/32 37/37 39/39
f 32/32 36/36 37/37
f 216/216 221/221 215/215
f 1331/1331 1326/1326 1318/1318
f 698/698 714/714 711/711
f 840/840 806/806 839/839
f 1225/1225 1226/1226 1258/1258
f 1156/1156 1155/1155 1148/1148
f 1225/1225 1224/1224 1226/1226
f 1224/1224 1229/1229 1227/1227
f 986/986 987/987 984/984
f 987/987 991/991 984/984
f 304/304 305/305 292/292
f 292/292 305/305 293/293
f 557/557 556/556 558/558
f 556/556 557/557 554/554
f 997/997 1010/1010 1007/1007
f 1303/1303 1295/1295 1294/1294
f 1307/1307 1304/1304 1296/1296
f 1304/1304 1294/1294 1296/1296
f 1304/1304 1305/1305 1294/1294
f 1302/1302 1298/1298 1297/1297
f 414/414 417/417 420/420
f 415/415 420/420 421/421
f 30/30 36/36 32/32
f 38/38 34/34 41/41
f 1167/1167 1154/1154 1142/1142
f 697/697 703/703 706/706
f 1127/1127 1125/1125 1128/1128
f 702/702 698/698 711/711
f 806/806 838/838 839/839
f 1229/1229 1231/1231 1230/1230
f 1233/1233 1231/1231 1229/1229
f 1233/1233 1243/1243 1231/1231
f 992/992 991/991 987/987
f 1204/1204 1205/1205 1208/1208
f 412/412 418/418 423/423
f 416/416 412/412 423/423
f 1295/1295 1303/1303 1297/1297
f 1303/1303 1302/1302 1297/1297
f 1306/1306 1254/1254 1298/1298
f 785/785 782/782 787/787
f 415/415 414/414 420/420
f 216/216 210/210 211/211
f 34/34 42/42 41/41
f 798/798 824/824 842/842
f 1154/1154 1127/1127 1142/1142
f 835/835 797/797 798/798
f 703/703 694/694 705/705
f 694/694 702/702 705/705
f 1125/1125 1153/1153 1128/1128
f 812/812 806/806 840/840
f 1157/1157 1155/1155 1156/1156
f 1229/1229 1230/1230 1227/1227
f 988/988 993/993 987/987
f 993/993 992/992 987/987
f 1199/1199 1200/1200 1201/1201
f 1187/1187 1180/1180 1184/1184
f 1180/1180 1182/1182 1184/1184
f 1305/1305 1303/1303 1294/1294
f 1007/1007 1011/1011 1008/1008
f 211/211 210/210 207/207
f 30/30 33/33 36/36
f 33/33 34/34 38/38
f 805/805 796/796 838/838
f 838/838 796/796 836/836
f 988/988 994/994 993/993
f 1205/1205 1207/1207 1208/1208
f 1199/1199 1202/1202 1200/1200
f 1305/1305 1312/1312 1303/1303
f 659/659 658/658 667/667
f 658/658 660/660 667/667
f 1373/1373 1368/1368 1357/1357
f 414/414 416/416 417/417
f 403/403 414/414 415/415
f 797/797 795/795 798/798
f 1129/1129 1127/1127 1154/1154
f 702/702 686/686 698/698
f 806/806 805/805 838/838
f 1157/1157 1158/1158 1155/1155
f 862/862 847/847 870/870
f 998/998 1009/1009 995/995
f 406/406 412/412 416/416
f 1311/1311 1308/1308 1303/1303
f 1303/1303 1308/1308 1302/1302
f 1302/1302 1309/1309 1298/1298
f 1309/1309 1306/1306 1298/1298
f 401/401 416/416 414/414
f 31/31 30/30 32/32
f 34/34 35/35 42/42
f 244/244 218/218 214/214
f 795/795 824/824 798/798
f 697/697 685/685 694/694
f 1050/1050 1053/1053 1054/1054
f 1153/1153 1160/1160 1156/1156
f 1160/1160 1157/1157 1156/1156
f 1203/1203 1202/1202 1199/1199
f 413/413 419/419 418/418
f 554/554 555/555 556/556
f 507/507 505/505 508/508
f 413/413 418/418 412/412
f 1312/1312 1311/1311 1303/1303
f 1308/1308 1309/1309 1302/1302
f 1309/1309 1313/1313 1306/1306
f 664/664 668/668 669/669
f 1011/1011 1012/1012 1008/1008
f 406/406 416/416 401/401
f 1169/1169 1132/1132 1167/1167
f 1167/1167 1132/1132 1154/1154
f 1132/1132 1129/1129 1154/1154
f 1129/1129 1120/1120 1127/1127
f 1120/1120 1125/1125 1127/1127
f 1049/1049 1052/1052 1053/1053
f 858/858 847/847 862/862
f 846/846 848/848 847/847
f 848/848 850/850 861/861
f 861/861 850/850 872/872
f 1206/1206 1207/1207 1205/1205
f 1310/1310 1309/1309 1308/1308
f 403/403 401/401 414/414
f 404/404 403/403 415/415
f 31/31 6/6 30/30
f 5/5 33/33 30/30
f 204/204 209/209 208/208
f 242/242 218/218 243/243
f 795/795 807/807 824/824
f 791/791 795/795 797/797
f 1050/1050 1049/1049 1053/1053
f 805/805 792/792 796/796
f 845/845 846/846 847/847
f 402/402 413/413 412/412
f 659/659 657/657 658/658
f 658/658 641/641 660/660
f 641/641 645/645 660/660
f 645/645 637/637 663/663
f 406/406 402/402 412/412
f 203/203 206/206 207/207
f 678/678 686/686 685/685
f 1049/1049 1048/1048 1052/1052
f 1160/1160 1161/1161 1157/1157
f 1161/1161 1158/1158 1157/1157
f 811/811 804/804 812/812
f 812/812 804/804 806/806
f 858/858 845/845 847/847
f 845/845 867/867 846/846
f 846/846 849/849 848/848
f 849/849 850/850 848/848
f 1209/1209 1206/1206 1202/1202
f 1211/1211 1209/1209 1202/1202
f 1211/1211 1202/1202 1203/1203
f 506/506 505/505 507/507
f 657/657 656/656 658/658
f 656/656 641/641 658/658
f 641/641 640/640 645/645
f 640/640 637/637 645/645
f 663/663 637/637 661/661
f 637/637 648/648 661/661
f 9/9 6/6 31/31
f 685/685 690/690 679/679
f 1121/1121 1125/1125 1120/1120
f 1164/1164 1161/1161 1160/1160
f 1162/1162 1158/1158 1161/1161
f 867/867 866/866 846/846
f 850/850 871/871 872/872
f 1079/1079 1070/1070 1086/1086
f 400/400 402/402 406/406
f 1011/1011 1014/1014 1012/1012
f 649/649 662/662 648/648
f 649/649 664/664 662/662
f 400/400 406/406 401/401
f 542/542 537/537 539/539
f 6/6 5/5 30/30
f 10/10 33/33 5/5
f 10/10 34/34 33/33
f 10/10 35/35 34/34
f 794/794 807/807 795/795
f 1169/1169 1135/1135 1132/1132
f 1132/1132 1120/1120 1129/1129
f 791/791 794/794 795/795
f 1162/1162 1163/1163 1158/1158
f 858/858 859/859 845/845
f 1024/1024 1030/1030 1022/1022
f 877/877 867/867 845/845
f 1470/1470 1473/1473 1475/1475
f 866/866 849/849 846/846
f 1211/1211 1213/1213 1209/1209
f 1069/1069 1082/1082 1085/1085
f 619/619 640/640 641/641
f 1177/1177 1179/1179 1180/1180
f 1180/1180 1179/1179 1182/1182
f 637/637 638/638 648/648
f 651/651 668/668 664/664
f 550/550 549/549 548/548
f 1051/1051 1046/1046 1050/1050
f 1051/1051 1050/1050 1054/1054
f 1046/1046 1049/1049 1050/1050
f 675/675 687/687 686/686
f 1046/1046 1048/1048 1049/1049
f 1017/1017 1025/1025 1018/1018
f 1487/1487 1484/1484 1488/1488
f 1486/1486 1484/1484 1487/1487
f 1213/1213 1210/1210 1209/1209
f 503/503 505/505 506/506
f 656/656 619/619 641/641
f 402/402 411/411 413/413
f 638/638 649/649 648/648
f 651/651 664/664 649/649
f 8/8 6/6 9/9
f 29/29 35/35 10/10
f 258/258 217/217 242/242
f 1132/1132 1116/1116 1120/1120
f 805/805 793/793 792/792
f 793/793 805/805 804/804
f 687/687 675/675 682/682
f 810/810 804/804 811/811
f 1025/1025 1028/1028 1018/1018
f 1028/1028 1027/1027 1021/1021
f 1027/1027 1024/1024 1021/1021
f 1018/1018 1028/1028 1021/1021
f 845/845 859/859 877/877
f 1035/1035 1040/1040 1026/1026
f 1484/1484 1486/1486 1482/1482
f 860/860 871/871 850/850
f 654/654 656/656 657/657
f 71/71 75/75 80/80
f 391/391 396/396 402/402
f 400/400 390/390 402/402
f 401/401 387/387 400/400
f 4/4 5/5 6/6
f 4/4 10/10 5/5
f 259/259 217/217 258/258
f 799/799 807/807 794/794
f 790/790 794/794 791/791
f 789/789 790/790 791/791
f 1119/1119 1121/1121 1120/1120
f 792/792 789/789 791/791
f 1046/1046 1047/1047 1048/1048
f 1164/1164 1166/1166 1161/1161
f 1166/1166 1162/1162 1161/1161
f 1027/1027 1029/1029 1024/1024
f 1029/1029 1030/1030 1024/1024
f 1023/1023 1042/1042 1025/1025
f 1030/1030 1045/1045 1033/1033
f 1040/1040 1041/1041 1026/1026
f 1454/1454 1455/1455 1456/1456
f 1037/1037 1038/1038 1035/1035
f 1035/1035 1038/1038 1040/1040
f 1484/1484 1485/1485 1491/1491
f 1482/1482 1483/1483 1484/1484
f 1484/1484 1483/1483 1485/1485
f 1383/1383 1381/1381 1382/1382
f 1069/1069 1071/1071 1082/1082
f 503/503 504/504 505/505
f 504/504 513/513 505/505
f 654/654 655/655 656/656
f 655/655 619/619 656/656
f 617/617 640/640 619/619
f 617/617 637/637 640/640
f 617/617 620/620 637/637
f 620/620 638/638 637/637
f 390/390 391/391 402/402
f 1178/1178 1192/1192 1179/1179
f 387/387 390/390 400/400
f 383/383 401/401 403/403
f 382/382 403/403 404/404
f 4/4 15/15 10/10
f 799/799 813/813 807/807
f 1135/1135 1116/1116 1132/1132
f 790/790 799/799 794/794
f 1116/1116 1119/1119 1120/1120
f 1047/1047 1057/1057 1048/1048
f 803/803 793/793 804/804
f 810/810 803/803 804/804
f 1028/1028 1032/1032 1027/1027
f 1032/1032 1029/1029 1027/1027
f 1438/1438 1442/1442 1452/1452
f 1031/1031 1028/1028 1025/1025
f 1044/1044 1045/1045 1030/1030
f 856/856 876/876 859/859
f 859/859 876/876 877/877
f 1038/1038 1041/1041 1040/1040
f 1454/1454 1457/1457 1455/1455
f 1448/1448 1443/1443 1453/1453
f 1379/1379 1380/1380 1382/1382
f 868/868 849/849 866/866
f 1214/1214 1210/1210 1213/1213
f 1216/1216 1213/1213 1211/1211
f 1216/1216 1211/1211 1212/1212
f 618/618 617/617 619/619
f 396/396 405/405 411/411
f 1177/1177 1178/1178 1179/1179
f 385/385 387/387 401/401
f 383/383 385/385 401/401
f 382/382 383/383 403/403
f 7/7 6/6 8/8
f 1029/1029 1044/1044 1030/1030
f 858/858 856/856 859/859
f 1522/1522 1526/1526 1524/1524
f 1502/1502 1500/1500 1499/1499
f 1499/1499 1500/1500 1501/1501
f 1500/1500 1504/1504 1501/1501
f 1502/1502 1506/1506 1500/1500
f 1506/1506 1504/1504 1500/1500
f 1379/1379 1378/1378 1380/1380
f 1377/1377 1379/1379 1381/1381
f 396/396 395/395 405/405
f 7/7 4/4 6/6
f 15/15 14/14 10/10
f 1119/1119 1122/1122 1121/1121
f 803/803 800/800 793/793
f 864/864 857/857 858/858
f 1437/1437 1449/1449 1442/1442
f 1431/1431 1430/1430 1432/1432
f 1437/1437 1442/1442 1438/1438
f 856/856 875/875 876/876
f 1443/1443 1441/1441 1440/1440
f 1524/1524 1519/1519 1522/1522
f 1454/1454 1480/1480 1457/1457
f 1451/1451 1445/1445 1448/1448
f 1445/1445 1443/1443 1448/1448
f 1519/1519 1521/1521 1522/1522
f 1515/1515 1513/1513 1512/1512
f 1512/1512 1513/1513 1514/1514
f 1377/1377 1378/1378 1379/1379
f 868/868 851/851 849/849
f 852/852 860/860 850/850
f 1214/1214 1218/1218 1210/1210
f 1217/1217 1214/1214 1213/1213
f 655/655 618/618 619/619
f 616/616 617/617 618/618
f 616/616 620/620 617/617
f 620/620 628/628 638/638
f 649/649 650/650 651/651
f 380/380 381/381 382/382
f 14/14 29/29 10/10
f 259/259 253/253 217/217
f 1051/1051 1055/1055 1046/1046
f 1055/1055 1047/1047 1046/1046
f 1060/1060 1057/1057 1047/1047
f 1057/1057 1063/1063 1064/1064
f 857/857 856/856 858/858
f 1447/1447 1450/1450 1449/1449
f 1447/1447 1431/1431 1450/1450
f 1450/1450 1431/1431 1432/1432
f 1437/1437 1446/1446 1449/1449
f 1446/1446 1447/1447 1449/1449
f 1428/1428 1429/1429 1430/1430
f 1104/1104 1100/1100 1108/1108
f 1523/1523 1519/1519 1524/1524
f 1445/1445 1441/1441 1443/1443
f 1095/1095 1106/1106 1107/1107
f 1087/1087 1105/1105 1106/1106
f 1095/1095 1087/1087 1106/1106
f 1092/1092 1087/1087 1095/1095
f 1092/1092 1090/1090 1087/1087
f 1098/1098 1091/1091 1090/1090
f 1101/1101 1092/1092 1095/1095
f 851/851 852/852 850/850
f 653/653 618/618 655/655
f 392/392 395/395 396/396
f 391/391 392/392 396/396
f 390/390 389/389 391/391
f 638/638 639/639 649/649
f 639/639 650/650 649/649
f 381/381 383/383 382/382
f 14/14 27/27 29/29
f 1116/1116 1117/1117 1119/1119
f 1117/1117 1122/1122 1119/1119
f 674/674 670/670 675/675
f 1056/1056 1055/1055 1051/1051
f 1431/1431 1428/1428 1430/1430
f 1441/1441 1436/1436 1439/1439
f 1102/1102 1095/1095 1107/1107
f 1087/1087 1089/1089 1105/1105
f 1087/1087 1088/1088 1089/1089
f 1523/1523 1520/1520 1519/1519
f 1519/1519 1520/1520 1521/1521
f 1087/1087 1090/1090 1088/1088
f 1090/1090 1091/1091 1088/1088
f 1517/1517 1516/1516 1515/1515
f 1515/1515 1516/1516 1513/1513
f 1102/1102 1101/1101 1095/1095
f 869/869 851/851 868/868
f 1217/1217 1218/1218 1214/1214
f 1072/1072 1078/1078 1077/1077
f 621/621 616/616 618/618
f 1217/1217 1213/1213 1216/1216
f 1081/1081 1082/1082 1071/1071
f 620/620 623/623 628/628
f 628/628 639/639 638/638
f 384/384 385/385 383/383
f 12/12 8/8 9/9
f 4/4 14/14 15/15
f 799/799 808/808 813/813
f 1137/1137 1116/1116 1135/1135
f 1122/1122 1123/1123 1121/1121
f 1060/1060 1062/1062 1057/1057
f 1062/1062 1063/1063 1057/1057
f 1446/1446 1434/1434 1447/1447
f 1447/1447 1434/1434 1431/1431
f 1437/1437 1444/1444 1446/1446
f 1439/1439 1444/1444 1437/1437
f 1434/1434 1433/1433 1431/1431
f 1433/1433 1428/1428 1431/1431
f 855/855 875/875 856/856
f 1097/1097 1100/1100 1104/1104
f 855/855 874/874 875/875
f 1094/1094 1099/1099 1097/1097
f 1097/1097 1099/1099 1100/1100
f 1094/1094 1093/1093 1099/1099
f 874/874 855/855 869/869
f 855/855 851/851 869/869
f 653/653 621/621 618/618
f 654/654 653/653 655/655
f 728/728 729/729 726/726
f 616/616 623/623 620/620
f 387/387 389/389 390/390
f 385/385 386/386 387/387
f 790/790 802/802 799/799
f 673/673 670/670 674/674
f 816/816 803/803 810/810
f 684/684 704/704 681/681
f 1436/1436 1434/1434 1444/1444
f 1436/1436 1435/1435 1434/1434
f 856/856 854/854 855/855
f 1436/1436 1444/1444 1439/1439
f 1096/1096 1094/1094 1097/1097
f 852/852 873/873 860/860
f 1074/1074 1073/1073 1072/1072
f 730/730 731/731 723/723
f 12/12 11/11 8/8
f 11/11 7/7 8/8
f 4/4 13/13 14/14
f 13/13 16/16 14/14
f 16/16 27/27 14/14
f 1113/1113 1116/1116 1137/1137
f 1115/1115 1117/1117 1116/1116
f 857/857 854/854 856/856
f 1435/1435 1433/1433 1434/1434
f 1089/1089 1088/1088 1096/1096
f 1221/1221 1220/1220 1217/1217
f 1175/1175 1176/1176 1177/1177
f 394/394 395/395 392/392
f 1176/1176 1178/1178 1177/1177
f 1370/1370 1360/1360 1354/1354
f 62/62 51/51 63/63
f 381/381 384/384 383/383
f 11/11 13/13 7/7
f 7/7 13/13 4/4
f 802/802 808/808 799/799
f 673/673 671/671 670/670
f 1122/1122 1124/1124 1123/1123
f 670/670 671/671 672/672
f 1059/1059 1055/1055 1056/1056
f 1055/1055 1058/1058 1047/1047
f 1058/1058 1060/1060 1047/1047
f 1062/1062 1066/1066 1063/1063
f 855/855 854/854 851/851
f 853/853 852/852 851/851
f 643/643 631/631 621/621
f 726/726 730/730 720/720
f 1220/1220 1219/1219 1217/1217
f 621/621 622/622 616/616
f 622/622 623/623 616/616
f 1176/1176 1186/1186 1178/1178
f 650/650 666/666 665/665
f 639/639 642/642 650/650
f 387/387 388/388 389/389
f 386/386 388/388 387/387
f 384/384 386/386 385/385
f 17/17 11/11 12/12
f 1113/1113 1115/1115 1116/1116
f 1122/1122 1117/1117 1124/1124
f 863/863 854/854 857/857
f 818/818 823/823 816/816
f 854/854 853/853 851/851
f 865/865 873/873 852/852
f 1074/1074 1077/1077 1080/1080
f 631/631 630/630 621/621
f 1351/1351 1365/1365 1371/1371
f 952/952 953/953 956/956
f 1083/1083 1081/1081 1075/1075
f 625/625 622/622 621/621
f 624/624 628/628 623/623
f 399/399 384/384 381/381
f 20/20 27/27 16/16
f 1124/1124 1131/1131 1123/1123
f 1059/1059 1061/1061 1055/1055
f 1061/1061 1058/1058 1055/1055
f 1058/1058 1062/1062 1060/1060
f 816/816 820/820 814/814
f 1065/1065 1066/1066 1062/1062
f 826/826 823/823 818/818
f 725/725 720/720 724/724
f 725/725 726/726 720/720
f 630/630 625/625 621/621
f 509/509 510/510 511/511
f 622/622 624/624 623/623
f 389/389 393/393 392/392
f 624/624 639/639 628/628
f 1183/1183 1194/1194 1186/1186
f 11/11 18/18 13/13
f 817/817 808/808 802/802
f 800/800 815/815 801/801
f 823/823 820/820 816/816
f 1414/1414 1415/1415 1416/1416
f 865/865 852/852 853/853
f 1076/1076 1074/1074 1080/1080
f 723/723 756/756 755/755
f 1174/1174 1173/1173 1175/1175
f 1173/1173 1176/1176 1175/1175
f 394/394 407/407 426/426
f 393/393 394/394 392/392
f 624/624 642/642 639/639
f 1196/1196 1194/1194 1183/1183
f 388/388 393/393 389/389
f 386/386 397/397 388/388
f 384/384 398/398 386/386
f 20/20 28/28 27/27
f 817/817 825/825 808/808
f 809/809 817/817 802/802
f 1115/1115 1110/1110 1117/1117
f 676/676 671/671 673/673
f 1061/1061 1065/1065 1058/1058
f 1059/1059 1067/1067 1061/1061
f 1058/1058 1065/1065 1062/1062
f 923/923 931/931 926/926
f 863/863 853/853 854/854
f 826/826 831/831 823/823
f 736/736 733/733 735/735
f 918/918 930/930 928/928
f 928/928 930/930 929/929
f 724/724 720/720 722/722
f 720/720 721/721 722/722
f 916/916 913/913 914/914
f 1188/1188 1174/1174 1190/1190
f 393/393 407/407 394/394
f 750/750 754/754 755/755
f 1183/1183 1186/1186 1176/1176
f 398/398 397/397 386/386
f 435/435 468/468 469/469
f 17/17 18/18 11/11
f 18/18 19/19 13/13
f 13/13 19/19 16/16
f 1113/1113 1110/1110 1115/1115
f 1118/1118 1124/1124 1117/1117
f 1422/1422 1418/1418 1423/1423
f 1133/1133 1131/1131 1124/1124
f 1133/1133 1134/1134 1131/1131
f 1068/1068 1067/1067 1059/1059
f 1067/1067 1065/1065 1061/1061
f 823/823 828/828 820/820
f 923/923 929/929 931/931
f 928/928 929/929 923/923
f 733/733 734/734 735/735
f 733/733 722/722 734/734
f 940/940 937/937 947/947
f 724/724 722/722 733/733
f 928/928 911/911 918/918
f 625/625 626/626 622/622
f 627/627 642/642 624/624
f 627/627 646/646 642/642
f 19/19 20/20 16/16
f 483/483 484/484 485/485
f 815/815 809/809 801/801
f 1110/1110 1118/1118 1117/1117
f 676/676 683/683 671/671
f 1118/1118 1133/1133 1124/1124
f 1417/1417 1410/1410 1412/1412
f 634/634 630/630 635/635
f 914/914 913/913 910/910
f 913/913 911/911 910/910
f 1170/1170 1174/1174 1188/1188
f 629/629 625/625 630/630
f 1173/1173 1183/1183 1176/1176
f 460/460 467/467 468/468
f 1111/1111 1110/1110 1113/1113
f 815/815 819/819 809/809
f 1112/1112 1118/1118 1110/1110
f 925/925 919/919 926/926
f 921/921 924/924 927/927
f 921/921 920/920 924/924
f 924/924 920/920 925/925
f 919/919 923/923 926/926
f 920/920 919/919 925/925
f 919/919 912/912 923/923
f 912/912 928/928 923/923
f 910/910 919/919 920/920
f 921/921 915/915 920/920
f 915/915 910/910 920/920
f 910/910 912/912 919/919
f 915/915 914/914 910/910
f 629/629 626/626 625/625
f 1181/1181 1183/1183 1173/1173
f 409/409 398/398 399/399
f 333/333 330/330 328/328
f 21/21 18/18 17/17
f 19/19 23/23 20/20
f 820/820 827/827 821/821
f 1418/1418 1410/1410 1417/1417
f 1171/1171 1191/1191 1133/1133
f 831/831 830/830 828/828
f 831/831 834/834 830/830
f 922/922 915/915 921/921
f 1189/1189 1170/1170 1188/1188
f 1173/1173 1174/1174 1170/1170
f 755/755 754/754 757/757
f 410/410 408/408 397/397
f 52/52 51/51 55/55
f 179/179 178/178 181/181
f 1118/1118 1171/1171 1133/1133
f 1171/1171 1170/1170 1189/1189
f 632/632 626/626 629/629
f 172/172 173/173 182/182
f 512/512 510/510 509/509
f 177/177 172/172 182/182
f 178/178 180/180 181/181
f 18/18 21/21 19/19
f 498/498 482/482 483/483
f 482/482 481/481 483/483
f 483/483 481/481 484/484
f 819/819 829/829 817/817
f 1109/1109 1110/1110 1111/1111
f 1114/1114 1118/1118 1112/1112
f 1118/1118 1126/1126 1171/1171
f 1126/1126 1170/1170 1171/1171
f 1170/1170 1172/1172 1173/1173
f 632/632 633/633 626/626
f 514/514 512/512 509/509
f 173/173 183/183 182/182
f 1197/1197 1195/1195 1181/1181
f 1195/1195 1183/1183 1181/1181
f 58/58 59/59 60/60
f 754/754 758/758 759/759
f 171/171 174/174 180/180
f 21/21 23/23 19/19
f 23/23 25/25 20/20
f 497/497 482/482 498/498
f 1109/1109 1112/1112 1110/1110
f 822/822 819/819 815/815
f 1126/1126 1172/1172 1170/1170
f 1172/1172 1181/1181 1173/1173
f 174/174 172/172 177/177
f 179/179 176/176 178/178
f 25/25 26/26 20/20
f 822/822 829/829 819/819
f 1114/1114 1112/1112 1109/1109
f 1114/1114 1126/1126 1118/1118
f 760/760 764/764 763/763
f 760/760 757/757 761/761
f 175/175 176/176 179/179
f 22/22 21/21 17/17
f 24/24 23/23 21/21
f 1136/1136 1114/1114 1109/1109
f 1130/1130 1126/1126 1114/1114
f 1404/1404 1400/1400 1405/1405
f 830/830 833/833 827/827
f 1185/1185 1172/1172 1126/1126
f 760/760 761/761 764/764
f 1185/1185 1181/1181 1172/1172
f 1193/1193 1181/1181 1185/1185
f 515/515 512/512 514/514
f 155/155 154/154 172/172
f 170/170 180/180 178/178
f 24/24 25/25 23/23
f 822/822 841/841 829/829
f 1136/1136 1130/1130 1114/1114
f 827/827 832/832 822/822
f 833/833 832/832 827/827
f 1130/1130 1185/1185 1126/1126
f 757/757 762/762 761/761
f 757/757 759/759 762/762
f 759/759 765/765 762/762
f 56/56 58/58 61/61
f 54/54 52/52 56/56
f 170/170 171/171 180/180
f 176/176 170/170 178/178
f 22/22 24/24 21/21
f 368/368 372/372 374/374
f 832/832 841/841 822/822
f 1138/1138 1130/1130 1136/1136
f 764/764 766/766 767/767
f 1138/1138 1185/1185 1130/1130
f 761/761 766/766 764/764
f 761/761 762/762 766/766
f 1198/1198 1185/1185 1138/1138
f 1198/1198 1193/1193 1185/1185
f 171/171 155/155 174/174
f 372/372 369/369 371/371
f 497/497 494/494 482/482
f 832/832 843/843 841/841
f 844/844 843/843 832/832
f 766/766 762/762 768/768
f 516/516 512/512 515/515
f 152/152 155/155 171/171
f 175/175 168/168 176/176
f 373/373 374/374 375/375
f 368/368 369/369 372/372
f 482/482 494/494 493/493
f 516/516 517/517 512/512
f 366/366 369/369 368/368
f 369/369 362/362 371/371
f 343/343 341/341 350/350
f 339/339 340/340 341/341
f 329/329 325/325 335/335
f 373/373 368/368 374/374
f 495/495 491/491 496/496
f 201/201 200/200 146/146
f 351/351 346/346 350/350
f 346/346 343/343 350/350
f 339/339 326/326 340/340
f 353/353 369/369 366/366
f 353/353 362/362 369/369
f 362/362 376/376 371/371
f 370/370 376/376 362/362
f 494/494 492/492 493/493
f 493/493 492/492 488/488
f 490/490 491/491 495/495
f 339/339 341/341 343/343
f 152/152 170/170 168/168
f 337/337 326/326 339/339
f 367/367 368/368 373/373
f 365/365 366/366 368/368
f 353/353 361/361 362/362
f 362/362 361/361 370/370
f 488/488 492/492 489/489
f 489/489 491/491 490/490
f 489/489 499/499 491/491
f 345/345 343/343 346/346
f 345/345 339/339 343/343
f 337/337 339/339 342/342
f 455/455 456/456 457/457
f 335/335 325/325 337/337
f 367/367 365/365 368/368
f 354/354 353/353 366/366
f 352/352 361/361 353/353
f 364/364 370/370 361/361
f 364/364 379/379 370/370
f 346/346 379/379 364/364
f 345/345 346/346 364/364
f 338/338 335/335 337/337
f 365/365 354/354 366/366
f 352/352 353/353 354/354
f 364/364 361/361 352/352
f 156/156 157/157 142/142
f 342/342 339/339 345/345
f 338/338 337/337 342/342
f 336/336 335/335 338/338
f 356/356 354/354 365/365
f 363/363 364/364 352/352
f 363/363 345/345 364/364
f 342/342 345/345 347/347
f 338/338 342/342 344/344
f 356/356 365/365 367/367
f 352/352 354/354 356/356
f 377/377 345/345 363/363
f 377/377 347/347 345/345
f 342/342 347/347 348/348
f 344/344 342/342 348/348
f 358/358 356/356 367/367
f 355/355 352/352 356/356
f 357/357 352/352 355/355
f 357/357 363/363 352/352
f 377/377 363/363 357/357
f 348/348 347/347 377/377
f 358/358 355/355 356/356
f 348/348 377/377 349/349
f 344/344 348/348 349/349
f 358/358 359/359 355/355
f 359/359 357/357 355/355
f 360/360 357/357 359/359
f 360/360 377/377 357/357
f 378/378 377/377 360/360
f 349/349 377/377 378/378

