# https://github.com/mikedh/trimesh
mtllib material.mtl

o geometry_0
usemtl material_0
v -0.52274129 -1.42169909 0.24829890
v -0.51727305 -1.44010847 0.24377378
v -0.57497880 -1.45324623 0.19228557
v -0.11713564 -0.98951385 -0.78929381
v -0.23237035 -0.96196289 -0.76609952
v -0.25271579 -0.39489151 -0.88108163
v -0.03818760 -0.56352077 -0.88602321
v -0.05466131 -0.09042743 -0.96226638
v -0.27391704 -0.09104475 -0.92619899
v 0.06208102 -0.88920939 -0.82500165
v -0.00596614 -1.36590126 -0.72118066
v 0.14243868 -1.40690700 -0.71957643
v -0.07031057 -1.44669848 -0.70036035
v 0.12611631 -0.58393182 -0.88006091
v -0.16825946 -1.37184805 -0.67684560
v -0.38305214 -0.34093493 -0.85290168
v -0.35961212 -0.81174166 -0.75585055
v -0.48683336 -0.10058474 -0.85097145
v -0.32612704 -1.16014714 -0.67268927
v -0.27032130 -1.46724787 -0.60971006
v -0.52315692 -0.45864051 -0.76180904
v -0.34907939 -1.35035238 -0.59061455
v -0.66760497 -0.11752167 -0.74569483
v -0.58049313 -0.65143504 -0.67304208
v -0.47270037 -1.07864764 -0.61081663
v 0.13494251 -0.08213979 -0.95512247
v -0.70942666 -0.37781162 -0.64557186
v 0.23937752 -0.91888034 -0.80154339
v 0.23022156 -1.34971856 -0.71891721
v 0.34545176 -1.41937889 -0.68684223
v 0.27996308 -0.06378400 -0.93180884
v 0.27309264 -0.57941518 -0.85398624
v 0.24542990 -0.31625111 -0.89550577
v 0.35649390 -0.99197967 -0.75763686
v 0.42120283 -1.32850471 -0.67056866
v 0.46058221 -0.39027951 -0.82156647
v 0.46314316 -0.80071418 -0.75273160
v 0.49631383 -0.05904373 -0.86409983
v 0.57905619 -0.44512420 -0.75766237
v 0.57480530 -1.41580226 -0.57336949
v 0.56941413 -1.03229091 -0.64047566
v 0.59884928 -0.66531665 -0.69804917
v 0.69781135 -0.05351422 -0.73473159
v 0.71997904 -0.28951500 -0.67509679
v -0.33082565 -0.06938395 -0.88962783
v -0.00614088 -0.05822043 -0.93952957
v -0.37165867 -0.72425993 -0.76088877
v -0.24392215 -0.89008156 -0.76605719
v -0.17277382 -0.45479172 -0.87138993
v -0.35351988 -0.26946753 -0.86314361
v -0.12674415 -0.86594998 -0.79695107
v -0.11149011 -1.21220473 -0.72277377
v -0.27377387 -1.24934049 -0.66141931
v -0.11905143 -1.40679162 -0.66450786
v 0.00664577 -1.39380432 -0.69408413
v 0.00479456 -1.13676365 -0.75765213
v -0.07748548 -0.28305028 -0.91140924
v 0.01523664 -0.59449733 -0.86699965
v 0.07140111 -0.89506811 -0.80765670
v -0.21217321 -0.11924858 -0.89926789
v -0.06671401 -0.13335973 -0.91954075
v 0.14951645 -1.17683868 -0.74980919
v 0.21778012 -1.39793135 -0.69399555
v -0.40509557 -0.14472241 -0.85162470
v 0.16837180 -0.33052613 -0.89600872
v 0.19839696 -0.78241973 -0.81854201
v 0.23395826 -0.50937074 -0.85957314
v 0.18532914 -0.10891981 -0.90853914
v -0.22949012 -1.41725839 -0.61864286
v -0.50126097 -0.47543797 -0.75819104
v 0.32954997 -0.90735464 -0.76705579
v 0.37519760 -1.39056483 -0.65860240
v 0.34859446 -0.12802363 -0.87672222
v -0.00873777 -0.06898491 -0.90860828
v 0.29357707 -0.06408209 -0.88662513
v 0.46703068 -0.38021621 -0.80793909
v 0.52139984 -0.10691155 -0.82600998
v 0.46380110 -0.82712536 -0.73452836
v 0.35324913 -0.04782879 -0.86963746
v 0.49911620 -1.37095809 -0.61010433
v 0.57936438 -0.44449690 -0.74771477
v 0.56806166 -0.72509862 -0.69678140
v 0.58200637 -1.15903077 -0.59984743
v -0.00614088 -0.05822043 -0.93952957
v 0.69547059 -0.29324918 -0.68980105
v 0.59574991 -0.09219543 -0.78005110
v 0.68630564 -0.09023943 -0.71625446
v 0.63366032 -1.36688739 -0.50240913
v 0.66084512 -0.94106029 -0.57322073
v 0.78581521 -0.46682474 -0.55964593
v 0.77361137 -0.08785461 -0.63530236
v 0.84101983 -0.09894377 -0.56588887
v 0.71292964 -1.14383773 -0.45778742
v -0.18389932 -0.07648115 -0.87656338
v -0.30374684 -0.09228491 -0.83952630
v -0.45168310 -0.08072681 -0.79263610
v 1.00208475 -0.55946104 0.17921811
v 0.89982357 -1.07517486 0.12965985
v 0.93077179 -0.95765344 0.00629982
v 1.00895949 -0.57049964 0.00388629
v 1.08739771 -0.09773471 0.12448074
v 1.04082212 -0.36861656 -0.10101013
v 1.08884667 -0.10659835 -0.01616730
v 0.83825820 -1.44474322 0.04931898
v 0.83069503 -1.43628773 -0.11681842
v 0.93133997 -0.91109660 -0.08741652
v 1.03236985 -0.25566391 0.30390504
v 1.05822362 -0.12242154 0.30767644
v 0.90657681 -0.96319292 0.23480099
v 0.83654224 -1.25435930 0.25291969
v 0.79392782 -1.46957920 0.24474093
v 0.92379610 -0.75607266 0.34256016
v 0.98669433 -0.22657413 0.44618317
v 0.96792150 -0.14614475 0.54900392
v 0.89490620 -0.66647337 0.45985406
v 0.75250727 -1.47210508 0.33450228
v 0.76770473 -1.09649923 0.47788416
v 0.87086790 -0.56017525 0.55283168
v 0.89063177 -0.23907807 0.63779640
v 0.82190921 -0.45971042 0.66570090
v 0.82818082 -0.16561903 0.75795207
v 0.66245798 -1.49168674 0.45354647
v 0.72164858 -0.79797523 0.66025369
v 0.66618540 -1.18301056 0.57342839
v 0.69926698 -0.52132626 0.77934626
v 1.07301311 -0.08462215 -0.11821132
v 0.88376099 -1.07937207 -0.15517379
v 0.89989910 -0.86523112 -0.23733865
v 1.00978382 -0.36029663 -0.22322018
v 1.03301080 -0.07355369 -0.25812630
v 0.80853439 -1.34389524 -0.23188028
v 0.76603144 -1.43170293 -0.32651948
v 0.99233755 -0.07150013 -0.37550016
v 0.91933213 -0.58970615 -0.32674531
v 0.72395582 -1.33929254 -0.40801637
v 0.79506512 -1.05690382 -0.35215855
v 0.77521696 -0.90028744 -0.45445151
v 0.88573480 -0.40982310 -0.44950638
v 0.69190112 -1.42574330 -0.44446378
v 0.89927386 -0.04144910 -0.52682084
v 0.79904427 -0.48991558 -0.54714081
v 0.68805274 -0.98938755 -0.54444813
v 0.62451792 -1.33673875 -0.53450366
v 0.57480530 -1.41580226 -0.57336949
v 0.81582389 -0.22266952 -0.58952855
v 0.71997904 -0.28951500 -0.67509679
v 0.56941413 -1.03229091 -0.64047566
v 0.69781135 -0.05351422 -0.73473159
v 0.59884928 -0.66531665 -0.69804917
v 0.84730418 -0.14375951 0.70909851
v 0.70592908 -1.48586140 0.34954369
v 0.99585151 -0.54096718 0.10125342
v 0.92250619 -0.91708697 0.02512508
v 0.97666431 -0.57436376 0.21540401
v 0.89256825 -0.96425711 0.22849332
v 0.85432954 -1.18795464 0.18388011
v 0.85878111 -1.24664340 -0.01296188
v 0.81837580 -1.39766106 0.11535560
v 1.05045420 -0.26352049 0.05375689
v 1.04130342 -0.16727025 0.22515211
v 0.97328433 -0.66339395 -0.04627953
v 0.98573890 -0.38830013 0.33148381
v 0.92266646 -0.71450161 0.33039656
v 1.03689259 -0.31259460 -0.08708679
v 0.81803448 -1.39673823 -0.11873165
v 1.05905488 -0.10118805 0.07228339
v 1.05452255 -0.09604398 -0.09220046
v 0.88552139 -1.01739052 -0.14627403
v 0.96084574 -0.66256385 -0.13626961
v 0.84822503 -1.04017851 0.32338808
v 0.76057726 -1.41633739 0.31046961
v 0.79533096 -1.42152486 0.18338707
v 1.01039213 -0.16025663 0.34004729
v 0.94424166 -0.40240675 0.44295518
v 0.85631382 -0.81912148 0.43240282
v 0.86264189 -0.52550339 0.56005223
v 0.77420894 -0.99497011 0.49535909
v 0.97222151 -0.18589791 0.41607016
v 0.90029649 -0.26043508 0.57111916
v 0.82720478 -0.35648302 0.67511042
v 0.78141023 -0.61735100 0.64555252
v 0.66666719 -1.18950765 0.56271622
v 0.67542671 -1.40116245 0.45229541
v 0.67867719 -0.87156024 0.66467658
v 0.91527216 -0.20741234 0.52629288
v 0.84577638 -0.25072840 0.64612640
v 0.69791020 -0.49656688 0.78012147
v 0.74569322 -0.31331743 0.77185684
v 0.78095187 -0.25300564 0.72684225
v 0.99673636 -0.33481130 -0.23659170
v 0.78610950 -1.40025419 -0.23027138
v 0.89262625 -0.84089599 -0.23695197
v 0.98723318 -0.11699128 -0.32189596
v 0.57699837 -1.41494314 0.54111823
v 0.91824781 -0.53549838 -0.33113052
v 0.91925737 -0.24839968 -0.43066201
v 0.78420207 -0.81543898 -0.45411619
v 0.79067392 -1.09552817 -0.32059262
v 0.74694293 -1.39458689 -0.32680521
v 0.71292964 -1.14383773 -0.45778742
v 0.93081016 -0.09720170 -0.43194966
v 0.98527304 -0.07102397 -0.28114925
v 0.78581521 -0.46682474 -0.55964593
v 0.63366032 -1.36688739 -0.50240913
v 0.69732763 -1.39343513 -0.39942653
v 0.84101983 -0.09894377 -0.56588887
v 0.66084512 -0.94106029 -0.57322073
v 0.62225550 -1.48330063 0.42636759
v 0.70084114 -1.43095586 0.33546534
v -0.94095121 -0.62025533 -0.00808106
v -0.82446454 -0.91720286 0.05343544
v -0.80740431 -0.93670716 -0.12829734
v -0.69654085 -1.22444161 -0.09390460
v -0.69024812 -1.24409841 0.01805782
v -0.92708473 -0.63576780 0.18345116
v -0.74427547 -1.09610618 0.11544840
v -1.00129582 -0.38487088 0.24018120
v -1.01823543 -0.37200703 0.01878467
v -0.66505665 -1.25402883 0.19614626
v -0.80002186 -0.91918047 0.22862333
v -0.65843230 -1.34570661 0.04037876
v -0.93949630 -0.49010347 0.34544396
v -0.77703138 -0.89485444 0.33794670
v -0.92159146 -0.35878280 0.50048656
v -0.97964404 -0.26915110 0.38803467
v -1.01127015 -0.26825859 0.29361337
v -0.58402092 -1.25634014 0.39802885
v -0.57497880 -1.45324623 0.19228557
v -0.61746520 -1.42870744 -0.00613093
v -0.83089477 -0.62840998 0.46445199
v -0.70228502 -0.93878893 0.45051625
v -0.51336226 -1.41993414 0.34576233
v -0.81967215 -0.47720682 0.59540984
v -0.46235081 -1.41962259 0.43197029
v -0.69411949 -0.73867540 0.60040517
v -0.59584165 -0.96185318 0.58486726
v -0.46240377 -1.22488169 0.56939221
v -0.80099167 -0.34468141 0.66980508
v -1.02457915 -0.26758796 0.05526332
v -0.89542532 -0.27247023 0.53569577
v -0.99500822 -0.34401339 -0.18629227
v -1.00716564 -0.24501500 -0.11059746
v -1.05916625 -0.27205222 0.26500533
v -0.60810376 -1.43825594 -0.09839268
v -0.76757286 -0.27285393 0.68488530
v -0.60252669 -0.26895263 0.82961702
v -0.60694579 -0.34973453 0.84219635
v -0.44400652 -0.25535931 0.95676825
v 0.34570619 -0.79201666 0.89052911
v 0.48095742 -0.88649340 0.80885319
v 0.55773470 -0.55419666 0.87603183
v 0.35007842 -0.29305958 1.02852003
v 0.24719879 -0.63558983 0.96387482
v 0.48890585 -1.16887777 0.71189047
v 0.35716121 -1.21669903 0.74675628
v 0.61547309 -0.28420606 0.91002691
v 0.47785315 -1.51607415 0.57987137
v 0.48019022 -0.19505414 1.01065433
v 0.22429370 -0.22448895 1.09056395
v 0.57069593 -0.89995809 0.75458714
v 0.36669532 -1.52325613 0.61358123
v 0.17238229 -0.29200699 1.07418869
v 0.23644713 -1.20533946 0.77992554
v 0.67977380 -0.18750083 0.90117353
v 0.59119878 -1.41763476 0.54809801
v 0.10177726 -0.53154245 1.01775113
v 0.07638761 -1.05601892 0.85057862
v 0.15620716 -1.36632121 0.72081154
v -0.00737173 -0.50909762 1.03084900
v -0.11804336 -0.24479820 1.10676493
v 0.01399724 -1.25533723 0.77129504
v -0.10745136 -0.62484002 0.98989539
v -0.11702037 -1.05250721 0.83556491
v 0.08278159 -1.51604897 0.63623080
v -0.03460656 -1.52372270 0.63448898
v -0.24981512 -0.26369942 1.08323188
v -0.12144575 -1.27595406 0.73752839
v -0.21386242 -0.64220750 0.96308588
v 0.66618540 -1.18301056 0.57342839
v 0.66245798 -1.49168674 0.45354647
v 0.69926698 -0.52132626 0.77934626
v 0.72164858 -0.79797523 0.66025369
v 0.82818082 -0.16561903 0.75795207
v -0.37211201 -0.25992123 1.04885328
v 0.70592908 -1.48586140 0.34954369
v -0.69241119 -0.85240420 0.54371468
v -0.58423191 -1.13644634 0.50161628
v -0.57093757 -0.85216464 0.67769211
v -0.75319586 -0.54784938 0.65352560
v -0.46099814 -1.26056172 0.55821093
v -0.74686338 -0.28052045 0.80702053
v -0.92266602 -0.28342958 0.60101835
v -0.45839162 -1.53362865 0.38865485
v -0.83210374 -0.53227563 0.55641958
v -0.74564801 -0.88298564 0.43755144
v -0.56049821 -1.40159767 0.33003928
v -0.58085104 -1.50418239 0.21243477
v -0.92538393 -0.53508435 0.37812158
v -1.00654519 -0.27514160 0.43918997
v -0.81018474 -0.89385729 0.29037712
v -0.70657335 -1.15618474 0.25443932
v -0.61554537 -1.41809729 0.18366445
v -0.35305611 -1.44587223 0.53934822
v -0.34687875 -1.52161585 0.51265353
v -0.62634888 -0.30241862 0.89806282
v -0.25792426 -1.16346247 0.74028810
v -0.37792265 -1.11986411 0.69406062
v -0.47199535 -0.65140542 0.84450707
v -0.35087375 -0.82994005 0.83760131
v -0.52273440 -0.27295381 0.97639414
v -0.30387182 -0.70467003 0.91032700
v -0.15799515 -1.53223461 0.59632928
v -0.55276661 -1.53360560 0.20520390
v -0.33565944 -1.53905498 0.45949683
v -0.47046331 -1.53160999 0.33630490
v -1.00654519 -0.27514160 0.43918997
v -0.63021771 -0.26358225 0.87685987
v -0.89542532 -0.27247023 0.53569577
v -0.97964404 -0.26915110 0.38803467
v -1.01127015 -0.26825859 0.29361337
v -1.05916625 -0.27205222 0.26500533
v -1.02457915 -0.26758796 0.05526332
v -0.92266602 -0.28342958 0.60101835
v -0.74686338 -0.28052045 0.80702053
v -0.52273440 -0.27295381 0.97639414
v 0.09870893 -0.20520669 1.08473858
v -0.11804336 -0.24479820 1.10676493
v 0.22429370 -0.22448895 1.09056395
v 0.29294984 -0.18924811 1.04308829
v 0.48019022 -0.19505414 1.01065433
v -0.20446005 -0.23784311 1.04029720
v -0.37211201 -0.25992123 1.04885328
v -0.34786929 -0.25073763 1.00199147
v -0.44400652 -0.25535931 0.95676825
v 0.31261869 -0.19074588 1.01281726
v 0.45686653 -0.18737661 0.94942034
v 0.65538156 -0.16016424 0.86091725
v -0.60252669 -0.26895263 0.82961702
v -0.76757286 -0.27285393 0.68488530
v 0.07713357 -0.21901485 1.04961259
v 0.67977380 -0.18750083 0.90117353
v 0.84730418 -0.14375951 0.70909851
v 0.82818082 -0.16561903 0.75795207
v 0.86301474 -0.14869398 0.54019437
v 0.75370687 -0.16565239 0.72826794
v 0.84730418 -0.14375951 0.70909851
v 0.97066769 -0.12071800 0.47021100
v 0.97716865 -0.11285087 0.26723462
v 1.08739771 -0.09773471 0.12448074
v 1.05905488 -0.10118805 0.07228339
v 1.07301311 -0.08462215 -0.11821132
v 0.65538156 -0.16016424 0.86091725
v 1.05452255 -0.09604398 -0.09220046
v 1.05822362 -0.12242154 0.30767644
v 0.96792150 -0.14614475 0.54900392
v -0.54404651 -1.42802882 -0.02674156
v -0.56012729 -1.49957687 -0.09410384
v -0.54274371 -1.44106203 -0.18949927
v -0.54023717 -1.45745425 0.16477107
v -0.55141132 -1.52568757 0.12379651
v -0.54165547 -1.48825654 -0.22370202
v -0.57990417 -1.50416712 -0.23030970
v -0.50556456 -1.51768702 0.24616544
v -0.51727305 -1.44010847 0.24377378
v -0.48148795 -1.41878318 -0.29087711
v -0.48626341 -1.42155388 0.24563586
v -0.55276661 -1.53360560 0.20520390
v -0.47046331 -1.53160999 0.33630490
v -0.45839162 -1.53362865 0.38865485
v -0.60139739 -1.52045378 -0.01036349
v -1.00716564 -0.24501500 -0.11059746
v -1.04302185 -0.23300144 -0.17117115
v -1.05916625 -0.27205222 0.26500533
v -0.95927406 -0.22559753 -0.26598971
v -0.93403997 -0.18487769 -0.38627333
v -0.83802847 -0.17507649 -0.47245418
v -1.08061448 -0.27482689 0.08852239
v -0.92040603 -0.19127717 -0.46517118
v -1.02497929 -0.24016557 -0.26887861
v -0.73124736 -0.11239694 -0.65644055
v -0.80523341 -0.15793143 -0.61705330
v -0.66760497 -0.11752167 -0.74569483
v -0.48683336 -0.10058474 -0.85097145
v -0.45168310 -0.08072681 -0.79263610
v -0.33082565 -0.06938395 -0.88962783
v -0.58947301 -0.10329679 -0.71918216
v -0.18389932 -0.07648115 -0.87656338
v -0.00614088 -0.05822043 -0.93952957
v -0.00873777 -0.06898491 -0.90860828
v 0.29357707 -0.06408209 -0.88662513
v -0.73039966 -0.12949264 -0.62423296
v -0.27391704 -0.09104475 -0.92619899
v 0.84388897 -0.19681721 0.56670713
v 0.84577638 -0.25072840 0.64612640
v 0.77285117 -0.22437873 0.65588359
v 0.91527216 -0.20741234 0.52629288
v 0.90538532 -0.16730889 0.42966482
v 0.97222151 -0.18589791 0.41607016
v 1.01039213 -0.16025663 0.34004729
v 0.78095187 -0.25300564 0.72684225
v 0.68578387 -0.26179550 0.81542064
v 0.69915512 -0.23188093 0.74062754
v 0.56936992 -0.22982333 0.86320965
v 0.93760034 -0.13043016 0.37187877
v 0.97716865 -0.11285087 0.26723462
v 0.86301474 -0.14869398 0.54019437
v 1.04130342 -0.16727025 0.22515211
v 1.05905488 -0.10118805 0.07228339
v 0.60053866 -0.29702982 0.88607156
v 0.45686653 -0.18737661 0.94942034
v 0.74569322 -0.31331743 0.77185684
v 0.75370687 -0.16565239 0.72826794
v 0.77285117 -0.22437873 0.65588359
v 0.69915512 -0.23188093 0.74062754
v 0.56936992 -0.22982333 0.86320965
v 0.65538156 -0.16016424 0.86091725
v 0.45686653 -0.18737661 0.94942034
v 0.86301474 -0.14869398 0.54019437
v 0.84388897 -0.19681721 0.56670713
v 0.70084114 -1.43095586 0.33546534
v 0.70592908 -1.48586140 0.34954369
v 0.62225550 -1.48330063 0.42636759
v 0.47785315 -1.51607415 0.57987137
v 0.68630564 -0.09023943 -0.71625446
v 0.77296689 -0.04298691 -0.55892123
v 0.67357177 -0.04139668 -0.65198156
v 0.77361137 -0.08785461 -0.63530236
v 0.59574991 -0.09219543 -0.78005110
v 0.55764258 -0.03967943 -0.73433244
v 0.46680376 -0.04077531 -0.78326768
v 0.84101983 -0.09894377 -0.56588887
v 0.93081016 -0.09720170 -0.43194966
v 0.88213942 -0.05783337 -0.42070666
v 0.98527304 -0.07102397 -0.28114925
v 0.52139984 -0.10691155 -0.82600998
v 0.35324913 -0.04782879 -0.86963746
v -0.60810376 -1.43825594 -0.09839268
v -0.57475800 -1.42562135 -0.25244356
v -0.63637327 -1.36270404 -0.15943508
v -0.69041820 -1.16988928 -0.23890839
v -0.69724129 -1.24570410 -0.12654057
v -0.57883495 -1.32811247 -0.35042417
v -0.71713301 -0.99479132 -0.35577719
v -0.84401262 -0.79986538 -0.20793059
v -0.82919006 -0.70288242 -0.34646301
v -0.94696415 -0.51396636 -0.20190124
v -0.92607307 -0.40364932 -0.34183587
v -0.80740431 -0.93670716 -0.12829734
v -0.99500822 -0.34401339 -0.18629227
v -0.69654085 -1.22444161 -0.09390460
v -0.94095121 -0.62025533 -0.00808106
v -1.01823543 -0.37200703 0.01878467
v -0.83969833 -0.49712471 -0.44880832
v -0.68215349 -0.93302860 -0.45546806
v -0.53188193 -1.27742597 -0.45178958
v -0.49124496 -1.42363575 -0.40035958
v -0.91586096 -0.26596234 -0.38913443
v -0.79203010 -0.32302474 -0.55996772
v -0.72357547 -0.59706797 -0.55074698
v -0.51371576 -1.06803020 -0.57194802
v -0.36807774 -1.42062732 -0.53425743
v -0.68097191 -0.38877286 -0.65482300
v -0.76314775 -0.20705734 -0.60154589
v -0.59281727 -0.65990084 -0.64882639
v -0.95927406 -0.22559753 -0.26598971
v -0.47649202 -0.92009753 -0.65112034
v -1.00716564 -0.24501500 -0.11059746
v -0.58707138 -0.17114933 -0.75396342
v -0.57542332 -0.29377531 -0.75051033
v -0.50126097 -0.47543797 -0.75819104
v -0.27377387 -1.24934049 -0.66141931
v -0.73039966 -0.12949264 -0.62423296
v -0.22949012 -1.41725839 -0.61864286
v -0.83802847 -0.17507649 -0.47245418
v -0.37165867 -0.72425993 -0.76088877
v -0.40509557 -0.14472241 -0.85162470
v -0.35351988 -0.26946753 -0.86314361
v -0.58947301 -0.10329679 -0.71918216
v -0.45168310 -0.08072681 -0.79263610
v -0.71039063 -1.23284714 0.01493480
v -0.40471296 -1.41445169 0.36828398
v -0.29449431 -1.44825210 0.49290887
v -0.35600803 -1.44900939 0.44981253
v -0.20064602 -1.42568192 0.50186487
v -0.45901226 -1.44661779 0.34247865
v -0.48626341 -1.42155388 0.24563586
v -0.41629522 -1.41834604 -0.41328499
v -0.28064092 -1.46237720 -0.54863172
v -0.29100851 -1.41962208 -0.52034628
v -0.44797563 -1.46618064 -0.40327242
v -0.21886902 -1.42130068 -0.56174766
v -0.08324449 -1.45319011 -0.67207886
v -0.53413834 -1.48205321 -0.34172111
v -0.48148795 -1.41878318 -0.29087711
v -0.54165547 -1.48825654 -0.22370202
v -0.10096866 -1.41552549 -0.60540338
v 0.13529306 -1.42317666 -0.67344437
v -0.27032130 -1.46724787 -0.60971006
v -0.57990417 -1.50416712 -0.23030970
v -0.07031057 -1.44669848 -0.70036035
v 0.34545176 -1.41937889 -0.68684223
v -0.46626700 -1.46704967 -0.44355195
v 0.64067108 -0.03437275 -0.75964543
v 0.69781135 -0.05351422 -0.73473159
v 0.49631383 -0.05904373 -0.86409983
v 0.89927386 -0.04144910 -0.52682084
v 0.35324913 -0.04782879 -0.86963746
v 0.27996308 -0.06378400 -0.93180884
v -0.00614088 -0.05822043 -0.93952957
v 0.67357177 -0.04139668 -0.65198156
v 0.77296689 -0.04298691 -0.55892123
v 0.55764258 -0.03967943 -0.73433244
v 0.46680376 -0.04077531 -0.78326768
v 0.88213942 -0.05783337 -0.42070666
v 0.98527304 -0.07102397 -0.28114925
v 1.03301080 -0.07355369 -0.25812630
v 1.07301311 -0.08462215 -0.11821132
v 1.05452255 -0.09604398 -0.09220046
v 0.99233755 -0.07150013 -0.37550016
v -0.37975719 -1.42947434 0.44469880
v -0.29449431 -1.44825210 0.49290887
v -0.27802376 -1.40855233 0.48747227
v -0.20064602 -1.42568192 0.50186487
v -0.35600803 -1.44900939 0.44981253
v -0.46235081 -1.41962259 0.43197029
v -0.48626341 -1.42155388 0.24563586
v -0.50556456 -1.51768702 0.24616544
v -0.51727305 -1.44010847 0.24377378
v -0.45901226 -1.44661779 0.34247865
v -0.47046331 -1.53160999 0.33630490
v -0.35600803 -1.44900939 0.44981253
v -0.33565944 -1.53905498 0.45949683
v -0.29449431 -1.44825210 0.49290887
v -0.23417578 -1.53135243 0.51537708
v -0.17691828 -1.44856870 0.54985824
v -0.14487519 -1.52386447 0.55480090
v -0.11710915 -1.45345454 0.59627640
v -0.17063715 -0.94553073 0.85238859
v -0.20948903 -1.17326539 0.74629330
v -0.36384399 -0.82421825 0.82367632
v -0.40979608 -0.40897581 0.96429836
v -0.25345078 -0.48751605 0.99374660
v -0.30865037 -0.30994858 1.02538431
v -0.36070209 -1.21346176 0.64957949
v -0.49178497 -0.61289179 0.83907591
v -0.25050495 -1.30810165 0.65970496
v -0.07601172 -1.34772659 0.69781724
v -0.02035996 -1.25298183 0.75487139
v -0.13990288 -0.58847571 0.98330051
v -0.22045591 -1.44457354 0.58381789
v -0.13230457 -0.30687374 1.06482382
v -0.02329769 -0.96114149 0.86601988
v -0.33024655 -1.43787158 0.53272696
v -0.56493754 -0.73388902 0.73091310
v -0.66400750 -0.43486872 0.78219475
v -0.46240377 -1.22488169 0.56939221
v -0.60694579 -0.34973453 0.84219635
v -0.44400652 -0.25535931 0.95676825
v -0.59584165 -0.96185318 0.58486726
v -0.46235081 -1.41962259 0.43197029
v -0.69411949 -0.73867540 0.60040517
v -0.81967215 -0.47720682 0.59540984
v -0.80099167 -0.34468141 0.66980508
v -0.34786929 -0.25073763 1.00199147
v 0.08750147 -1.39014781 0.68754393
v 0.02642884 -1.44266722 0.63868446
v -0.03151564 -1.51487082 0.58547273
v 0.02987804 -0.71589242 0.94788134
v 0.05365962 -0.49524984 1.01823824
v 0.11743675 -1.22745136 0.76835422
v 0.11665699 -0.92757650 0.87277369
v 0.26595789 -1.51442427 0.58878971
v 0.27467611 -1.34693017 0.69931591
v 0.09786278 -0.29021048 1.05979892
v 0.42734207 -1.44072672 0.60851692
v 0.25430321 -1.18565911 0.77043357
v 0.23802763 -0.74530314 0.91726393
v -0.20446005 -0.23784311 1.04029720
v 0.26091333 -0.39514211 1.01573355
v 0.36566649 -0.80807544 0.86699461
v 0.37682636 -1.21215073 0.72983204
v 0.29287155 -0.24645442 1.02826500
v 0.37721418 -0.46311999 0.96338761
v 0.48699500 -1.04636333 0.74285287
v 0.07713357 -0.21901485 1.04961259
v 0.49213962 -1.30850421 0.64528484
v 0.40051563 -0.27572903 0.99125086
v 0.55824136 -0.61042658 0.84698383
v 0.40418921 -1.50678786 0.55341770
v 0.59300207 -0.42297249 0.87747125
v 0.31261869 -0.19074588 1.01281726
v 0.57699837 -1.41494314 0.54111823
v 0.51240326 -1.50568504 0.50221866
v 0.60053866 -0.29702982 0.88607156
v 0.58181931 -0.91477850 0.73068184
v 0.66666719 -1.18950765 0.56271622
v 0.45686653 -0.18737661 0.94942034
v 0.69791020 -0.49656688 0.78012147
v 0.67867719 -0.87156024 0.66467658
v 0.74569322 -0.31331743 0.77185684
v 0.62225550 -1.48330063 0.42636759
v -0.69654085 -1.22444161 -0.09390460
v -0.69024812 -1.24409841 0.01805782
v -0.71039063 -1.23284714 0.01493480
v 0.68308416 -1.42582157 0.29380803
v 0.70592908 -1.48586140 0.34954369
v 0.70084114 -1.43095586 0.33546534
v -0.27802376 -1.40855233 0.48747227
v -0.33024655 -1.43787158 0.53272696
v -0.29449431 -1.44825210 0.49290887
v -0.60810376 -1.43825594 -0.09839268
v -0.62529113 -1.45043498 -0.00961508
v -0.61746520 -1.42870744 -0.00613093
v -0.57990417 -1.50416712 -0.23030970
v -0.60139739 -1.52045378 -0.01036349
v -0.63637327 -1.36270404 -0.15943508
v -0.59800715 -1.40877752 -0.25969773
v -0.69724129 -1.24570410 -0.12654057
v -0.84806890 -0.78450473 -0.26555209
v -0.82459382 -0.93509682 -0.12531044
v -0.83889573 -0.92708434 0.02231742
v -0.71039063 -1.23284714 0.01493480
v -0.96561260 -0.56440759 -0.11640844
v -0.97629438 -0.57286743 0.00583709
v -1.06867153 -0.28038087 -0.07560165
v -1.08061448 -0.27482689 0.08852239
v -1.02497929 -0.24016557 -0.26887861
v -0.74517350 -0.95071416 -0.36038988
v -0.91407311 -0.48429177 -0.35156402
v -0.53413834 -1.48205321 -0.34172111
v -0.95179056 -0.62189656 0.17165999
v -0.78162524 -1.04921604 0.11636621
v -0.65843230 -1.34570661 0.04037876
v -0.61554537 -1.41809729 0.18366445
v -0.58085104 -1.50418239 0.21243477
v -1.05916625 -0.27205222 0.26500533
v -0.81018474 -0.89385729 0.29037712
v -0.70657335 -1.15618474 0.25443932
v -0.92538393 -0.53508435 0.37812158
v -1.00654519 -0.27514160 0.43918997
v -0.83121023 -0.56082232 -0.44917929
v -0.69151878 -0.96253614 -0.44028656
v -0.55782302 -1.22857026 -0.46117142
v -0.92040603 -0.19127717 -0.46517118
v -1.04302185 -0.23300144 -0.17117115
v -0.46626700 -1.46704967 -0.44355195
v -0.55276661 -1.53360560 0.20520390
v -0.77948025 -0.48853200 -0.54333117
v -0.60430600 -0.98131511 -0.53397000
v -0.80523341 -0.15793143 -0.61705330
v -0.70942666 -0.37781162 -0.64557186
v -0.58049313 -0.65143504 -0.67304208
v -0.47270037 -1.07864764 -0.61081663
v -0.34907939 -1.35035238 -0.59061455
v -0.27032130 -1.46724787 -0.60971006
v -0.66760497 -0.11752167 -0.74569483
v -0.53626960 -1.40626458 -0.19980641
v -0.54274371 -1.44106203 -0.18949927
v -0.55774523 -1.43287229 -0.13510211
v -0.54404651 -1.42802882 -0.02674156
v -0.52274129 -1.42169909 0.24829890
v -0.54023717 -1.45745425 0.16477107
v -0.57475800 -1.42562135 -0.25244356
v -0.60810376 -1.43825594 -0.09839268
v -0.57497880 -1.45324623 0.19228557
v -0.51336226 -1.41993414 0.34576233
v -0.37975719 -1.42947434 0.44469880
v -0.46235081 -1.41962259 0.43197029
v -0.43224842 -1.39601795 0.34540191
v 0.04230783 -1.39055947 0.02029522
v 0.07552508 -1.40244749 0.25496211
v 0.19208325 -1.38864344 0.02871422
v 0.09221948 -1.38226406 -0.04206632
v -0.36514401 -1.39191580 0.36025601
v -0.47274348 -1.39223736 0.05577840
v -0.19291361 -1.38993930 -0.30568099
v -0.05108799 -1.38053369 -0.32914190
v 0.19077245 -1.39030900 -0.27168806
v 0.67323607 -1.38858783 -0.28753436
v 0.29646387 -1.39072470 0.09389178
v 0.73640036 -1.39139574 0.02447157
v 0.52320588 -1.39330357 0.18789956
v 0.21595088 -1.39313652 0.22750488
v 0.39488626 -1.39199943 0.21070997
v 0.28648188 -1.38862807 -0.39023824
v 0.58109599 -1.38625589 -0.50749499
v -0.01455658 -1.38964878 -0.42003343
v 0.31653388 -1.39173287 -0.64269651
v -0.13225893 -1.39478954 -0.57345915
v -0.47466067 -1.39809850 -0.27740104
v -0.40924471 -1.39814471 -0.39496111
v 0.37519760 -1.39056483 -0.65860240
v -0.09221946 -1.41759815 0.38283293
v 0.21778012 -1.39793135 -0.69399555
v -0.11905143 -1.40679162 -0.66450786
v 0.69732763 -1.39343513 -0.39942653
v 0.74694293 -1.39458689 -0.32680521
v 0.78610950 -1.40025419 -0.23027138
v -0.27802376 -1.40855233 0.48747227
v -0.16093664 -1.41832005 0.54312804
v 0.67155033 -1.41834857 0.33310938
v 0.40555506 -1.40608651 0.32650062
v 0.31044704 -1.39229500 0.26153419
v 0.79533096 -1.42152486 0.18338707
v -0.25829554 -1.40439042 -0.53159303
v 0.29554812 -1.36954685 0.17336536
v -0.49124496 -1.42363575 -0.40035958
v 0.49911620 -1.37095809 -0.61010433
v 0.00664577 -1.39380432 -0.69408413
v 0.70084114 -1.43095586 0.33546534
v 0.76057726 -1.41633739 0.31046961
v 0.67542671 -1.40116245 0.45229541
v 0.78388116 -1.41807838 0.05642137
v 0.81803448 -1.39673823 -0.11873165
v 0.63366032 -1.36688739 -0.50240913
v 0.81837580 -1.39766106 0.11535560
v -0.41629522 -1.41834604 -0.41328499
v -0.29100851 -1.41962208 -0.52034628
v -0.36807774 -1.42062732 -0.53425743
v -0.22949012 -1.41725839 -0.61864286
v -0.21886902 -1.42130068 -0.56174766
v -0.13476661 -1.41457567 -0.63191583
v -0.16093664 -1.41832005 0.54312804
v -0.17691828 -1.44856870 0.54985824
v -0.20064602 -1.42568192 0.50186487
v -0.69024812 -1.24409841 0.01805782
v -0.65843230 -1.34570661 0.04037876
v -0.71039063 -1.23284714 0.01493480
v -0.03151564 -1.51487082 0.58547273
v 0.36669532 -1.52325613 0.61358123
v -0.15799515 -1.53223461 0.59632928
v 0.26595789 -1.51442427 0.58878971
v 0.47785315 -1.51607415 0.57987137
v 0.40418921 -1.50678786 0.55341770
v 0.51240326 -1.50568504 0.50221866
v -0.14487519 -1.52386447 0.55480090
v -0.23417578 -1.53135243 0.51537708
v 0.62225550 -1.48330063 0.42636759
v -0.33565944 -1.53905498 0.45949683
v 0.79392782 -1.46957920 0.24474093
v 0.70592908 -1.48586140 0.34954369
v 0.68308416 -1.42582157 0.29380803
v 0.26017490 -1.39957183 -0.38044001
v 0.19945800 -1.40369430 -0.00620219
v 0.10525635 -1.40681559 -0.02173362
v 0.56027245 -1.39688850 -0.14811891
v 0.39724941 -1.40515984 0.12542188
v 0.52965921 -1.39873505 -0.51269108
v 0.70153689 -1.40448749 0.03226296
v -0.06354432 -1.40128228 -0.35172499
v -0.43263629 -1.40694178 -0.00487604
v -0.19114812 -1.40635084 0.17145727
v 0.29107508 -1.40528452 -0.62465315
v -0.40471296 -1.41445169 0.36828398
v 0.70237660 -1.40332481 -0.29850726
v -0.41629522 -1.41834604 -0.41328499
v -0.10096866 -1.41552549 -0.60540338
v 0.31046278 -1.39634396 0.16146410
v -0.09221946 -1.41759815 0.38283293
v -0.48148795 -1.41878318 -0.29087711
v -0.20064602 -1.42568192 0.50186487
v -0.29100851 -1.41962208 -0.52034628
v 0.40555506 -1.40608651 0.32650062
v 0.67155033 -1.41834857 0.33310938
v -0.48626341 -1.42155388 0.24563586
v -0.16093664 -1.41832005 0.54312804
v 0.78388116 -1.41807838 0.05642137
v -0.54404651 -1.42802882 -0.02674156
v 0.31044704 -1.39229500 0.26153419
v 0.21595088 -1.39313652 0.22750488
v 0.13529306 -1.42317666 -0.67344437
v 0.69190112 -1.42574330 -0.44446378
v 0.83069503 -1.43628773 -0.11681842
v 0.40529867 -1.42282567 -0.64066598
v -0.21886902 -1.42130068 -0.56174766
v 0.76603144 -1.43170293 -0.32651948
v 0.34545176 -1.41937889 -0.68684223
v 0.57480530 -1.41580226 -0.57336949
v 0.70084114 -1.43095586 0.33546534
v 0.83825820 -1.44474322 0.04931898
v -0.54274371 -1.44106203 -0.18949927
v -0.27802376 -1.40855233 0.48747227
v 0.44527790 1.09545587 0.06074380
v 0.50836308 1.05457825 0.03803632
v 0.47265467 1.08442262 0.04654784
v 0.33023889 0.15392716 0.09739879
v 0.13640134 0.13095434 0.14538696
v 0.06161523 0.13626076 -0.01958490
v 0.21492220 0.15174864 -0.14490986
v 0.31151976 0.15853977 -0.02666078
v -0.18954469 0.14162110 -0.17485492
v 0.09361164 0.16231490 -0.24067135
v -0.15336686 0.12481751 -0.06287083
v 0.32050818 0.16215163 0.26792219
v 0.09412541 0.13030788 0.35011295
v -0.13264430 0.16117264 -0.26221749
v -0.29050091 0.12222218 0.04862691
v 0.21526121 0.16700371 0.42289774
v -0.42378843 0.15409625 -0.00741405
v -0.33734839 0.16312507 -0.16064068
v -0.44371121 0.15206107 0.19183866
v -0.22005192 0.12960019 0.18861261
v -0.31258357 0.15327500 0.40872749
v 0.01483673 0.13348181 0.34187550
v -0.06648146 0.16094603 0.52130183
v -0.43098644 0.16276309 0.28864710
v 0.02633641 0.09233226 0.21719029
v -0.16214856 0.08290546 0.06745864
v -0.08728763 0.10091398 -0.01587016
v 0.04785131 0.10818952 0.05701207
v -0.24206489 0.20764732 0.55592650
v 0.16412069 0.20781111 0.52300826
v -0.15812530 0.11272341 0.19085266
v -0.00639878 0.10325365 0.24718040
v 0.41254914 0.20561030 0.15543074
v -0.04637703 0.20187494 0.58252018
v -0.37404560 0.20632946 0.47399175
v 0.30768508 0.21085978 0.41179143
v 0.36831993 0.20932906 0.32186978
v -0.46256494 0.21372931 0.37880855
v 0.39547994 0.21314256 -0.00371626
v 0.34202850 0.21241960 -0.11835741
v 0.25140218 0.20923440 -0.22049069
v -0.12121909 0.03927457 0.11000343
v 0.05600172 0.07302810 0.14234935
v -0.09027920 0.08093485 0.18999376
v 0.41898827 0.35117165 0.23495266
v 0.41254914 0.20561030 0.15543074
v 0.42795753 0.34629145 0.10430234
v 0.39547994 0.21314256 -0.00371626
v 0.39645359 0.37849185 -0.06059705
v 0.34202850 0.21241960 -0.11835741
v 0.47726755 0.49691837 0.03836294
v 0.45685178 0.42807055 0.17725481
v 0.51282529 0.50857842 0.24836227
v 0.43222069 0.43766925 0.34444832
v 0.35348760 0.39869444 -0.14832221
v 0.36389003 0.49403285 -0.21059305
v 0.37087057 0.35094044 0.35961953
v 0.36831993 0.20932906 0.32186978
v 0.43546565 0.46205216 0.40974394
v 0.30768508 0.21085978 0.41179143
v 0.25140218 0.20923440 -0.22049069
v 0.25469158 0.44170896 -0.27118066
v 0.24309587 0.50242908 -0.34513791
v -0.28478210 0.14462156 0.10431761
v -0.41787961 0.16363485 0.20282041
v -0.17986195 0.14467321 0.21803278
v -0.41016400 0.17296327 0.32302282
v -0.10060778 0.14949024 0.29601677
v -0.23930778 0.17402911 0.46724241
v 0.02683846 0.13358227 0.26070770
v -0.01615286 0.17488364 0.49291026
v 0.14049851 0.16329551 0.40332432
v -0.42463626 0.16542949 0.04192790
v -0.22723843 0.14173927 -0.01224076
v -0.31053137 0.16177274 -0.13648883
v -0.15799429 0.16033092 -0.20633154
v -0.08414070 0.14859832 -0.08074947
v 0.17751682 0.16478062 -0.14537799
v 0.03243823 0.14642556 -0.00545108
v 0.29557607 0.16869209 -0.01537270
v 0.10873741 0.14130700 0.14899589
v 0.29290472 0.17577665 0.31547919
v -0.02057458 0.18054276 -0.26484469
v -0.18181767 0.19933844 0.54265801
v -0.15652334 0.10068274 0.11848458
v 0.09210210 0.20515950 0.53444502
v -0.11290825 0.09718899 0.02748758
v 0.35849307 0.19436282 -0.01172174
v 0.26121807 0.20978344 0.43724755
v 0.20886154 0.19836336 -0.22646147
v 0.38185838 0.21558785 0.22768532
v -0.36802032 0.21020353 0.45667179
v -0.24966875 0.21122626 -0.27656171
v -0.45315615 0.21082374 -0.06608338
v -0.02210625 0.04614594 0.09875913
v -0.05709966 0.04185432 0.12242846
v -0.38954535 0.21289699 -0.16931835
v -0.49551895 0.21295344 0.22100761
v -0.49878431 0.21308717 0.08403353
v 0.39883134 0.22994978 0.09400305
v -0.85869919 0.60598082 0.09638290
v -0.81847884 0.50394563 0.14788042
v -0.84746577 0.61391872 0.31158395
v -0.80859850 0.51789990 0.33082174
v -0.80877206 0.51576691 -0.00349974
v -0.83232564 0.62814884 -0.04426507
v -0.74423550 0.53204871 -0.18055037
v -0.77252171 0.62026771 -0.18870815
v -0.85426234 0.70628330 0.06408924
v -0.66422604 0.58362158 -0.33777955
v -0.79003148 0.71557344 -0.14045628
v -0.84166927 0.73426827 0.31102246
v -0.67327786 0.71994654 -0.34636713
v -0.76985126 0.83561053 -0.06644222
v -0.71411772 0.80454958 -0.23007319
v -0.81004145 0.82965272 0.16363580
v -0.56950251 0.66906058 -0.46177447
v -0.57806615 0.80358438 -0.42704458
v -0.58743216 0.88858285 -0.34795284
v -0.58815223 0.96057137 -0.23819801
v -0.77941917 0.85169373 0.31492866
v -0.68308763 0.94641856 -0.01245249
v -0.47521281 0.89461954 -0.45164190
v -0.62804802 1.01403818 0.15417524
v -0.57794293 1.04666912 0.01730187
v -0.57062680 1.09309926 0.09524278
v -0.51546563 1.11762611 -0.01425210
v -0.57147996 1.12185517 0.27180624
v -0.44998020 1.12642035 -0.10241837
v -0.48380732 1.06462487 -0.14509192
v -0.57642225 1.04713428 0.31109995
v -0.73405359 0.85626700 0.44404662
v -0.51947951 1.05891976 0.41764671
v -0.44518663 0.79334882 -0.53201950
v -0.04119041 1.25222667 -0.26507171
v -0.00682539 1.19749748 -0.26315938
v -0.21577610 1.12070574 -0.25036215
v -0.20433853 1.24024178 -0.23402887
v 0.02722562 1.12691604 -0.28530085
v -0.31649196 1.11334316 -0.21309661
v -0.33260647 1.23251517 -0.18336887
v 0.12970320 1.25656948 -0.22920946
v 0.16909582 1.16033634 -0.23829225
v -0.44541231 1.22671925 -0.11203578
v -0.11767877 1.05461638 -0.31559364
v -0.00574900 1.06898710 -0.33227055
v 0.02328977 0.98145324 -0.48356015
v 0.12889663 1.01495655 -0.43677000
v -0.21574786 0.98607707 -0.46246769
v -0.29895812 1.05810442 -0.29077316
v -0.35559041 0.96725877 -0.44758185
v -0.06252473 0.91733441 -0.55944913
v -0.24747773 0.90447261 -0.55399910
v -0.48960343 0.97626081 -0.33114548
v 0.15336567 0.91085978 -0.54838668
v 0.25754451 1.06567045 -0.33886629
v 0.33270075 0.95454541 -0.46094803
v 0.35901359 0.99645779 -0.38819809
v -0.32622895 0.85297927 -0.56742010
v -0.05571285 0.83663053 -0.61330033
v 0.44480421 0.69440464 0.74812251
v 0.26420797 0.61926789 0.84541123
v 0.32086179 0.71538919 0.83040339
v 0.40617942 0.54625350 0.72182954
v 0.53722552 0.66168799 0.65083409
v 0.51974590 0.80600900 0.66323855
v 0.39668790 0.83851162 0.75943438
v 0.67218676 0.73388659 0.47687655
v 0.66510874 0.80736654 0.47743526
v 0.62709199 0.61765987 0.49504007
v 0.12255298 0.71904449 0.89971796
v 0.20732235 0.85378945 0.84882029
v 0.55310870 0.88994666 0.55887149
v 0.44261380 0.92208161 0.64860012
v 0.24530947 0.93068969 0.77394771
v 0.06551548 0.57104013 0.88024979
v -0.05652622 0.82006155 0.89651363
v -0.06144844 0.66685611 0.91668310
v -0.21108647 0.73817764 0.90173513
v -0.04030784 0.92235029 0.83204038
v -0.25511813 0.85554904 0.85400357
v -0.13896858 0.51521545 0.85670037
v -0.24743833 0.54530944 0.86637099
v -0.33036972 0.66140551 0.86884985
v 0.19612142 0.50282709 0.78611411
v -0.37651959 0.78881853 0.83989706
v -0.37479351 0.58071164 0.83495594
v -0.02590968 0.48834033 0.82474658
v -0.54046381 0.32679478 0.10360164
v -0.50258869 0.20946183 0.00404085
v -0.52913193 0.22387459 0.20090526
v -0.50863807 0.32990459 -0.02400940
v -0.52644214 0.31813496 0.28009975
v -0.43409845 0.33628698 -0.15892376
v -0.39037990 0.20616034 -0.19226946
v -0.33770660 0.35946519 -0.26869349
v -0.55653902 0.37142740 0.34954040
v -0.46256494 0.21372931 0.37880855
v -0.51925617 0.38222322 -0.09890951
v -0.60138846 0.37835006 0.11804285
v -0.42790254 0.42576450 -0.27365075
v -0.42378843 0.15409625 -0.00741405
v -0.44371121 0.15206107 0.19183866
v -0.43098644 0.16276309 0.28864710
v -0.33734839 0.16312507 -0.16064068
v -0.42083296 0.30760271 0.45880479
v -0.43683911 0.36021141 0.48155415
v -0.37404560 0.20632946 0.47399175
v -0.00019001 0.40466745 -0.34742741
v 0.08750877 0.24167183 -0.29880964
v 0.11848574 0.44321586 -0.33701129
v -0.00936623 0.23466144 -0.31392144
v -0.11376037 0.36609945 -0.33714765
v -0.24326253 0.44333098 -0.35670087
v -0.24966875 0.21122626 -0.27656171
v -0.25385745 0.35595133 -0.30184724
v -0.05478575 0.47638734 -0.40536674
v -0.02057458 0.18054276 -0.26484469
v -0.30931578 0.23742377 -0.25245027
v -0.35591930 0.36295804 -0.24264836
v -0.43426705 0.43695418 -0.26351412
v 0.11585957 0.50935467 -0.40288651
v 0.20886154 0.19836336 -0.22646147
v 0.22861255 0.23279518 -0.23476144
v 0.23067075 0.38766747 -0.25617057
v 0.22512221 0.48871751 -0.30631341
v 0.30046394 0.46515221 -0.22186437
v 0.33620323 0.35439259 -0.14379361
v 0.38008249 0.49498601 -0.14238424
v 0.37189879 0.23649300 -0.05357177
v 0.35849307 0.19436282 -0.01172174
v 0.40389875 0.41574762 -0.01706233
v 0.46760184 0.53258217 -0.03007782
v 0.39883134 0.22994978 0.09400305
v 0.42120487 0.40233574 0.11796611
v -0.58387311 1.23495975 0.12750361
v -0.57216369 1.23219168 0.33469646
v -0.55932618 1.10903998 0.23507775
v -0.54549509 1.13444011 0.06942420
v -0.53065956 1.11074194 0.34711377
v -0.53156437 1.23953909 -0.01803275
v -0.56343395 1.04785294 0.02542089
v -0.44867464 1.13070735 -0.08905634
v -0.58744561 1.04891197 0.21693465
v -0.54992052 1.03293495 0.39237477
v -0.50064741 1.22206993 0.45092034
v -0.45647041 1.09689360 0.47670789
v -0.38415771 1.23039932 0.56757298
v -0.53424055 0.76815539 -0.45979913
v -0.56095844 0.62677527 -0.43904620
v -0.40260573 0.72404187 -0.54904235
v -0.65739209 0.72760161 -0.34134994
v -0.66780824 0.63800388 -0.33033892
v -0.38490716 0.81145034 -0.53828147
v -0.36782554 0.63037996 -0.54840710
v -0.63683659 0.56873534 -0.33345620
v -0.77422322 0.69678193 -0.14205586
v -0.52833760 0.86730611 -0.41092986
v -0.76556961 0.59134480 -0.14967738
v -0.70153309 0.79628147 -0.22577077
v -0.59407034 0.93106980 -0.25198350
v -0.80439117 0.75410961 -0.01893143
v -0.67691305 0.89903284 -0.13270840
v -0.82156927 0.60750561 -0.00513162
v -0.72827910 0.51992276 -0.15910765
v -0.75973905 0.86654113 0.11717587
v -0.68112744 0.94436319 0.05064091
v -0.65022437 0.96091710 0.32319563
v -0.76527758 0.83095161 0.35714215
v -0.79286726 0.52229509 -0.01200218
v -0.80805734 0.74765975 0.33536257
v -0.84239138 0.63999777 0.17490165
v -0.81808895 0.77229364 0.16003903
v -0.81522103 0.56684758 0.32794102
v -0.77223332 0.71459348 0.45364605
v -0.77135436 0.59035150 0.44314596
v -0.81584610 0.53140407 0.17141559
v -0.69588710 0.82777263 0.52508293
v -0.65903555 0.67757376 0.63521548
v -0.58671182 0.82622559 0.66206814
v -0.69032508 0.51511276 0.52063288
v -0.59973540 0.53180339 0.64953798
v -0.51472268 0.70806671 0.76843909
v -0.49272787 0.79291846 0.75879667
v -0.49515282 0.58769345 0.76819250
v -0.37651959 0.78881853 0.83989706
v -0.47771687 0.99534284 0.55281424
v -0.43816777 0.89011462 0.71753998
v -0.34626922 1.03527215 0.61144854
v -0.35144951 1.12616614 0.56572916
v -0.27419471 0.92876405 0.77763335
v -0.25511813 0.85554904 0.85400357
v -0.23534594 1.10924121 0.62522858
v -0.23685778 1.02873512 0.67414067
v -0.33036972 0.66140551 0.86884985
v -0.37479351 0.58071164 0.83495594
v -0.51237712 0.67501996 0.79101974
v -0.38175854 0.58547527 0.85523971
v -0.35709494 0.79924369 0.86773222
v -0.26772291 0.65272938 0.90946162
v -0.21909373 0.79125265 0.91728018
v -0.50817635 0.56869328 0.77211295
v -0.51168462 0.79076449 0.76669326
v -0.62377662 0.72611706 0.69430618
v -0.71273723 0.62701432 0.59044059
v -0.61834085 0.55156212 0.66914159
v -0.70697387 0.80026880 0.56400961
v -0.77855036 0.72929785 0.48181720
v -0.60100177 0.86064410 0.63963317
v -0.78439377 0.59141624 0.45974728
v -0.84746577 0.61391872 0.31158395
v -0.70498617 0.48132864 0.49314235
v -0.84166927 0.73426827 0.31102246
v -0.80859850 0.51789990 0.33082174
v -0.73405359 0.85626700 0.44404662
v -0.77941917 0.85169373 0.31492866
v -0.37189557 0.90848496 0.76538526
v -0.51947951 1.05891976 0.41764671
v -0.48083101 0.99824924 0.55970251
v -0.38813542 1.08507404 0.56163136
v -0.20065596 0.91738093 0.84111581
v -0.20550485 1.04459969 0.68775344
v -0.07724941 0.84284165 0.91591329
v -0.05695478 0.74155359 0.94287382
v -0.05097441 0.66076785 0.93966598
v -0.22703463 0.52938485 0.88102258
v -0.03875103 0.53720777 0.89664294
v 0.67252113 0.82271940 -0.22825445
v 0.71380380 0.85784549 -0.15033664
v 0.69943005 0.72751535 -0.17404643
v 0.58252207 0.72710045 -0.33661854
v 0.54114623 0.80508799 -0.38445559
v 0.46368091 0.71815428 -0.44973821
v 0.45464006 0.84644785 -0.45695326
v 0.30835418 0.71103227 -0.54610950
v 0.50440692 0.64219380 -0.37033758
v 0.60865905 0.64185621 -0.24342064
v 0.34246591 0.60729564 -0.46777900
v 0.73215355 0.64137998 0.01312649
v 0.76163534 0.69325505 0.02242358
v 0.77193114 0.81445619 0.00431846
v 0.78318121 0.73578159 0.11571656
v 0.75542371 0.67320247 0.28613087
v 0.69440479 0.59741263 0.32576939
v 0.78299994 0.79105971 0.21804948
v 0.77822277 0.83308252 0.12367191
v 0.70721596 0.66851883 0.43274915
v 0.61425916 0.56070269 0.45840538
v 0.61949194 0.61327605 0.54706073
v 0.49047863 0.52017328 0.61818425
v 0.63026325 0.58450502 -0.06500148
v 0.51282529 0.50857842 0.24836227
v 0.50654816 0.53019583 -0.01467604
v 0.67971002 0.58210392 0.15469267
v 0.46087085 0.57481617 -0.31222005
v 0.43546565 0.46205216 0.40974394
v 0.36389003 0.49403285 -0.21059305
v 0.30536582 0.43315736 0.56074612
v 0.47726755 0.49691837 0.03836294
v 0.32690072 0.47385863 0.68873327
v 0.24309587 0.50242908 -0.34513791
v 0.13658549 0.41146158 0.63737276
v 0.11479774 0.45643685 -0.35765066
v 0.11759138 0.60097445 -0.55576617
v -0.05306259 0.45716304 -0.40284618
v -0.07524279 0.56815638 -0.56196395
v -0.23318439 0.43994487 -0.36888718
v -0.34134906 0.52948283 -0.48394732
v -0.42790254 0.42576450 -0.27365075
v -0.59357885 0.49945427 -0.32131385
v -0.69872812 0.45204862 -0.10093372
v -0.51925617 0.38222322 -0.09890951
v -0.16489819 0.60936213 -0.59812624
v -0.33803684 0.61777141 -0.56932745
v -0.49538079 0.60212833 -0.48696083
v -0.74423550 0.53204871 -0.18055037
v 0.29187112 0.86451144 -0.51401157
v 0.14062909 0.76506783 -0.58462473
v 0.36032238 0.75250574 -0.50925023
v 0.10338870 0.87053711 -0.55852820
v -0.15515668 0.79709569 -0.60148694
v -0.03052626 0.71430898 -0.60240428
v -0.06851241 0.91198504 -0.53388919
v 0.23288718 0.93665883 -0.47888435
v -0.26394533 0.88636154 -0.53818358
v -0.38490716 0.81145034 -0.53828147
v 0.35778946 0.97218141 -0.39163559
v 0.45926747 0.87345817 -0.41065809
v -0.40260573 0.72404187 -0.54904235
v -0.21445322 0.67096200 -0.59436062
v 0.19329408 0.67680772 -0.55307868
v -0.36782554 0.63037996 -0.54840710
v -0.01890979 0.61844937 -0.57137054
v 0.52677711 0.82389795 -0.36659113
v 0.47178376 0.71115200 -0.41969145
v 0.12418501 0.61693706 -0.53679565
v 0.33651351 0.61467212 -0.44655692
v -0.21080222 0.57112608 -0.53318985
v -0.10402237 1.22241061 -0.24547065
v -0.21712331 1.09088270 -0.25280658
v 0.02338210 1.14113155 -0.25958495
v -0.21200000 1.24749110 -0.22325063
v -0.06380044 1.25484194 -0.25390044
v 0.12980213 1.25334880 -0.21583140
v 0.16083415 1.13525575 -0.24315890
v 0.01909015 1.08065296 -0.29762663
v 0.21858288 1.10005887 -0.24897311
v -0.31281132 1.16888172 -0.18605263
v -0.35245221 1.07650753 -0.20216217
v -0.40535099 1.23984973 -0.13954452
v -0.44867464 1.13070735 -0.08905634
v -0.53156437 1.23953909 -0.01803275
v 0.28415002 1.03504412 -0.34503899
v 0.09757634 0.98100376 -0.45303204
v -0.06796655 0.97253766 -0.44452432
v -0.22274267 0.94566269 -0.48265836
v -0.13860933 1.02277639 -0.33207503
v -0.29929897 1.03287266 -0.29232489
v -0.38927782 0.95129550 -0.41411642
v -0.48571646 0.96253523 -0.32601079
v -0.48346584 1.05211789 -0.13253227
v -0.52833760 0.86730611 -0.41092986
v -0.59407034 0.93106980 -0.25198350
v -0.56343395 1.04785294 0.02542089
v 0.32018690 0.35620123 0.42643204
v 0.26121807 0.20978344 0.43724755
v 0.15707337 0.33591412 0.54640269
v 0.09210210 0.20515950 0.53444502
v 0.03407990 0.23466990 0.56259231
v 0.02294324 0.31862934 0.58145610
v -0.12498851 0.40044196 0.64722042
v -0.12954843 0.25073121 0.57925648
v -0.14980691 0.33429736 0.59364122
v 0.18058457 0.43130221 0.62112080
v -0.18181767 0.19933844 0.54265801
v 0.30400276 0.43821743 0.52682747
v 0.34233492 0.22855232 0.34691869
v 0.41109174 0.43606230 0.35287086
v 0.29290472 0.17577665 0.31547919
v 0.38185838 0.21558785 0.22768532
v 0.40982965 0.38074514 0.24235983
v 0.51592741 0.53376164 0.16810418
v 0.39883134 0.22994978 0.09400305
v 0.42120487 0.40233574 0.11796611
v 0.37189879 0.23649300 -0.05357177
v 0.73891230 0.83066862 0.16277277
v 0.73997562 0.77016970 0.05271385
v 0.75164419 0.74340415 0.18022212
v 0.73255287 0.80190755 0.30575241
v 0.71240181 0.66951148 0.32920530
v 0.67218676 0.73388659 0.47687655
v 0.66510874 0.80736654 0.47743526
v 0.62709199 0.61765987 0.49504007
v 0.71112194 0.64115980 0.19061150
v 0.70216666 0.65219608 0.01513229
v 0.70382748 0.73162205 -0.09796668
v 0.66066412 0.59694657 0.34604747
v 0.72419934 0.83134921 -0.00349240
v 0.68502764 0.85829203 -0.13161127
v 0.64538584 0.79281172 -0.22251806
v 0.56244153 0.72466684 -0.32784200
v 0.57081044 0.62190753 -0.21754719
v 0.44542218 0.60366147 -0.34261414
v 0.47178376 0.71115200 -0.41969145
v 0.33651351 0.61467212 -0.44655692
v 0.52677711 0.82389795 -0.36659113
v 0.36032238 0.75250574 -0.50925023
v 0.22512221 0.48871751 -0.30631341
v 0.37331266 0.53658098 -0.24681512
v 0.46760184 0.53258217 -0.03007782
v 0.66291816 0.61018859 0.03270000
v 0.48013156 0.50708431 0.41288902
v 0.50314188 0.52857315 0.53232066
v 0.35274545 0.49675299 0.68135037
v 0.11585957 0.50935467 -0.40288651
v 0.40617942 0.54625350 0.72182954
v 0.38008249 0.49498601 -0.14238424
v 0.30046394 0.46515221 -0.22186437
v 0.12418501 0.61693706 -0.53679565
v -0.05924783 0.54090494 -0.49453496
v -0.05478575 0.47638734 -0.40536674
v -0.21080222 0.57112608 -0.53318985
v -0.24326253 0.44333098 -0.35670087
v -0.01890979 0.61844937 -0.57137054
v -0.41412978 0.55398405 -0.46530173
v -0.59859529 0.49375199 -0.27727669
v -0.43426705 0.43695418 -0.26351412
v -0.69019773 0.45929112 -0.07678774
v -0.51441990 0.40688100 -0.12824891
v -0.36782554 0.63037996 -0.54840710
v -0.63683659 0.56873534 -0.33345620
v -0.56095844 0.62677527 -0.43904620
v 0.40389875 0.41574762 -0.01706233
v -0.35694187 1.37822127 0.67358067
v -0.38995925 1.30307900 0.65390042
v -0.24718975 1.30066677 0.70605173
v -0.16707717 1.38493546 0.72858222
v -0.12109786 1.30022619 0.71798877
v -0.50006457 1.37717538 0.57994415
v -0.51099228 1.29609259 0.56590055
v -0.59683771 1.29674169 0.46435986
v -0.35860038 1.21959572 0.58923547
v -0.23714711 1.22283966 0.64264569
v -0.45588225 1.21389041 0.51173707
v -0.46487693 1.12042604 0.48048935
v -0.10996745 1.22491870 0.66078381
v -0.55958375 1.21842687 0.37294702
v -0.57147996 1.12185517 0.27180624
v -0.38813542 1.08507404 0.56163136
v -0.51947951 1.05891976 0.41764671
v -0.63612110 1.38038635 0.39667819
v -0.65838969 1.29145450 0.29597598
v -0.67119539 1.38350127 0.20732206
v -0.03597994 0.39123080 -0.36185805
v -0.00978004 0.21662674 -0.32713909
v -0.11723637 0.36125522 -0.34987603
v -0.20258333 0.20966559 -0.30584574
v -0.23318439 0.43994487 -0.36888718
v -0.26274981 0.33805353 -0.30367807
v -0.05306259 0.45716304 -0.40284618
v 0.12236659 0.21778530 -0.29875864
v 0.11479774 0.45643685 -0.35765066
v 0.15812153 0.33243002 -0.29897328
v -0.13264430 0.16117264 -0.26221749
v 0.25469158 0.44170896 -0.27118066
v 0.25140218 0.20923440 -0.22049069
v 0.09361164 0.16231490 -0.24067135
v 0.24309587 0.50242908 -0.34513791
v -0.33770660 0.35946519 -0.26869349
v -0.42790254 0.42576450 -0.27365075
v -0.39037990 0.20616034 -0.19226946
v -0.33734839 0.16312507 -0.16064068
v -0.24206489 0.20764732 0.55592650
v -0.13711701 0.32711541 0.60400320
v -0.28964100 0.31064742 0.55334734
v -0.04637703 0.20187494 0.58252018
v 0.04255512 0.33198544 0.59392227
v -0.30471828 0.37165680 0.58832888
v 0.16412069 0.20781111 0.52300826
v -0.15787832 0.38304647 0.64581433
v 0.22447308 0.36167958 0.52869110
v -0.04270378 0.39050377 0.65555490
v 0.13658549 0.41146158 0.63737276
v 0.30536582 0.43315736 0.56074612
v 0.27521849 0.33421818 0.47346066
v 0.43546565 0.46205216 0.40974394
v 0.30768508 0.21085978 0.41179143
v 0.37087057 0.35094044 0.35961953
v -0.37404560 0.20632946 0.47399175
v -0.42083296 0.30760271 0.45880479
v -0.43683911 0.36021141 0.48155415
v -0.17510092 0.75189851 -0.63134118
v -0.33803684 0.61777141 -0.56932745
v -0.37024351 0.72877405 -0.58185895
v -0.16489819 0.60936213 -0.59812624
v -0.06380496 0.64597211 -0.61485019
v -0.04509824 0.73600689 -0.63308120
v 0.12208121 0.70574782 -0.60276794
v 0.11759138 0.60097445 -0.55576617
v -0.07524279 0.56815638 -0.56196395
v 0.30835418 0.71103227 -0.54610950
v 0.20404987 0.81107205 -0.58693005
v 0.34246591 0.60729564 -0.46777900
v -0.05571285 0.83663053 -0.61330033
v 0.45464006 0.84644785 -0.45695326
v -0.32622895 0.85297927 -0.56742010
v 0.15336567 0.91085978 -0.54838668
v 0.33270075 0.95454541 -0.46094803
v -0.44518663 0.79334882 -0.53201950
v -0.49538079 0.60212833 -0.48696083
v -0.56950251 0.66906058 -0.46177447
v -0.66422604 0.58362158 -0.33777955
v -0.59357885 0.49945427 -0.32131385
v -0.74423550 0.53204871 -0.18055037
v 0.00099697 0.05133191 0.20621160
v 0.01330043 -0.21542116 0.19845287
v 0.04719935 -0.07299602 0.28670342
v 0.04991397 0.02930179 0.32165724
v -0.00639878 0.10325365 0.24718040
v 0.01483673 0.13348181 0.34187550
v 0.06292022 -0.16169710 0.24929269
v -0.09027920 0.08093485 0.18999376
v 0.09412541 0.13030788 0.35011295
v -0.50817635 0.56869328 0.77211295
v -0.61834085 0.55156212 0.66914159
v -0.42366080 0.47478110 0.75918800
v -0.55358768 0.45176023 0.62624596
v -0.70498617 0.48132864 0.49314235
v -0.38175854 0.58547527 0.85523971
v -0.22703463 0.52938485 0.88102258
v -0.16765990 0.46595324 0.82844877
v -0.39737381 0.43944842 0.71177597
v -0.62867023 0.42511698 0.46206710
v -0.43683911 0.36021141 0.48155415
v -0.30471828 0.37165680 0.58832888
v -0.15787832 0.38304647 0.64581433
v -0.55653902 0.37142740 0.34954040
v -0.52644214 0.31813496 0.28009975
v -0.73705014 0.43582032 0.24917043
v -0.04270378 0.39050377 0.65555490
v -0.60138846 0.37835006 0.11804285
v 0.13219233 0.47635337 0.80461434
v -0.73853785 0.43662195 0.09289207
v 0.13658549 0.41146158 0.63737276
v 0.32690072 0.47385863 0.68873327
v -0.69872812 0.45204862 -0.10093372
v -0.51925617 0.38222322 -0.09890951
v -0.03875103 0.53720777 0.89664294
v 0.38984176 0.54741709 0.75905092
v 0.49047863 0.52017328 0.61818425
v 0.27135416 0.57002084 0.84448464
v -0.80859850 0.51789990 0.33082174
v -0.81847884 0.50394563 0.14788042
v -0.80877206 0.51576691 -0.00349974
v -0.74423550 0.53204871 -0.18055037
v -0.52312329 0.32840280 0.22191113
v -0.49551895 0.21295344 0.22100761
v -0.49878431 0.21308717 0.08403353
v -0.51166555 0.31810353 0.01994756
v -0.45315615 0.21082374 -0.06608338
v -0.43232364 0.33865939 -0.14676838
v -0.38954535 0.21289699 -0.16931835
v -0.35591930 0.36295804 -0.24264836
v -0.30931578 0.23742377 -0.25245027
v -0.55573432 0.39339151 -0.01494000
v -0.59729783 0.39350325 0.16059018
v -0.51441990 0.40688100 -0.12824891
v -0.43426705 0.43695418 -0.26351412
v -0.24966875 0.21122626 -0.27656171
v -0.42463626 0.16542949 0.04192790
v -0.54923921 0.39336234 0.36967533
v -0.48994254 0.31506719 0.33488420
v -0.46016415 0.23124807 0.35919090
v -0.05098284 -0.46058056 0.24477529
v 0.03122988 -0.52193399 0.23391375
v 0.02638067 -0.37023676 0.18970392
v -0.09346040 -0.31555353 0.23361382
v 0.01330043 -0.21542116 0.19845287
v -0.10758238 -0.52303181 0.24405695
v 0.02303788 -0.67652028 0.24098715
v -0.13556646 -0.29179150 0.21844883
v -0.08665866 -0.15483426 0.18371534
v -0.05976263 -0.02786459 0.17606012
v 0.05022693 -0.22830604 0.16419892
v 0.00099697 0.05133191 0.20621160
v -0.09027920 0.08093485 0.18999376
v 0.06292022 -0.16169710 0.24929269
v -0.01672217 -0.97709475 0.10848276
v -0.02327951 -1.14912845 0.07293739
v 0.01007303 -1.07745745 0.09759882
v 0.00885859 -1.25094456 0.06174747
v -0.05330552 -0.97865969 0.08813428
v -0.05865694 -0.83176295 0.10570021
v -0.15330350 -1.10467926 0.10337518
v 0.35434106 1.25293380 0.34164774
v 0.26049464 1.24347510 0.48677282
v 0.33872793 1.31709358 0.48364215
v 0.41944310 1.32199226 0.31314522
v 0.38271721 1.23974295 0.21614103
v 0.20728295 1.30774288 0.61287176
v 0.12758491 1.24374266 0.59002652
v 0.09476510 1.30739017 0.67131646
v 0.00482103 1.23893611 0.63641145
v 0.22808240 1.38010807 0.61886080
v 0.37059985 1.38651010 0.45067467
v 0.42234573 1.39092047 0.33881015
v 0.32467886 1.26352313 -0.01055565
v 0.34211293 1.16529194 0.00419880
v 0.37782633 1.25820420 0.10400912
v 0.40011783 1.19804646 0.12030842
v 0.24227629 1.25253053 -0.13807576
v 0.28596213 1.14492468 -0.13938044
v 0.16083415 1.13525575 -0.24315890
v 0.12980213 1.25334880 -0.21583140
v 0.44527790 1.09545587 0.06074380
v 0.46860429 1.12125047 0.16136215
v 0.36411827 1.11582627 -0.04717815
v 0.36677347 1.07675032 -0.13685877
v 0.21858288 1.10005887 -0.24897311
v 0.38271721 1.23974295 0.21614103
v 0.28415002 1.03504412 -0.34503899
v 0.40996660 1.02632966 -0.21523815
v 0.35778946 0.97218141 -0.39163559
v 0.54987906 0.88232613 -0.28751826
v 0.45926747 0.87345817 -0.41065809
v 0.56919085 0.98710142 -0.13264614
v 0.52299594 1.04326490 -0.07217638
v 0.68502764 0.85829203 -0.13161127
v 0.47265467 1.08442262 0.04654784
v 0.52677711 0.82389795 -0.36659113
v 0.64538584 0.79281172 -0.22251806
v -0.60342032 1.37751757 -0.09100865
v -0.64587915 1.29627360 0.03394875
v -0.66285619 1.38364263 0.05503427
v -0.67965086 1.32230735 0.18780040
v -0.67119539 1.38350127 0.20732206
v -0.54436644 1.30665462 -0.14050009
v -0.49955356 1.37732837 -0.20746914
v -0.43484193 1.31169082 -0.23348860
v -0.54426781 1.22507695 -0.00310653
v -0.65838969 1.29145450 0.29597598
v -0.59313366 1.22309246 0.18999550
v -0.55958375 1.21842687 0.37294702
v -0.59683771 1.29674169 0.46435986
v -0.57147996 1.12185517 0.27180624
v -0.57062680 1.09309926 0.09524278
v -0.51546563 1.11762611 -0.01425210
v -0.44998020 1.12642035 -0.10241837
v -0.44541231 1.22671925 -0.11203578
v 0.35397959 1.25678507 0.03483997
v 0.36813890 1.16529033 0.02210638
v 0.32174188 1.24868978 -0.03676922
v 0.40055722 1.25729897 0.13107343
v 0.42592669 1.21410155 0.16057370
v 0.34525955 1.17076053 -0.04676040
v 0.26632644 1.20409912 -0.13774241
v 0.24348372 1.26477318 -0.16205758
v 0.32418397 1.10827369 -0.16766626
v 0.47265467 1.08442262 0.04654784
v 0.45694440 1.17572959 0.16244501
v 0.16909582 1.16033634 -0.23829225
v 0.12970320 1.25656948 -0.22920946
v 0.58158363 1.02368365 0.05525832
v 0.58666567 1.06699503 0.16800698
v 0.25754451 1.06567045 -0.33886629
v 0.61670539 1.00343166 0.05267474
v 0.73975272 0.90222005 0.16061192
v 0.35901359 0.99645779 -0.38819809
v 0.42011118 1.03614856 -0.22510119
v 0.53302767 0.91818605 -0.30113743
v 0.45464006 0.84644785 -0.45695326
v 0.33270075 0.95454541 -0.46094803
v 0.48423266 1.09214832 -0.09219223
v 0.58799445 1.03747839 -0.08121074
v 0.63736684 0.94096241 -0.17960876
v 0.56595802 1.03072628 0.04533823
v 0.71380380 0.85784549 -0.15033664
v 0.71423619 0.91774962 -0.02717081
v 0.54114623 0.80508799 -0.38445559
v 0.67252113 0.82271940 -0.22825445
v 0.39322276 1.25630151 0.22810363
v 0.77822277 0.83308252 0.12367191
v 0.77193114 0.81445619 0.00431846
v -0.14980691 0.33429736 0.59364122
v -0.12954843 0.25073121 0.57925648
v -0.27107373 0.35297182 0.56738472
v -0.25743337 0.23048562 0.53785984
v -0.18181767 0.19933844 0.54265801
v -0.40033212 0.33303927 0.47776935
v -0.36802032 0.21020353 0.45667179
v -0.12498851 0.40044196 0.64722042
v -0.40506745 0.39372377 0.54096443
v -0.46016415 0.23124807 0.35919090
v -0.54923921 0.39336234 0.36967533
v -0.48994254 0.31506719 0.33488420
v -0.41016400 0.17296327 0.32302282
v -0.49551895 0.21295344 0.22100761
v -0.37479351 0.58071164 0.83495594
v -0.24743833 0.54530944 0.86637099
v -0.42459960 0.47130660 0.72882474
v -0.26842449 0.47368485 0.79470342
v -0.49515282 0.58769345 0.76819250
v -0.59973540 0.53180339 0.64953798
v -0.58531810 0.44847053 0.54213232
v -0.69032508 0.51511276 0.52063288
v -0.73058027 0.46176468 0.33036961
v -0.59729783 0.39350325 0.16059018
v -0.72669099 0.44173495 0.14597338
v -0.04525471 0.42070216 0.67661141
v -0.02590968 0.48834033 0.82474658
v 0.18058457 0.43130221 0.62112080
v 0.19612142 0.50282709 0.78611411
v -0.13896858 0.51521545 0.85670037
v 0.35274545 0.49675299 0.68135037
v -0.69019773 0.45929112 -0.07678774
v -0.55573432 0.39339151 -0.01494000
v -0.51441990 0.40688100 -0.12824891
v 0.40617942 0.54625350 0.72182954
v -0.79286726 0.52229509 -0.01200218
v -0.81584610 0.53140407 0.17141559
v -0.72827910 0.51992276 -0.15910765
v -0.59859529 0.49375199 -0.27727669
v -0.81522103 0.56684758 0.32794102
v -0.63683659 0.56873534 -0.33345620
v 0.03661077 1.38221876 0.70567757
v 0.09476510 1.30739017 0.67131646
v -0.09164954 1.30981372 0.71316627
v -0.16707717 1.38493546 0.72858222
v 0.22808240 1.38010807 0.61886080
v 0.20728295 1.30774288 0.61287176
v -0.26364335 1.29753781 0.68973429
v 0.00482103 1.23893611 0.63641145
v -0.12842073 1.23194808 0.64715648
v -0.25444234 1.22860565 0.62810963
v -0.02155234 1.12326631 0.63734061
v -0.23534594 1.10924121 0.62522858
v 0.12758491 1.24374266 0.59002652
v 0.16813833 1.13842506 0.55963981
v -0.35694187 1.37822127 0.67358067
v -0.38653003 1.29990150 0.64391172
v -0.35144951 1.12616614 0.56572916
v -0.38415771 1.23039932 0.56757298
v -0.50383295 1.29651892 0.56456081
v -0.50006457 1.37717538 0.57994415
v -0.45647041 1.09689360 0.47670789
v -0.50064741 1.22206993 0.45092034
v -0.59759868 1.29050215 0.43704499
v -0.63612110 1.38038635 0.39667819
v -0.07648012 1.04976209 0.68310428
v -0.23685778 1.02873512 0.67414067
v -0.64981298 1.29223202 0.28132035
v -0.67119539 1.38350127 0.20732206
v -0.64960773 1.30448104 0.07710910
v 0.37059985 1.38651010 0.45067467
v 0.35620940 1.31787736 0.47121321
v 0.42267900 1.32796008 0.34042500
v 0.42234573 1.39092047 0.33881015
v 0.22808240 1.38010807 0.61886080
v 0.21861346 1.30074959 0.60695287
v 0.44957080 1.32265692 0.18696135
v 0.36027615 1.24540508 0.34754648
v 0.39322276 1.25630151 0.22810363
v 0.28882765 1.24411317 0.46354458
v 0.19895395 1.23744377 0.55282921
v 0.40055722 1.25729897 0.13107343
v 0.02974966 1.23085639 0.63946636
v 0.04894337 1.31019606 0.69975257
v -0.12109786 1.30022619 0.71798877
v -0.10996745 1.22491870 0.66078381
v 0.22417416 -0.75191853 -0.04388560
v 0.22336012 -0.80256620 -0.02559506
v 0.27072982 -0.87436755 -0.01019010
v 0.23667722 -0.98664193 0.03654714
v 0.16110441 -0.74313683 -0.03716694
v 0.12456338 -0.96080506 -0.01053237
v 0.15675147 -0.92271817 -0.01870000
v 0.15064292 -0.67231696 -0.01230621
v 0.12324027 -0.69937274 -0.02521475
v 0.24427389 -0.57628934 -0.03929110
v 0.13465431 -0.47623556 0.02290403
v 0.03661077 1.38221876 0.70567757
v 0.04894337 1.31019606 0.69975257
v 0.22808240 1.38010807 0.61886080
v 0.21861346 1.30074959 0.60695287
v -0.16707717 1.38493546 0.72858222
v -0.12109786 1.30022619 0.71798877
v -0.49955356 1.37732837 -0.20746914
v -0.37794726 1.31569761 -0.25966733
v -0.30052966 1.37873172 -0.32346567
v -0.49659351 1.29988259 -0.17626917
v -0.18335071 1.32081269 -0.32576913
v -0.10256283 1.39556827 -0.35555472
v -0.60059457 1.29789082 -0.05230964
v -0.60342032 1.37751757 -0.09100865
v -0.64960773 1.30448104 0.07710910
v -0.66285619 1.38364263 0.05503427
v -0.67119539 1.38350127 0.20732206
v -0.06380044 1.25484194 -0.25390044
v 0.12980213 1.25334880 -0.21583140
v 0.05150929 1.32121211 -0.30723611
v -0.21200000 1.24749110 -0.22325063
v -0.40535099 1.23984973 -0.13954452
v -0.53156437 1.23953909 -0.01803275
v -0.58387311 1.23495975 0.12750361
v -0.64981298 1.29223202 0.28132035
v -0.57216369 1.23219168 0.33469646
v -0.59759868 1.29050215 0.43704499
v -0.50064741 1.22206993 0.45092034
v 0.24016055 -0.87189809 -0.02920543
v 0.17689775 -0.97874018 -0.03711792
v 0.15675147 -0.92271817 -0.01870000
v 0.16110441 -0.74313683 -0.03716694
v 0.12456338 -0.96080506 -0.01053237
v 0.22417416 -0.75191853 -0.04388560
v 0.27072982 -0.87436755 -0.01019010
v 0.13357963 -0.99455430 -0.06170646
v 0.23667722 -0.98664193 0.03654714
v -0.35860038 1.21959572 0.58923547
v -0.22951957 1.11762207 0.63698209
v -0.23714711 1.22283966 0.64264569
v -0.38813542 1.08507404 0.56163136
v -0.12872065 1.10315781 0.65509510
v -0.10996745 1.22491870 0.66078381
v -0.00008259 1.11469251 0.64210241
v 0.02974966 1.23085639 0.63946636
v -0.20550485 1.04459969 0.68775344
v 0.01234689 1.04705520 0.69064956
v 0.19895395 1.23744377 0.55282921
v 0.14439937 1.11543089 0.58604327
v 0.27396360 1.12944193 0.49171003
v 0.28882765 1.24411317 0.46354458
v 0.36789663 1.13511115 0.36277988
v 0.36027615 1.24540508 0.34754648
v 0.39322276 1.25630151 0.22810363
v 0.45694440 1.17572959 0.16244501
v 0.43466672 1.07429329 0.30619469
v 0.36844276 1.07235674 0.46487341
v 0.26578869 1.05509660 0.58500017
v 0.55526251 1.02696055 0.24637286
v 0.58666567 1.06699503 0.16800698
v 0.51873270 0.95598971 0.56172991
v 0.25625086 0.94974279 0.77481927
v 0.59226788 0.96483097 0.44551428
v 0.59704919 0.99021886 0.29650759
v 0.73975272 0.90222005 0.16061192
v 0.69747880 0.90254262 0.34416649
v -0.00145568 0.91776579 0.85884191
v 0.14128457 0.85121421 0.88524424
v -0.20065596 0.91738093 0.84111581
v -0.07724941 0.84284165 0.91591329
v -0.05695478 0.74155359 0.94287382
v 0.13356591 0.73719035 0.91854677
v 0.29681178 0.74923197 0.86233970
v 0.27135416 0.57002084 0.84448464
v 0.42211147 0.71571784 0.78876632
v 0.19521917 0.61467965 0.89263896
v 0.38984176 0.54741709 0.75905092
v 0.53858572 0.63717742 0.67098314
v 0.52006302 0.80141075 0.69306860
v 0.63187517 0.72806479 0.57488164
v 0.61949194 0.61327605 0.54706073
v 0.70721596 0.66851883 0.43274915
v 0.49047863 0.52017328 0.61818425
v 0.63279134 0.85037441 0.54128587
v 0.74634255 0.81285621 0.35444016
v 0.36459717 0.86644942 0.78877625
v 0.75542371 0.67320247 0.28613087
v 0.78299994 0.79105971 0.21804948
v 0.46508284 0.92057846 0.65719179
v 0.77822277 0.83308252 0.12367191
v -0.05097441 0.66076785 0.93966598
v -0.03875103 0.53720777 0.89664294
v 0.05740832 1.38528867 -0.33091245
v -0.04711230 1.33361504 -0.34372655
v -0.10256283 1.39556827 -0.35555472
v 0.09690063 1.32467235 -0.30279065
v 0.22379927 1.36376267 -0.24967742
v -0.30052966 1.37873172 -0.32346567
v -0.17186651 1.30799254 -0.32173926
v -0.04119041 1.25222667 -0.26507171
v -0.20433853 1.24024178 -0.23402887
v -0.43484193 1.31169082 -0.23348860
v -0.33260647 1.23251517 -0.18336887
v -0.44541231 1.22671925 -0.11203578
v -0.54436644 1.30665462 -0.14050009
v -0.54426781 1.22507695 -0.00310653
v 0.12970320 1.25656948 -0.22920946
v -0.49955356 1.37732837 -0.20746914
v 0.24427389 -0.57628934 -0.03929110
v 0.16982106 -0.64514672 -0.07799668
v 0.11594823 -0.65116354 -0.14676986
v 0.17997126 -0.57732158 -0.11575904
v 0.22417416 -0.75191853 -0.04388560
v 0.19103625 -0.52278442 -0.01739114
v 0.07992493 -0.67532585 -0.11032879
v 0.40722005 1.39110097 -0.02817946
v 0.33317198 1.32510414 -0.13775253
v 0.31907877 1.38787392 -0.16074155
v 0.41727964 1.32340511 0.01011680
v 0.22379927 1.36376267 -0.24967742
v 0.45058767 1.39442510 0.14348777
v 0.44957080 1.32265692 0.18696135
v 0.40055722 1.25729897 0.13107343
v 0.32174188 1.24868978 -0.03676922
v 0.35397959 1.25678507 0.03483997
v 0.24348372 1.26477318 -0.16205758
v 0.12970320 1.25656948 -0.22920946
v 0.09690063 1.32467235 -0.30279065
v 0.42234573 1.39092047 0.33881015
v 0.31907877 1.38787392 -0.16074155
v 0.34811992 1.32099905 -0.10061988
v 0.40722005 1.39110097 -0.02817946
v 0.19979521 1.33341097 -0.25130196
v 0.22379927 1.36376267 -0.24967742
v 0.42071897 1.31262608 0.08501773
v 0.37782633 1.25820420 0.10400912
v 0.32467886 1.26352313 -0.01055565
v 0.24227629 1.25253053 -0.13807576
v 0.38271721 1.23974295 0.21614103
v 0.41944310 1.32199226 0.31314522
v 0.45058767 1.39442510 0.14348777
v 0.42234573 1.39092047 0.33881015
v 0.05740832 1.38528867 -0.33091245
v 0.05150929 1.32121211 -0.30723611
v 0.12980213 1.25334880 -0.21583140
v -0.18335071 1.32081269 -0.32576913
v -0.10256283 1.39556827 -0.35555472
v -0.08728763 0.10091398 -0.01587016
v -0.02793517 0.05871906 0.03314431
v -0.08952091 0.02685395 0.03756337
v 0.04785131 0.10818952 0.05701207
v 0.02311345 0.02221130 0.07224883
v -0.03368667 -0.05779423 0.02767404
v -0.09390500 -0.08825611 0.04499305
v 0.01244693 -0.17431172 -0.01396725
v -0.09916889 -0.21200032 -0.01758218
v -0.04752309 -0.30276989 -0.12029774
v 0.06603718 -0.33114367 -0.06985030
v 0.00294063 -0.38045627 -0.13361165
v 0.08476747 -0.24375251 0.02636535
v 0.04097073 -0.14201649 0.05126585
v 0.14131405 -0.41270948 -0.00885830
v 0.04494728 -0.09979401 0.13229927
v 0.05600172 0.07302810 0.14234935
v 0.00544189 -0.45663004 -0.14274898
v 0.17997126 -0.57732158 -0.11575904
v 0.08808152 -0.64256891 -0.10052075
v 0.16101529 -0.60909548 -0.07768247
v 0.19103625 -0.52278442 -0.01739114
v 0.11594823 -0.65116354 -0.14676986
v 0.11222395 -0.64631330 -0.05348725
v 0.07992493 -0.67532585 -0.11032879
v 0.12310851 -0.54113959 -0.01502168
v 0.14131405 -0.41270948 -0.00885830
v 0.04715583 -1.08056741 0.31694086
v 0.03142353 -1.20739019 0.35663570
v 0.07318857 -1.21985732 0.35601619
v 0.12456338 -0.96080506 -0.01053237
v 0.13357963 -0.99455430 -0.06170646
v 0.17689775 -0.97874018 -0.03711792
v 0.23667722 -0.98664193 0.03654714
v 0.16101529 -0.60909548 -0.07768247
v 0.16982106 -0.64514672 -0.07799668
v 0.12324027 -0.69937274 -0.02521475
v 0.16110441 -0.74313683 -0.03716694
v 0.22417416 -0.75191853 -0.04388560
v 0.11222395 -0.64631330 -0.05348725
v 0.47265467 1.08442262 0.04654784
v 0.50836308 1.05457825 0.03803632
v 0.46860429 1.12125047 0.16136215
v 0.55903238 1.05074367 0.16792543
v 0.58158363 1.02368365 0.05525832
v 0.68813412 0.91554822 0.19852202
v 0.67550356 0.92097586 -0.04480859
v 0.66861250 0.91296844 0.30378395
v 0.56595802 1.03072628 0.04533823
v 0.52299594 1.04326490 -0.07217638
v 0.56919085 0.98710142 -0.13264614
v 0.55526251 1.02696055 0.24637286
v 0.72419934 0.83134921 -0.00349240
v 0.68502764 0.85829203 -0.13161127
v 0.73891230 0.83066862 0.16277277
v 0.73997562 0.77016970 0.05271385
v 0.73255287 0.80190755 0.30575241
v 0.62112421 0.91002351 0.42684544
v 0.53347015 0.95747668 0.49423482
v 0.66510874 0.80736654 0.47743526
v 0.36990878 1.05761621 0.44907415
v 0.55310870 0.88994666 0.55887149
v 0.31619527 1.06171695 0.51554152
v 0.44261380 0.92208161 0.64860012
v 0.44355880 1.05446641 0.29116485
v 0.24530947 0.93068969 0.77394771
v 0.14079267 1.06797681 0.60508225
v 0.39668790 0.83851162 0.75943438
v -0.07648012 1.04976209 0.68310428
v -0.04030784 0.92235029 0.83204038
v -0.23685778 1.02873512 0.67414067
v -0.27419471 0.92876405 0.77763335
v -0.25511813 0.85554904 0.85400357
v 0.26049464 1.24347510 0.48677282
v 0.35434106 1.25293380 0.34164774
v 0.29119397 1.13864510 0.46623444
v 0.37139219 1.14015099 0.32399830
v 0.38271721 1.23974295 0.21614103
v 0.16813833 1.13842506 0.55963981
v 0.12758491 1.24374266 0.59002652
v -0.02155234 1.12326631 0.63734061
v -0.13255015 -0.66862480 -0.02073034
v -0.14163635 -0.78116119 -0.01284773
v -0.17344967 -0.71827188 -0.01995169
v 0.15675147 -0.92271817 -0.01870000
v 0.13357963 -0.99455430 -0.06170646
v 0.12456338 -0.96080506 -0.01053237
v 0.16101529 -0.60909548 -0.07768247
v 0.08808152 -0.64256891 -0.10052075
v 0.16982106 -0.64514672 -0.07799668
v 0.07992493 -0.67532585 -0.11032879
v 0.03497025 -1.23169963 0.31475925
v 0.07318857 -1.21985732 0.35601619
v 0.03142353 -1.20739019 0.35663570
v 0.44527790 1.09545587 0.06074380
v 0.52299594 1.04326490 -0.07217638
v 0.50836308 1.05457825 0.03803632
v 0.14131405 -0.41270948 -0.00885830
v 0.12310851 -0.54113959 -0.01502168
v 0.03966430 -0.53696246 -0.11184536
v 0.11222395 -0.64631330 -0.05348725
v 0.08808152 -0.64256891 -0.10052075
v 0.06984510 -0.64571193 -0.15584171
v 0.02603938 -0.46814451 -0.16966816
v 0.05274632 -0.57025427 -0.24368266
v 0.04795025 -0.65083884 -0.31224415
v 0.07992493 -0.67532585 -0.11032879
v 0.00544189 -0.45663004 -0.14274898
v 0.02944096 -0.72440635 -0.36247928
v 0.01220387 -0.83838097 -0.29072285
v 0.04898887 -0.93084390 -0.35364046
v 0.08161583 -1.03629043 -0.29188199
v 0.03935301 -0.91879156 -0.15017995
v 0.08476962 -1.05082072 -0.22204985
v 0.13946713 -1.16531571 -0.27130879
v 0.09633651 -1.14986572 -0.20976846
v 0.07333532 -1.04269873 -0.12741939
v 0.06948499 -1.19686800 -0.09533096
v 0.07408705 -1.23003822 -0.16714893
v 0.08235931 -1.00840526 -0.12297043
v 0.08493579 -0.91490672 -0.04432714
v 0.06902249 -1.31842412 -0.21076367
v 0.06999223 -1.34289233 -0.04720494
v 0.02859435 -1.32229582 0.02220561
v 0.06848818 -1.01468373 -0.00008384
v 0.01007303 -1.07745745 0.09759882
v 0.00885859 -1.25094456 0.06174747
v 0.01983158 -0.96568887 0.09851559
v 0.01758752 -1.06041523 0.16743391
v 0.02633081 -0.95408713 0.25936161
v 0.05915373 -1.07015696 0.28328593
v 0.01854080 -1.15803989 0.23560766
v 0.07318857 -1.21985732 0.35601619
v 0.03497025 -1.23169963 0.31475925
v 0.01259274 -0.73115402 0.16810609
v 0.03037472 -0.67655694 0.19412857
v 0.03357685 -0.80033665 0.24884120
v 0.02303788 -0.67652028 0.24098715
v 0.01829782 -0.81857700 0.11193490
v 0.09837864 -0.95664790 -0.00857372
v 0.08288447 -0.59479630 0.12479315
v 0.04715583 -1.08056741 0.31694086
v 0.09139999 -1.01530825 -0.11238265
v 0.00294063 -0.38045627 -0.13361165
v 0.06603718 -0.33114367 -0.06985030
v 0.10611566 -0.74244815 -0.03484701
v 0.12324027 -0.69937274 -0.02521475
v 0.03122988 -0.52193399 0.23391375
v 0.09987840 -0.33889798 0.10291425
v 0.05022693 -0.22830604 0.16419892
v 0.04494728 -0.09979401 0.13229927
v 0.06587714 -0.09698560 0.23218983
v 0.06292022 -0.16169710 0.24929269
v 0.04719935 -0.07299602 0.28670342
v 0.06570082 0.05486670 0.30692291
v 0.04991397 0.02930179 0.32165724
v 0.09412541 0.13030788 0.35011295
v 0.08476747 -0.24375251 0.02636535
v 0.02633641 0.09233226 0.21719029
v 0.08680281 -0.67297834 0.08124568
v 0.03550439 -0.77721491 -0.13476463
v 0.09592696 -0.86047937 -0.00674811
v 0.05600172 0.07302810 0.14234935
v 0.10611566 -0.74244815 -0.03484701
v 0.08493579 -0.91490672 -0.04432714
v 0.03550439 -0.77721491 -0.13476463
v 0.09592696 -0.86047937 -0.00674811
v 0.08680281 -0.67297834 0.08124568
v 0.09837864 -0.95664790 -0.00857372
v 0.01983158 -0.96568887 0.09851559
v 0.09139999 -1.01530825 -0.11238265
v 0.13465431 -0.47623556 0.02290403
v 0.08288447 -0.59479630 0.12479315
v 0.08680281 -0.67297834 0.08124568
v 0.09987840 -0.33889798 0.10291425
v 0.14131405 -0.41270948 -0.00885830
v 0.19103625 -0.52278442 -0.01739114
v 0.24427389 -0.57628934 -0.03929110
v 0.08476747 -0.24375251 0.02636535
v 0.15064292 -0.67231696 -0.01230621
v 0.12324027 -0.69937274 -0.02521475
v -0.01672217 -0.97709475 0.10848276
v 0.01007303 -1.07745745 0.09759882
v 0.01758752 -1.06041523 0.16743391
v -0.02249140 -0.97601286 0.22720834
v 0.01137079 -1.05386232 0.25236396
v 0.02633081 -0.95408713 0.25936161
v 0.01854080 -1.15803989 0.23560766
v 0.03357685 -0.80033665 0.24884120
v 0.03142353 -1.20739019 0.35663570
v 0.03497025 -1.23169963 0.31475925
v 0.04715583 -1.08056741 0.31694086
v -0.01800192 -0.87908937 0.17110073
v -0.05865694 -0.83176295 0.10570021
v -0.04861898 -0.76109111 0.16926841
v -0.11307642 -0.74058314 0.09473699
v -0.16993129 -0.63321001 0.15075317
v -0.11933267 -0.87507074 -0.04458048
v -0.08927048 -0.96411918 0.00312351
v -0.05330552 -0.97865969 0.08813428
v -0.12671232 -1.04493177 0.06590234
v -0.15330350 -1.10467926 0.10337518
v -0.00634476 -1.05716613 0.03163692
v -0.02327951 -1.14912845 0.07293739
v 0.02529103 -1.07903897 0.00013855
v 0.03919978 -1.28705870 -0.01886168
v 0.04736736 -1.07169500 -0.08825151
v 0.07408705 -1.23003822 -0.16714893
v 0.07172875 -1.05654707 -0.23028236
v 0.09633651 -1.14986572 -0.20976846
v 0.08161583 -1.03629043 -0.29188199
v 0.13946713 -1.16531571 -0.27130879
v 0.04898887 -0.93084390 -0.35364046
v 0.01037159 -0.90257256 -0.24839221
v -0.00494667 -0.81013496 -0.32386210
v 0.01126509 -0.83210210 -0.18336212
v 0.06902249 -1.31842412 -0.21076367
v 0.06999223 -1.34289233 -0.04720494
v 0.02944096 -0.72440635 -0.36247928
v 0.02859435 -1.32229582 0.02220561
v 0.00885859 -1.25094456 0.06174747
v 0.00874877 -0.91537106 -0.12249287
v -0.08725876 -0.66056490 0.21538863
v -0.10758238 -0.52303181 0.24405695
v -0.16119872 -0.43930452 0.20748851
v -0.09346040 -0.31555353 0.23361382
v -0.16606693 -0.34744091 0.18254999
v -0.13556646 -0.29179150 0.21844883
v 0.02303788 -0.67652028 0.24098715
v -0.17267928 -0.24204603 0.13152468
v -0.19821964 -0.47983029 0.13323517
v -0.14163635 -0.78116119 -0.01284773
v -0.08665866 -0.15483426 0.18371534
v -0.11320585 -0.11611138 0.12169112
v -0.15834786 -0.23753859 0.04319356
v -0.09390500 -0.08825611 0.04499305
v -0.09916889 -0.21200032 -0.01758218
v -0.11174977 -0.31610823 -0.06587501
v -0.04752309 -0.30276989 -0.12029774
v -0.05976263 -0.02786459 0.17606012
v -0.14917355 -0.45385671 -0.02656962
v -0.13255015 -0.66862480 -0.02073034
v -0.15348677 -0.66631698 0.05025069
v -0.17344967 -0.71827188 -0.01995169
v -0.12121909 0.03927457 0.11000343
v -0.08952091 0.02685395 0.03756337
v -0.16214856 0.08290546 0.06745864
v -0.08728763 0.10091398 -0.01587016
v -0.09027920 0.08093485 0.18999376
v -0.01534930 -0.72213458 0.19511957
v -0.18308751 -0.37401164 0.04855568
v 0.04795025 -0.65083884 -0.31224415
v 0.05274632 -0.57025427 -0.24368266
v 0.01565225 -0.72188876 -0.15874425
v 0.02603938 -0.46814451 -0.16966816
v 0.00544189 -0.45663004 -0.14274898
v 0.02303788 -0.67652028 0.24098715
v -0.01534930 -0.72213458 0.19511957
v 0.03357685 -0.80033665 0.24884120
v -0.13255015 -0.66862480 -0.02073034
v -0.15348677 -0.66631698 0.05025069
v -0.19017330 -0.53579977 0.05484652
v -0.17344967 -0.71827188 -0.01995169
v -0.16993129 -0.63321001 0.15075317
v -0.14917355 -0.45385671 -0.02656962
v -0.18308751 -0.37401164 0.04855568
v -0.19821964 -0.47983029 0.13323517
v -0.04752309 -0.30276989 -0.12029774
v -0.02863065 -0.80892592 -0.11381407
v -0.13255015 -0.66862480 -0.02073034
v 0.00544189 -0.45663004 -0.14274898
v 0.01565225 -0.72188876 -0.15874425
v -0.14163635 -0.78116119 -0.01284773
v -0.11933267 -0.87507074 -0.04458048
v 0.00874877 -0.91537106 -0.12249287
v 0.01126509 -0.83210210 -0.18336212
v -0.68308763 0.94641856 -0.01245249
v -0.62804802 1.01403818 0.15417524
v -0.68112744 0.94436319 0.05064091
v -0.25698681 -0.73288712 -0.11161648
v -0.20487145 -0.80513077 -0.06643325
v -0.17344967 -0.71827188 -0.01995169
vt 0.86676085 0.81412101
vt 0.86571443 0.81123918
vt 0.85546142 0.81412101
vt 0.58036137 0.29431677
vt 0.57625508 0.27870142
vt 0.49412981 0.28104925
vt 0.51913321 0.30853271
vt 0.45121253 0.31019187
vt 0.45030278 0.28056073
vt 0.56678540 0.31909275
vt 0.63561964 0.30591416
vt 0.64224035 0.32538646
vt 0.64725983 0.29687262
vt 0.52332139 0.33010125
vt 0.63656580 0.28321815
vt 0.48629329 0.26337957
vt 0.55462915 0.26208961
vt 0.45181352 0.25008905
vt 0.60581523 0.26272750
vt 0.65112996 0.26721537
vt 0.50395077 0.24139977
vt 0.63472402 0.25583690
vt 0.45536906 0.22170514
vt 0.53281891 0.22956562
vt 0.59515703 0.24068034
vt 0.45172909 0.33534235
vt 0.49411604 0.21085495
vt 0.57284349 0.34249735
vt 0.63513643 0.33766735
vt 0.64688998 0.35243165
vt 0.45019963 0.35499716
vt 0.52436453 0.34991878
vt 0.48629543 0.34850407
vt 0.58506882 0.35800266
vt 0.63504565 0.36431479
vt 0.49992892 0.37782872
vt 0.55920428 0.37480748
vt 0.45259216 0.38544929
vt 0.51003522 0.39489913
vt 0.65112996 0.38696504
vt 0.59550440 0.38994384
vt 0.54265082 0.39706099
vt 0.45641726 0.41796255
vt 0.49126604 0.42026901
vt 0.44663101 0.27153063
vt 0.44585687 0.31678641
vt 0.22946507 0.53775865
vt 0.24758245 0.51462042
vt 0.25587583 0.57978553
vt 0.23120648 0.60579586
vt 0.26319286 0.51930928
vt 0.26639587 0.46786040
vt 0.24410531 0.46001601
vt 0.26577705 0.43819296
vt 0.28266791 0.44146848
vt 0.28147462 0.48005593
vt 0.26790842 0.60546190
vt 0.28086859 0.56028235
vt 0.28921083 0.51611441
vt 0.24949218 0.62853736
vt 0.26880839 0.62719864
vt 0.30051348 0.47463465
vt 0.31041601 0.44169259
vt 0.22349909 0.62380689
vt 0.29994017 0.59905106
vt 0.30538970 0.53290075
vt 0.30909714 0.57293475
vt 0.30174142 0.63123071
vt 0.25016454 0.43467820
vt 0.21045198 0.57303298
vt 0.32340398 0.51425308
vt 0.33170164 0.44244111
vt 0.32360557 0.62844580
vt 0.27612579 0.63704848
vt 0.31628072 0.63796270
vt 0.34054473 0.59111488
vt 0.34745631 0.63104320
vt 0.34175149 0.52543283
vt 0.32463884 0.64024979
vt 0.34942842 0.44449055
vt 0.35691646 0.58095831
vt 0.35699901 0.53952450
vt 0.36150599 0.47496498
vt 0.27563792 0.64024979
vt 0.37529346 0.60184056
vt 0.35932499 0.63247991
vt 0.37427184 0.63169503
vt 0.37261596 0.44281101
vt 0.37467149 0.50590295
vt 0.39416292 0.57421678
vt 0.39046159 0.63060153
vt 0.40348399 0.62767732
vt 0.38787842 0.47398341
vt 0.25216052 0.63611007
vt 0.23542519 0.63379538
vt 0.21478243 0.63499868
vt 0.31114087 0.33289659
vt 0.38585290 0.33081198
vt 0.36985734 0.31202185
vt 0.31409758 0.30807430
vt 0.24529190 0.32079029
vt 0.28616521 0.29136729
vt 0.24794501 0.30085570
vt 0.43968618 0.32289392
vt 0.44020683 0.29909790
vt 0.36418608 0.29814678
vt 0.26692858 0.34814739
vt 0.24769601 0.34737515
vt 0.36909902 0.34486014
vt 0.41118971 0.35060757
vt 0.44235447 0.35154331
vt 0.33883947 0.35854423
vt 0.26255640 0.36932933
vt 0.25071168 0.38390660
vt 0.32591912 0.37549180
vt 0.44274202 0.36546445
vt 0.38869402 0.38399768
vt 0.31078583 0.38903445
vt 0.26470676 0.39956403
vt 0.29684260 0.40664220
vt 0.25477767 0.41895896
vt 0.44658959 0.38607097
vt 0.34649462 0.41115665
vt 0.40235433 0.40222406
vt 0.30731380 0.42891455
vt 0.24590640 0.28592181
vt 0.38944298 0.28988910
vt 0.35985053 0.27573764
vt 0.28676260 0.27352077
vt 0.24646792 0.26509804
vt 0.42892897 0.28100258
vt 0.44319925 0.26816380
vt 0.24816947 0.24747705
vt 0.32174781 0.25980413
vt 0.43195182 0.25349224
vt 0.39023143 0.25898772
vt 0.36973357 0.24158478
vt 0.29855868 0.23868811
vt 0.44514507 0.24883038
vt 0.24756609 0.22215712
vt 0.31273064 0.22280252
vt 0.38515589 0.22670567
vt 0.43514612 0.23126304
vt 0.44774011 0.22486663
vt 0.27546331 0.21288532
vt 0.28796223 0.19724381
vt 0.39512351 0.20735747
vt 0.25612327 0.18299711
vt 0.34375688 0.19414246
vt 0.25099438 0.41186309
vt 0.44774011 0.37002891
vt 0.10821711 0.48942208
vt 0.11190931 0.54571855
vt 0.09170207 0.49252844
vt 0.08260527 0.54939139
vt 0.08471253 0.58282816
vt 0.11112307 0.59464943
vt 0.09038243 0.61473066
vt 0.11985092 0.44982004
vt 0.09755000 0.43307805
vt 0.12641174 0.50988513
vt 0.07863347 0.46385717
vt 0.07281303 0.51146859
vt 0.13836636 0.45963389
vt 0.12306225 0.61889583
vt 0.12025004 0.42603266
vt 0.14340056 0.42849696
vt 0.13398339 0.56391406
vt 0.13895537 0.51167798
vt 0.06740196 0.55941004
vt 0.06177351 0.61514461
vt 0.08010978 0.61741757
vt 0.08096962 0.43058777
vt 0.06205767 0.46470714
vt 0.05551473 0.52586144
vt 0.04186083 0.48171115
vt 0.04176253 0.55147326
vt 0.06886033 0.43351930
vt 0.04447806 0.44295377
vt 0.02655272 0.45625681
vt 0.02574624 0.49485707
vt 0.02573833 0.58037245
vt 0.03897442 0.61233985
vt 0.01527317 0.53292555
vt 0.05139552 0.43547207
vt 0.03171143 0.44094735
vt 0.00423729 0.47685081
vt 0.00932734 0.44973415
vt 0.01739676 0.44101328
vt 0.15897711 0.46636510
vt 0.13896774 0.62223071
vt 0.15026417 0.54039598
vt 0.17591952 0.43725109
vt 0.02111129 0.61517334
vt 0.16933617 0.49827272
vt 0.18963441 0.45945489
vt 0.18391940 0.54361451
vt 0.15884665 0.58068579
vt 0.15336427 0.62427217
vt 0.17878701 0.59208298
vt 0.19338346 0.43769485
vt 0.17188190 0.42935210
vt 0.20695075 0.49622059
vt 0.18234755 0.62666464
vt 0.16521251 0.62680113
vt 0.21516007 0.44273055
vt 0.20217134 0.56705731
vt 0.03736776 0.62666464
vt 0.05435519 0.62042218
vt 0.66440463 0.15512466
vt 0.65094215 0.11050391
vt 0.67594820 0.10421598
vt 0.66624653 0.06065756
vt 0.65027636 0.05949372
vt 0.63742566 0.15522939
vt 0.63917202 0.08359289
vt 0.63302398 0.19340646
vt 0.66419476 0.19288552
vt 0.62498039 0.05985755
vt 0.62622160 0.11189753
vt 0.64560306 0.04452068
vt 0.61647195 0.17800534
vt 0.61073363 0.11591250
vt 0.59532368 0.19755536
vt 0.61258572 0.21085495
vt 0.62663275 0.21085495
vt 0.59474409 0.05920839
vt 0.62161130 0.02864867
vt 0.65022117 0.03044963
vt 0.59611702 0.15647417
vt 0.59258687 0.10841477
vt 0.59842443 0.03285509
vt 0.57807988 0.17878729
vt 0.58455437 0.03199017
vt 0.57179803 0.13768947
vt 0.56958753 0.10266548
vt 0.56559062 0.06059325
vt 0.56680930 0.19782358
vt 0.66019142 0.20849741
vt 0.58885521 0.20981270
vt 0.69350284 0.19462878
vt 0.68387324 0.20990717
vt 0.63033128 0.21061033
vt 0.66270870 0.02641690
vt 0.56183845 0.20832312
vt 0.53190082 0.20803952
vt 0.53143448 0.19605231
vt 0.50423729 0.20940804
vt 0.08322826 0.08932626
vt 0.06545275 0.10714525
vt 0.05115258 0.05885303
vt 0.07733764 0.01412356
vt 0.09482988 0.06374311
vt 0.06726044 0.15036476
vt 0.08591621 0.15395528
vt 0.03898299 0.02017117
vt 0.07224524 0.20433301
vt 0.05835195 0.00221854
vt 0.09401593 0.00081283
vt 0.05227968 0.11228198
vt 0.08770377 0.20250463
vt 0.10138380 0.01059580
vt 0.10161363 0.14968967
vt 0.02840087 0.00743043
vt 0.05391197 0.19363511
vt 0.11288328 0.04589665
vt 0.12082312 0.12485570
vt 0.11346430 0.17347753
vt 0.12688947 0.04142940
vt 0.13924864 0.00048029
vt 0.13060029 0.15493715
vt 0.14085521 0.05843341
vt 0.14571808 0.12361568
vt 0.12448765 0.19731545
vt 0.13965587 0.19715220
vt 0.15688936 0.00338036
vt 0.14849372 0.15840554
vt 0.15512380 0.06124198
vt 0.03872016 0.16097045
vt 0.04213845 0.20956498
vt 0.02764311 0.05981612
vt 0.02547432 0.10407728
vt 0.00047081 0.01205570
vt 0.17371920 0.00330395
vt 0.03036943 0.22046113
vt 0.23514655 0.10734451
vt 0.21986139 0.14881539
vt 0.21132405 0.10114223
vt 0.23994747 0.05962843
vt 0.19912969 0.16339689
vt 0.23305224 0.01522303
vt 0.26892018 0.02499902
vt 0.20540051 0.20983720
vt 0.25709048 0.06209463
vt 0.24938148 0.11695564
vt 0.22521493 0.19466156
vt 0.23496117 0.21529126
vt 0.28347203 0.07170600
vt 0.29331449 0.03228056
vt 0.26986191 0.12642288
vt 0.25489902 0.16490251
vt 0.24468873 0.20524931
vt 0.18444373 0.19023621
vt 0.18377271 0.20191604
vt 0.21242714 0.01460642
vt 0.16605504 0.14220977
vt 0.18336383 0.13787645
vt 0.19239977 0.06617630
vt 0.17606440 0.09172040
vt 0.19576953 0.00740880
vt 0.16804855 0.07157254
vt 0.15630116 0.20037931
vt 0.23227462 0.22046113
vt 0.18577190 0.20987391
vt 0.21082518 0.21557581
vt 0.09617138 0.68507415
vt 0.16598155 0.64820552
vt 0.11492776 0.67848539
vt 0.09649432 0.69328833
vt 0.08731910 0.70392752
vt 0.07994550 0.70502663
vt 0.07203390 0.73439002
vt 0.11524207 0.66821533
vt 0.14788812 0.65066987
vt 0.18409085 0.63999504
vt 0.26499793 0.65772057
vt 0.23993947 0.64325678
vt 0.28133988 0.65994704
vt 0.28747565 0.67070144
vt 0.31010213 0.68096328
vt 0.22613320 0.64805669
vt 0.20622274 0.63832855
vt 0.20675761 0.64587218
vt 0.19272834 0.64703625
vt 0.28884926 0.67555791
vt 0.30514467 0.68886489
vt 0.32754189 0.70779085
vt 0.16670761 0.65592760
vt 0.13874352 0.66604412
vt 0.26046005 0.66164881
vt 0.33245739 0.70189911
vt 0.34792843 0.73439002
vt 0.34742355 0.72627896
vt 0.31440416 0.98675346
vt 0.28449970 0.99040699
vt 0.29172882 0.97925067
vt 0.32890069 0.97636485
vt 0.35580486 0.98601705
vt 0.37968704 0.97925478
vt 0.38519275 0.98560393
vt 0.41101694 0.99332625
vt 0.26224107 0.99471664
vt 0.40654361 0.99471664
vt 0.35417938 0.97309709
vt 0.31819752 0.97166187
vt 0.81859475 0.66035843
vt 0.80821699 0.67011982
vt 0.81771290 0.68331093
vt 0.81516224 0.63310331
vt 0.80492228 0.63849080
vt 0.81160367 0.68870521
vt 0.80634153 0.68984574
vt 0.80789155 0.62000704
vt 0.81871033 0.62186271
vt 0.82344633 0.69884723
vt 0.82344633 0.62140071
vt 0.80277491 0.62692130
vt 0.80817461 0.60643440
vt 0.80772603 0.59894335
vt 0.79990584 0.65859860
vt 0.24421442 0.87556523
vt 0.24080655 0.86612689
vt 0.28860641 0.90537941
vt 0.22362942 0.86564136
vt 0.20850992 0.85550392
vt 0.19113459 0.85672736
vt 0.27235803 0.88613886
vt 0.20006411 0.84799898
vt 0.23015244 0.85700780
vt 0.16224913 0.84720558
vt 0.17424685 0.84270936
vt 0.14824189 0.84197885
vt 0.12033033 0.84479874
vt 0.12147734 0.85481638
vt 0.10048484 0.85373771
vt 0.14231290 0.85157448
vt 0.08645480 0.86753732
vt 0.06227968 0.87469047
vt 0.06537714 0.87824339
vt 0.03531073 0.90537941
vt 0.16545843 0.85123551
vt 0.09090354 0.85299325
vt 0.17964831 0.96285284
vt 0.18961376 0.95338494
vt 0.19577152 0.96202850
vt 0.16998480 0.95752186
vt 0.15932785 0.96750063
vt 0.15308271 0.96077132
vt 0.14159867 0.96447086
vt 0.20383644 0.95443302
vt 0.22133553 0.95778579
vt 0.21123478 0.96359110
vt 0.23534766 0.96849567
vt 0.15001933 0.97227973
vt 0.13458368 0.97540873
vt 0.17546660 0.97003561
vt 0.12540001 0.96648365
vt 0.10593221 0.97934675
vt 0.23723868 0.95722097
vt 0.25282487 0.97934675
vt 0.21366675 0.94764650
vt 0.01068175 0.16378623
vt 0.02096111 0.15439266
vt 0.02118644 0.17038572
vt 0.02096111 0.19546688
vt 0.00800377 0.18721420
vt 0.01654530 0.21469742
vt 0.01273684 0.13304514
vt 0.01850631 0.13800478
vt 0.34887007 0.75264168
vt 0.34576434 0.74495679
vt 0.33094233 0.74960530
vt 0.30178908 0.75264168
vt 0.97410548 0.54944712
vt 0.98489112 0.57352531
vt 0.98467636 0.55459487
vt 0.97453958 0.56598592
vt 0.97543579 0.53432781
vt 0.98667109 0.53516024
vt 0.98937517 0.52151227
vt 0.97439814 0.57948536
vt 0.97915262 0.60161436
vt 0.98714250 0.59798545
vt 0.99011302 0.62199807
vt 0.97599423 0.52259511
vt 0.99011302 0.50192124
vt 0.68567574 0.14583606
vt 0.68681526 0.12306118
vt 0.69761026 0.13767284
vt 0.72647756 0.12688911
vt 0.71595722 0.14340401
vt 0.70071429 0.10883719
vt 0.75150037 0.10976416
vt 0.78296453 0.13217056
vt 0.79532260 0.11133635
vt 0.82578188 0.13251740
vt 0.83939981 0.11096710
vt 0.76289809 0.14370847
vt 0.85093319 0.13373327
vt 0.71910745 0.14801633
vt 0.81158817 0.16089606
vt 0.84868038 0.16378480
vt 0.82326049 0.09465885
vt 0.75846064 0.09384859
vt 0.70583755 0.09216887
vt 0.68406677 0.09896123
vt 0.85764271 0.10132539
vt 0.84476459 0.07388228
vt 0.80524105 0.07703769
vt 0.73343271 0.07140017
vt 0.67948687 0.07385957
vt 0.83160895 0.05640554
vt 0.85964131 0.06375301
vt 0.79157865 0.05747658
vt 0.86627060 0.11879468
vt 0.75175911 0.05524182
vt 0.86677933 0.14260852
vt 0.85786754 0.03122514
vt 0.84059685 0.03432256
vt 0.81289679 0.03208214
vt 0.69852376 0.04653192
vt 0.86958569 0.05615139
vt 0.67372882 0.05240148
vt 0.86829400 0.08367217
vt 0.77370214 0.02773547
vt 0.85512537 0.00275898
vt 0.83590955 0.00048029
vt 0.86876422 0.03199685
vt 0.86723971 0.00999993
vt 0.71809846 0.16378480
vt 0.86847997 0.30028659
vt 0.86332530 0.32374132
vt 0.86205274 0.31336868
vt 0.87241054 0.33381367
vt 0.86352795 0.29247469
vt 0.87241054 0.28001922
vt 0.01955805 0.84500468
vt 0.00738177 0.86887157
vt 0.01451836 0.86648440
vt 0.01394480 0.83898747
vt 0.01318049 0.87749970
vt 0.00521723 0.90081853
vt 0.01388657 0.82435602
vt 0.02871940 0.82862425
vt 0.02616197 0.81305575
vt 0.01471446 0.89446121
vt 0.01842042 0.92774111
vt 0.00047081 0.87454528
vt 0.02210423 0.80931795
vt 0.00237076 0.90437239
vt 0.02871940 0.95437080
vt 0.00611804 0.83977038
vt 0.93358451 0.38798678
vt 0.92984933 0.38006651
vt 0.93342966 0.41242176
vt 0.93485361 0.34040016
vt 0.94493890 0.42750311
vt 0.94388163 0.44084728
vt 0.96657252 0.47118151
vt 0.94198352 0.37456596
vt 0.94273174 0.35584491
vt 0.94324714 0.39409554
vt 0.94522142 0.40801847
vt 0.94746721 0.33174378
vt 0.95281613 0.30808067
vt 0.95098126 0.30115104
vt 0.96194470 0.28361332
vt 0.96657252 0.28290105
vt 0.94195056 0.31617045
vt 0.87403011 0.60055667
vt 0.88712108 0.59606147
vt 0.88933194 0.60278577
vt 0.89971751 0.59931773
vt 0.87711060 0.59707916
vt 0.86299437 0.60278577
vt 0.02804583 0.41170645
vt 0.02910982 0.42672563
vt 0.02458916 0.41557449
vt 0.04322020 0.41377008
vt 0.04347089 0.42699325
vt 0.06436839 0.41078669
vt 0.06942100 0.42405951
vt 0.07485192 0.40923429
vt 0.08527141 0.42052352
vt 0.09224605 0.40698808
vt 0.09840649 0.41698742
vt 0.10247967 0.40430802
vt 0.10404504 0.32086921
vt 0.09584327 0.35619891
vt 0.07859343 0.30374980
vt 0.07764785 0.24037802
vt 0.09836181 0.25144202
vt 0.09243380 0.22497201
vt 0.07301129 0.36499274
vt 0.06245397 0.27295840
vt 0.08779860 0.37822032
vt 0.11108354 0.38349777
vt 0.11976717 0.36843610
vt 0.11218996 0.26683724
vt 0.08879759 0.40089440
vt 0.11607659 0.22482252
vt 0.12297636 0.32387036
vt 0.07299894 0.40184462
vt 0.04831827 0.29374647
vt 0.03664883 0.24917221
vt 0.05613978 0.36982763
vt 0.04593158 0.23499656
vt 0.07150680 0.21827298
vt 0.03775045 0.33176303
vt 0.05051035 0.40435684
vt 0.02395698 0.29928994
vt 0.00517891 0.26200408
vt 0.01080417 0.24032283
vt 0.08603752 0.21630365
vt 0.13186312 0.39152157
vt 0.12297871 0.40140045
vt 0.11429136 0.41406262
vt 0.13263355 0.28744555
vt 0.13814421 0.25448573
vt 0.13774410 0.36582100
vt 0.14131950 0.32048160
vt 0.15396436 0.41630602
vt 0.15652919 0.38695616
vt 0.14622740 0.22469908
vt 0.17593496 0.40637887
vt 0.15584613 0.36162257
vt 0.15919836 0.29494280
vt 0.10653545 0.21402180
vt 0.16630821 0.24281687
vt 0.17529769 0.30707967
vt 0.17159444 0.36855590
vt 0.17294872 0.22166479
vt 0.18110597 0.25555271
vt 0.18900479 0.34667927
vt 0.14461832 0.21373677
vt 0.18624672 0.38727206
vt 0.18719450 0.22844732
vt 0.20467587 0.28278863
vt 0.17317903 0.41906077
vt 0.21235813 0.25574976
vt 0.17733590 0.21374726
vt 0.19821186 0.40855181
vt 0.18919645 0.42311621
vt 0.21652588 0.23755884
vt 0.20495869 0.33035237
vt 0.21565242 0.37757313
vt 0.19881636 0.21709955
vt 0.22858973 0.27134848
vt 0.22188127 0.32875019
vt 0.24058381 0.24615884
vt 0.20748986 0.42699325
vt 0.39124295 0.97358310
vt 0.40725046 0.97358310
vt 0.40640023 0.96974063
vt 0.46186441 0.57300675
vt 0.46186441 0.58549470
vt 0.45715630 0.57813430
vt 0.59839922 0.23006725
vt 0.60875708 0.23006725
vt 0.60268819 0.22526419
vt 0.55236024 0.55420250
vt 0.56505954 0.55319774
vt 0.56478417 0.55652970
vt 0.53399998 0.54373324
vt 0.56494594 0.54249436
vt 0.54372591 0.56573576
vt 0.52942759 0.55772454
vt 0.54868758 0.58450097
vt 0.52900857 0.65436333
vt 0.54902118 0.63276553
vt 0.56967217 0.63454747
vt 0.56861156 0.58685410
vt 0.55000430 0.68970478
vt 0.56711835 0.68911743
vt 0.55527878 0.73308933
vt 0.57826388 0.73475367
vt 0.52729392 0.73678333
vt 0.51498318 0.62708753
vt 0.51574981 0.69834709
vt 0.51701307 0.54486442
vt 0.59030908 0.68146372
vt 0.58289850 0.61526299
vt 0.57224661 0.56901217
vt 0.59239191 0.55708671
vt 0.59637994 0.54368436
vt 0.60321957 0.73442203
vt 0.60762542 0.63787478
vt 0.60263652 0.59712940
vt 0.62007439 0.69243509
vt 0.62853110 0.73194170
vt 0.50059217 0.68424964
vt 0.50234413 0.62312120
vt 0.49783912 0.58069789
vt 0.49584186 0.73911357
vt 0.54115129 0.73919308
vt 0.50006509 0.54380828
vt 0.59558636 0.53794378
vt 0.48430741 0.69203585
vt 0.48600414 0.61669832
vt 0.46926343 0.73901522
vt 0.46455073 0.70447046
vt 0.45927322 0.66105658
vt 0.47027200 0.59738815
vt 0.47115165 0.55427998
vt 0.46655264 0.53458214
vt 0.44303203 0.73919308
vt 0.68183142 0.71907598
vt 0.68319786 0.72306454
vt 0.69000793 0.72471809
vt 0.70548528 0.72440022
vt 0.74416083 0.72492892
vt 0.73204422 0.72898632
vt 0.67433518 0.72437382
vt 0.69427419 0.73191929
vt 0.73565757 0.73342937
vt 0.75815904 0.72520214
vt 0.77423269 0.70923311
vt 0.77107012 0.72006673
vt 0.75848985 0.71305686
vt 0.71993941 0.64567280
vt 0.75323564 0.64466405
vt 0.72308660 0.62582707
vt 0.71184266 0.63809770
vt 0.76162350 0.70459616
vt 0.71804523 0.71438855
vt 0.67145318 0.67221892
vt 0.66997713 0.65307224
vt 0.68102574 0.62170959
vt 0.68502229 0.55710435
vt 0.73359078 0.61286211
vt 0.72961009 0.55312639
vt 0.74978268 0.58394009
vt 0.75117278 0.62551153
vt 0.75128657 0.60145092
vt 0.66565001 0.60728711
vt 0.65296185 0.56632364
vt 0.65768135 0.64699286
vt 0.63063920 0.59978580
vt 0.63475025 0.66062933
vt 0.67184865 0.70989841
vt 0.65635294 0.69973409
vt 0.62915921 0.59173840
vt 0.76928353 0.66868055
vt 0.62217170 0.61225563
vt 0.62199199 0.65759367
vt 0.66962534 0.55228227
vt 0.68045074 0.54666317
vt 0.69453323 0.54270744
vt 0.78077185 0.69525594
vt 0.79048961 0.68068230
vt 0.77236784 0.56603146
vt 0.76784474 0.60164535
vt 0.75729239 0.61348152
vt 0.75304371 0.54709941
vt 0.63911074 0.67794436
vt 0.74472314 0.61406648
vt 0.65412962 0.71122575
vt 0.63711655 0.57540095
vt 0.61911488 0.64037305
vt 0.77340978 0.56178647
vt 0.77067202 0.55314082
vt 0.79048961 0.56531698
vt 0.73498034 0.54629040
vt 0.71054316 0.53938520
vt 0.65367907 0.55872232
vt 0.74374729 0.54140812
vt 0.65275097 0.70108306
vt 0.63914430 0.68307048
vt 0.63633472 0.69325030
vt 0.62610155 0.67336601
vt 0.63419855 0.67294103
vt 0.62609494 0.66060317
vt 0.19915254 0.66522574
vt 0.19778530 0.66042268
vt 0.19067797 0.66522574
vt 0.32278121 0.72670507
vt 0.30743879 0.72862631
vt 0.32532957 0.72862631
vt 0.75134921 0.96646833
vt 0.69957483 0.95917386
vt 0.76806700 0.96474189
vt 0.71251589 0.96371919
vt 0.68476534 0.96319664
vt 0.69415641 0.96777374
vt 0.67952710 0.97405136
vt 0.76626062 0.97076464
vt 0.77804041 0.97629076
vt 0.66431260 0.98414987
vt 0.79143125 0.98414987
vt 0.72266263 0.88259768
vt 0.70986068 0.89673388
vt 0.70560509 0.88527310
vt 0.67086244 0.77921307
vt 0.65221244 0.82988459
vt 0.64058572 0.82507247
vt 0.70243436 0.81994921
vt 0.67373759 0.85382104
vt 0.70900607 0.76826894
vt 0.71530604 0.84901971
vt 0.62870306 0.77416700
vt 0.57134920 0.81232816
vt 0.59698910 0.84377307
vt 0.68198985 0.74596703
vt 0.56387413 0.86530566
vt 0.72495258 0.80282098
vt 0.58539712 0.75561166
vt 0.63135707 0.73756570
vt 0.66149312 0.85651588
vt 0.60337645 0.87617278
vt 0.57344890 0.77090770
vt 0.58598810 0.88981175
vt 0.60455316 0.74412465
vt 0.66906130 0.88223141
vt 0.70289451 0.89048022
vt 0.55696797 0.84585887
vt 0.58994031 0.89673388
vt 0.72523952 0.85473192
vt 0.55746096 0.80607688
vt 0.65867430 0.87056088
vt 0.64757597 0.86336786
vt 0.66356361 0.73439002
vt 0.72845829 0.78182352
vt 0.73681730 0.83191842
vt 0.69736356 0.74633849
vt 0.61496586 0.74026918
vt 0.73478758 0.80058157
vt 0.69101870 0.73816818
vt 0.71726674 0.76036829
vt 0.70698237 0.89153874
vt 0.73329902 0.85568833
vt 0.56189823 0.78312534
vt 0.57587945 0.88653839
vt 0.67843693 0.15225744
vt 0.66713750 0.15225744
vt 0.67389971 0.15417868
vt 0.86776918 0.86234683
vt 0.89255506 0.87236726
vt 0.90456194 0.84966123
vt 0.88651192 0.82961226
vt 0.87206393 0.84490204
vt 0.93971354 0.83147341
vt 0.90363532 0.81725866
vt 0.93302196 0.84702396
vt 0.86586213 0.88684982
vt 0.89422303 0.90225220
vt 0.93388313 0.81759644
vt 0.94846129 0.86548007
vt 0.87666827 0.91097593
vt 0.96751410 0.85960156
vt 0.95919710 0.83582419
vt 0.96650827 0.88861996
vt 0.93711400 0.88448715
vt 0.94562274 0.91739982
vt 0.90440947 0.90269965
vt 0.91179144 0.92964923
vt 0.96347594 0.90252429
vt 0.90637976 0.88480574
vt 0.93096900 0.86588740
vt 0.92379576 0.85328877
vt 0.90571612 0.86109138
vt 0.93456292 0.93928540
vt 0.88044143 0.92778325
vt 0.92861170 0.88379985
vt 0.90843230 0.88927537
vt 0.85357815 0.86912143
vt 0.90779275 0.93996155
vt 0.95366353 0.92964995
vt 0.86277926 0.90907520
vt 0.85624951 0.89452928
vt 0.96751410 0.91777587
vt 0.85798794 0.84578872
vt 0.86713260 0.82960540
vt 0.88111776 0.81604224
vt 0.92231333 0.86955583
vt 0.90583986 0.87367648
vt 0.91931444 0.88148969
vt 0.94670713 0.09942728
vt 0.96737272 0.08735663
vt 0.94669068 0.08038849
vt 0.96642685 0.06480640
vt 0.94265413 0.05606580
vt 0.96762055 0.04724866
vt 0.92354786 0.07172120
vt 0.93422014 0.09125596
vt 0.92043316 0.10130638
vt 0.93443066 0.11530071
vt 0.94072664 0.04185182
vt 0.92639065 0.03364754
vt 0.94897282 0.11811787
vt 0.96880275 0.11143559
vt 0.93100864 0.12444174
vt 0.97033900 0.12632084
vt 0.97033900 0.02874404
vt 0.93745995 0.01924616
vt 0.92840052 0.00912583
vt 0.48298752 0.91172016
vt 0.46761250 0.89378947
vt 0.49975190 0.89745891
vt 0.47193813 0.87634599
vt 0.51141500 0.88861412
vt 0.49818474 0.86062002
vt 0.52634442 0.89726156
vt 0.52743864 0.86282253
vt 0.54497403 0.87951571
vt 0.46219462 0.91757506
vt 0.48771188 0.92998147
vt 0.47369954 0.94622129
vt 0.49210623 0.95957887
vt 0.50477469 0.94313514
vt 0.53718567 0.95842969
vt 0.52165151 0.93512505
vt 0.55552804 0.94257373
vt 0.53446090 0.91505408
vt 0.56285638 0.89526600
vt 0.50860363 0.97166187
vt 0.50758767 0.85062438
vt 0.50072068 0.91328984
vt 0.54285204 0.85874933
vt 0.50398314 0.92618209
vt 0.56473613 0.94390911
vt 0.56253612 0.87642491
vt 0.53984070 0.97166187
vt 0.57421327 0.90992564
vt 0.48067725 0.85725611
vt 0.47738186 0.96939075
vt 0.45411804 0.93382072
vt 0.51459396 0.91761321
vt 0.51265585 0.91572487
vt 0.46056101 0.95075458
vt 0.45548728 0.88812429
vt 0.45056498 0.90858394
vt 0.57485878 0.92983502
vt 0.27376139 0.70882523
vt 0.28728253 0.69830984
vt 0.29941374 0.72485280
vt 0.30932203 0.71308690
vt 0.26691642 0.68957162
vt 0.25524625 0.70250899
vt 0.24154243 0.67980886
vt 0.23672104 0.69236577
vt 0.26345626 0.71886361
vt 0.21531947 0.67771375
vt 0.23767708 0.70735854
vt 0.29047218 0.74016041
vt 0.20849998 0.69616020
vt 0.23807898 0.72670567
vt 0.21925344 0.71326596
vt 0.26569676 0.74128085
vt 0.19066834 0.68277901
vt 0.18981169 0.70279276
vt 0.19488873 0.71788174
vt 0.20257378 0.73398602
vt 0.28077924 0.75687391
vt 0.23303111 0.74636030
vt 0.17540027 0.71433657
vt 0.24482845 0.76998848
vt 0.22432758 0.76464564
vt 0.23006256 0.77624947
vt 0.21321636 0.77280921
vt 0.24778038 0.79402810
vt 0.19853152 0.76954490
vt 0.19895780 0.75789887
vt 0.25896412 0.78954256
vt 0.29373369 0.77115476
vt 0.26871631 0.80355430
vt 0.16789079 0.69684088
vt 0.14115198 0.79397482
vt 0.13444015 0.78782266
vt 0.15966317 0.76941073
vt 0.16176885 0.78723431
vt 0.12650433 0.77858961
vt 0.17471889 0.76664126
vt 0.17935500 0.78436977
vt 0.12084682 0.80355430
vt 0.11070342 0.79280770
vt 0.19698203 0.78393656
vt 0.14214642 0.76110923
vt 0.12736404 0.76624924
vt 0.11449178 0.74345160
vt 0.10409596 0.75651711
vt 0.14506200 0.73407423
vt 0.16646236 0.75431597
vt 0.16203138 0.72717702
vt 0.12006062 0.72558564
vt 0.14275160 0.71601743
vt 0.18497808 0.73218864
vt 0.09314365 0.73642027
vt 0.09275465 0.77774435
vt 0.07485875 0.75820428
vt 0.07521283 0.77121800
vt 0.15080975 0.70554227
vt 0.11427819 0.71245557
vt 0.34172514 0.92877519
vt 0.36870980 0.91947806
vt 0.36088866 0.93269163
vt 0.34473830 0.90609384
vt 0.32401904 0.92280579
vt 0.32555518 0.94432378
vt 0.34678805 0.95066273
vt 0.29240572 0.93127018
vt 0.29237288 0.94272602
vt 0.29943347 0.91341925
vt 0.38717237 0.93398178
vt 0.37459648 0.95291632
vt 0.31037602 0.95766485
vt 0.32998073 0.96444356
vt 0.36621356 0.96685880
vt 0.39417768 0.91299999
vt 0.40893036 0.94932657
vt 0.41035736 0.92739850
vt 0.42929456 0.93827897
vt 0.40563828 0.96685880
vt 0.43520474 0.95716077
vt 0.42084286 0.90384299
vt 0.43546164 0.90947980
vt 0.44623032 0.92752522
vt 0.37450436 0.89934105
vt 0.45246798 0.94761109
vt 0.45338982 0.91480821
vt 0.40518099 0.89769453
vt 0.38234019 0.69486773
vt 0.36537626 0.68049741
vt 0.36692622 0.70753407
vt 0.38209018 0.67561251
vt 0.37843648 0.72034872
vt 0.37980840 0.65334940
vt 0.35992387 0.64974910
vt 0.37868443 0.63256484
vt 0.38616955 0.73109591
vt 0.35994923 0.73293710
vt 0.39024410 0.66524577
vt 0.39312619 0.69797480
vt 0.39312619 0.63697666
vt 0.35303295 0.67697543
vt 0.35218590 0.70565766
vt 0.35196233 0.71973288
vt 0.34981167 0.65216541
vt 0.37014669 0.74874783
vt 0.37782246 0.75264168
vt 0.35413739 0.75024712
vt 0.87960535 0.96384418
vt 0.86519128 0.98683059
vt 0.86415511 0.95673555
vt 0.87738037 0.98891461
vt 0.89371151 0.97202402
vt 0.91204143 0.96295071
vt 0.90745234 0.99882716
vt 0.91209531 0.97796297
vt 0.88874805 0.95181084
vt 0.87709010 0.99945801
vt 0.91641998 0.99755085
vt 0.92733258 0.98203504
vt 0.93832392 0.97198266
vt 0.86788690 0.94380403
vt 0.84676200 0.99401975
vt 0.84517413 0.98844117
vt 0.84568524 0.96570802
vt 0.84963667 0.94994736
vt 0.83496177 0.95488626
vt 0.82502550 0.97229749
vt 0.81955743 0.95174068
vt 0.81400299 0.99122488
vt 0.81110597 0.99951971
vt 0.80413610 0.96634519
vt 0.79980493 0.94780654
vt 0.79450685 0.99945801
vt 0.78578156 0.97156775
vt 0.65995747 0.33529603
vt 0.66011393 0.36470783
vt 0.67900163 0.35096723
vt 0.67462146 0.32564962
vt 0.67816049 0.36896336
vt 0.65866292 0.31401181
vt 0.68752092 0.31974173
vt 0.67383784 0.29938447
vt 0.68923849 0.34805644
vt 0.69058162 0.37528932
vt 0.66088170 0.38325173
vt 0.67814386 0.39044631
vt 0.65893316 0.40542489
vt 0.72334057 0.24286336
vt 0.74510312 0.24198133
vt 0.72327960 0.21879637
vt 0.73509812 0.26474452
vt 0.74820387 0.26409066
vt 0.70971555 0.22186881
vt 0.73630351 0.21085495
vt 0.75831693 0.25914800
vt 0.74512249 0.29564250
vt 0.70913589 0.25170839
vt 0.75977087 0.29204673
vt 0.72834849 0.28377199
vt 0.70426738 0.27867198
vt 0.73940355 0.31382394
vt 0.71398729 0.29747182
vt 0.75987870 0.31424677
vt 0.77055764 0.28708386
vt 0.72344726 0.33276868
vt 0.70873469 0.32372177
vt 0.70583272 0.36255836
vt 0.72928238 0.36509740
vt 0.77259886 0.31133157
vt 0.74141437 0.36183143
vt 0.75672972 0.33986819
vt 0.73831576 0.33820641
vt 0.76671666 0.36215180
vt 0.74433255 0.37855339
vt 0.76134264 0.37951225
vt 0.77259886 0.33907974
vt 0.72708839 0.38877332
vt 0.74445593 0.40735364
vt 0.72246474 0.41117036
vt 0.77043211 0.39627004
vt 0.76382148 0.41808462
vt 0.73431593 0.43167078
vt 0.72216374 0.42960060
vt 0.75071877 0.43820679
vt 0.71661216 0.44843006
vt 0.69287598 0.40099007
vt 0.70610726 0.42612737
vt 0.67948359 0.41633832
vt 0.66823435 0.40685892
vt 0.69058949 0.44465303
vt 0.69969177 0.45754910
vt 0.66275370 0.42381120
vt 0.67310596 0.43248844
vt 0.73267782 0.46157539
vt 0.74646842 0.45732319
vt 0.12731181 0.93058276
vt 0.10863784 0.94461238
vt 0.10452168 0.91375989
vt 0.09181283 0.93436867
vt 0.08603001 0.91418153
vt 0.12989719 0.94617814
vt 0.12805814 0.91378438
vt 0.14572781 0.92127067
vt 0.16555659 0.93241751
vt 0.15100549 0.94633853
vt 0.16412850 0.90746331
vt 0.18005949 0.91486263
vt 0.14667748 0.90097761
vt 0.18651050 0.93411523
vt 0.20856874 0.92695385
vt 0.18016854 0.95341021
vt 0.20518820 0.90880442
vt 0.20639612 0.94284332
vt 0.17821571 0.89430952
vt 0.19774808 0.89031953
vt 0.11293188 0.89456123
vt 0.15745412 0.85830933
vt 0.14066468 0.87394434
vt 0.12997484 0.85959536
vt 0.08815629 0.89246219
vt 0.09986667 0.86555862
vt 0.06836130 0.90424079
vt 0.06386077 0.92006624
vt 0.06272094 0.93248987
vt 0.08728840 0.95341021
vt 0.06167608 0.95235848
vt 0.57027471 0.41913712
vt 0.58389723 0.41814899
vt 0.57452053 0.43444848
vt 0.54876453 0.42861867
vt 0.54190791 0.41613030
vt 0.52713072 0.42747116
vt 0.52683157 0.40874159
vt 0.50270736 0.42767453
vt 0.53728455 0.43989122
vt 0.55821514 0.44343817
vt 0.51227796 0.44472599
vt 0.59343022 0.45479602
vt 0.59841710 0.44876456
vt 0.60349804 0.43220448
vt 0.61237490 0.44961119
vt 0.62719929 0.47046542
vt 0.62395966 0.48458016
vt 0.62850726 0.45035255
vt 0.62002999 0.43789029
vt 0.64157659 0.48674822
vt 0.63251132 0.50445616
vt 0.64642185 0.50759226
vt 0.64191848 0.53088313
vt 0.57656795 0.46072686
vt 0.60036987 0.50078738
vt 0.57116234 0.47882044
vt 0.60339320 0.47393882
vt 0.53793770 0.45345259
vt 0.61223978 0.52334201
vt 0.53806251 0.47584867
vt 0.62082112 0.54932702
vt 0.57375139 0.48809195
vt 0.63863093 0.55508149
vt 0.51331365 0.47190559
vt 0.61921579 0.57396734
vt 0.49879515 0.48407888
vt 0.48049834 0.45290053
vt 0.47634369 0.49180931
vt 0.45895794 0.46866512
vt 0.45814911 0.50979280
vt 0.43440989 0.49876559
vt 0.44099489 0.53536272
vt 0.41464722 0.53681618
vt 0.41568917 0.57396734
vt 0.44135696 0.56548560
vt 0.44420835 0.46819103
vt 0.42487869 0.48304176
vt 0.41136512 0.50446647
vt 0.40065914 0.56379062
vt 0.92142022 0.55651987
vt 0.89633322 0.55714101
vt 0.92083502 0.57510489
vt 0.90153056 0.54264700
vt 0.86998862 0.53177160
vt 0.87504953 0.55015838
vt 0.88909155 0.52407336
vt 0.92286551 0.54307359
vt 0.86780202 0.51204771
vt 0.84922123 0.50932819
vt 0.94391900 0.54598838
vt 0.94608706 0.56648713
vt 0.83932501 0.51792115
vt 0.85353297 0.54004097
vt 0.89567524 0.57173622
vt 0.83380413 0.53148299
vt 0.86792278 0.56265455
vt 0.95338982 0.57815599
vt 0.93662429 0.58920038
vt 0.88348150 0.57525557
vt 0.90888780 0.59414023
vt 0.84282643 0.55259019
vt 0.92644972 0.47026551
vt 0.90152484 0.47315556
vt 0.93104351 0.49122697
vt 0.91914815 0.45706475
vt 0.93341410 0.47070706
vt 0.95338982 0.48759228
vt 0.94516933 0.50345218
vt 0.92356592 0.49912012
vt 0.94833380 0.51198006
vt 0.90119702 0.45229185
vt 0.88689220 0.45795411
vt 0.90250158 0.43465102
vt 0.88467968 0.43527770
vt 0.89000058 0.41450524
vt 0.94389880 0.53034222
vt 0.91432709 0.52626395
vt 0.89802438 0.51223952
vt 0.87830859 0.50600457
vt 0.90074605 0.49237829
vt 0.88580465 0.47506928
vt 0.86444682 0.48694706
vt 0.85839289 0.47007680
vt 0.87247831 0.44193548
vt 0.84311235 0.48205650
vt 0.84651524 0.45555019
vt 0.86743504 0.41679734
vt 0.35494843 0.12506640
vt 0.36640638 0.14286906
vt 0.34192532 0.14819276
vt 0.35396376 0.16284949
vt 0.34733573 0.16754198
vt 0.33685118 0.16474330
vt 0.31930789 0.17769355
vt 0.33912572 0.18455148
vt 0.32852215 0.18345016
vt 0.32735604 0.14213735
vt 0.34462065 0.19260323
vt 0.33697328 0.12510967
vt 0.37437978 0.13035625
vt 0.35671863 0.10565025
vt 0.38144481 0.13692659
vt 0.38758230 0.12188971
vt 0.37355563 0.10429358
vt 0.37097278 0.07702857
vt 0.40068850 0.11080492
vt 0.38624614 0.09334213
vt 0.41630754 0.10007864
vt 0.34622604 0.02768469
vt 0.36376414 0.02840626
vt 0.34991243 0.03952706
vt 0.33145607 0.04148459
vt 0.33822581 0.05854213
vt 0.31728771 0.06334817
vt 0.31119755 0.05526882
vt 0.32398239 0.07907683
vt 0.35526079 0.05303127
vt 0.37490374 0.04212785
vt 0.38531885 0.02700573
vt 0.34140193 0.06971955
vt 0.36899909 0.01718497
vt 0.38597018 0.00845945
vt 0.40154758 0.01461244
vt 0.42063090 0.02209139
vt 0.40948188 0.03960967
vt 0.43260011 0.04180169
vt 0.43816203 0.02301031
vt 0.45350903 0.04107672
vt 0.42650074 0.00720459
vt 0.45848545 0.01875949
vt 0.44825098 0.07339013
vt 0.42830703 0.06098151
vt 0.39673740 0.06832922
vt 0.37626219 0.04973328
vt 0.34386382 0.09676421
vt 0.32761627 0.09880835
vt 0.31471130 0.12258589
vt 0.46973416 0.07340342
vt 0.30649719 0.11620104
vt 0.41621113 0.07155132
vt 0.43177798 0.07567376
vt 0.48483357 0.05103540
vt 0.49919885 0.07783115
vt 0.48806182 0.09193558
vt 0.52245450 0.08447337
vt 0.50571853 0.11726719
vt 0.50433731 0.05985332
vt 0.54194450 0.11166406
vt 0.54916018 0.15507030
vt 0.52326345 0.14618504
vt 0.54604453 0.19260323
vt 0.52277416 0.17308885
vt 0.54761344 0.09219134
vt 0.56374347 0.14655364
vt 0.56544256 0.12286538
vt 0.40232328 0.08526182
vt 0.23879875 0.83717489
vt 0.23258725 0.82715905
vt 0.25134301 0.82356787
vt 0.26433775 0.83288544
vt 0.26694915 0.81924039
vt 0.21599658 0.83887690
vt 0.21332738 0.82724702
vt 0.19544524 0.82672161
vt 0.23008232 0.81192571
vt 0.24746819 0.80987442
vt 0.21309963 0.81111789
vt 0.20970261 0.79663467
vt 0.26384151 0.80579579
vt 0.18898948 0.80974430
vt 0.17700921 0.79345316
vt 0.22524536 0.79218745
vt 0.19930640 0.78626323
vt 0.18440066 0.83909702
vt 0.16999422 0.82541019
vt 0.15677966 0.83887690
vt 0.98799378 0.22508860
vt 0.96257633 0.22471666
vt 0.98439020 0.23679954
vt 0.96298510 0.24950087
vt 0.99780506 0.25128502
vt 0.98092252 0.25774622
vt 0.99952918 0.22628629
vt 0.95921355 0.20773280
vt 0.99443179 0.20329118
vt 0.97403914 0.19949567
vt 0.95214981 0.24231428
vt 0.98593217 0.18203652
vt 0.95182765 0.18875122
vt 0.94774014 0.21140712
vt 0.99952918 0.18518424
vt 0.98292702 0.26935863
vt 0.99348360 0.28097987
vt 0.95912302 0.27857614
vt 0.94984734 0.27362090
vt 0.91262376 0.12386346
vt 0.89355063 0.11041451
vt 0.89863622 0.13195050
vt 0.91153491 0.09763396
vt 0.89240915 0.08580953
vt 0.88850415 0.13322926
vt 0.91233057 0.06844813
vt 0.88364995 0.11313742
vt 0.89052922 0.05880594
vt 0.88146305 0.09828752
vt 0.87790459 0.07520747
vt 0.87711865 0.05079710
vt 0.89696264 0.04920185
vt 0.88181549 0.02353507
vt 0.91666669 0.04429626
vt 0.90024430 0.02857083
vt 0.91666669 0.14439368
vt 0.90367287 0.15351593
vt 0.89548111 0.15513927
vt 0.93238336 0.22553891
vt 0.91705477 0.25146687
vt 0.93355644 0.25211507
vt 0.91189611 0.22824717
vt 0.91537762 0.21398187
vt 0.92764068 0.20946455
vt 0.91946113 0.18846589
vt 0.90335053 0.19057828
vt 0.90234452 0.21717083
vt 0.91558719 0.16272354
vt 0.93189579 0.17511952
vt 0.89689267 0.15823281
vt 0.94215393 0.20813197
vt 0.93187284 0.13688761
vt 0.95056498 0.24417114
vt 0.94815910 0.17718661
vt 0.95056498 0.14923435
vt 0.94488239 0.26244068
vt 0.91853821 0.27614897
vt 0.93012428 0.28497970
vt 0.91910934 0.30842888
vt 0.90369558 0.30441272
vt 0.90981013 0.33381367
vt 0.88240165 0.17476892
vt 0.84510356 0.18203652
vt 0.86274678 0.16503477
vt 0.87632418 0.15764880
vt 0.88931292 0.16819417
vt 0.89160550 0.15370911
vt 0.84994793 0.17036831
vt 0.89312619 0.18203652
vt 0.88609272 0.14457250
vt 0.01082863 0.72720039
vt 0.01360424 0.74828470
vt 0.02695976 0.72062624
vt 0.03100340 0.74561745
vt 0.02921646 0.77350068
vt 0.01105135 0.70611423
vt 0.02514753 0.68841964
vt 0.03920121 0.68800628
vt 0.03560231 0.72234917
vt 0.04199526 0.76856649
vt 0.05938062 0.74760067
vt 0.05864041 0.72405928
vt 0.06312981 0.70305812
vt 0.06164335 0.77241683
vt 0.07431673 0.77573484
vt 0.05238768 0.80036467
vt 0.07025395 0.68923199
vt 0.07923930 0.80109203
vt 0.06271750 0.65634942
vt 0.06659923 0.81707078
vt 0.08432855 0.66945362
vt 0.08929496 0.64181250
vt 0.08739872 0.83596367
vt 0.10687383 0.81875736
vt 0.03713082 0.66581374
vt 0.08254665 0.62614238
vt 0.10687383 0.62391931
vt 0.06351048 0.63274902
vt 0.03348738 0.80094677
vt 0.05078595 0.82093048
vt 0.06530357 0.83732259
vt 0.08672564 0.85350627
vt 0.02182441 0.98053634
vt 0.02186730 0.96267164
vt 0.04131181 0.96343440
vt 0.05090335 0.97935945
vt 0.06409195 0.96150529
vt 0.07725409 0.97910613
vt 0.08076221 0.95911229
vt 0.09343956 0.97923106
vt 0.09524648 0.95902741
vt 0.05514803 0.99244267
vt 0.02884798 0.99375600
vt 0.07267191 0.99282199
vt 0.09463604 0.99375600
vt 0.10028248 0.95244956
vt 0.04918265 0.95315075
vt 0.00047081 0.99048203
vt 0.00660412 0.97651625
vt 0.00336847 0.96296078
vt 0.88862205 0.30908751
vt 0.90057033 0.31688279
vt 0.89913410 0.29409683
vt 0.88117254 0.28848416
vt 0.89436901 0.27211905
vt 0.88194895 0.31885976
vt 0.90160078 0.33957732
vt 0.87523538 0.28485405
vt 0.88044971 0.26390350
vt 0.88303149 0.24518073
vt 0.90160078 0.27316308
vt 0.89174372 0.23324722
vt 0.87924737 0.22910666
vt 0.89369208 0.25938576
vt 0.40778834 0.43468797
vt 0.43358639 0.43393332
vt 0.42266831 0.43852067
vt 0.44868174 0.43852067
vt 0.40835655 0.42962110
vt 0.38653484 0.42877841
vt 0.42665100 0.41546589
vt 0.73189443 0.18736112
vt 0.75648063 0.18605590
vt 0.74924964 0.17226022
vt 0.72287709 0.17648065
vt 0.71516007 0.19452453
vt 0.77517956 0.17435503
vt 0.77951795 0.18863243
vt 0.79136235 0.17832381
vt 0.79519773 0.19452453
vt 0.77383751 0.16394258
vt 0.74251813 0.16378480
vt 0.72531241 0.16648984
vt 0.62198621 0.97381502
vt 0.61717862 0.96027356
vt 0.60481322 0.97568476
vt 0.59990221 0.96762723
vt 0.64234102 0.96961683
vt 0.63822961 0.95333964
vt 0.66054612 0.95303810
vt 0.66048223 0.97080725
vt 0.60195154 0.94963396
vt 0.58898306 0.95673096
vt 0.62082338 0.95020527
vt 0.63085383 0.94015998
vt 0.65579069 0.94557244
vt 0.58942294 0.97838616
vt 0.66048223 0.92756438
vt 0.63573885 0.92616093
vt 0.65934777 0.91283596
vt 0.63181257 0.89652759
vt 0.65278906 0.89418387
vt 0.61327201 0.91576689
vt 0.61058873 0.92868453
vt 0.60349119 0.89377093
vt 0.60135108 0.94529092
vt 0.64222658 0.88668233
vt 0.61652541 0.88328528
vt 0.47633159 0.77117997
vt 0.48858035 0.78990239
vt 0.47598869 0.79447514
vt 0.48685640 0.81365490
vt 0.47912446 0.81684405
vt 0.48797199 0.76121008
vt 0.47865897 0.75070244
vt 0.49037984 0.74399614
vt 0.50259936 0.78026199
vt 0.49470621 0.82827824
vt 0.50498927 0.80992961
vt 0.51148051 0.83524966
vt 0.50080949 0.85062438
vt 0.52212805 0.81996816
vt 0.52212805 0.79403061
vt 0.51880729 0.77650857
vt 0.51868320 0.76155531
vt 0.50460285 0.76106918
vt 0.49480984 0.14719099
vt 0.48168713 0.14730501
vt 0.49291912 0.15795255
vt 0.49575540 0.13226730
vt 0.48983672 0.12649333
vt 0.48102105 0.15786600
vt 0.48745239 0.17474651
vt 0.49691147 0.17794830
vt 0.47064665 0.17526489
vt 0.46698910 0.13682711
vt 0.48332074 0.12397748
vt 0.48470065 0.19532943
vt 0.49952918 0.19559014
vt 0.45249811 0.12860465
vt 0.46211129 0.11429489
vt 0.46242291 0.20111328
vt 0.44719121 0.12677741
vt 0.43212780 0.10422671
vt 0.44434029 0.19987887
vt 0.45207414 0.17558575
vt 0.42706198 0.17705238
vt 0.41757992 0.20207411
vt 0.43824029 0.21085495
vt 0.45874247 0.15440142
vt 0.44563198 0.14645070
vt 0.42742872 0.15479183
vt 0.45404866 0.13089126
vt 0.41397956 0.14593893
vt 0.42652494 0.13094378
vt 0.40970954 0.18739665
vt 0.40913370 0.15880352
vt 0.49952918 0.11903870
vt 0.41961658 0.10545981
vt 0.41201878 0.12137616
vt 0.81650865 0.52288824
vt 0.82812983 0.52116746
vt 0.80834556 0.50834817
vt 0.82558948 0.50383621
vt 0.83303767 0.51124710
vt 0.80734414 0.48619282
vt 0.82565653 0.48571396
vt 0.80845034 0.53198707
vt 0.79599029 0.49299562
vt 0.82255840 0.46794331
vt 0.79732072 0.46137571
vt 0.81121707 0.46261644
vt 0.83383220 0.46776485
vt 0.82962829 0.44967604
vt 0.75747681 0.52715021
vt 0.76813644 0.54227203
vt 0.77240175 0.51013649
vt 0.77849042 0.53172547
vt 0.75282484 0.50880438
vt 0.75974542 0.48636407
vt 0.77647853 0.47661519
vt 0.76425064 0.46464884
vt 0.78032029 0.44162554
vt 0.80992931 0.43389601
vt 0.79625225 0.42173648
vt 0.81105691 0.54382187
vt 0.79416919 0.56047118
vt 0.83517885 0.56433660
vt 0.81583512 0.58215582
vt 0.78012323 0.55206090
vt 0.84039545 0.59085810
vt 0.81618345 0.39718372
vt 0.82782364 0.41585612
vt 0.84039545 0.40439135
vt 0.83867455 0.60278577
vt 0.79770434 0.39524662
vt 0.78018355 0.41476202
vt 0.81559670 0.38164926
vt 0.83894533 0.37576401
vt 0.76481324 0.43167681
vt 0.83575457 0.36167145
vt 0.69988298 0.95821327
vt 0.69170284 0.94645154
vt 0.71644294 0.94765759
vt 0.72670972 0.95821327
vt 0.67184556 0.95580876
vt 0.67471474 0.94504446
vt 0.73833996 0.94354582
vt 0.70248765 0.93419009
vt 0.72030091 0.93238950
vt 0.73763263 0.92991179
vt 0.70499378 0.91702765
vt 0.73294151 0.91245550
vt 0.68522364 0.93568629
vt 0.67802948 0.92041039
vt 0.75219619 0.95322883
vt 0.75485885 0.94092989
vt 0.75040704 0.91186488
vt 0.75669765 0.92640060
vt 0.77205449 0.93546355
vt 0.77416444 0.94696325
vt 0.76757491 0.90350032
vt 0.77690613 0.91698116
vt 0.79074454 0.92538565
vt 0.80280757 0.93443120
vt 0.71055800 0.90340430
vt 0.73144275 0.89865512
vt 0.81145632 0.91504914
vt 0.82713324 0.92193198
vt 0.83757061 0.90215552
vt 0.94074011 0.62543535
vt 0.94989932 0.63036489
vt 0.95243031 0.61033630
vt 0.94371480 0.60794115
vt 0.93832392 0.65617591
vt 0.95001274 0.65691227
vt 0.95946056 0.58943862
vt 0.96516377 0.61711812
vt 0.96847469 0.59963650
vt 0.96241117 0.63613486
vt 0.96194983 0.65383965
vt 0.97316384 0.58645535
vt 0.96614492 0.67956692
vt 0.95193988 0.68342042
vt 0.96131939 0.70461094
vt 0.97316384 0.69738883
vt 0.97860181 0.08880222
vt 0.97882152 0.09669811
vt 0.97222221 0.10781312
vt 0.97729826 0.12536025
vt 0.98754930 0.08749455
vt 0.99293786 0.12084460
vt 0.98833066 0.11498976
vt 0.98910588 0.07698953
vt 0.99293786 0.08094352
vt 0.97569674 0.06216782
vt 0.99143130 0.04755044
vt 0.46670344 0.98368353
vt 0.46471125 0.97307324
vt 0.43832392 0.98414987
vt 0.43885839 0.97256869
vt 0.49387947 0.98414987
vt 0.48733422 0.97166187
vt 0.39802545 0.68072283
vt 0.41020828 0.66511041
vt 0.40438101 0.64980465
vt 0.40928948 0.68443799
vt 0.41861972 0.63910067
vt 0.41303787 0.62402451
vt 0.40990689 0.70615411
vt 0.39783427 0.70263052
vt 0.41279885 0.72543204
vt 0.40070170 0.72510606
vt 0.40570188 0.74662322
vt 0.43910235 0.63402969
vt 0.45715630 0.61485964
vt 0.43789709 0.61431319
vt 0.43113652 0.65270334
vt 0.42417505 0.68021399
vt 0.42299452 0.70450002
vt 0.42811269 0.72625530
vt 0.42652050 0.75195187
vt 0.44228482 0.75315785
vt 0.44109276 0.77089339
vt 0.45715630 0.76607656
vt 0.86369431 0.65313792
vt 0.85557312 0.63731313
vt 0.85234529 0.64569241
vt 0.85305190 0.67195004
vt 0.84792846 0.64008212
vt 0.86162889 0.67074823
vt 0.86864406 0.65259910
vt 0.84945065 0.63352543
vt 0.86864406 0.63441402
vt 0.29658192 0.88904899
vt 0.30964032 0.86798263
vt 0.31357571 0.88337451
vt 0.28483993 0.87166965
vt 0.32312462 0.86184704
vt 0.32976517 0.87893564
vt 0.34144413 0.85952079
vt 0.34758744 0.87625414
vt 0.31085610 0.85435325
vt 0.33958542 0.84632760
vt 0.37231642 0.87606043
vt 0.36350304 0.85781425
vt 0.38655877 0.86073357
vt 0.38878784 0.87847608
vt 0.40917760 0.86606485
vt 0.40700781 0.88251650
vt 0.42334145 0.88904899
vt 0.43812397 0.87996256
vt 0.42255691 0.85954535
vt 0.39973193 0.85082513
vt 0.37770820 0.84472287
vt 0.44024444 0.85151035
vt 0.45108321 0.85959285
vt 0.40608051 0.82210040
vt 0.36321226 0.81751662
vt 0.42335284 0.82704681
vt 0.43925723 0.84087431
vt 0.46853352 0.83179533
vt 0.44364843 0.82158607
vt 0.32832435 0.81715024
vt 0.34371340 0.80290753
vt 0.30340329 0.82609397
vt 0.31520084 0.80616707
vt 0.31537226 0.78993863
vt 0.34036988 0.78678745
vt 0.36184657 0.78751260
vt 0.36018327 0.76160496
vt 0.37998998 0.78342289
vt 0.34834230 0.76909351
vt 0.38060802 0.75869632
vt 0.40217662 0.77409720
vt 0.39631084 0.79633653
vt 0.41828525 0.78880292
vt 0.42289776 0.77208024
vt 0.44183230 0.78429008
vt 0.40510172 0.75456291
vt 0.41921154 0.80647171
vt 0.44856465 0.80804688
vt 0.37359089 0.80372876
vt 0.46345612 0.79078245
vt 0.46874619 0.81137770
vt 0.39314175 0.81409717
vt 0.47881356 0.82351518
vt 0.31539008 0.77735388
vt 0.31731820 0.75774431
vt 0.90221173 0.42606366
vt 0.90436757 0.41047347
vt 0.89402300 0.40567511
vt 0.91309375 0.42829692
vt 0.91568100 0.44812679
vt 0.89218456 0.37879825
vt 0.90484667 0.39368641
vt 0.91994733 0.40737081
vt 0.91838127 0.38500273
vt 0.90230191 0.35699016
vt 0.91877371 0.36639386
vt 0.92150915 0.34837872
vt 0.90711814 0.33779013
vt 0.92796612 0.32901061
vt 0.92796612 0.42945737
vt 0.89302802 0.34749335
vt 0.47671095 0.10038424
vt 0.46578801 0.08983541
vt 0.46496090 0.07732952
vt 0.47634163 0.08612204
vt 0.45150658 0.10038424
vt 0.48728815 0.09819865
vt 0.45737207 0.07902735
vt 0.95565557 0.78656298
vt 0.96428537 0.76769471
vt 0.95527309 0.76386231
vt 0.96602535 0.79100263
vt 0.96021026 0.74585533
vt 0.95903808 0.81192291
vt 0.97061348 0.81615031
vt 0.97975516 0.80527383
vt 0.97879750 0.77849859
vt 0.97919422 0.78991103
vt 0.97560960 0.75770473
vt 0.97975516 0.73999524
vt 0.96958447 0.72862631
vt 0.96476722 0.84005761
vt 0.54034549 0.50192124
vt 0.53134000 0.51174581
vt 0.51831967 0.50220227
vt 0.55962938 0.51193321
vt 0.55785334 0.50670868
vt 0.50468481 0.51631933
vt 0.50508535 0.52649242
vt 0.52247775 0.52444190
vt 0.54348183 0.52476460
vt 0.49010432 0.53266090
vt 0.47373232 0.52357578
vt 0.49384609 0.50613570
vt 0.46751413 0.51485145
vt 0.58257169 0.51042312
vt 0.57916945 0.51996577
vt 0.56159848 0.52778429
vt 0.60781544 0.53266090
vt 0.60306031 0.51714450
vt 0.95942163 0.45283622
vt 0.96874356 0.44678307
vt 0.96169722 0.44183457
vt 0.97746265 0.45485109
vt 0.97801828 0.44219828
vt 0.96823043 0.42975467
vt 0.95936239 0.42736673
vt 0.97016382 0.40992951
vt 0.95433146 0.40852648
vt 0.95666766 0.38787901
vt 0.97372329 0.38443023
vt 0.96221542 0.37542331
vt 0.98255336 0.40102255
vt 0.97932702 0.41714162
vt 0.98917139 0.37580514
vt 0.98917139 0.42575282
vt 0.98846686 0.44978756
vt 0.96113771 0.36359274
vt 0.24855605 0.95619059
vt 0.24183123 0.94135851
vt 0.25082120 0.94860214
vt 0.26470828 0.95629203
vt 0.23681733 0.94746125
vt 0.25101748 0.93900096
vt 0.23721373 0.93916404
vt 0.26567498 0.94641840
vt 0.28201506 0.95619059
vt 0.53813559 0.77281457
vt 0.53248590 0.75342733
vt 0.53813559 0.75072044
vt 0.61715478 0.22814602
vt 0.61629003 0.21853983
vt 0.62255347 0.22109723
vt 0.63418078 0.22814602
vt 0.85640299 0.62391931
vt 0.86173916 0.62372321
vt 0.86834174 0.61239195
vt 0.87582833 0.61623657
vt 0.87994349 0.62391931
vt 0.85975957 0.61502999
vt 0.93527043 0.63755381
vt 0.93007433 0.63369364
vt 0.93166834 0.65440947
vt 0.91733956 0.64854145
vt 0.91938943 0.63195175
vt 0.89243340 0.64181447
vt 0.90774202 0.61123365
vt 0.88773108 0.65602887
vt 0.92203802 0.63148034
vt 0.93350917 0.61797637
vt 0.92773581 0.60578763
vt 0.91076833 0.65799546
vt 0.89249092 0.61026126
vt 0.90575808 0.59606147
vt 0.88156605 0.63182223
vt 0.88104701 0.61380249
vt 0.87105316 0.64975321
vt 0.88385820 0.67398304
vt 0.89107871 0.68866277
vt 0.86676085 0.67553413
vt 0.91679060 0.69612151
vt 0.87881058 0.69434988
vt 0.91726834 0.70883536
vt 0.88494945 0.71355021
vt 0.91988373 0.67146301
vt 0.89272225 0.74460495
vt 0.92543322 0.73509431
vt 0.87297601 0.73066092
vt 0.93587595 0.76467514
vt 0.91127700 0.77897131
vt 0.94868171 0.78221357
vt 0.93602258 0.79946208
vt 0.92279226 0.80739671
vt 0.94638205 0.70896107
vt 0.94844466 0.68554252
vt 0.93105656 0.70471424
vt 0.93275642 0.68108690
vt 0.94868171 0.66759431
vt 0.93364173 0.72584170
vt 0.94865251 0.73094201
vt 0.94202620 0.75164872
vt 0.52777779 0.98318923
vt 0.54472691 0.98318923
vt 0.53560138 0.97742558
vt 0.36205274 0.41546589
vt 0.36205274 0.42795390
vt 0.35640302 0.42056966
vt 0.27354050 0.16762727
vt 0.27482769 0.17903513
vt 0.27919021 0.16831517
vt 0.27919021 0.18203652
vt 0.99486560 0.64889526
vt 0.99011302 0.65658021
vt 0.99670434 0.65658021
vt 0.37241054 0.88616717
vt 0.39500943 0.88616717
vt 0.38074464 0.87944287
vt 0.83599544 0.31618428
vt 0.83073807 0.29787350
vt 0.81340706 0.30145717
vt 0.82308251 0.28331441
vt 0.81576854 0.28469431
vt 0.80752248 0.28480595
vt 0.80493039 0.31153512
vt 0.79476255 0.29583788
vt 0.78508794 0.28389752
vt 0.81366116 0.28002131
vt 0.80912668 0.31418663
vt 0.77775955 0.27291262
vt 0.78772306 0.25583380
vt 0.77730697 0.24240369
vt 0.78439337 0.22543532
vt 0.80632561 0.24138069
vt 0.79405159 0.22221780
vt 0.78512079 0.20470947
vt 0.79545325 0.20752448
vt 0.80761278 0.22324920
vt 0.81209332 0.20054424
vt 0.80190551 0.19556177
vt 0.80879533 0.22666091
vt 0.82224816 0.23813641
vt 0.79590446 0.18244195
vt 0.81921870 0.17915463
vt 0.83034837 0.18278074
vt 0.82422042 0.22804332
vt 0.84030342 0.21911573
vt 0.83639127 0.19337571
vt 0.83950484 0.23559248
vt 0.85010916 0.22227126
vt 0.86225992 0.23871148
vt 0.86753285 0.22155172
vt 0.85989577 0.20796961
vt 0.87900186 0.20002592
vt 0.87152123 0.19730520
vt 0.84727639 0.27067000
vt 0.85102022 0.27903390
vt 0.85973227 0.26125771
vt 0.85774481 0.27945262
vt 0.84006882 0.25731605
vt 0.82104939 0.23700356
vt 0.84018534 0.29219681
vt 0.87274897 0.22086644
vt 0.80945420 0.22643721
vt 0.81163168 0.32516354
vt 0.82495719 0.33025008
vt 0.82370126 0.26906043
vt 0.82657456 0.27521706
vt 0.85743362 0.30198443
vt 0.83818364 0.32956207
vt 0.84962088 0.34518993
vt 0.84688348 0.36424124
vt 0.86117113 0.36324108
vt 0.86258858 0.35361552
vt 0.86953908 0.36584437
vt 0.87334383 0.38442844
vt 0.87563312 0.38027102
vt 0.87900186 0.39625359
vt 0.82928848 0.34484625
vt 0.86009377 0.39027524
vt 0.83419818 0.27808154
vt 0.80961818 0.26366007
vt 0.82234824 0.25110149
vt 0.84918982 0.38829678
vt 0.86022210 0.77706146
vt 0.88469601 0.78315157
vt 0.86293012 0.79490876
vt 0.87783194 0.77626753
vt 0.85357815 0.75840539
vt 0.89156204 0.77876806
vt 0.89560169 0.76039690
vt 0.89783430 0.79490876
vt 0.69836986 0.03084302
vt 0.70940393 0.01008648
vt 0.72210753 0.01205337
vt 0.67569625 0.02561325
vt 0.69114655 0.03814518
vt 0.70830011 0.03675157
vt 0.71873897 0.03986549
vt 0.66525424 0.03986549
vt 0.72689664 0.02711344
vt 0.73210925 0.02498293
vt 0.81656331 0.84686673
vt 0.81586492 0.86032677
vt 0.82463622 0.85795015
vt 0.83143312 0.84557521
vt 0.83522522 0.85623956
vt 0.83872747 0.84363341
vt 0.83413637 0.86990678
vt 0.84107673 0.82376289
vt 0.84981167 0.87521034
vt 0.84482175 0.87881112
vt 0.84420216 0.85987705
vt 0.82566470 0.83256584
vt 0.81546634 0.82477200
vt 0.82499379 0.81473070
vt 0.81189853 0.80982947
vt 0.81668597 0.79110998
vt 0.79229313 0.82987159
vt 0.79935747 0.84344465
vt 0.81223738 0.84629774
vt 0.80463856 0.85829598
vt 0.80751681 0.86883050
vt 0.78789043 0.85688370
vt 0.78895676 0.87167859
vt 0.78109920 0.85782570
vt 0.76768976 0.88513416
vt 0.76949155 0.85222054
vt 0.75054973 0.86965102
vt 0.75130868 0.84278810
vt 0.74735796 0.85652137
vt 0.74460745 0.83629763
vt 0.73681730 0.85527253
vt 0.74471754 0.81802446
vt 0.76071602 0.82071900
vt 0.75763023 0.80359691
vt 0.77361029 0.81613433
vt 0.74047476 0.87970048
vt 0.76048177 0.89192957
vt 0.75724721 0.78942525
vt 0.77171350 0.89193082
vt 0.78114259 0.88476962
vt 0.77666199 0.83129257
vt 0.82971764 0.79837769
vt 0.83513200 0.77827919
vt 0.82923394 0.76427275
vt 0.84258509 0.74860603
vt 0.82975829 0.75027835
vt 0.83775890 0.74357778
vt 0.84316099 0.80574447
vt 0.82637578 0.73342848
vt 0.81654960 0.76730728
vt 0.79600698 0.81549084
vt 0.84122223 0.72207266
vt 0.83317101 0.71439916
vt 0.81535017 0.72695059
vt 0.82508981 0.70549709
vt 0.80837458 0.71670651
vt 0.79512554 0.72696310
vt 0.78757840 0.71789974
vt 0.84584570 0.70359725
vt 0.78789699 0.74732667
vt 0.76690972 0.77077568
vt 0.80401385 0.79860318
vt 0.79377455 0.80578029
vt 0.83889270 0.69250357
vt 0.82891446 0.69076818
vt 0.83819574 0.68314034
vt 0.82454163 0.67963499
vt 0.84981167 0.69056219
vt 0.83289576 0.81074691
vt 0.80747628 0.74674201
vt 0.76888633 0.78249043
vt 0.78331476 0.77613485
vt 0.78437299 0.80291474
vt 0.80067909 0.76803529
vt 0.80577272 0.76886553
vt 0.78578156 0.91635323
vt 0.79708099 0.91690683
vt 0.79708099 0.90153700
vt 0.69915253 0.51016861
vt 0.70965779 0.51050913
vt 0.71281189 0.49103785
vt 0.70018595 0.51921231
vt 0.72457629 0.50716549
vt 0.70032459 0.47868150
vt 0.71228206 0.46733910
vt 0.72457629 0.48367393
vt 0.68151075 0.53746396
vt 0.67599833 0.46407783
vt 0.65893793 0.48612899
vt 0.68691146 0.51444030
vt 0.68578607 0.47582102
vt 0.65583801 0.46999502
vt 0.65979141 0.45586741
vt 0.67929965 0.44812679
vt 0.68691146 0.46009010
vt 0.40348399 0.11383283
vt 0.40348399 0.14073008
vt 0.39877591 0.12184298
vt 0.10817973 0.64985591
vt 0.10404897 0.66426516
vt 0.11911488 0.66426516
f 645/645 625/625 626/626
f 627/627 625/625 645/645
f 625/625 623/623 624/624
f 625/625 624/624 626/626
f 372/372 377/377 373/373
f 626/626 624/624 631/631
f 626/626 631/631 636/636
f 627/627 623/623 625/625
f 371/371 372/372 373/373
f 243/243 239/239 242/242
f 321/321 316/316 320/320
f 636/636 639/639 640/640
f 627/627 629/629 619/619
f 627/627 619/619 623/623
f 372/372 371/371 374/374
f 636/636 631/631 639/639
f 320/320 316/316 319/319
f 299/299 298/298 292/292
f 644/644 641/641 627/627
f 627/627 641/641 629/629
f 378/378 379/379 375/375
f 379/379 372/372 375/375
f 210/210 217/217 215/215
f 644/644 648/648 641/641
f 619/619 620/620 623/623
f 623/623 620/620 621/621
f 623/623 621/621 624/624
f 631/631 624/624 632/632
f 319/319 316/316 318/318
f 292/292 298/298 294/294
f 624/624 621/621 632/632
f 891/891 883/883 885/885
f 891/891 885/885 894/894
f 650/650 648/648 644/644
f 891/891 888/888 883/883
f 888/888 887/887 883/883
f 883/883 887/887 884/884
f 898/898 891/891 894/894
f 883/883 884/884 885/885
f 885/885 884/884 886/886
f 298/298 300/300 295/295
f 298/298 295/295 294/294
f 316/316 317/317 318/318
f 292/292 294/294 289/289
f 381/381 378/378 380/380
f 380/380 378/378 375/375
f 893/893 888/888 891/891
f 890/890 889/889 888/888
f 896/896 893/893 891/891
f 888/888 889/889 887/887
f 620/620 618/618 621/621
f 896/896 891/891 898/898
f 903/903 898/898 894/894
f 222/222 230/230 223/223
f 1095/1095 1093/1093 1090/1090
f 1093/1093 1096/1096 1092/1092
f 1093/1093 1092/1092 1090/1090
f 318/318 317/317 339/339
f 316/316 323/323 317/317
f 650/650 651/651 648/648
f 380/380 375/375 391/391
f 375/375 376/376 391/391
f 474/474 457/457 463/463
f 457/457 458/458 463/463
f 620/620 619/619 618/618
f 893/893 890/890 888/888
f 897/897 893/893 896/896
f 1395/1395 1381/1381 1394/1394
f 1098/1098 1095/1095 1097/1097
f 1096/1096 1094/1094 1092/1092
f 1097/1097 1095/1095 1090/1090
f 294/294 295/295 286/286
f 294/294 286/286 289/289
f 292/292 289/289 291/291
f 892/892 889/889 890/890
f 621/621 622/622 632/632
f 904/904 896/896 898/898
f 1561/1561 1562/1562 1550/1550
f 211/211 220/220 216/216
f 1562/1562 1565/1565 1548/1548
f 1097/1097 1090/1090 1089/1089
f 1092/1092 1094/1094 1087/1087
f 1090/1090 1092/1092 1087/1087
f 650/650 656/656 651/651
f 648/648 649/649 641/641
f 641/641 642/642 628/628
f 619/619 628/628 617/617
f 897/897 895/895 893/893
f 619/619 617/617 618/618
f 906/906 904/904 898/898
f 1090/1090 1087/1087 1089/1089
f 323/323 324/324 317/317
f 382/382 381/381 380/380
f 463/463 458/458 462/462
f 649/649 642/642 641/641
f 895/895 892/892 890/890
f 1563/1563 1561/1561 1557/1557
f 1561/1561 1550/1550 1557/1557
f 622/622 633/633 632/632
f 906/906 898/898 903/903
f 632/632 634/634 638/638
f 1091/1091 1097/1097 1089/1089
f 1087/1087 1094/1094 1088/1088
f 1089/1089 1087/1087 1086/1086
f 289/289 286/286 288/288
f 651/651 652/652 648/648
f 459/459 453/453 454/454
f 642/642 643/643 628/628
f 1354/1354 1355/1355 1356/1356
f 1476/1476 1475/1475 1477/1477
f 2046/2046 2047/2047 2048/2048
f 633/633 634/634 632/632
f 1477/1477 1475/1475 1483/1483
f 1476/1476 1477/1477 1478/1478
f 1478/1478 1477/1477 1483/1483
f 1295/1295 1294/1294 1293/1293
f 301/301 302/302 296/296
f 913/913 903/903 914/914
f 295/295 301/301 296/296
f 1548/1548 1547/1547 1546/1546
f 1091/1091 1089/1089 1086/1086
f 339/339 317/317 338/338
f 291/291 305/305 310/310
f 380/380 391/391 386/386
f 463/463 462/462 468/468
f 462/462 459/459 464/464
f 642/642 649/649 643/643
f 895/895 899/899 892/892
f 901/901 900/900 897/897
f 900/900 895/895 897/897
f 902/902 901/901 897/897
f 902/902 897/897 896/896
f 896/896 904/904 902/902
f 1564/1564 1563/1563 1557/1557
f 1474/1474 1475/1475 1476/1476
f 1388/1388 1389/1389 1383/1383
f 907/907 904/904 906/906
f 612/612 634/634 633/633
f 906/906 903/903 913/913
f 1549/1549 1550/1550 1548/1548
f 1293/1293 1294/1294 1283/1283
f 296/296 287/287 295/295
f 913/913 914/914 915/915
f 295/295 287/287 286/286
f 1100/1100 1097/1097 1091/1091
f 289/289 288/288 291/291
f 472/472 468/468 478/478
f 652/652 653/653 649/649
f 900/900 899/899 895/895
f 643/643 630/630 628/628
f 628/628 630/630 617/617
f 616/616 617/617 614/614
f 614/614 615/615 612/612
f 616/616 614/614 611/611
f 614/614 612/612 611/611
f 611/611 612/612 613/613
f 1550/1550 1549/1549 1557/1557
f 1475/1475 1482/1482 1484/1484
f 907/907 906/906 908/908
f 634/634 612/612 635/635
f 612/612 615/615 635/635
f 1548/1548 1536/1536 1549/1549
f 1370/1370 1369/1369 1367/1367
f 324/324 325/325 317/317
f 469/469 462/462 470/470
f 462/462 464/464 470/470
f 459/459 460/460 464/464
f 1035/1035 1038/1038 1032/1032
f 630/630 614/614 617/617
f 902/902 904/904 907/907
f 1474/1474 1479/1479 1475/1475
f 1557/1557 1549/1549 1558/1558
f 1635/1635 1637/1637 1646/1646
f 1482/1482 1488/1488 1484/1484
f 1637/1637 1647/1647 1646/1646
f 1484/1484 1488/1488 1487/1487
f 910/910 908/908 906/906
f 302/302 297/297 296/296
f 910/910 906/906 913/913
f 1484/1484 1487/1487 1485/1485
f 1536/1536 1548/1548 1546/1546
f 1483/1483 1485/1485 1486/1486
f 1293/1293 1283/1283 1281/1281
f 286/286 287/287 288/288
f 1091/1091 1086/1086 1085/1085
f 1086/1086 1087/1087 1079/1079
f 1087/1087 1088/1088 1084/1084
f 1087/1087 1084/1084 1079/1079
f 305/305 291/291 288/288
f 382/382 380/380 386/386
f 643/643 646/646 630/630
f 1480/1480 1479/1479 1474/1474
f 663/663 659/659 658/658
f 902/902 907/907 912/912
f 663/663 664/664 659/659
f 1557/1557 1558/1558 1559/1559
f 907/907 908/908 909/909
f 1482/1482 1489/1489 1488/1488
f 664/664 665/665 660/660
f 971/971 975/975 979/979
f 1646/1646 1647/1647 1648/1648
f 910/910 913/913 915/915
f 296/296 293/293 287/287
f 287/287 293/293 290/290
f 1283/1283 1282/1282 1281/1281
f 305/305 288/288 308/308
f 382/382 386/386 384/384
f 464/464 460/460 466/466
f 905/905 900/900 901/901
f 936/936 901/901 902/902
f 442/442 438/438 456/456
f 657/657 663/663 658/658
f 1480/1480 1481/1481 1479/1479
f 902/902 912/912 936/936
f 657/657 658/658 659/659
f 1268/1268 1270/1270 1269/1269
f 1269/1269 1270/1270 1271/1271
f 912/912 907/907 911/911
f 659/659 664/664 660/660
f 657/657 659/659 660/660
f 1632/1632 1635/1635 1645/1645
f 911/911 907/907 909/909
f 974/974 972/972 971/971
f 660/660 665/665 662/662
f 657/657 660/660 661/661
f 971/971 972/972 973/973
f 1021/1021 1018/1018 1020/1020
f 971/971 973/973 975/975
f 660/660 662/662 661/661
f 661/661 662/662 665/665
f 1018/1018 1019/1019 1020/1020
f 1408/1408 1413/1413 1398/1398
f 297/297 313/313 293/293
f 296/296 297/297 293/293
f 1648/1648 1649/1649 1650/1650
f 1289/1289 1290/1290 1287/1287
f 1290/1290 1292/1292 1287/1287
f 1100/1100 1091/1091 1101/1101
f 1366/1366 1367/1367 1368/1368
f 1368/1368 1367/1367 1369/1369
f 1086/1086 1079/1079 1085/1085
f 305/305 308/308 310/310
f 383/383 382/382 384/384
f 468/468 469/469 476/476
f 901/901 936/936 905/905
f 1274/1274 1273/1273 1267/1267
f 707/707 663/663 657/657
f 690/690 707/707 657/657
f 1482/1482 1490/1490 1489/1489
f 657/657 661/661 675/675
f 972/972 985/985 973/973
f 973/973 985/985 980/980
f 665/665 666/666 661/661
f 975/975 973/973 980/980
f 1379/1379 1380/1380 1376/1376
f 1289/1289 1287/1287 1286/1286
f 1282/1282 1283/1283 1286/1286
f 1102/1102 1100/1100 1101/1101
f 287/287 290/290 288/288
f 383/383 384/384 385/385
f 478/478 468/468 479/479
f 464/464 466/466 470/470
f 470/470 466/466 475/475
f 1032/1032 1037/1037 1033/1033
f 1157/1157 1150/1150 1152/1152
f 657/657 675/675 690/690
f 1491/1491 1490/1490 1482/1482
f 981/981 976/976 974/974
f 1632/1632 1645/1645 1644/1644
f 974/974 976/976 972/972
f 976/976 977/977 972/972
f 675/675 661/661 669/669
f 975/975 980/980 988/988
f 975/975 988/988 989/989
f 1589/1589 1585/1585 1588/1588
f 1287/1287 1292/1292 1291/1291
f 1101/1101 1091/1091 1099/1099
f 1546/1546 1545/1545 1542/1542
f 307/307 288/288 290/290
f 1091/1091 1085/1085 1099/1099
f 1081/1081 1099/1099 1085/1085
f 338/338 317/317 334/334
f 479/479 468/468 476/476
f 469/469 470/470 477/477
f 653/653 654/654 643/643
f 1040/1040 1031/1031 1036/1036
f 1274/1274 1267/1267 1272/1272
f 933/933 905/905 936/936
f 707/707 690/690 691/691
f 912/912 911/911 922/922
f 1409/1409 1407/1407 1403/1403
f 881/881 880/880 855/855
f 855/855 880/880 847/847
f 666/666 667/667 661/661
f 669/669 661/661 667/667
f 667/667 666/666 668/668
f 1585/1585 1584/1584 1588/1588
f 1286/1286 1287/1287 1284/1284
f 1276/1276 1281/1281 1277/1277
f 1281/1281 1282/1282 1277/1277
f 308/308 288/288 309/309
f 1085/1085 1079/1079 1081/1081
f 1079/1079 1084/1084 1080/1080
f 310/310 308/308 311/311
f 317/317 325/325 332/332
f 643/643 654/654 646/646
f 1031/1031 1033/1033 1036/1036
f 1267/1267 1268/1268 1265/1265
f 1268/1268 1269/1269 1265/1265
f 1629/1629 1632/1632 1630/1630
f 1410/1410 1409/1409 1405/1405
f 978/978 977/977 976/976
f 690/690 675/675 676/676
f 1402/1402 1400/1400 1412/1412
f 675/675 669/669 674/674
f 880/880 849/849 847/847
f 290/290 293/293 303/303
f 1585/1585 1582/1582 1584/1584
f 288/288 307/307 309/309
f 1079/1079 1080/1080 1081/1081
f 317/317 332/332 334/334
f 310/310 311/311 284/284
f 17/17 19/19 25/25
f 19/19 22/22 25/25
f 654/654 655/655 646/646
f 1204/1204 1168/1168 1167/1167
f 707/707 718/718 719/719
f 707/707 717/717 718/718
f 691/691 718/718 717/717
f 936/936 912/912 933/933
f 912/912 932/932 933/933
f 932/932 912/912 922/922
f 1409/1409 1403/1403 1405/1405
f 923/923 922/922 911/911
f 988/988 980/980 990/990
f 1333/1333 1332/1332 1320/1320
f 293/293 304/304 303/303
f 1284/1284 1287/1287 1291/1291
f 1101/1101 1099/1099 1102/1102
f 1534/1534 1546/1546 1542/1542
f 334/334 332/332 333/333
f 50/50 70/70 47/47
f 466/466 460/460 471/471
f 941/941 905/905 935/935
f 935/935 905/905 933/933
f 487/487 490/490 488/488
f 691/691 690/690 676/676
f 1192/1192 1193/1193 1190/1190
f 879/879 876/876 857/857
f 876/876 855/855 857/857
f 530/530 531/531 532/532
f 669/669 667/667 699/699
f 520/520 525/525 524/524
f 1317/1317 1332/1332 1331/1331
f 1320/1320 1332/1332 1317/1317
f 290/290 303/303 307/307
f 309/309 307/307 306/306
f 311/311 308/308 309/309
f 466/466 471/471 475/475
f 1630/1630 1632/1632 1643/1643
f 1632/1632 1644/1644 1643/1643
f 875/875 879/879 857/857
f 669/669 699/699 674/674
f 304/304 293/293 314/314
f 1584/1584 1582/1582 1573/1573
f 1099/1099 1104/1104 1102/1102
f 1276/1276 1277/1277 1278/1278
f 544/544 540/540 539/539
f 1081/1081 1080/1080 1082/1082
f 385/385 384/384 387/387
f 96/96 95/95 94/94
f 461/461 473/473 471/471
f 718/718 691/691 705/705
f 487/487 488/488 489/489
f 1003/1003 1002/1002 996/996
f 1631/1631 1630/1630 1633/1633
f 1190/1190 1191/1191 1182/1182
f 855/855 847/847 846/846
f 849/849 874/874 851/851
f 520/520 524/524 521/521
f 520/520 521/521 522/522
f 533/533 531/531 553/553
f 1660/1660 1663/1663 1661/1661
f 1099/1099 1081/1081 1103/1103
f 309/309 306/306 311/311
f 1081/1081 1082/1082 1083/1083
f 284/284 311/311 278/278
f 64/64 50/50 60/60
f 50/50 47/47 49/49
f 47/47 53/53 48/48
f 1172/1172 1171/1171 1174/1174
f 719/719 718/718 720/720
f 1272/1272 1267/1267 1264/1264
f 931/931 933/933 932/932
f 1002/1002 998/998 996/996
f 1191/1191 1200/1200 1182/1182
f 1002/1002 1001/1001 998/998
f 1192/1192 1190/1190 1184/1184
f 857/857 855/855 856/856
f 855/855 846/846 856/856
f 846/846 847/847 848/848
f 847/847 849/849 848/848
f 849/849 851/851 850/850
f 874/874 866/866 851/851
f 608/608 609/609 610/610
f 304/304 314/314 312/312
f 1317/1317 1331/1331 1315/1315
f 306/306 303/303 304/304
f 1660/1660 1661/1661 1662/1662
f 1582/1582 1581/1581 1573/1573
f 1534/1534 1542/1542 1533/1533
f 1542/1542 1543/1543 1533/1533
f 1276/1276 1278/1278 1279/1279
f 1103/1103 1081/1081 1083/1083
f 331/331 332/332 327/327
f 284/284 276/276 270/270
f 276/276 284/284 278/278
f 47/47 48/48 49/49
f 1171/1171 1172/1172 1163/1163
f 1167/1167 1168/1168 1163/1163
f 1630/1630 1643/1643 1633/1633
f 875/875 857/857 858/858
f 849/849 850/850 848/848
f 522/522 521/521 523/523
f 533/533 553/553 535/535
f 1528/1528 1534/1534 1533/1533
f 1316/1316 1320/1320 1317/1317
f 312/312 306/306 304/304
f 1278/1278 1284/1284 1285/1285
f 1661/1661 1663/1663 1668/1668
f 1099/1099 1103/1103 1104/1104
f 1082/1082 1080/1080 1108/1108
f 50/50 49/49 57/57
f 720/720 718/718 721/721
f 489/489 488/488 491/491
f 932/932 922/922 919/919
f 1184/1184 1190/1190 1182/1182
f 2049/2049 2050/2050 2051/2051
f 675/675 674/674 670/670
f 856/856 846/846 867/867
f 782/782 761/761 766/766
f 535/535 553/553 550/550
f 306/306 312/312 277/277
f 311/311 306/306 273/273
f 60/60 50/50 57/57
f 53/53 69/69 54/54
f 720/720 721/721 722/722
f 1172/1172 1174/1174 1180/1180
f 705/705 691/691 689/689
f 1720/1720 1716/1716 1721/1721
f 996/996 998/998 995/995
f 998/998 1001/1001 997/997
f 1184/1184 1182/1182 1181/1181
f 676/676 675/675 670/670
f 2035/2035 2031/2031 2036/2036
f 2020/2020 1996/1996 1999/1999
f 2020/2020 2000/2000 1996/1996
f 2036/2036 2031/2031 2033/2033
f 867/867 846/846 848/848
f 1996/1996 2000/2000 1994/1994
f 2000/2000 1966/1966 1994/1994
f 1661/1661 1668/1668 1664/1664
f 1533/1533 1543/1543 1551/1551
f 306/306 277/277 273/273
f 1103/1103 1083/1083 1105/1105
f 311/311 273/273 278/278
f 392/392 385/385 388/388
f 385/385 387/387 388/388
f 60/60 57/57 61/61
f 48/48 53/53 52/52
f 721/721 705/705 689/689
f 935/935 931/931 934/934
f 689/689 691/691 676/676
f 1262/1262 1264/1264 1263/1263
f 1264/1264 1265/1265 1263/1263
f 931/931 932/932 927/927
f 1631/1631 1633/1633 1634/1634
f 998/998 997/997 995/995
f 1633/1633 1643/1643 1640/1640
f 1182/1182 1200/1200 1199/1199
f 857/857 856/856 858/858
f 2007/2007 2010/2010 2020/2020
f 2034/2034 2031/2031 2035/2035
f 2034/2034 2029/2029 2031/2031
f 2029/2029 2032/2032 2030/2030
f 2013/2013 2001/2001 2012/2012
f 2029/2029 2030/2030 2031/2031
f 856/856 867/867 869/869
f 2004/2004 2020/2020 1999/1999
f 802/802 824/824 813/813
f 1999/1999 1996/1996 1997/1997
f 1994/1994 1966/1966 1993/1993
f 550/550 537/537 535/535
f 1316/1316 1315/1315 1318/1318
f 1662/1662 1664/1664 1665/1665
f 1662/1662 1661/1661 1664/1664
f 1279/1279 1278/1278 1280/1280
f 1552/1552 1543/1543 1555/1555
f 1083/1083 1082/1082 1106/1106
f 1082/1082 1108/1108 1107/1107
f 276/276 278/278 272/272
f 331/331 327/327 326/326
f 388/388 387/387 389/389
f 49/49 48/48 51/51
f 51/51 48/48 52/52
f 695/695 720/720 722/722
f 1163/1163 1172/1172 1164/1164
f 1167/1167 1163/1163 1165/1165
f 1172/1172 1180/1180 1175/1175
f 1266/1266 1264/1264 1262/1262
f 931/931 927/927 929/929
f 875/875 858/858 865/865
f 1185/1185 1184/1184 1181/1181
f 858/858 856/856 859/859
f 2006/2006 2007/2007 2004/2004
f 2012/2012 2001/2001 1965/1965
f 2005/2005 2004/2004 2003/2003
f 2012/2012 1965/1965 1966/1966
f 1971/1971 1969/1969 1970/1970
f 2003/2003 1999/1999 2002/2002
f 1999/1999 1997/1997 2002/2002
f 1993/1993 1966/1966 1992/1992
f 850/850 851/851 853/853
f 699/699 700/700 693/693
f 1551/1551 1543/1543 1552/1552
f 278/278 273/273 272/272
f 1083/1083 1106/1106 1105/1105
f 1106/1106 1082/1082 1107/1107
f 1108/1108 1109/1109 1107/1107
f 53/53 54/54 52/52
f 934/934 931/931 929/929
f 689/689 676/676 687/687
f 687/687 676/676 677/677
f 927/927 919/919 921/921
f 997/997 994/994 995/995
f 994/994 997/997 1000/1000
f 2008/2008 2010/2010 2007/2007
f 2039/2039 2038/2038 2042/2042
f 859/859 856/856 869/869
f 2017/2017 2015/2015 2016/2016
f 2001/2001 1967/1967 1965/1965
f 1965/1965 1967/1967 1963/1963
f 1968/1968 1970/1970 1969/1969
f 2015/2015 2005/2005 2014/2014
f 2014/2014 2005/2005 2003/2003
f 1965/1965 1964/1964 1966/1966
f 2014/2014 2003/2003 2009/2009
f 2018/2018 2014/2014 2009/2009
f 2003/2003 2002/2002 2009/2009
f 1966/1966 1964/1964 1992/1992
f 1997/1997 1996/1996 1995/1995
f 1996/1996 1994/1994 1995/1995
f 1995/1995 1994/1994 1993/1993
f 851/851 866/866 853/853
f 270/270 276/276 272/272
f 49/49 51/51 58/58
f 51/51 52/52 56/56
f 695/695 722/722 689/689
f 927/927 928/928 929/929
f 999/999 996/996 991/991
f 996/996 995/995 991/991
f 1182/1182 1199/1199 1188/1188
f 2007/2007 2006/2006 2008/2008
f 2038/2038 2043/2043 2042/2042
f 1967/1967 1968/1968 1963/1963
f 1963/1963 1968/1968 1969/1969
f 869/869 867/867 878/878
f 1965/1965 1963/1963 1964/1964
f 1436/1436 1431/1431 1434/1434
f 867/867 848/848 878/878
f 1424/1424 1423/1423 1420/1420
f 1423/1423 1419/1419 1420/1420
f 1419/1419 1421/1421 1416/1416
f 674/674 699/699 671/671
f 1575/1575 1569/1569 1574/1574
f 1691/1691 1692/1692 1689/1689
f 1372/1372 1373/1373 1390/1390
f 270/270 272/272 269/269
f 60/60 61/61 74/74
f 51/51 59/59 58/58
f 59/59 51/51 56/56
f 52/52 54/54 55/55
f 1164/1164 1172/1172 1175/1175
f 1769/1769 1768/1768 1765/1765
f 1768/1768 1766/1766 1765/1765
f 1633/1633 1640/1640 1642/1642
f 1183/1183 1182/1182 1188/1188
f 1181/1181 1182/1182 1183/1183
f 2040/2040 2041/2041 2038/2038
f 859/859 869/869 861/861
f 1991/1991 1972/1972 1968/1968
f 1778/1778 1776/1776 1777/1777
f 869/869 877/877 861/861
f 869/869 878/878 877/877
f 1434/1434 1431/1431 1430/1430
f 1963/1963 1962/1962 1964/1964
f 1963/1963 1951/1951 1962/1962
f 878/878 848/848 852/852
f 1992/1992 1964/1964 2019/2019
f 848/848 850/850 852/852
f 1993/1993 1992/1992 1998/1998
f 699/699 693/693 671/671
f 853/853 866/866 868/868
f 1211/1211 1214/1214 1212/1212
f 1316/1316 1318/1318 1319/1319
f 567/567 537/537 566/566
f 1322/1322 1316/1316 1319/1319
f 537/537 547/547 566/566
f 1665/1665 1664/1664 1666/1666
f 1666/1666 1664/1664 1669/1669
f 1664/1664 1668/1668 1669/1669
f 277/277 312/312 275/275
f 1627/1627 1628/1628 1624/1624
f 273/273 277/277 271/271
f 1668/1668 1691/1691 1689/1689
f 538/538 549/549 552/552
f 272/272 273/273 267/267
f 270/270 269/269 262/262
f 49/49 58/58 57/57
f 52/52 55/55 56/56
f 1165/1165 1163/1163 1162/1162
f 995/995 994/994 991/991
f 1984/1984 1983/1983 1985/1985
f 1985/1985 1983/1983 1991/1991
f 2041/2041 2045/2045 2038/2038
f 2038/2038 2045/2045 2044/2044
f 1991/1991 1974/1974 1972/1972
f 1974/1974 1973/1973 1972/1972
f 1973/1973 1989/1989 1990/1990
f 1431/1431 1433/1433 1432/1432
f 1430/1430 1431/1431 1432/1432
f 1951/1951 1952/1952 1953/1953
f 1962/1962 1951/1951 1954/1954
f 1951/1951 1953/1953 1954/1954
f 2026/2026 2027/2027 2028/2028
f 1964/1964 1962/1962 2019/2019
f 2019/2019 1962/1962 1958/1958
f 1428/1428 1425/1425 1427/1427
f 1425/1425 1424/1424 1420/1420
f 1420/1420 1419/1419 1418/1418
f 1419/1419 1416/1416 1418/1418
f 1992/1992 2019/2019 1998/1998
f 1958/1958 1962/1962 1954/1954
f 1954/1954 1953/1953 1955/1955
f 670/670 674/674 671/671
f 1361/1361 1364/1364 1357/1357
f 1416/1416 1421/1421 1417/1417
f 850/850 853/853 852/852
f 1665/1665 1666/1666 1667/1667
f 271/271 277/277 275/275
f 1627/1627 1624/1624 1623/1623
f 1668/1668 1689/1689 1669/1669
f 1373/1373 1384/1384 1390/1390
f 267/267 273/273 271/271
f 272/272 267/267 269/269
f 331/331 326/326 340/340
f 1262/1262 1263/1263 1257/1257
f 1984/1984 1982/1982 1983/1983
f 2021/2021 1988/1988 1985/1985
f 1988/1988 1984/1984 1985/1985
f 2021/2021 1985/1985 2022/2022
f 677/677 676/676 670/670
f 1185/1185 1181/1181 1183/1183
f 865/865 858/858 860/860
f 2022/2022 1985/1985 2023/2023
f 2022/2022 2023/2023 2024/2024
f 1991/1991 1976/1976 1974/1974
f 1976/1976 1975/1975 1974/1974
f 878/878 852/852 877/877
f 1427/1427 1425/1425 1420/1420
f 1357/1357 1358/1358 1359/1359
f 1416/1416 1417/1417 1418/1418
f 1417/1417 1421/1421 1422/1422
f 1954/1954 1956/1956 1958/1958
f 1955/1955 1953/1953 1957/1957
f 1357/1357 1359/1359 1360/1360
f 1954/1954 1955/1955 1956/1956
f 1956/1956 1955/1955 1961/1961
f 1955/1955 1957/1957 1959/1959
f 1959/1959 1957/1957 1960/1960
f 1361/1361 1357/1357 1360/1360
f 1361/1361 1360/1360 1362/1362
f 1955/1955 1959/1959 1961/1961
f 74/74 61/61 68/68
f 59/59 56/56 62/62
f 1163/1163 1160/1160 1162/1162
f 1163/1163 1164/1164 1160/1160
f 1164/1164 1175/1175 1173/1173
f 934/934 929/929 937/937
f 1175/1175 1178/1178 1173/1173
f 1266/1266 1262/1262 1261/1261
f 1262/1262 1257/1257 1261/1261
f 928/928 930/930 929/929
f 999/999 991/991 993/993
f 999/999 993/993 1004/1004
f 991/991 994/994 992/992
f 1982/1982 1978/1978 1983/1983
f 1982/1982 1980/1980 1978/1978
f 677/677 670/670 673/673
f 1983/1983 1978/1978 1991/1991
f 1991/1991 1978/1978 1976/1976
f 1976/1976 1978/1978 1977/1977
f 1977/1977 1986/1986 1975/1975
f 1986/1986 1987/1987 1975/1975
f 1977/1977 1975/1975 1976/1976
f 1975/1975 1987/1987 1989/1989
f 861/861 877/877 863/863
f 877/877 852/852 863/863
f 1420/1420 1418/1418 1426/1426
f 1359/1359 1358/1358 1363/1363
f 852/852 853/853 854/854
f 1365/1365 1362/1362 1360/1360
f 1213/1213 1216/1216 1209/1209
f 1533/1533 1551/1551 1553/1553
f 1445/1445 1444/1444 1443/1443
f 1551/1551 1552/1552 1554/1554
f 1713/1713 1714/1714 1698/1698
f 269/269 267/267 266/266
f 61/61 57/57 68/68
f 57/57 65/65 68/68
f 57/57 58/58 65/65
f 56/56 55/55 62/62
f 62/62 55/55 63/63
f 709/709 695/695 694/694
f 994/994 1000/1000 992/992
f 992/992 1000/1000 1005/1005
f 687/687 677/677 678/678
f 1640/1640 1641/1641 1642/1642
f 1980/1980 1979/1979 1978/1978
f 677/677 673/673 678/678
f 1185/1185 1183/1183 1186/1186
f 1183/1183 1187/1187 1186/1186
f 858/858 859/859 860/860
f 670/670 671/671 672/672
f 1426/1426 1418/1418 1417/1417
f 1921/1921 1928/1928 1924/1924
f 1925/1925 1923/1923 1924/1924
f 1899/1899 1911/1911 1900/1900
f 1797/1797 1798/1798 1799/1799
f 854/854 853/853 868/868
f 1319/1319 1318/1318 1321/1321
f 268/268 271/271 274/274
f 1692/1692 1690/1690 1689/1689
f 1692/1692 1693/1693 1690/1690
f 1690/1690 1693/1693 1694/1694
f 1693/1693 1713/1713 1694/1694
f 262/262 269/269 266/266
f 326/326 327/327 328/328
f 259/259 270/270 262/262
f 66/66 58/58 59/59
f 695/695 689/689 688/688
f 1160/1160 1164/1164 1173/1173
f 687/687 678/678 685/685
f 991/991 992/992 993/993
f 1183/1183 1188/1188 1187/1187
f 1980/1980 1981/1981 1979/1979
f 1792/1792 1794/1794 1789/1789
f 859/859 861/861 860/860
f 1936/1936 1938/1938 1934/1934
f 673/673 670/670 672/672
f 807/807 825/825 787/787
f 671/671 693/693 683/683
f 1443/1443 1444/1444 1442/1442
f 1667/1667 1666/1666 1671/1671
f 1553/1553 1551/1551 1554/1554
f 1713/1713 1698/1698 1694/1694
f 65/65 58/58 67/67
f 58/58 66/66 67/67
f 695/695 688/688 694/694
f 928/928 921/921 930/930
f 1765/1765 1766/1766 1755/1755
f 1765/1765 1755/1755 1756/1756
f 1766/1766 1767/1767 1755/1755
f 992/992 1005/1005 1006/1006
f 865/865 860/860 872/872
f 678/678 673/673 672/672
f 1792/1792 1789/1789 1788/1788
f 1788/1788 1789/1789 1790/1790
f 1857/1857 1858/1858 1859/1859
f 1858/1858 1860/1860 1859/1859
f 1654/1654 1653/1653 1655/1655
f 1854/1854 1855/1855 1856/1856
f 863/863 852/852 854/854
f 1666/1666 1669/1669 1671/1671
f 271/271 268/268 267/267
f 1698/1698 1714/1714 1696/1696
f 1166/1166 1196/1196 1162/1162
f 688/688 687/687 685/685
f 993/993 992/992 1007/1007
f 992/992 1006/1006 1007/1007
f 1732/1732 1737/1737 1733/1733
f 1793/1793 1791/1791 1790/1790
f 1805/1805 1807/1807 1806/1806
f 1619/1619 1620/1620 1616/1616
f 1800/1800 1801/1801 1802/1802
f 1943/1943 1949/1949 1941/1941
f 861/861 863/863 862/862
f 672/672 671/671 683/683
f 863/863 854/854 864/864
f 854/854 868/868 871/871
f 1319/1319 1321/1321 1323/1323
f 1670/1670 1667/1667 1671/1671
f 1325/1325 1319/1319 1323/1323
f 1623/1623 1624/1624 1625/1625
f 1669/1669 1689/1689 1684/1684
f 389/389 390/390 388/388
f 59/59 62/62 66/66
f 1261/1261 1257/1257 1247/1247
f 930/930 921/921 938/938
f 1004/1004 993/993 1008/1008
f 993/993 1007/1007 1008/1008
f 1456/1456 1455/1455 1453/1453
f 1788/1788 1790/1790 1791/1791
f 860/860 861/861 862/862
f 1621/1621 1619/1619 1612/1612
f 1619/1619 1616/1616 1612/1612
f 1612/1612 1616/1616 1613/1613
f 1616/1616 1617/1617 1613/1613
f 1613/1613 1617/1617 1618/1618
f 1941/1941 1947/1947 1946/1946
f 1618/1618 1617/1617 1615/1615
f 680/680 672/672 683/683
f 854/854 871/871 864/864
f 1671/1671 1669/1669 1680/1680
f 267/267 268/268 263/263
f 1689/1689 1690/1690 1684/1684
f 577/577 569/569 579/579
f 340/340 326/326 329/329
f 66/66 62/62 71/71
f 1162/1162 1159/1159 1166/1166
f 930/930 938/938 939/939
f 1257/1257 1250/1250 1247/1247
f 921/921 925/925 938/938
f 1767/1767 1760/1760 1755/1755
f 872/872 860/860 862/862
f 1734/1734 1736/1736 1731/1731
f 1618/1618 1615/1615 1613/1613
f 862/862 863/863 864/864
f 1438/1438 1443/1443 1442/1442
f 1669/1669 1684/1684 1680/1680
f 1553/1553 1554/1554 1556/1556
f 1690/1690 1694/1694 1695/1695
f 1695/1695 1694/1694 1698/1698
f 253/253 266/266 263/263
f 266/266 267/267 263/263
f 340/340 329/329 335/335
f 75/75 68/68 73/73
f 1178/1178 1179/1179 1173/1173
f 1753/1753 1755/1755 1760/1760
f 1453/1453 1455/1455 1454/1454
f 1612/1612 1613/1613 1614/1614
f 1613/1613 1615/1615 1614/1614
f 680/680 683/683 706/706
f 1439/1439 1438/1438 1442/1442
f 1845/1845 1832/1832 1848/1848
f 1323/1323 1321/1321 1327/1327
f 1670/1670 1671/1671 1672/1672
f 945/945 944/944 953/953
f 262/262 266/266 253/253
f 508/508 509/509 507/507
f 68/68 65/65 73/73
f 62/62 63/63 72/72
f 1344/1344 1349/1349 1350/1350
f 1159/1159 1160/1160 1161/1161
f 1160/1160 1173/1173 1161/1161
f 688/688 685/685 686/686
f 1250/1250 1260/1260 1251/1251
f 1507/1507 1503/1503 1500/1500
f 1008/1008 1007/1007 1009/1009
f 1756/1756 1755/1755 1752/1752
f 1007/1007 1010/1010 1009/1009
f 1010/1010 1007/1007 1006/1006
f 678/678 672/672 679/679
f 1752/1752 1755/1755 1753/1753
f 872/872 862/862 870/870
f 1453/1453 1454/1454 1450/1450
f 1453/1453 1450/1450 1449/1449
f 1845/1845 1830/1830 1832/1832
f 1446/1446 1439/1439 1442/1442
f 1672/1672 1671/1671 1680/1680
f 1684/1684 1690/1690 1708/1708
f 1690/1690 1695/1695 1708/1708
f 329/329 326/326 328/328
f 84/84 75/75 79/79
f 73/73 65/65 76/76
f 66/66 71/71 67/67
f 62/62 72/72 71/71
f 692/692 694/694 688/688
f 1166/1166 1159/1159 1169/1169
f 1010/1010 1006/1006 1012/1012
f 1006/1006 1005/1005 1012/1012
f 1005/1005 1013/1013 1012/1012
f 706/706 683/683 703/703
f 1843/1843 1844/1844 1845/1845
f 1207/1207 1219/1219 1208/1208
f 1673/1673 1670/1670 1672/1672
f 1556/1556 1554/1554 1560/1560
f 263/263 268/268 261/261
f 263/263 255/255 249/249
f 253/253 263/263 249/249
f 262/262 252/252 259/259
f 76/76 65/65 67/67
f 1173/1173 1179/1179 1161/1161
f 1247/1247 1250/1250 1245/1245
f 1250/1250 1251/1251 1245/1245
f 1507/1507 1500/1500 1510/1510
f 1259/1259 1251/1251 1260/1260
f 1009/1009 1010/1010 1011/1011
f 1454/1454 1460/1460 1450/1450
f 1450/1450 1460/1460 1459/1459
f 1753/1753 1760/1760 1759/1759
f 1449/1449 1450/1450 1451/1451
f 862/862 864/864 870/870
f 870/870 864/864 873/873
f 680/680 706/706 684/684
f 706/706 703/703 684/684
f 1221/1221 1219/1219 1222/1222
f 1844/1844 1846/1846 1845/1845
f 1437/1437 1438/1438 1439/1439
f 1846/1846 1830/1830 1845/1845
f 1220/1220 1207/1207 1218/1218
f 1218/1218 1216/1216 1256/1256
f 263/263 261/261 255/255
f 253/253 249/249 252/252
f 262/262 253/253 252/252
f 75/75 73/73 79/79
f 1159/1159 1161/1161 1170/1170
f 1169/1169 1159/1159 1170/1170
f 939/939 938/938 940/940
f 1510/1510 1500/1500 1511/1511
f 1463/1463 1464/1464 1460/1460
f 1752/1752 1753/1753 1754/1754
f 1010/1010 1012/1012 1014/1014
f 679/679 672/672 680/680
f 1016/1016 1012/1012 1013/1013
f 1451/1451 1450/1450 1452/1452
f 1451/1451 1452/1452 1462/1462
f 882/882 870/870 873/873
f 1223/1223 1222/1222 1219/1219
f 1844/1844 1847/1847 1846/1846
f 1223/1223 1219/1219 1207/1207
f 769/769 758/758 763/763
f 1220/1220 1223/1223 1207/1207
f 1846/1846 1834/1834 1830/1830
f 1440/1440 1439/1439 1447/1447
f 1437/1437 1439/1439 1440/1440
f 1674/1674 1672/1672 1679/1679
f 1220/1220 1218/1218 1254/1254
f 572/572 575/575 589/589
f 1698/1698 1696/1696 1695/1695
f 580/580 579/579 583/583
f 329/329 328/328 330/330
f 79/79 73/73 77/77
f 73/73 76/76 77/77
f 67/67 71/71 76/76
f 1249/1249 1247/1247 1246/1246
f 1500/1500 1497/1497 1515/1515
f 1015/1015 1011/1011 1014/1014
f 1011/1011 1010/1010 1014/1014
f 1754/1754 1753/1753 1757/1757
f 1014/1014 1012/1012 1017/1017
f 1759/1759 1758/1758 1753/1753
f 1757/1757 1753/1753 1758/1758
f 1226/1226 1227/1227 1225/1225
f 1757/1757 1758/1758 1761/1761
f 1757/1757 1761/1761 1762/1762
f 1226/1226 1225/1225 1223/1223
f 1225/1225 1222/1222 1223/1223
f 1440/1440 1441/1441 1437/1437
f 1448/1448 1440/1440 1447/1447
f 1674/1674 1679/1679 1678/1678
f 1254/1254 1218/1218 1255/1255
f 1679/1679 1680/1680 1683/1683
f 1218/1218 1256/1256 1255/1255
f 1680/1680 1684/1684 1683/1683
f 1708/1708 1695/1695 1697/1697
f 1695/1695 1696/1696 1697/1697
f 1696/1696 1699/1699 1697/1697
f 335/335 329/329 330/330
f 76/76 71/71 78/78
f 71/71 72/72 78/78
f 78/78 72/72 80/80
f 686/686 685/685 679/679
f 1247/1247 1245/1245 1246/1246
f 1251/1251 1244/1244 1245/1245
f 1511/1511 1500/1500 1515/1515
f 1259/1259 1252/1252 1251/1251
f 1497/1497 1493/1493 1515/1515
f 1252/1252 1275/1275 1226/1226
f 1754/1754 1757/1757 1763/1763
f 1457/1457 1458/1458 1452/1452
f 1452/1452 1458/1458 1462/1462
f 1763/1763 1757/1757 1762/1762
f 1847/1847 1812/1812 1846/1846
f 1812/1812 1834/1834 1846/1846
f 1763/1763 1762/1762 1764/1764
f 703/703 702/702 684/684
f 1684/1684 1711/1711 1683/1683
f 255/255 261/261 257/257
f 1684/1684 1708/1708 1711/1711
f 255/255 254/254 249/249
f 335/335 330/330 336/336
f 252/252 249/249 251/251
f 505/505 507/507 503/503
f 507/507 513/513 503/503
f 1514/1514 1510/1510 1513/1513
f 1170/1170 1161/1161 1176/1176
f 685/685 678/678 679/679
f 1251/1251 1252/1252 1244/1244
f 1864/1864 1865/1865 1866/1866
f 1252/1252 1226/1226 1224/1224
f 1224/1224 1226/1226 1223/1223
f 1224/1224 1223/1223 1220/1220
f 949/949 948/948 943/943
f 947/947 946/946 943/943
f 1708/1708 1697/1697 1701/1701
f 249/249 254/254 250/250
f 249/249 250/250 251/251
f 258/258 252/252 256/256
f 81/81 76/76 78/78
f 83/83 78/78 80/80
f 692/692 688/688 686/686
f 708/708 692/692 686/686
f 1513/1513 1510/1510 1512/1512
f 1467/1467 1472/1472 1466/1466
f 1246/1246 1245/1245 1243/1243
f 1464/1464 1468/1468 1469/1469
f 1515/1515 1493/1493 1516/1516
f 1493/1493 1501/1501 1516/1516
f 783/783 784/784 785/785
f 1810/1810 1811/1811 1812/1812
f 680/680 684/684 682/682
f 1224/1224 1220/1220 1254/1254
f 1679/1679 1683/1683 1685/1685
f 1828/1828 1831/1831 1833/1833
f 1256/1256 1258/1258 1255/1255
f 255/255 257/257 254/254
f 1711/1711 1708/1708 1701/1701
f 1697/1697 1699/1699 1700/1700
f 410/410 403/403 409/409
f 256/256 252/252 251/251
f 429/429 430/430 428/428
f 1510/1510 1511/1511 1512/1512
f 1243/1243 1245/1245 1244/1244
f 1511/1511 1515/1515 1512/1512
f 1464/1464 1466/1466 1468/1468
f 1677/1677 1678/1678 1681/1681
f 684/684 702/702 701/701
f 684/684 701/701 682/682
f 1678/1678 1686/1686 1681/1681
f 1678/1678 1679/1679 1685/1685
f 589/589 575/575 593/593
f 592/592 593/593 575/575
f 1255/1255 1258/1258 1235/1235
f 952/952 946/946 947/947
f 948/948 947/947 943/943
f 1701/1701 1697/1697 1700/1700
f 77/77 76/76 81/81
f 81/81 78/78 82/82
f 78/78 83/83 82/82
f 1248/1248 1246/1246 1243/1243
f 1505/1505 1502/1502 1506/1506
f 250/250 254/254 260/260
f 513/513 512/512 503/503
f 708/708 686/686 715/715
f 748/748 774/774 772/772
f 1512/1512 1516/1516 1517/1517
f 1518/1518 1501/1501 1505/1505
f 1677/1677 1681/1681 1682/1682
f 1254/1254 1255/1255 1239/1239
f 955/955 951/951 948/948
f 1683/1683 1701/1701 1706/1706
f 257/257 265/265 254/254
f 596/596 586/586 595/595
f 251/251 250/250 260/260
f 336/336 330/330 337/337
f 77/77 81/81 85/85
f 81/81 82/82 89/89
f 82/82 83/83 89/89
f 83/83 80/80 88/88
f 1466/1466 1472/1472 1473/1473
f 1248/1248 1243/1243 1242/1242
f 1244/1244 1252/1252 1253/1253
f 1518/1518 1505/1505 1508/1508
f 1252/1252 1224/1224 1253/1253
f 1681/1681 1686/1686 1682/1682
f 1224/1224 1254/1254 1239/1239
f 1686/1686 1678/1678 1685/1685
f 593/593 592/592 601/601
f 951/951 950/950 948/948
f 950/950 952/952 947/947
f 948/948 950/950 947/947
f 260/260 254/254 279/279
f 337/337 330/330 341/341
f 258/258 256/256 264/264
f 86/86 77/77 85/85
f 86/86 85/85 87/87
f 715/715 686/686 696/696
f 1466/1466 1473/1473 1470/1470
f 1242/1242 1243/1243 1238/1238
f 1243/1243 1244/1244 1238/1238
f 679/679 680/680 681/681
f 1516/1516 1518/1518 1508/1508
f 1818/1818 1816/1816 1814/1814
f 1224/1224 1239/1239 1253/1253
f 1239/1239 1255/1255 1235/1235
f 254/254 265/265 279/279
f 415/415 416/416 412/412
f 81/81 90/90 85/85
f 90/90 81/81 89/89
f 89/89 83/83 93/93
f 83/83 88/88 93/93
f 686/686 679/679 696/696
f 1253/1253 1237/1237 1244/1244
f 1814/1814 1816/1816 1815/1815
f 680/680 682/682 681/681
f 1814/1814 1815/1815 1813/1813
f 682/682 701/701 681/681
f 420/420 421/421 422/422
f 1827/1827 1826/1826 1829/1829
f 1685/1685 1706/1706 1688/1688
f 208/208 194/194 183/183
f 596/596 595/595 599/599
f 415/415 412/412 414/414
f 600/600 598/598 590/590
f 512/512 510/510 503/503
f 203/203 207/207 197/197
f 207/207 200/200 197/197
f 200/200 204/204 199/199
f 204/204 205/205 199/199
f 772/772 776/776 755/755
f 1242/1242 1238/1238 1241/1241
f 1238/1238 1244/1244 1237/1237
f 1816/1816 1823/1823 1822/1822
f 1516/1516 1508/1508 1520/1520
f 1816/1816 1822/1822 1815/1815
f 1237/1237 1253/1253 1236/1236
f 1253/1253 1239/1239 1236/1236
f 1815/1815 1824/1824 1817/1817
f 1232/1232 1236/1236 1239/1239
f 605/605 606/606 607/607
f 1231/1231 1233/1233 1234/1234
f 1233/1233 1232/1232 1235/1235
f 1232/1232 1239/1239 1235/1235
f 209/209 208/208 183/183
f 281/281 260/260 282/282
f 1241/1241 1238/1238 1240/1240
f 1240/1240 1238/1238 1229/1229
f 1238/1238 1237/1237 1229/1229
f 1508/1508 1509/1509 1520/1520
f 1822/1822 1825/1825 1815/1815
f 1815/1815 1825/1825 1824/1824
f 1229/1229 1237/1237 1230/1230
f 1230/1230 1237/1237 1236/1236
f 1824/1824 1826/1826 1817/1817
f 1230/1230 1236/1236 1232/1232
f 1686/1686 1688/1688 1687/1687
f 1230/1230 1232/1232 1231/1231
f 1231/1231 1232/1232 1233/1233
f 177/177 171/171 182/182
f 171/171 183/183 182/182
f 182/182 184/184 177/177
f 181/181 177/177 184/184
f 345/345 352/352 346/346
f 87/87 85/85 91/91
f 510/510 511/511 503/503
f 200/200 199/199 198/198
f 696/696 679/679 697/697
f 679/679 698/698 697/697
f 679/679 681/681 698/698
f 1228/1228 1229/1229 1230/1230
f 1228/1228 1230/1230 1231/1231
f 701/701 710/710 704/704
f 710/710 711/711 704/704
f 412/412 413/413 414/414
f 503/503 511/511 506/506
f 91/91 85/85 92/92
f 85/85 90/90 92/92
f 197/197 200/200 198/198
f 198/198 199/199 191/191
f 755/755 773/773 767/767
f 681/681 713/713 698/698
f 1525/1525 1520/1520 1524/1524
f 767/767 740/740 742/742
f 681/681 704/704 713/713
f 1707/1707 1704/1704 1709/1709
f 176/176 177/177 181/181
f 188/188 180/180 187/187
f 196/196 203/203 197/197
f 698/698 713/713 714/714
f 716/716 713/713 704/704
f 156/156 158/158 171/171
f 158/158 172/172 171/171
f 170/170 156/156 171/171
f 170/170 171/171 177/177
f 175/175 170/170 177/177
f 418/418 419/419 413/413
f 418/418 413/413 412/412
f 186/186 180/180 188/188
f 186/186 188/188 189/189
f 125/125 120/120 121/121
f 337/337 341/341 342/342
f 504/504 503/503 506/506
f 195/195 197/197 192/192
f 192/192 197/197 198/198
f 192/192 198/198 191/191
f 192/192 191/191 168/168
f 191/191 165/165 168/168
f 168/168 165/165 157/157
f 714/714 713/713 716/716
f 157/157 165/165 158/158
f 157/157 158/158 156/156
f 180/180 176/176 181/181
f 196/196 206/206 203/203
f 511/511 514/514 506/506
f 155/155 156/156 170/170
f 406/406 397/397 393/393
f 179/179 176/176 180/180
f 344/344 345/345 346/346
f 186/186 179/179 180/180
f 342/342 341/341 343/343
f 206/206 196/196 201/201
f 197/197 195/195 196/196
f 168/168 157/157 153/153
f 153/153 157/157 156/156
f 153/153 156/156 155/155
f 155/155 170/170 163/163
f 163/163 170/170 175/175
f 112/112 117/117 110/110
f 174/174 163/163 175/175
f 404/404 397/397 406/406
f 174/174 175/175 176/176
f 174/174 176/176 179/179
f 514/514 515/515 506/506
f 169/169 192/192 168/168
f 169/169 168/168 161/161
f 168/168 153/153 161/161
f 154/154 153/153 155/155
f 154/154 155/155 163/163
f 344/344 346/346 347/347
f 201/201 196/196 193/193
f 434/434 433/433 432/432
f 196/196 195/195 190/190
f 195/195 192/192 190/190
f 192/192 169/169 190/190
f 161/161 153/153 152/152
f 152/152 153/153 154/154
f 154/154 163/163 162/162
f 162/162 163/163 174/174
f 404/404 406/406 405/405
f 348/348 344/344 347/347
f 178/178 174/174 179/179
f 178/178 179/179 185/185
f 347/347 346/346 355/355
f 506/506 516/516 519/519
f 506/506 515/515 516/516
f 201/201 193/193 202/202
f 196/196 190/190 193/193
f 164/164 169/169 161/161
f 173/173 162/162 174/174
f 173/173 174/174 178/178
f 202/202 193/193 167/167
f 193/193 190/190 167/167
f 190/190 169/169 164/164
f 164/164 161/161 152/152
f 408/408 407/407 405/405
f 159/159 152/152 154/154
f 159/159 154/154 160/160
f 160/160 154/154 162/162
f 348/348 347/347 349/349
f 160/160 162/162 173/173
f 119/119 113/113 114/114
f 167/167 190/190 164/164
f 167/167 164/164 166/166
f 166/166 164/164 159/159
f 166/166 159/159 160/160
f 159/159 164/164 152/152
f 350/350 348/348 349/349
f 349/349 347/347 354/354
f 347/347 355/355 354/354
f 516/516 515/515 517/517
f 515/515 518/518 517/517
f 351/351 353/353 350/350
f 351/351 350/350 349/349
f 126/126 101/101 103/103
f 321/321 320/320 322/322
f 242/242 239/239 241/241
f 239/239 218/218 241/241
f 226/226 218/218 239/239
f 226/226 217/217 218/218
f 225/225 217/217 226/226
f 372/372 374/374 375/375
f 465/465 449/449 457/457
f 467/467 449/449 465/465
f 452/452 446/446 449/449
f 452/452 451/451 446/446
f 218/218 217/217 210/210
f 225/225 224/224 217/217
f 449/449 447/447 457/457
f 449/449 446/446 447/447
f 217/217 222/222 215/215
f 217/217 224/224 222/222
f 446/446 451/451 444/444
f 240/240 224/224 225/225
f 457/457 447/447 453/453
f 375/375 374/374 376/376
f 465/465 457/457 474/474
f 446/446 445/445 447/447
f 446/446 444/444 445/445
f 632/632 637/637 631/631
f 631/631 637/637 639/639
f 224/224 230/230 222/222
f 447/447 445/445 453/453
f 629/629 628/628 619/619
f 215/215 211/211 210/210
f 215/215 220/220 211/211
f 222/222 223/223 215/215
f 224/224 233/233 230/230
f 240/240 238/238 224/224
f 457/457 453/453 458/458
f 641/641 628/628 629/629
f 451/451 448/448 444/444
f 210/210 211/211 212/212
f 1055/1055 1054/1054 1044/1044
f 1044/1044 1054/1054 1046/1046
f 1054/1054 1059/1059 1046/1046
f 1053/1053 1054/1054 1055/1055
f 1054/1054 1056/1056 1059/1059
f 223/223 220/220 215/215
f 1053/1053 1056/1056 1054/1054
f 245/245 238/238 240/240
f 238/238 233/233 224/224
f 1039/1039 1046/1046 1041/1041
f 1044/1044 1046/1046 1039/1039
f 1046/1046 1052/1052 1041/1041
f 1046/1046 1059/1059 1052/1052
f 1057/1057 1056/1056 1053/1053
f 1057/1057 1058/1058 1056/1056
f 472/472 474/474 463/463
f 453/453 459/459 458/458
f 445/445 443/443 453/453
f 445/445 444/444 443/443
f 1397/1397 1388/1388 1396/1396
f 1041/1041 1052/1052 1047/1047
f 211/211 213/213 212/212
f 618/618 622/622 621/621
f 1388/1388 1385/1385 1396/1396
f 1048/1048 1055/1055 1044/1044
f 211/211 216/216 214/214
f 1385/1385 1395/1395 1396/1396
f 1385/1385 1381/1381 1395/1395
f 1562/1562 1548/1548 1550/1550
f 1051/1051 1053/1053 1055/1055
f 1051/1051 1057/1057 1053/1053
f 230/230 231/231 223/223
f 233/233 235/235 230/230
f 555/555 562/562 563/563
f 458/458 459/459 462/462
f 453/453 443/443 454/454
f 444/444 440/440 443/443
f 895/895 890/890 893/893
f 448/448 440/440 444/444
f 448/448 450/450 440/440
f 1044/1044 1039/1039 1042/1042
f 1045/1045 1044/1044 1042/1042
f 211/211 214/214 213/213
f 1048/1048 1044/1044 1045/1045
f 632/632 638/638 637/637
f 1048/1048 1051/1051 1055/1055
f 295/295 300/300 301/301
f 1381/1381 1370/1370 1394/1394
f 1058/1058 1063/1063 1056/1056
f 1547/1547 1548/1548 1565/1565
f 1060/1060 1057/1057 1051/1051
f 1057/1057 1061/1061 1058/1058
f 235/235 231/231 230/230
f 1042/1042 1039/1039 1034/1034
f 1034/1034 1039/1039 1035/1035
f 1039/1039 1041/1041 1035/1035
f 1041/1041 1047/1047 1038/1038
f 602/602 603/603 604/604
f 450/450 480/480 441/441
f 1049/1049 1048/1048 1045/1045
f 220/220 219/219 216/216
f 223/223 219/219 220/220
f 1050/1050 1051/1051 1048/1048
f 1060/1060 1051/1051 1050/1050
f 555/555 561/561 562/562
f 1041/1041 1038/1038 1035/1035
f 1152/1152 1153/1153 1158/1158
f 616/616 618/618 617/617
f 450/450 441/441 440/440
f 1388/1388 1383/1383 1385/1385
f 216/216 219/219 214/214
f 1381/1381 1375/1375 1370/1370
f 1060/1060 1061/1061 1057/1057
f 1061/1061 1063/1063 1058/1058
f 246/246 238/238 245/245
f 557/557 555/555 563/563
f 21/21 27/27 23/23
f 472/472 463/463 468/468
f 468/468 462/462 469/469
f 652/652 649/649 648/648
f 440/440 442/442 443/443
f 1566/1566 1563/1563 1564/1564
f 1045/1045 1042/1042 1043/1043
f 440/440 439/439 438/438
f 440/440 441/441 439/439
f 726/726 727/727 728/728
f 1638/1638 1639/1639 1637/1637
f 1385/1385 1383/1383 1381/1381
f 1594/1594 1593/1593 1595/1595
f 1383/1383 1379/1379 1381/1381
f 1049/1049 1050/1050 1048/1048
f 1590/1590 1593/1593 1594/1594
f 223/223 227/227 219/219
f 1379/1379 1375/1375 1381/1381
f 1050/1050 1027/1027 1060/1060
f 231/231 227/227 223/223
f 235/235 236/236 231/231
f 1061/1061 1064/1064 1063/1063
f 554/554 561/561 555/555
f 246/246 247/247 238/238
f 21/21 24/24 27/27
f 459/459 454/454 460/460
f 443/443 455/455 454/454
f 443/443 442/442 455/455
f 1043/1043 1042/1042 1034/1034
f 440/440 438/438 442/442
f 1638/1638 1637/1637 1636/1636
f 1636/1636 1637/1637 1635/1635
f 1024/1024 1049/1049 1045/1045
f 219/219 229/229 221/221
f 633/633 613/613 612/612
f 219/219 221/221 214/214
f 1484/1484 1483/1483 1475/1475
f 1590/1590 1589/1589 1593/1593
f 236/236 227/227 231/231
f 1375/1375 1369/1369 1370/1370
f 1062/1062 1061/1061 1060/1060
f 18/18 21/21 23/23
f 454/454 455/455 460/460
f 1034/1034 1035/1035 1032/1032
f 1043/1043 1034/1034 1040/1040
f 437/437 438/438 439/439
f 229/229 228/228 244/244
f 219/219 228/228 229/229
f 1026/1026 1049/1049 1024/1024
f 1026/1026 1050/1050 1049/1049
f 1027/1027 1050/1050 1026/1026
f 227/227 228/228 219/219
f 1484/1484 1485/1485 1483/1483
f 1647/1647 1649/1649 1648/1648
f 1547/1547 1545/1545 1546/1546
f 554/554 559/559 561/561
f 1062/1062 1065/1065 1061/1061
f 1034/1034 1032/1032 1031/1031
f 1352/1352 1354/1354 1353/1353
f 1352/1352 1355/1355 1354/1354
f 1031/1031 1040/1040 1034/1034
f 1273/1273 1268/1268 1267/1267
f 1152/1152 1151/1151 1153/1153
f 1151/1151 1154/1154 1153/1153
f 1479/1479 1482/1482 1475/1475
f 1635/1635 1646/1646 1645/1645
f 981/981 974/974 982/982
f 362/362 367/367 370/370
f 974/974 971/971 982/982
f 1020/1020 1026/1026 1024/1024
f 615/615 647/647 635/635
f 971/971 979/979 982/982
f 232/232 228/228 227/227
f 1590/1590 1585/1585 1589/1589
f 1061/1061 1067/1067 1064/1064
f 1065/1065 1067/1067 1061/1061
f 555/555 545/545 554/554
f 1202/1202 1205/1205 1204/1204
f 358/358 357/357 361/361
f 1636/1636 1635/1635 1629/1629
f 361/361 357/357 362/362
f 1726/1726 1728/1728 1727/1727
f 1043/1043 1024/1024 1045/1045
f 356/356 357/357 358/358
f 362/362 357/357 360/360
f 356/356 359/359 357/357
f 359/359 360/360 357/357
f 1018/1018 1021/1021 1023/1023
f 1408/1408 1401/1401 1407/1407
f 360/360 367/367 362/362
f 1024/1024 1021/1021 1020/1020
f 1408/1408 1398/1398 1401/1401
f 1019/1019 1022/1022 1020/1020
f 1020/1020 1027/1027 1026/1026
f 1022/1022 1027/1027 1020/1020
f 1028/1028 1022/1022 1019/1019
f 234/234 232/232 227/227
f 1027/1027 1069/1069 1060/1060
f 1586/1586 1585/1585 1590/1590
f 1060/1060 1069/1069 1062/1062
f 1066/1066 1065/1065 1062/1062
f 653/653 643/643 649/649
f 916/916 899/899 900/900
f 1031/1031 1032/1032 1033/1033
f 442/442 456/456 455/455
f 490/490 495/495 499/499
f 490/490 499/499 493/493
f 358/358 361/361 365/365
f 1203/1203 1205/1205 1202/1202
f 1629/1629 1635/1635 1632/1632
f 1724/1724 1726/1726 1727/1727
f 760/760 768/768 781/781
f 1203/1203 1206/1206 1205/1205
f 1021/1021 1024/1024 1025/1025
f 1401/1401 1398/1398 1400/1400
f 366/366 359/359 356/356
f 1398/1398 1399/1399 1400/1400
f 364/364 363/363 359/359
f 359/359 363/363 360/360
f 360/360 363/363 367/367
f 363/363 368/368 367/367
f 1/1 2/2 3/3
f 1413/1413 1414/1414 1398/1398
f 367/367 368/368 369/369
f 1029/1029 1027/1027 1022/1022
f 227/227 237/237 234/234
f 1289/1289 1286/1286 1283/1283
f 1546/1546 1534/1534 1536/1536
f 237/237 227/227 236/236
f 1069/1069 1070/1070 1062/1062
f 554/554 556/556 559/559
f 1070/1070 1066/1066 1062/1062
f 1544/1544 1542/1542 1545/1545
f 541/541 555/555 557/557
f 18/18 16/16 21/21
f 1336/1336 1352/1352 1353/1353
f 905/905 916/916 900/900
f 460/460 455/455 461/461
f 490/490 494/494 495/495
f 760/760 751/751 768/768
f 1203/1203 1193/1193 1206/1206
f 1192/1192 1194/1194 1193/1193
f 1407/1407 1401/1401 1403/1403
f 1023/1023 1021/1021 1025/1025
f 1400/1400 1402/1402 1401/1401
f 751/751 765/765 768/768
f 984/984 985/985 972/972
f 366/366 364/364 359/359
f 1398/1398 1415/1415 1399/1399
f 1414/1414 1415/1415 1398/1398
f 526/526 527/527 528/528
f 529/529 527/527 526/526
f 529/529 530/530 527/527
f 1536/1536 1531/1531 1537/1537
f 1028/1028 1029/1029 1022/1022
f 1029/1029 1069/1069 1027/1027
f 1379/1379 1376/1376 1375/1375
f 1375/1375 1376/1376 1369/1369
f 541/541 545/545 555/555
f 246/246 248/248 247/247
f 558/558 541/541 557/557
f 21/21 17/17 24/24
f 17/17 25/25 24/24
f 1351/1351 1336/1336 1353/1353
f 941/941 916/916 905/905
f 1202/1202 1204/1204 1201/1201
f 1150/1150 1151/1151 1152/1152
f 487/487 494/494 490/490
f 1720/1720 1724/1724 1730/1730
f 1401/1401 1402/1402 1403/1403
f 977/977 984/984 972/972
f 1535/1535 1538/1538 1539/1539
f 985/985 986/986 980/980
f 481/481 485/485 486/486
f 1531/1531 1535/1535 1537/1537
f 1534/1534 1531/1531 1536/1536
f 1376/1376 1374/1374 1369/1369
f 1374/1374 1368/1368 1369/1369
f 1368/1368 1371/1371 1366/1366
f 469/469 477/477 476/476
f 16/16 17/17 21/21
f 455/455 456/456 461/461
f 691/691 717/717 707/707
f 1629/1629 1630/1630 1631/1631
f 1202/1202 1191/1191 1203/1203
f 983/983 976/976 981/981
f 756/756 751/751 760/760
f 1724/1724 1725/1725 1726/1726
f 1193/1193 1203/1203 1191/1191
f 1403/1403 1402/1402 1404/1404
f 751/751 754/754 765/765
f 806/806 817/817 820/820
f 1030/1030 1029/1029 1028/1028
f 1581/1581 1585/1585 1586/1586
f 554/554 544/544 556/556
f 1070/1070 1068/1068 1066/1066
f 1540/1540 1542/1542 1544/1544
f 545/545 540/540 554/554
f 1068/1068 1065/1065 1066/1066
f 541/541 540/540 545/545
f 460/460 461/461 471/471
f 1336/1336 1335/1335 1352/1352
f 1156/1156 1150/1150 1157/1157
f 1403/1403 1404/1404 1405/1405
f 926/926 923/923 911/911
f 987/987 984/984 977/977
f 801/801 803/803 806/806
f 1532/1532 1538/1538 1535/1535
f 806/806 803/803 817/817
f 481/481 483/483 485/485
f 531/531 530/530 529/529
f 1531/1531 1532/1532 1535/1535
f 1029/1029 1071/1071 1069/1069
f 1581/1581 1582/1582 1585/1585
f 1284/1284 1277/1277 1282/1282
f 1284/1284 1282/1282 1286/1286
f 1071/1071 1070/1070 1069/1069
f 1068/1068 1077/1077 1065/1065
f 1077/1077 1067/1067 1065/1065
f 543/543 541/541 558/558
f 9/9 16/16 18/18
f 64/64 95/95 96/96
f 1348/1348 1336/1336 1351/1351
f 498/498 493/493 502/502
f 498/498 488/488 493/493
f 1204/1204 1167/1167 1201/1201
f 493/493 488/488 490/490
f 1149/1149 1151/1151 1150/1150
f 983/983 978/978 976/976
f 1405/1405 1404/1404 1406/1406
f 1190/1190 1193/1193 1191/1191
f 315/315 314/314 293/293
f 553/553 531/531 560/560
f 1584/1584 1583/1583 1587/1587
f 1072/1072 1071/1071 1029/1029
f 556/556 553/553 560/560
f 1376/1376 1377/1377 1374/1374
f 556/556 544/544 553/553
f 540/540 544/544 554/554
f 1541/1541 1543/1543 1542/1542
f 1540/1540 1541/1541 1542/1542
f 1077/1077 1078/1078 1067/1067
f 564/564 543/543 558/558
f 45/45 9/9 18/18
f 1201/1201 1200/1200 1202/1202
f 1200/1200 1191/1191 1202/1202
f 1311/1311 1301/1301 1313/1313
f 920/920 922/922 923/923
f 1404/1404 1411/1411 1406/1406
f 799/799 797/797 801/801
f 1531/1531 1529/1529 1532/1532
f 1528/1528 1531/1531 1534/1534
f 1576/1576 1583/1583 1584/1584
f 306/306 307/307 303/303
f 1071/1071 1073/1073 1070/1070
f 1073/1073 1068/1068 1070/1070
f 9/9 6/6 16/16
f 60/60 95/95 64/64
f 6/6 17/17 16/16
f 5/5 19/19 17/17
f 1167/1167 1198/1198 1201/1201
f 1267/1267 1265/1265 1264/1264
f 1198/1198 1200/1200 1201/1201
f 1301/1301 1299/1299 1313/1313
f 750/750 751/751 756/756
f 791/791 799/799 800/800
f 797/797 802/802 801/801
f 752/752 754/754 751/751
f 802/802 803/803 801/801
f 481/481 482/482 483/483
f 1529/1529 1530/1530 1532/1532
f 533/533 532/532 531/531
f 803/803 811/811 817/817
f 1528/1528 1529/1529 1531/1531
f 1284/1284 1278/1278 1277/1277
f 1377/1377 1378/1378 1374/1374
f 1073/1073 1074/1074 1068/1068
f 968/968 961/961 966/966
f 543/543 542/542 541/541
f 331/331 333/333 332/332
f 6/6 5/5 17/17
f 15/15 22/22 19/19
f 15/15 20/20 22/22
f 1334/1334 1335/1335 1336/1336
f 1168/1168 1171/1171 1163/1163
f 931/931 935/935 933/933
f 1300/1300 1311/1311 1312/1312
f 1721/1721 1724/1724 1720/1720
f 1724/1724 1723/1723 1725/1725
f 1299/1299 1306/1306 1313/1313
f 920/920 919/919 922/922
f 1306/1306 1314/1314 1313/1313
f 791/791 797/797 799/799
f 484/484 482/482 481/481
f 533/533 534/534 532/532
f 1072/1072 1075/1075 1071/1071
f 546/546 553/553 544/544
f 1075/1075 1076/1076 1071/1071
f 1576/1576 1584/1584 1573/1573
f 1570/1570 1573/1573 1581/1581
f 1076/1076 1073/1073 1071/1071
f 1374/1374 1373/1373 1368/1368
f 538/538 539/539 540/540
f 963/963 961/961 968/968
f 1368/1368 1372/1372 1371/1371
f 538/538 540/540 541/541
f 5/5 15/15 19/19
f 1348/1348 1334/1334 1336/1336
f 1334/1334 1337/1337 1335/1335
f 1300/1300 1301/1301 1311/1311
f 1721/1721 1723/1723 1724/1724
f 804/804 803/803 802/802
f 752/752 761/761 754/754
f 535/535 534/534 533/533
f 737/737 731/731 739/739
f 546/546 550/550 553/553
f 1576/1576 1578/1578 1583/1583
f 1316/1316 1322/1322 1320/1320
f 539/539 546/546 544/544
f 1378/1378 1373/1373 1374/1374
f 1373/1373 1372/1372 1368/1368
f 966/966 965/965 969/969
f 541/541 542/542 538/538
f 578/578 543/543 564/564
f 60/60 94/94 95/95
f 1156/1156 1155/1155 1150/1150
f 721/721 718/718 705/705
f 1148/1148 1149/1149 1150/1150
f 757/757 756/756 762/762
f 1198/1198 1199/1199 1200/1200
f 1298/1298 1301/1301 1300/1300
f 796/796 791/791 800/800
f 745/745 751/751 750/750
f 793/793 808/808 797/797
f 745/745 752/752 751/751
f 808/808 802/802 797/797
f 803/803 805/805 811/811
f 1575/1575 1576/1576 1573/1573
f 961/961 965/965 966/966
f 9/9 8/8 6/6
f 4/4 5/5 6/6
f 15/15 13/13 20/20
f 935/935 942/942 941/941
f 1346/1346 1334/1334 1348/1348
f 1155/1155 1148/1148 1150/1150
f 775/775 757/757 762/762
f 1148/1148 1147/1147 1149/1149
f 791/791 793/793 797/797
f 759/759 761/761 752/752
f 1526/1526 1527/1527 1528/1528
f 1528/1528 1527/1527 1529/1529
f 1315/1315 1316/1316 1317/1317
f 546/546 547/547 550/550
f 1578/1578 1591/1591 1592/1592
f 1573/1573 1569/1569 1575/1575
f 543/543 551/551 542/542
f 8/8 7/7 6/6
f 7/7 4/4 6/6
f 5/5 4/4 15/15
f 500/500 492/492 498/498
f 1334/1334 1338/1338 1337/1337
f 498/498 492/492 488/488
f 492/492 491/491 488/488
f 689/689 722/722 721/721
f 1165/1165 1198/1198 1167/1167
f 1197/1197 1199/1199 1198/1198
f 1717/1717 1716/1716 1720/1720
f 1298/1298 1299/1299 1301/1301
f 919/919 927/927 932/932
f 2030/2030 2033/2033 2031/2031
f 824/824 802/802 808/808
f 813/813 804/804 802/802
f 723/723 724/724 725/725
f 805/805 816/816 811/811
f 535/535 536/536 534/534
f 736/736 731/731 737/737
f 1533/1533 1526/1526 1528/1528
f 547/547 537/537 550/550
f 1575/1575 1578/1578 1576/1576
f 1570/1570 1569/1569 1573/1573
f 1280/1280 1278/1278 1285/1285
f 1838/1838 1839/1839 1840/1840
f 539/539 547/547 546/546
f 1839/1839 1841/1841 1840/1840
f 1378/1378 1382/1382 1373/1373
f 1839/1839 1842/1842 1841/1841
f 1541/1541 1555/1555 1543/1543
f 959/959 961/961 963/963
f 961/961 960/960 965/965
f 960/960 964/964 965/965
f 542/542 549/549 538/538
f 551/551 549/549 542/542
f 578/578 551/551 543/543
f 1339/1339 1338/1338 1334/1334
f 496/496 491/491 492/492
f 934/934 942/942 935/935
f 757/757 750/750 756/756
f 1165/1165 1197/1197 1198/1198
f 1302/1302 1296/1296 1300/1300
f 1300/1300 1296/1296 1298/1298
f 1721/1721 1722/1722 1723/1723
f 917/917 919/919 920/920
f 1851/1851 1852/1852 1853/1853
f 793/793 809/809 808/808
f 2004/2004 2007/2007 2020/2020
f 2003/2003 2004/2004 1999/1999
f 759/759 766/766 761/761
f 1527/1527 1530/1530 1529/1529
f 535/535 537/537 536/536
f 1575/1575 1577/1577 1578/1578
f 1577/1577 1591/1591 1578/1578
f 1288/1288 1280/1280 1285/1285
f 11/11 15/15 4/4
f 1298/1298 1297/1297 1299/1299
f 917/917 918/918 919/919
f 918/918 921/921 919/919
f 2037/2037 2038/2038 2039/2039
f 2008/2008 2011/2011 2010/2010
f 2015/2015 2014/2014 2016/2016
f 826/826 813/813 824/824
f 804/804 805/805 803/803
f 962/962 959/959 963/963
f 585/585 551/551 578/578
f 46/46 8/8 9/9
f 60/60 74/74 94/94
f 11/11 13/13 15/15
f 1338/1338 1342/1342 1337/1337
f 2005/2005 2006/2006 2004/2004
f 567/567 536/536 537/537
f 1567/1567 1569/1569 1570/1570
f 1384/1384 1373/1373 1382/1382
f 538/538 548/548 539/539
f 960/960 958/958 964/964
f 1346/1346 1339/1339 1334/1334
f 1196/1196 1197/1197 1165/1165
f 1716/1716 1722/1722 1721/1721
f 921/921 928/928 927/927
f 1297/1297 1306/1306 1299/1299
f 791/791 788/788 793/793
f 793/793 788/788 809/809
f 1781/1781 1787/1787 1779/1779
f 2037/2037 2040/2040 2038/2038
f 1777/1777 1779/1779 1778/1778
f 1991/1991 1968/1968 1967/1967
f 1972/1972 1970/1970 1968/1968
f 1770/1770 1771/1771 1772/1772
f 1775/1775 1777/1777 1776/1776
f 1771/1771 1775/1775 1772/1772
f 1772/1772 1775/1775 1776/1776
f 1970/1970 1972/1972 1971/1971
f 1972/1972 1973/1973 1971/1971
f 1434/1434 1430/1430 1435/1435
f 826/826 814/814 813/813
f 804/804 795/795 805/805
f 1211/1211 1210/1210 1214/1214
f 1214/1214 1210/1210 1217/1217
f 729/729 731/731 736/736
f 1213/1213 1212/1212 1215/1215
f 1212/1212 1214/1214 1215/1215
f 1574/1574 1577/1577 1575/1575
f 1319/1319 1324/1324 1322/1322
f 548/548 547/547 539/539
f 552/552 548/548 538/538
f 959/959 960/960 961/961
f 568/568 552/552 549/549
f 569/569 568/568 549/549
f 569/569 549/549 551/551
f 10/10 11/11 4/4
f 1197/1197 1188/1188 1199/1199
f 1296/1296 1297/1297 1298/1298
f 2038/2038 2044/2044 2043/2043
f 1773/1773 1771/1771 1770/1770
f 814/814 804/804 813/813
f 1611/1611 1608/1608 1610/1610
f 1608/1608 1609/1609 1610/1610
f 958/958 970/970 964/964
f 574/574 569/569 551/551
f 7/7 10/10 4/4
f 1715/1715 1716/1716 1717/1717
f 1988/1988 1982/1982 1984/1984
f 792/792 791/791 796/796
f 792/792 789/789 791/791
f 789/789 788/788 791/791
f 2024/2024 2023/2023 2025/2025
f 1780/1780 1781/1781 1779/1779
f 1777/1777 1780/1780 1779/1779
f 788/788 810/810 809/809
f 1775/1775 1783/1783 1777/1777
f 1974/1974 1975/1975 1973/1973
f 1975/1975 1989/1989 1973/1973
f 1773/1773 1774/1774 1771/1771
f 1774/1774 1775/1775 1771/1771
f 1774/1774 1783/1783 1775/1775
f 1898/1898 1895/1895 1897/1897
f 1908/1908 1904/1904 1897/1897
f 745/745 759/759 752/752
f 1899/1899 1898/1898 1897/1897
f 1899/1899 1897/1897 1904/1904
f 729/729 730/730 731/731
f 261/261 275/275 312/312
f 1569/1569 1568/1568 1574/1574
f 12/12 13/13 11/11
f 500/500 497/497 492/492
f 492/492 497/497 496/496
f 1340/1340 1338/1338 1339/1339
f 771/771 753/753 757/757
f 934/934 937/937 942/942
f 1341/1341 1342/1342 1338/1338
f 1146/1146 1147/1147 1148/1148
f 1304/1304 1296/1296 1302/1302
f 1196/1196 1188/1188 1197/1197
f 1303/1303 1297/1297 1296/1296
f 1879/1879 1880/1880 1878/1878
f 1718/1718 1729/1729 1722/1722
f 1718/1718 1722/1722 1716/1716
f 1879/1879 1881/1881 1880/1880
f 1297/1297 1309/1309 1306/1306
f 1882/1882 1881/1881 1879/1879
f 1930/1930 1879/1879 1872/1872
f 1930/1930 1882/1882 1879/1879
f 1877/1877 1869/1869 1873/1873
f 1869/1869 1872/1872 1873/1873
f 1777/1777 1782/1782 1780/1780
f 1783/1783 1782/1782 1777/1777
f 1895/1895 1896/1896 1893/1893
f 1897/1897 1895/1895 1894/1894
f 1894/1894 1895/1895 1893/1893
f 1929/1929 1908/1908 1897/1897
f 1773/1773 1786/1786 1774/1774
f 1786/1786 1785/1785 1774/1774
f 1785/1785 1783/1783 1774/1774
f 1910/1910 1904/1904 1929/1929
f 1904/1904 1908/1908 1929/1929
f 1905/1905 1904/1904 1910/1910
f 1928/1928 1920/1920 1932/1932
f 1928/1928 1921/1921 1920/1920
f 1920/1920 1921/1921 1919/1919
f 1921/1921 1922/1922 1919/1919
f 1429/1429 1420/1420 1426/1426
f 1917/1917 1907/1907 1910/1910
f 1907/1907 1905/1905 1910/1910
f 1905/1905 1899/1899 1904/1904
f 1907/1907 1906/1906 1905/1905
f 1906/1906 1899/1899 1905/1905
f 1899/1899 1900/1900 1898/1898
f 1900/1900 1901/1901 1898/1898
f 1209/1209 1212/1212 1213/1213
f 1579/1579 1577/1577 1574/1574
f 547/547 565/565 566/566
f 1567/1567 1568/1568 1569/1569
f 274/274 271/271 275/275
f 548/548 565/565 547/547
f 1382/1382 1386/1386 1384/1384
f 552/552 570/570 548/548
f 962/962 954/954 959/959
f 31/31 26/26 8/8
f 31/31 8/8 46/46
f 26/26 14/14 8/8
f 8/8 14/14 7/7
f 14/14 10/10 7/7
f 12/12 11/11 10/10
f 1346/1346 1344/1344 1339/1339
f 1344/1344 1340/1340 1339/1339
f 1349/1349 1344/1344 1346/1346
f 753/753 750/750 757/757
f 1162/1162 1196/1196 1165/1165
f 1715/1715 1718/1718 1716/1716
f 1872/1872 1878/1878 1875/1875
f 924/924 918/918 917/917
f 1878/1878 1872/1872 1879/1879
f 1882/1882 1883/1883 1881/1881
f 743/743 745/745 750/750
f 1882/1882 1889/1889 1883/1883
f 1873/1873 1872/1872 1874/1874
f 1874/1874 1872/1872 1875/1875
f 1978/1978 1979/1979 1977/1977
f 1876/1876 1930/1930 1872/1872
f 1888/1888 1887/1887 1891/1891
f 1887/1887 1892/1892 1891/1891
f 1869/1869 1871/1871 1872/1872
f 1871/1871 1876/1876 1872/1872
f 1876/1876 1915/1915 1930/1930
f 1930/1930 1890/1890 1882/1882
f 1890/1890 1889/1889 1882/1882
f 1914/1914 1867/1867 1913/1913
f 1913/1913 1867/1867 1877/1877
f 1867/1867 1869/1869 1877/1877
f 1933/1933 1934/1934 1935/1935
f 1894/1894 1887/1887 1912/1912
f 1894/1894 1893/1893 1887/1887
f 1893/1893 1892/1892 1887/1887
f 1939/1939 1938/1938 1936/1936
f 1909/1909 1897/1897 1894/1894
f 1929/1929 1897/1897 1931/1931
f 1785/1785 1782/1782 1783/1783
f 1920/1920 1918/1918 1927/1927
f 1919/1919 1918/1918 1920/1920
f 1919/1919 1917/1917 1918/1918
f 1918/1918 1917/1917 1910/1910
f 1923/1923 1922/1922 1921/1921
f 1924/1924 1923/1923 1921/1921
f 1928/1928 1926/1926 1924/1924
f 1926/1926 1925/1925 1924/1924
f 1900/1900 1902/1902 1901/1901
f 1902/1902 1903/1903 1901/1901
f 1911/1911 1902/1902 1900/1900
f 1861/1861 1862/1862 1863/1863
f 1209/1209 1211/1211 1212/1212
f 732/732 730/730 729/729
f 1850/1850 1836/1836 1838/1838
f 1836/1836 1835/1835 1838/1838
f 1835/1835 1839/1839 1838/1838
f 570/570 565/565 548/548
f 571/571 570/570 552/552
f 954/954 953/953 959/959
f 959/959 953/953 960/960
f 953/953 958/958 960/960
f 585/585 574/574 551/551
f 1338/1338 1340/1340 1341/1341
f 688/688 689/689 687/687
f 930/930 937/937 929/929
f 1145/1145 1147/1147 1146/1146
f 1304/1304 1305/1305 1296/1296
f 1305/1305 1303/1303 1296/1296
f 1912/1912 1886/1886 1883/1883
f 1912/1912 1883/1883 1889/1889
f 1886/1886 1885/1885 1883/1883
f 1887/1887 1888/1888 1885/1885
f 1886/1886 1887/1887 1885/1885
f 1869/1869 1870/1870 1871/1871
f 1871/1871 1870/1870 1876/1876
f 1870/1870 1915/1915 1876/1876
f 1890/1890 1912/1912 1889/1889
f 1912/1912 1887/1887 1886/1886
f 1867/1867 1868/1868 1869/1869
f 1869/1869 1868/1868 1870/1870
f 1870/1870 1916/1916 1915/1915
f 1934/1934 1938/1938 1940/1940
f 1782/1782 1784/1784 1780/1780
f 1933/1933 1936/1936 1934/1934
f 1909/1909 1894/1894 1912/1912
f 1937/1937 1936/1936 1933/1933
f 1916/1916 1929/1929 1915/1915
f 788/788 787/787 810/810
f 1948/1948 1944/1944 1945/1945
f 1944/1944 1941/1941 1945/1945
f 1941/1941 1942/1942 1943/1943
f 1944/1944 1942/1942 1941/1941
f 810/810 787/787 825/825
f 787/787 795/795 807/807
f 812/812 816/816 805/805
f 1579/1579 1580/1580 1577/1577
f 1848/1848 1836/1836 1850/1850
f 1325/1325 1324/1324 1319/1319
f 566/566 572/572 567/567
f 1571/1571 1568/1568 1567/1567
f 957/957 954/954 962/962
f 967/967 970/970 958/958
f 568/568 571/571 552/552
f 501/501 497/497 500/500
f 1303/1303 1309/1309 1297/1297
f 1883/1883 1884/1884 1881/1881
f 924/924 925/925 918/918
f 925/925 921/921 918/918
f 1883/1883 1885/1885 1884/1884
f 1943/1943 1950/1950 1949/1949
f 745/745 758/758 759/759
f 758/758 770/770 759/759
f 798/798 812/812 805/805
f 1209/1209 1210/1210 1211/1211
f 261/261 274/274 275/275
f 1608/1608 1601/1601 1609/1609
f 570/570 573/573 565/565
f 1384/1384 1393/1393 1390/1390
f 953/953 944/944 958/958
f 31/31 14/14 26/26
f 68/68 75/75 74/74
f 14/14 28/28 10/10
f 10/10 28/28 12/12
f 1343/1343 1341/1341 1340/1340
f 939/939 937/937 930/930
f 1195/1195 1189/1189 1188/1188
f 1195/1195 1188/1188 1196/1196
f 1715/1715 1719/1719 1718/1718
f 1188/1188 1189/1189 1187/1187
f 1804/1804 1805/1805 1806/1806
f 1804/1804 1806/1806 1809/1809
f 1795/1795 1791/1791 1793/1793
f 1651/1651 1653/1653 1654/1654
f 1653/1653 1652/1652 1658/1658
f 1941/1941 1946/1946 1945/1945
f 1796/1796 1791/1791 1795/1795
f 795/795 798/798 805/805
f 1606/1606 1601/1601 1608/1608
f 1572/1572 1568/1568 1571/1571
f 568/568 577/577 571/571
f 577/577 568/568 569/569
f 582/582 574/574 585/585
f 579/579 569/569 574/574
f 31/31 33/33 14/14
f 12/12 30/30 13/13
f 1160/1160 1159/1159 1162/1162
f 753/753 743/743 750/750
f 1120/1120 1145/1145 1146/1146
f 1166/1166 1195/1195 1196/1196
f 1742/1742 1749/1749 1750/1750
f 1308/1308 1309/1309 1303/1303
f 1498/1498 1503/1503 1504/1504
f 1734/1734 1731/1731 1733/1733
f 1731/1731 1732/1732 1733/1733
f 789/789 786/786 788/788
f 1805/1805 1808/1808 1807/1807
f 1656/1656 1651/1651 1654/1654
f 1619/1619 1621/1621 1622/1622
f 1802/1802 1803/1803 1800/1800
f 794/794 798/798 795/795
f 1849/1849 1843/1843 1848/1848
f 1843/1843 1845/1845 1848/1848
f 573/573 566/566 565/565
f 576/576 573/573 570/570
f 1387/1387 1384/1384 1386/1386
f 571/571 576/576 570/570
f 33/33 32/32 14/14
f 28/28 14/14 32/32
f 28/28 29/29 12/12
f 1344/1344 1343/1343 1340/1340
f 1345/1345 1341/1341 1343/1343
f 1120/1120 1143/1143 1145/1145
f 1310/1310 1307/1307 1304/1304
f 1304/1304 1307/1307 1305/1305
f 1305/1305 1308/1308 1303/1303
f 1742/1742 1748/1748 1749/1749
f 823/823 789/789 792/792
f 743/743 744/744 745/745
f 1499/1499 1498/1498 1504/1504
f 790/790 786/786 789/789
f 1731/1731 1735/1735 1732/1732
f 1651/1651 1652/1652 1653/1653
f 786/786 787/787 788/788
f 744/744 758/758 745/745
f 786/786 794/794 787/787
f 787/787 794/794 795/795
f 1209/1209 1208/1208 1210/1210
f 1848/1848 1832/1832 1836/1836
f 1626/1626 1625/1625 1624/1624
f 573/573 575/575 566/566
f 261/261 268/268 274/274
f 958/958 944/944 967/967
f 577/577 576/576 571/571
f 591/591 582/582 585/585
f 582/582 579/579 574/574
f 1307/1307 1308/1308 1305/1305
f 1739/1739 1748/1748 1742/1742
f 1461/1461 1454/1454 1455/1455
f 1656/1656 1657/1657 1651/1651
f 1651/1651 1657/1657 1652/1652
f 1659/1659 1652/1652 1657/1657
f 1207/1207 1208/1208 1209/1209
f 1218/1218 1209/1209 1216/1216
f 1323/1323 1326/1326 1325/1325
f 575/575 572/572 566/566
f 1140/1140 1142/1142 1144/1144
f 954/954 945/945 953/953
f 29/29 30/30 12/12
f 777/777 774/774 771/771
f 774/774 753/753 771/771
f 1169/1169 1195/1195 1166/1166
f 1463/1463 1460/1460 1461/1461
f 746/746 744/744 743/743
f 1498/1498 1500/1500 1503/1503
f 823/823 822/822 789/789
f 758/758 769/769 770/770
f 1219/1219 1221/1221 1208/1208
f 798/798 818/818 812/812
f 1327/1327 1321/1321 1329/1329
f 1218/1218 1207/1207 1209/1209
f 1597/1597 1601/1601 1606/1606
f 1832/1832 1835/1835 1836/1836
f 28/28 34/34 29/29
f 34/34 35/35 29/29
f 838/838 844/844 845/845
f 844/844 837/837 843/843
f 1460/1460 1454/1454 1461/1461
f 1746/1746 1748/1748 1739/1739
f 1499/1499 1494/1494 1498/1498
f 794/794 818/818 798/798
f 1323/1323 1327/1327 1328/1328
f 1605/1605 1597/1597 1606/1606
f 1447/1447 1439/1439 1446/1446
f 1672/1672 1680/1680 1679/1679
f 1600/1600 1601/1601 1597/1597
f 1833/1833 1837/1837 1835/1835
f 581/581 573/573 576/576
f 1387/1387 1391/1391 1384/1384
f 949/949 954/954 957/957
f 944/944 946/946 967/967
f 1393/1393 1384/1384 1391/1391
f 579/579 580/580 577/577
f 32/32 34/34 28/28
f 35/35 30/30 29/29
f 1350/1350 1347/1347 1344/1344
f 1120/1120 1137/1137 1143/1143
f 838/838 837/837 844/844
f 1740/1740 1739/1739 1742/1742
f 832/832 843/843 837/837
f 1498/1498 1497/1497 1500/1500
f 822/822 790/790 789/789
f 1494/1494 1497/1497 1498/1498
f 747/747 758/758 744/744
f 794/794 819/819 818/818
f 1672/1672 1674/1674 1673/1673
f 1327/1327 1329/1329 1330/1330
f 1328/1328 1327/1327 1330/1330
f 1596/1596 1600/1600 1597/1597
f 949/949 945/945 954/954
f 580/580 576/576 577/577
f 1347/1347 1343/1343 1344/1344
f 1465/1465 1464/1464 1463/1463
f 831/831 832/832 837/837
f 1739/1739 1741/1741 1746/1746
f 822/822 821/821 790/790
f 1494/1494 1493/1493 1497/1497
f 1492/1492 1493/1493 1494/1494
f 815/815 786/786 790/790
f 1673/1673 1674/1674 1675/1675
f 839/839 842/842 840/840
f 1597/1597 1605/1605 1603/1603
f 1328/1328 1326/1326 1323/1323
f 734/734 733/733 732/732
f 733/733 730/730 732/732
f 1832/1832 1833/1833 1835/1835
f 580/580 584/584 576/576
f 591/591 587/587 582/582
f 582/582 587/587 579/579
f 587/587 583/583 579/579
f 505/505 508/508 507/507
f 435/435 430/430 436/436
f 33/33 36/36 32/32
f 37/37 34/34 32/32
f 778/778 774/774 777/777
f 1115/1115 1120/1120 1117/1117
f 753/753 748/748 743/743
f 1143/1143 1137/1137 1139/1139
f 1738/1738 1739/1739 1740/1740
f 1738/1738 1741/1741 1739/1739
f 831/831 830/830 832/832
f 1741/1741 1747/1747 1746/1746
f 746/746 747/747 744/744
f 1459/1459 1457/1457 1450/1450
f 821/821 815/815 790/790
f 1495/1495 1493/1493 1492/1492
f 1450/1450 1457/1457 1452/1452
f 815/815 794/794 786/786
f 819/819 794/794 815/815
f 1598/1598 1603/1603 1604/1604
f 1675/1675 1674/1674 1676/1676
f 1597/1597 1603/1603 1598/1598
f 841/841 839/839 836/836
f 581/581 586/586 573/573
f 586/586 575/575 573/573
f 943/943 945/945 949/949
f 943/943 944/944 945/945
f 943/943 946/946 944/944
f 584/584 581/581 576/576
f 252/252 258/258 259/259
f 38/38 33/33 31/31
f 36/36 37/37 32/32
f 1116/1116 1115/1115 1117/1117
f 837/837 833/833 831/831
f 833/833 837/837 838/838
f 1741/1741 1745/1745 1747/1747
f 831/831 829/829 830/830
f 1496/1496 1501/1501 1493/1493
f 829/829 828/828 830/830
f 1495/1495 1496/1496 1493/1493
f 1523/1523 1496/1496 1495/1495
f 827/827 828/828 829/829
f 747/747 763/763 758/758
f 1523/1523 1502/1502 1496/1496
f 1676/1676 1674/1674 1677/1677
f 827/827 839/839 828/828
f 839/839 840/840 828/828
f 1598/1598 1604/1604 1602/1602
f 1674/1674 1678/1678 1677/1677
f 836/836 839/839 827/827
f 1596/1596 1598/1598 1599/1599
f 1596/1596 1597/1597 1598/1598
f 1132/1132 1142/1142 1140/1140
f 1387/1387 1392/1392 1391/1391
f 583/583 588/588 580/580
f 597/597 587/587 591/591
f 38/38 36/36 33/33
f 37/37 35/35 34/34
f 1115/1115 1118/1118 1120/1120
f 748/748 746/746 743/743
f 1467/1467 1466/1466 1465/1465
f 1466/1466 1464/1464 1465/1465
f 1137/1137 1135/1135 1139/1139
f 1460/1460 1469/1469 1459/1459
f 1469/1469 1457/1457 1459/1459
f 833/833 829/829 831/831
f 1738/1738 1743/1743 1741/1741
f 833/833 834/834 829/829
f 1743/1743 1744/1744 1741/1741
f 1741/1741 1744/1744 1745/1745
f 1607/1607 1602/1602 1604/1604
f 834/834 827/827 829/829
f 1751/1751 1744/1744 1743/1743
f 836/836 827/827 834/834
f 1599/1599 1598/1598 1602/1602
f 1828/1828 1832/1832 1830/1830
f 1138/1138 1132/1132 1140/1140
f 735/735 733/733 734/734
f 584/584 586/586 581/581
f 597/597 594/594 587/587
f 35/35 40/40 30/30
f 774/774 748/748 753/753
f 1177/1177 1176/1176 1161/1161
f 1118/1118 1137/1137 1120/1120
f 1464/1464 1469/1469 1460/1460
f 1135/1135 1141/1141 1139/1139
f 1471/1471 1458/1458 1457/1457
f 1496/1496 1502/1502 1501/1501
f 835/835 834/834 833/833
f 835/835 836/836 834/834
f 1828/1828 1833/1833 1832/1832
f 948/948 949/949 956/956
f 1700/1700 1699/1699 1705/1705
f 588/588 584/584 580/580
f 587/587 590/590 583/583
f 38/38 39/39 36/36
f 435/435 428/428 430/430
f 36/36 39/39 37/37
f 41/41 35/35 37/37
f 1116/1116 1114/1114 1115/1115
f 1113/1113 1118/1118 1115/1115
f 1137/1137 1133/1133 1135/1135
f 1501/1501 1518/1518 1516/1516
f 1813/1813 1834/1834 1812/1812
f 742/742 764/764 747/747
f 764/764 763/763 747/747
f 835/835 841/841 836/836
f 1138/1138 1130/1130 1132/1132
f 592/592 575/575 586/586
f 590/590 588/588 583/583
f 39/39 42/42 37/37
f 41/41 40/40 35/35
f 1114/1114 1113/1113 1115/1115
f 1512/1512 1521/1521 1513/1513
f 1118/1118 1119/1119 1137/1137
f 1515/1515 1516/1516 1512/1512
f 1811/1811 1813/1813 1812/1812
f 1813/1813 1821/1821 1834/1834
f 1821/1821 1830/1830 1834/1834
f 1711/1711 1701/1701 1683/1683
f 956/956 955/955 948/948
f 584/584 595/595 586/586
f 416/416 415/415 417/417
f 594/594 590/590 587/587
f 42/42 41/41 37/37
f 147/147 143/143 144/144
f 778/778 772/772 774/774
f 1113/1113 1119/1119 1118/1118
f 1119/1119 1133/1133 1137/1137
f 1819/1819 1818/1818 1811/1811
f 1818/1818 1814/1814 1811/1811
f 746/746 749/749 747/747
f 1811/1811 1814/1814 1813/1813
f 1505/1505 1501/1501 1502/1502
f 1135/1135 1134/1134 1141/1141
f 749/749 742/742 747/747
f 1821/1821 1817/1817 1830/1830
f 1817/1817 1828/1828 1830/1830
f 1827/1827 1831/1831 1828/1828
f 1131/1131 1132/1132 1130/1130
f 596/596 592/592 586/586
f 1700/1700 1705/1705 1703/1703
f 1706/1706 1701/1701 1702/1702
f 1701/1701 1700/1700 1702/1702
f 588/588 595/595 584/584
f 428/428 426/426 429/429
f 1517/1517 1521/1521 1512/1512
f 1820/1820 1816/1816 1819/1819
f 1816/1816 1818/1818 1819/1819
f 1133/1133 1134/1134 1135/1135
f 1815/1815 1817/1817 1813/1813
f 1813/1813 1817/1817 1821/1821
f 1817/1817 1827/1827 1828/1828
f 738/738 733/733 735/735
f 1683/1683 1706/1706 1685/1685
f 1829/1829 1831/1831 1827/1827
f 280/280 265/265 257/257
f 1702/1702 1700/1700 1703/1703
f 503/503 504/504 505/505
f 43/43 39/39 38/38
f 142/142 143/143 147/147
f 772/772 755/755 748/748
f 1110/1110 1113/1113 1114/1114
f 1110/1110 1112/1112 1113/1113
f 1112/1112 1119/1119 1113/1113
f 1517/1517 1522/1522 1521/1521
f 748/748 755/755 746/746
f 1466/1466 1470/1470 1468/1468
f 1133/1133 1136/1136 1134/1134
f 1505/1505 1506/1506 1508/1508
f 1136/1136 1130/1130 1134/1134
f 1134/1134 1130/1130 1138/1138
f 285/285 280/280 257/257
f 421/421 423/423 422/422
f 588/588 599/599 595/595
f 588/588 598/598 599/599
f 281/281 251/251 260/260
f 590/590 598/598 588/588
f 401/401 409/409 403/403
f 424/424 426/426 428/428
f 1121/1121 1133/1133 1119/1119
f 1517/1517 1516/1516 1519/1519
f 1823/1823 1816/1816 1820/1820
f 779/779 764/764 742/742
f 1685/1685 1688/1688 1686/1686
f 1131/1131 1130/1130 1129/1129
f 182/182 183/183 194/194
f 260/260 279/279 282/282
f 402/402 401/401 403/403
f 600/600 590/590 594/594
f 256/256 251/251 281/281
f 43/43 44/44 39/39
f 44/44 42/42 39/39
f 143/143 135/135 144/144
f 135/135 139/139 144/144
f 755/755 749/749 746/746
f 1112/1112 1121/1121 1119/1119
f 1506/1506 1509/1509 1508/1508
f 1686/1686 1687/1687 1682/1682
f 1126/1126 1130/1130 1136/1136
f 1826/1826 1827/1827 1817/1817
f 1126/1126 1129/1129 1130/1130
f 1706/1706 1702/1702 1707/1707
f 1702/1702 1703/1703 1704/1704
f 401/401 411/411 409/409
f 424/424 425/425 426/426
f 149/149 141/141 147/147
f 135/135 143/143 142/142
f 1519/1519 1522/1522 1517/1517
f 1110/1110 1111/1111 1112/1112
f 1122/1122 1121/1121 1112/1112
f 1520/1520 1519/1519 1516/1516
f 1121/1121 1136/1136 1133/1133
f 1125/1125 1129/1129 1126/1126
f 712/712 711/711 710/710
f 1688/1688 1706/1706 1707/1707
f 116/116 122/122 151/151
f 1707/1707 1702/1702 1704/1704
f 280/280 279/279 265/265
f 427/427 425/425 424/424
f 146/146 141/141 149/149
f 147/147 141/141 142/142
f 137/137 142/142 141/141
f 137/137 135/135 142/142
f 135/135 132/132 139/139
f 1111/1111 1122/1122 1112/1112
f 1520/1520 1525/1525 1519/1519
f 749/749 767/767 742/742
f 1509/1509 1524/1524 1520/1520
f 1125/1125 1126/1126 1121/1121
f 1121/1121 1126/1126 1136/1136
f 701/701 704/704 681/681
f 1688/1688 1707/1707 1687/1687
f 111/111 116/116 151/151
f 117/117 122/122 116/116
f 124/124 122/122 117/117
f 123/123 124/124 117/117
f 395/395 401/401 402/402
f 187/187 181/181 184/184
f 400/400 411/411 401/401
f 283/283 256/256 281/281
f 264/264 256/256 283/283
f 137/137 136/136 135/135
f 776/776 773/773 755/755
f 755/755 767/767 749/749
f 1111/1111 1123/1123 1122/1122
f 1128/1128 1124/1124 1123/1123
f 1123/1123 1124/1124 1122/1122
f 1124/1124 1121/1121 1122/1122
f 1125/1125 1121/1121 1124/1124
f 1687/1687 1710/1710 1712/1712
f 1127/1127 1125/1125 1124/1124
f 740/740 741/741 742/742
f 1687/1687 1707/1707 1710/1710
f 1707/1707 1709/1709 1710/1710
f 400/400 401/401 395/395
f 180/180 181/181 187/187
f 145/145 146/146 148/148
f 145/145 141/141 146/146
f 431/431 425/425 427/427
f 138/138 137/137 141/141
f 136/136 131/131 135/135
f 131/131 132/132 135/135
f 131/131 105/105 132/132
f 773/773 780/780 767/767
f 780/780 740/740 767/767
f 1128/1128 1127/1127 1124/1124
f 110/110 116/116 111/111
f 117/117 116/116 110/110
f 123/123 117/117 118/118
f 394/394 400/400 395/395
f 120/120 125/125 123/123
f 140/140 145/145 148/148
f 118/118 117/117 115/115
f 176/176 175/175 177/177
f 393/393 394/394 395/395
f 120/120 123/123 118/118
f 131/131 136/136 128/128
f 127/127 105/105 131/131
f 110/110 111/111 104/104
f 115/115 117/117 112/112
f 121/121 120/120 119/119
f 140/140 141/141 145/145
f 432/432 425/425 431/431
f 432/432 433/433 425/425
f 134/134 128/128 137/137
f 128/128 136/136 137/137
f 128/128 127/127 131/131
f 106/106 105/105 127/127
f 99/99 105/105 106/106
f 99/99 104/104 105/105
f 99/99 98/98 104/104
f 98/98 110/110 104/104
f 109/109 110/110 98/98
f 112/112 110/110 109/109
f 396/396 393/393 397/397
f 393/393 396/396 394/394
f 185/185 179/179 186/186
f 119/119 120/120 118/118
f 138/138 141/141 140/140
f 134/134 137/137 138/138
f 121/121 114/114 150/150
f 121/121 119/119 114/114
f 133/133 138/138 140/140
f 133/133 134/134 138/138
f 106/106 127/127 128/128
f 398/398 396/396 397/397
f 113/113 118/118 115/115
f 119/119 118/118 113/113
f 133/133 129/129 134/134
f 128/128 134/134 129/129
f 102/102 106/106 128/128
f 97/97 98/98 99/99
f 97/97 109/109 98/98
f 112/112 109/109 97/97
f 405/405 399/399 404/404
f 399/399 398/398 397/397
f 399/399 397/397 404/404
f 113/113 115/115 112/112
f 102/102 128/128 129/129
f 100/100 106/106 102/102
f 100/100 99/99 106/106
f 100/100 97/97 99/99
f 107/107 112/112 97/97
f 113/113 112/112 107/107
f 130/130 129/129 133/133
f 407/407 399/399 405/405
f 114/114 113/113 108/108
f 108/108 113/113 107/107
f 126/126 129/129 130/130
f 126/126 102/102 129/129
f 103/103 102/102 126/126
f 101/101 102/102 103/103
f 101/101 100/100 102/102
f 101/101 97/97 100/100
f 108/108 107/107 101/101
f 107/107 97/97 101/101

